# DE sacred.exe function entry points exported from Ghidra (address, name)
00401000	FUN_00401000
00401010	FUN_00401010
00401030	FUN_00401030
00401410	FUN_00401410
00401660	FUN_00401660
004016d0	FUN_004016d0
00401700	FUN_00401700
00401710	FUN_00401710
00401920	FUN_00401920
00401a70	FUN_00401a70
00401ae0	FUN_00401ae0
00401bd0	FUN_00401bd0
00401be0	FUN_00401be0
004021d0	FUN_004021d0
004021e0	FUN_004021e0
00402470	FUN_00402470
00402490	FUN_00402490
004027d0	FUN_004027d0
00403600	FUN_00403600
00403630	FUN_00403630
00403a60	FUN_00403a60
00403df0	FUN_00403df0
00403e10	FUN_00403e10
00403ea0	FUN_00403ea0
00403f60	FUN_00403f60
004040a0	FUN_004040a0
004040d0	FUN_004040d0
004043f0	FUN_004043f0
004047d0	FUN_004047d0
004048e0	FUN_004048e0
004048f0	FUN_004048f0
00404900	FUN_00404900
00404910	FUN_00404910
00404920	FUN_00404920
00404940	FUN_00404940
00404aa0	FUN_00404aa0
00404ac0	FUN_00404ac0
00404b30	FUN_00404b30
00404b60	FUN_00404b60
00404b90	FUN_00404b90
00404bb0	FUN_00404bb0
00404c20	FUN_00404c20
00404ca0	FUN_00404ca0
00404d30	FUN_00404d30
00404e10	FUN_00404e10
00404e80	FUN_00404e80
00404fc1	Catch@00404fc1
00405000	FUN_00405000
00405070	FUN_00405070
004051e5	Catch@004051e5
00405220	FUN_00405220
004052a0	FUN_004052a0
004052e0	FUN_004052e0
00405440	FUN_00405440
004054c0	FUN_004054c0
004054f0	FUN_004054f0
00405560	FUN_00405560
004055b0	FUN_004055b0
004057c0	FUN_004057c0
00405810	FUN_00405810
00405cd0	FUN_00405cd0
00406550	FUN_00406550
00407030	FUN_00407030
004073f0	FUN_004073f0
004079a0	FUN_004079a0
00408100	FUN_00408100
00408820	FUN_00408820
00408bb0	FUN_00408bb0
00409110	FUN_00409110
00409d40	FUN_00409d40
0040a270	FUN_0040a270
0040a6d0	FUN_0040a6d0
0040b9c0	FUN_0040b9c0
0040bdb0	FUN_0040bdb0
0040c010	FUN_0040c010
0040c360	FUN_0040c360
0040c7d0	FUN_0040c7d0
0040ca60	FUN_0040ca60
0040cd70	FUN_0040cd70
0040d0a0	FUN_0040d0a0
0040d350	FUN_0040d350
0040d5d0	FUN_0040d5d0
0040dac0	FUN_0040dac0
0040df10	FUN_0040df10
0040e2f0	FUN_0040e2f0
0040e520	FUN_0040e520
0040e740	FUN_0040e740
0040ea00	FUN_0040ea00
0040f2b0	FUN_0040f2b0
0040fde0	FUN_0040fde0
00410650	FUN_00410650
00410720	FUN_00410720
00410800	FUN_00410800
00410820	FUN_00410820
00410840	FUN_00410840
00410880	FUN_00410880
00410920	FUN_00410920
00410940	FUN_00410940
004109c0	FUN_004109c0
00410a30	FUN_00410a30
00410a60	FUN_00410a60
00410a90	FUN_00410a90
00410ac0	FUN_00410ac0
00410ad0	FUN_00410ad0
00410af0	FUN_00410af0
00410b30	FUN_00410b30
00410b70	FUN_00410b70
00410ce0	Catch@00410ce0
00410da0	FUN_00410da0
00410dd0	FUN_00410dd0
00410e10	FUN_00410e10
00410e90	FUN_00410e90
00410ea0	FUN_00410ea0
00410f00	FUN_00410f00
00411040	FUN_00411040
00411430	FUN_00411430
00411610	FUN_00411610
00411690	FUN_00411690
004116c0	FUN_004116c0
00411770	FUN_00411770
004117f0	FUN_004117f0
004118f0	FUN_004118f0
00411f90	FUN_00411f90
004124f0	FUN_004124f0
004125d0	FUN_004125d0
00412ae0	FUN_00412ae0
00412be0	FUN_00412be0
00412c40	FUN_00412c40
00412d20	FUN_00412d20
00412dd0	FUN_00412dd0
00413070	FUN_00413070
00413190	FUN_00413190
00413270	FUN_00413270
004132e0	FUN_004132e0
004134d0	FUN_004134d0
00413530	FUN_00413530
00413610	FUN_00413610
00413650	FUN_00413650
00413710	FUN_00413710
00413860	FUN_00413860
00413930	FUN_00413930
00413ac0	FUN_00413ac0
00413e30	FUN_00413e30
00414650	FUN_00414650
004147a0	FUN_004147a0
004148b0	FUN_004148b0
004148d0	FUN_004148d0
00414940	FUN_00414940
004149c0	FUN_004149c0
00414a60	FUN_00414a60
00414ae0	FUN_00414ae0
00414b60	FUN_00414b60
00414bf0	FUN_00414bf0
00414c10	FUN_00414c10
00414c50	FUN_00414c50
00414df1	Catch@00414df1
00414e40	FUN_00414e40
00414eb0	FUN_00414eb0
0041500d	Catch@0041500d
00415040	FUN_00415040
00415080	FUN_00415080
004151d1	Catch@004151d1
00415210	FUN_00415210
00415270	FUN_00415270
00415460	FUN_00415460
004155e0	FUN_004155e0
00415770	FUN_00415770
004157a0	FUN_004157a0
004157f0	FUN_004157f0
00415810	FUN_00415810
00415850	FUN_00415850
00415890	FUN_00415890
004158d0	FUN_004158d0
00415900	FUN_00415900
00415970	FUN_00415970
00415ae7	Catch@00415ae7
00415b20	FUN_00415b20
00415ba1	Catch@00415ba1
00415be0	FUN_00415be0
00415c60	FUN_00415c60
00415d68	Catch@00415d68
00415de0	FUN_00415de0
00415e50	FUN_00415e50
00415e90	FUN_00415e90
00415ea0	FUN_00415ea0
00415ed0	FUN_00415ed0
00415ee0	FUN_00415ee0
00416260	FUN_00416260
00416550	FUN_00416550
00416580	FUN_00416580
00416660	FUN_00416660
004166d0	FUN_004166d0
004166f0	FUN_004166f0
00416760	FUN_00416760
004167d0	FUN_004167d0
00416840	FUN_00416840
004168a0	FUN_004168a0
004169f0	FUN_004169f0
00416b20	FUN_00416b20
00416be0	FUN_00416be0
00416d40	FUN_00416d40
00416d60	FUN_00416d60
00416da0	FUN_00416da0
00416f00	FUN_00416f00
00417260	FUN_00417260
004174c0	FUN_004174c0
00417560	FUN_00417560
00417610	FUN_00417610
00417640	FUN_00417640
00417680	FUN_00417680
004176c0	FUN_004176c0
00417710	FUN_00417710
004177e0	FUN_004177e0
00417850	FUN_00417850
00417a00	FUN_00417a00
00417a40	FUN_00417a40
00417a60	FUN_00417a60
00417be0	Catch@00417be0
00417c50	FUN_00417c50
00417df0	FUN_00417df0
00417e20	FUN_00417e20
00417e50	FUN_00417e50
00417ec0	FUN_00417ec0
00417ee0	FUN_00417ee0
00418f90	FUN_00418f90
004190b0	FUN_004190b0
00419840	FUN_00419840
00419a50	FUN_00419a50
0041a4d0	FUN_0041a4d0
0041af40	FUN_0041af40
0041b150	FUN_0041b150
0041b1e0	FUN_0041b1e0
0041b3a0	FUN_0041b3a0
0041b480	FUN_0041b480
0041b4f0	FUN_0041b4f0
0041b9b0	FUN_0041b9b0
0041b9c0	FUN_0041b9c0
0041b9e0	FUN_0041b9e0
0041ba40	FUN_0041ba40
0041ba90	FUN_0041ba90
0041bae0	FUN_0041bae0
0041bb30	FUN_0041bb30
0041bb80	FUN_0041bb80
0041c0d0	FUN_0041c0d0
0041c2a0	FUN_0041c2a0
0041c2b0	FUN_0041c2b0
0041c380	FUN_0041c380
0041c390	FUN_0041c390
0041c460	FUN_0041c460
0041c760	FUN_0041c760
0041c840	FUN_0041c840
0041c8b0	FUN_0041c8b0
0041c920	FUN_0041c920
0041c9a0	FUN_0041c9a0
0041c9e0	FUN_0041c9e0
0041caa0	FUN_0041caa0
0041cb20	FUN_0041cb20
0041ccd6	Catch@0041ccd6
0041cdc0	FUN_0041cdc0
0041cf10	FUN_0041cf10
0041cf80	FUN_0041cf80
0041d0c1	Catch@0041d0c1
0041d100	FUN_0041d100
0041d170	FUN_0041d170
0041d2c0	FUN_0041d2c0
0041d320	FUN_0041d320
0041d390	FUN_0041d390
0041d3c0	FUN_0041d3c0
0041d440	FUN_0041d440
0041d5b1	Catch@0041d5b1
0041d670	FUN_0041d670
0041d7b0	FUN_0041d7b0
0041d840	FUN_0041d840
0041d910	FUN_0041d910
0041da02	Catch@0041da02
0041da70	FUN_0041da70
0041db5c	Catch@0041db5c
0041dbd0	FUN_0041dbd0
0041dc00	FUN_0041dc00
0041dc70	FUN_0041dc70
0041dcf0	FUN_0041dcf0
0041dd30	FUN_0041dd30
0041dd70	FUN_0041dd70
0041ddb0	FUN_0041ddb0
0041ddd0	FUN_0041ddd0
0041de40	FUN_0041de40
0041dfa0	FUN_0041dfa0
0041e0a0	FUN_0041e0a0
0041e160	FUN_0041e160
0041e3a0	FUN_0041e3a0
0041e3e0	FUN_0041e3e0
0041e3f0	FUN_0041e3f0
0041e460	FUN_0041e460
0041e6a0	FUN_0041e6a0
0041e6d0	FUN_0041e6d0
0041e6e0	FUN_0041e6e0
0041e7b0	FUN_0041e7b0
0041e900	FUN_0041e900
0041e9c0	FUN_0041e9c0
0041eab0	FUN_0041eab0
0041eac0	FUN_0041eac0
0041eaf0	FUN_0041eaf0
0041ee40	FUN_0041ee40
0041f000	FUN_0041f000
0041f040	FUN_0041f040
0041f050	FUN_0041f050
0041f080	FUN_0041f080
0041f2d0	FUN_0041f2d0
0041f680	FUN_0041f680
0041f6c0	FUN_0041f6c0
0041f780	FUN_0041f780
0041f900	FUN_0041f900
0041fc30	FUN_0041fc30
0041fdc0	FUN_0041fdc0
0041fe30	FUN_0041fe30
0041fe60	FUN_0041fe60
0041fe80	FUN_0041fe80
0041fec0	FUN_0041fec0
0041ff40	FUN_0041ff40
00420040	FUN_00420040
00420220	FUN_00420220
00420440	FUN_00420440
004204c0	FUN_004204c0
00420550	FUN_00420550
00420750	FUN_00420750
004207d0	FUN_004207d0
00420800	FUN_00420800
00420951	Catch@00420951
00420990	FUN_00420990
00420b5b	Catch@00420b5b
00420be0	FUN_00420be0
00420d57	Catch@00420d57
00420d90	FUN_00420d90
00420e70	FUN_00420e70
00420ef0	FUN_00420ef0
00420f20	FUN_00420f20
00420ff1	Catch@00420ff1
00421080	FUN_00421080
004211f0	FUN_004211f0
00421220	FUN_00421220
004213c0	FUN_004213c0
00421400	FUN_00421400
004214d7	Catch@004214d7
00421560	FUN_00421560
00421700	FUN_00421700
00421880	FUN_00421880
00421904	Catch@00421904
00421990	FUN_00421990
004219b0	FUN_004219b0
004219d0	FUN_004219d0
00421a60	FUN_00421a60
00421f60	FUN_00421f60
00421f80	FUN_00421f80
00421fa0	FUN_00421fa0
00422090	FUN_00422090
004221e1	Catch@004221e1
00422220	FUN_00422220
00422260	FUN_00422260
004222d0	FUN_004222d0
00422370	FUN_00422370
0042244a	Catch@0042244a
00422490	FUN_00422490
00422500	FUN_00422500
00422530	FUN_00422530
00422580	FUN_00422580
004225a0	FUN_004225a0
004225ec	Catch@004225ec
00422630	FUN_00422630
00422660	FUN_00422660
00422690	FUN_00422690
004226f0	FUN_004226f0
00422740	FUN_00422740
00422770	FUN_00422770
00422780	FUN_00422780
004227a0	FUN_004227a0
004227c0	FUN_004227c0
00422920	FUN_00422920
00422960	FUN_00422960
00422b90	FUN_00422b90
00422ee0	FUN_00422ee0
00422f40	FUN_00422f40
00422f90	FUN_00422f90
00422fc0	FUN_00422fc0
00422ff0	FUN_00422ff0
00423020	FUN_00423020
00423190	FUN_00423190
00423300	FUN_00423300
00423330	FUN_00423330
00423350	FUN_00423350
00423450	FUN_00423450
00423830	FUN_00423830
004238c0	FUN_004238c0
004238e0	FUN_004238e0
004238f0	FUN_004238f0
00423920	FUN_00423920
00423990	FUN_00423990
00423b80	FUN_00423b80
00423d10	FUN_00423d10
00423d30	FUN_00423d30
00423df0	FUN_00423df0
00423e20	FUN_00423e20
00423ea0	FUN_00423ea0
00423ed0	FUN_00423ed0
00424120	FUN_00424120
00424430	FUN_00424430
00424510	FUN_00424510
00424520	FUN_00424520
00424540	FUN_00424540
00424560	FUN_00424560
00424580	FUN_00424580
00424590	FUN_00424590
004245a0	FUN_004245a0
004245c0	FUN_004245c0
004245d0	FUN_004245d0
00424740	FUN_00424740
00424880	FUN_00424880
00424890	FUN_00424890
004248a0	FUN_004248a0
00424930	FUN_00424930
00424ae0	FUN_00424ae0
00424b10	FUN_00424b10
00424b20	FUN_00424b20
00424b30	FUN_00424b30
00424b70	FUN_00424b70
00424bc0	FUN_00424bc0
00424be0	FUN_00424be0
00424c00	FUN_00424c00
00424c20	FUN_00424c20
00424c70	FUN_00424c70
00424ce0	FUN_00424ce0
00424f90	FUN_00424f90
00425160	FUN_00425160
004251c0	FUN_004251c0
00425300	FUN_00425300
00425370	FUN_00425370
004253d0	FUN_004253d0
00425520	FUN_00425520
00425540	FUN_00425540
00425670	FUN_00425670
00425ab0	FUN_00425ab0
00425d70	FUN_00425d70
00425d90	FUN_00425d90
004260a0	FUN_004260a0
004260e0	FUN_004260e0
004260f0	FUN_004260f0
00426120	FUN_00426120
00426140	FUN_00426140
00426180	FUN_00426180
004261a0	FUN_004261a0
004261c0	FUN_004261c0
004261f0	FUN_004261f0
00426270	FUN_00426270
00426290	FUN_00426290
004262f0	FUN_004262f0
00426320	FUN_00426320
00426350	FUN_00426350
004263f0	FUN_004263f0
00426420	FUN_00426420
00426450	FUN_00426450
004264e0	FUN_004264e0
00426520	FUN_00426520
00426570	FUN_00426570
004265c0	FUN_004265c0
00426610	FUN_00426610
00426670	FUN_00426670
004266a0	FUN_004266a0
00426740	FUN_00426740
004267f0	FUN_004267f0
00426860	FUN_00426860
00426900	FUN_00426900
00426950	FUN_00426950
004269a0	FUN_004269a0
004269f0	FUN_004269f0
00426a40	FUN_00426a40
00426a90	FUN_00426a90
00426b80	FUN_00426b80
00426bc0	FUN_00426bc0
00426c00	FUN_00426c00
00426cb0	FUN_00426cb0
00426cc0	FUN_00426cc0
00426d50	FUN_00426d50
00426e30	FUN_00426e30
00427000	FUN_00427000
00427030	FUN_00427030
004270b0	FUN_004270b0
00427290	FUN_00427290
00427500	FUN_00427500
00427520	FUN_00427520
004277f0	FUN_004277f0
00427910	FUN_00427910
00427940	FUN_00427940
00427970	FUN_00427970
00427ab0	FUN_00427ab0
00427ae0	FUN_00427ae0
00427b10	FUN_00427b10
00427b40	FUN_00427b40
00427b70	FUN_00427b70
00427ba0	FUN_00427ba0
00427bd0	FUN_00427bd0
00427c30	FUN_00427c30
00427d00	FUN_00427d00
00427d50	FUN_00427d50
00427da0	FUN_00427da0
00427ed0	FUN_00427ed0
00427f80	FUN_00427f80
00427fa0	FUN_00427fa0
00427fc0	FUN_00427fc0
00427fe0	FUN_00427fe0
00428000	FUN_00428000
00428020	FUN_00428020
00428040	FUN_00428040
00428060	FUN_00428060
004280c0	FUN_004280c0
004281c0	FUN_004281c0
00428230	FUN_00428230
00428290	FUN_00428290
004282f0	FUN_004282f0
00428310	FUN_00428310
00428330	FUN_00428330
00428360	FUN_00428360
00428390	FUN_00428390
004283d0	FUN_004283d0
00428410	FUN_00428410
00428460	FUN_00428460
004284a0	FUN_004284a0
004284d0	FUN_004284d0
00428520	FUN_00428520
00428550	FUN_00428550
004285b0	FUN_004285b0
004285e0	FUN_004285e0
00428630	FUN_00428630
00428650	FUN_00428650
00428700	FUN_00428700
00428720	FUN_00428720
00428bb0	FUN_00428bb0
00428c30	FUN_00428c30
00428f30	FUN_00428f30
00429060	FUN_00429060
00429280	FUN_00429280
00429820	FUN_00429820
0042bdf0	FUN_0042bdf0
0042be10	FUN_0042be10
0042c240	FUN_0042c240
0042c2b0	FUN_0042c2b0
0042c940	FUN_0042c940
0042cc20	FUN_0042cc20
0042f980	FUN_0042f980
00433f00	FUN_00433f00
00433f40	FUN_00433f40
00433f80	FUN_00433f80
00433fd0	FUN_00433fd0
00434140	FUN_00434140
00434350	FUN_00434350
004343e0	FUN_004343e0
00434490	FUN_00434490
00435c00	FUN_00435c00
00437090	FUN_00437090
00437c20	FUN_00437c20
0043ac50	FUN_0043ac50
0043ac90	FUN_0043ac90
0043ad60	FUN_0043ad60
0043ad80	FUN_0043ad80
0043add0	FUN_0043add0
0043ade0	FUN_0043ade0
0043ae20	FUN_0043ae20
0043ae90	FUN_0043ae90
0043af00	FUN_0043af00
0043af30	FUN_0043af30
0043af60	FUN_0043af60
0043b070	FUN_0043b070
0043b160	FUN_0043b160
0043c0a0	FUN_0043c0a0
0043c120	FUN_0043c120
0043c220	FUN_0043c220
0043c410	FUN_0043c410
0043c8f0	FUN_0043c8f0
0043cc60	FUN_0043cc60
0043cda0	FUN_0043cda0
0043cf10	FUN_0043cf10
0043cf50	FUN_0043cf50
0043cfb0	FUN_0043cfb0
0043cfd0	FUN_0043cfd0
0043d060	FUN_0043d060
0043d0f0	FUN_0043d0f0
0043db20	FUN_0043db20
0043db30	FUN_0043db30
0043ec00	FUN_0043ec00
0043ed00	FUN_0043ed00
0043edb0	FUN_0043edb0
0043ee90	FUN_0043ee90
0043f280	FUN_0043f280
0043f4c0	FUN_0043f4c0
0043f4f0	FUN_0043f4f0
0043f520	FUN_0043f520
0043f540	FUN_0043f540
0043f590	FUN_0043f590
0043f5e0	FUN_0043f5e0
0043f630	FUN_0043f630
0043f730	FUN_0043f730
0043fa90	FUN_0043fa90
0043fb10	FUN_0043fb10
0043fbb0	FUN_0043fbb0
0043ff60	FUN_0043ff60
00440340	FUN_00440340
00440430	FUN_00440430
00440b00	FUN_00440b00
00440bd0	FUN_00440bd0
00442e10	FUN_00442e10
00443830	FUN_00443830
00443920	FUN_00443920
004439f0	FUN_004439f0
00443a30	FUN_00443a30
00443be0	FUN_00443be0
00443c70	FUN_00443c70
00443c90	FUN_00443c90
00443ca0	FUN_00443ca0
00443cb0	FUN_00443cb0
00443d40	FUN_00443d40
00443d60	FUN_00443d60
00443d80	FUN_00443d80
00443e50	FUN_00443e50
00443f10	FUN_00443f10
00443fd0	FUN_00443fd0
00444060	FUN_00444060
004440f0	FUN_004440f0
00444110	FUN_00444110
00444130	FUN_00444130
004441c0	FUN_004441c0
00444210	FUN_00444210
00444290	FUN_00444290
00444320	FUN_00444320
00444430	FUN_00444430
00444520	FUN_00444520
004445a0	FUN_004445a0
004445c0	FUN_004445c0
004445e0	FUN_004445e0
00444670	FUN_00444670
00444680	FUN_00444680
00444700	FUN_00444700
00444770	FUN_00444770
004447e0	FUN_004447e0
00444870	FUN_00444870
004449e7	Catch@004449e7
00444a20	FUN_00444a20
00444aa0	FUN_00444aa0
00444c15	Catch@00444c15
00444c50	FUN_00444c50
00444c80	FUN_00444c80
00444cd0	FUN_00444cd0
00444e69	Catch@00444e69
00444eb0	FUN_00444eb0
004450c8	Catch@004450c8
00445160	FUN_00445160
00445400	FUN_00445400
00445490	FUN_00445490
0044564e	Catch@0044564e
004456c0	FUN_004456c0
004458e0	FUN_004458e0
00445960	FUN_00445960
00445aa1	Catch@00445aa1
00445ae0	FUN_00445ae0
00445b20	FUN_00445b20
00445b90	FUN_00445b90
00445bc0	FUN_00445bc0
00445d46	Catch@00445d46
00445de0	FUN_00445de0
00445f38	Catch@00445f38
00445fc0	FUN_00445fc0
00446010	FUN_00446010
004460f0	FUN_004460f0
00446170	FUN_00446170
004461c0	FUN_004461c0
00446200	FUN_00446200
00446240	FUN_00446240
00446280	FUN_00446280
004462c0	FUN_004462c0
00446360	FUN_00446360
004467e0	FUN_004467e0
004469b0	FUN_004469b0
00446b70	FUN_00446b70
00446cd0	FUN_00446cd0
00447150	FUN_00447150
004471c0	FUN_004471c0
00447200	FUN_00447200
00447280	FUN_00447280
00447700	FUN_00447700
00447780	FUN_00447780
004478c0	FUN_004478c0
004478f0	FUN_004478f0
00447910	FUN_00447910
00447950	FUN_00447950
00447980	FUN_00447980
004479d0	FUN_004479d0
00447ad3	Catch@00447ad3
00447b60	FUN_00447b60
00447c5e	Catch@00447c5e
00447cf0	FUN_00447cf0
00447db3	Catch@00447db3
00447e30	FUN_00447e30
00447ef9	Catch@00447ef9
00447f70	FUN_00447f70
00448090	FUN_00448090
004480d0	FUN_004480d0
00448110	FUN_00448110
00448170	FUN_00448170
00448250	FUN_00448250
004483dd	Catch@004483dd
00448420	FUN_00448420
004484d0	FUN_004484d0
00448550	FUN_00448550
004485d0	FUN_004485d0
00448654	Catch@00448654
00448690	FUN_00448690
00448714	Catch@00448714
00448750	FUN_00448750
004487f0	FUN_004487f0
00448930	FUN_00448930
00448b50	FUN_00448b50
00448d40	FUN_00448d40
00448d70	FUN_00448d70
00448e60	FUN_00448e60
00448e90	FUN_00448e90
00448f30	FUN_00448f30
00449070	FUN_00449070
00449110	FUN_00449110
00449160	FUN_00449160
00449390	FUN_00449390
004494b0	FUN_004494b0
004494d0	FUN_004494d0
004495c1	Catch@004495c1
004495e0	FUN_004495e0
00449610	FUN_00449610
00449630	FUN_00449630
00449750	FUN_00449750
00449880	FUN_00449880
00449901	Catch@00449901
00449940	FUN_00449940
004499a0	FUN_004499a0
004499c0	FUN_004499c0
00449a70	FUN_00449a70
00449ac0	FUN_00449ac0
00449af0	FUN_00449af0
00449b00	FUN_00449b00
00449b10	FUN_00449b10
00449b20	FUN_00449b20
00449bb0	FUN_00449bb0
00449c70	FUN_00449c70
00449ef0	FUN_00449ef0
0044a380	FUN_0044a380
0044a390	FUN_0044a390
0044a3d0	FUN_0044a3d0
0044a420	FUN_0044a420
0044a4a0	FUN_0044a4a0
0044a4d0	FUN_0044a4d0
0044a630	FUN_0044a630
0044a6f0	FUN_0044a6f0
0044a890	FUN_0044a890
0044aa90	FUN_0044aa90
0044aba0	FUN_0044aba0
0044b400	FUN_0044b400
0044bba0	FUN_0044bba0
0044bea0	FUN_0044bea0
0044c470	FUN_0044c470
0044c4f0	FUN_0044c4f0
0044c500	FUN_0044c500
0044c840	FUN_0044c840
0044cb50	FUN_0044cb50
0044cba0	FUN_0044cba0
0044cbe0	FUN_0044cbe0
0044cc00	FUN_0044cc00
0044cd50	FUN_0044cd50
0044cd80	FUN_0044cd80
0044ce60	FUN_0044ce60
0044ced0	FUN_0044ced0
0044cfc0	FUN_0044cfc0
0044d0f0	FUN_0044d0f0
0044d6c0	FUN_0044d6c0
0044d6f0	FUN_0044d6f0
0044d980	FUN_0044d980
0044d9f0	FUN_0044d9f0
0044db40	FUN_0044db40
0044dce0	FUN_0044dce0
0044ddc0	FUN_0044ddc0
0044df60	FUN_0044df60
0044df90	FUN_0044df90
0044e090	FUN_0044e090
0044e0a0	FUN_0044e0a0
0044e1b0	FUN_0044e1b0
0044fe00	FUN_0044fe00
0044fe20	FUN_0044fe20
00450310	FUN_00450310
00450800	FUN_00450800
00450820	FUN_00450820
00450850	FUN_00450850
00450880	FUN_00450880
00450b30	FUN_00450b30
00450cb0	FUN_00450cb0
00450d40	FUN_00450d40
00450e20	FUN_00450e20
00450ff0	FUN_00450ff0
00451170	FUN_00451170
00451190	FUN_00451190
00451210	FUN_00451210
00451220	FUN_00451220
00451240	FUN_00451240
004512f0	FUN_004512f0
00451431	Catch@00451431
00451490	FUN_00451490
004514b0	FUN_004514b0
004514d0	FUN_004514d0
00451b00	FUN_00451b00
00451b50	FUN_00451b50
00451ba0	FUN_00451ba0
00451bf0	FUN_00451bf0
00451ca0	FUN_00451ca0
00451db0	FUN_00451db0
00452540	FUN_00452540
00452ae0	FUN_00452ae0
004532d0	FUN_004532d0
00453b40	FUN_00453b40
00453c00	FUN_00453c00
004545f0	FUN_004545f0
00454980	FUN_00454980
0045a390	FUN_0045a390
0045a540	FUN_0045a540
0045cf40	FUN_0045cf40
0045cf50	FUN_0045cf50
0045cfc0	FUN_0045cfc0
0045d0b0	FUN_0045d0b0
0045d120	FUN_0045d120
0045d190	FUN_0045d190
0045d220	FUN_0045d220
0045d2b0	FUN_0045d2b0
0045d3f0	FUN_0045d3f0
0045d460	FUN_0045d460
0045d5fd	Catch@0045d5fd
0045d670	FUN_0045d670
0045d6f0	FUN_0045d6f0
0045d760	FUN_0045d760
0045d8f0	Catch@0045d8f0
0045d930	FUN_0045d930
0045dab9	Catch@0045dab9
0045db00	FUN_0045db00
0045dcd0	Catch@0045dcd0
0045ddf0	FUN_0045ddf0
0045df02	Catch@0045df02
0045df80	FUN_0045df80
0045e090	Catch@0045e090
0045e100	FUN_0045e100
0045e130	FUN_0045e130
0045e160	FUN_0045e160
0045e190	FUN_0045e190
0045e2f5	Catch@0045e2f5
0045e3a0	FUN_0045e3a0
0045e501	Catch@0045e501
0045e5b0	FUN_0045e5b0
0045e820	FUN_0045e820
0045e8d0	FUN_0045e8d0
0045e980	FUN_0045e980
0045ea00	FUN_0045ea00
0045ea80	FUN_0045ea80
0045eac0	FUN_0045eac0
0045eb30	FUN_0045eb30
0045ec70	FUN_0045ec70
0045ed90	FUN_0045ed90
0045eef0	FUN_0045eef0
0045efc0	Catch@0045efc0
0045f070	FUN_0045f070
0045f0e0	FUN_0045f0e0
0045f110	FUN_0045f110
0045f140	FUN_0045f140
0045f1f0	FUN_0045f1f0
0045f260	FUN_0045f260
0045f510	FUN_0045f510
0045f700	FUN_0045f700
0045ff50	FUN_0045ff50
00460060	FUN_00460060
00460270	FUN_00460270
004604d0	FUN_004604d0
00460520	FUN_00460520
00460680	FUN_00460680
00460880	FUN_00460880
00460940	FUN_00460940
00460a10	FUN_00460a10
00460c90	FUN_00460c90
00461040	FUN_00461040
00461330	FUN_00461330
00461830	FUN_00461830
00462f90	FUN_00462f90
00463390	FUN_00463390
00463530	FUN_00463530
004639b0	FUN_004639b0
00463bb0	FUN_00463bb0
00463d60	FUN_00463d60
00464240	FUN_00464240
00464460	FUN_00464460
00464620	FUN_00464620
00464a50	FUN_00464a50
00464d80	FUN_00464d80
00464e20	FUN_00464e20
00464ec0	FUN_00464ec0
00464fe0	FUN_00464fe0
004650d0	FUN_004650d0
00465360	FUN_00465360
0046536b	FUN_0046536b
00465510	FUN_00465510
00465570	FUN_00465570
00465880	FUN_00465880
004658c0	FUN_004658c0
00465940	FUN_00465940
00465980	FUN_00465980
0046ac00	FUN_0046ac00
0046b000	FUN_0046b000
0046b160	FUN_0046b160
0046b660	FUN_0046b660
0046b770	FUN_0046b770
0046ba20	FUN_0046ba20
0046bb60	FUN_0046bb60
0046bbb0	FUN_0046bbb0
0046bd80	FUN_0046bd80
0046c230	FUN_0046c230
0046c450	FUN_0046c450
0046ced0	FUN_0046ced0
0046de10	FUN_0046de10
0046e2b0	FUN_0046e2b0
0046f0c0	FUN_0046f0c0
0046fb80	FUN_0046fb80
0046fca0	FUN_0046fca0
004710e0	FUN_004710e0
004712f0	FUN_004712f0
00471a80	FUN_00471a80
00472de0	FUN_00472de0
00472eb0	FUN_00472eb0
00475970	FUN_00475970
00478a70	FUN_00478a70
00479070	FUN_00479070
004793b0	FUN_004793b0
004796c0	FUN_004796c0
0047a3b0	FUN_0047a3b0
0047b770	FUN_0047b770
0047ba60	FUN_0047ba60
0047c8a0	FUN_0047c8a0
0047c900	FUN_0047c900
0047fad0	FUN_0047fad0
0047fbd0	FUN_0047fbd0
00481030	FUN_00481030
004816c0	FUN_004816c0
00481ae0	FUN_00481ae0
00481c90	FUN_00481c90
00482070	FUN_00482070
00482800	FUN_00482800
00485f00	FUN_00485f00
0048b180	FUN_0048b180
0048be30	FUN_0048be30
0048cb50	FUN_0048cb50
0048d770	FUN_0048d770
0048dc20	FUN_0048dc20
0048dd30	FUN_0048dd30
0048e000	FUN_0048e000
0048e220	FUN_0048e220
0048e570	FUN_0048e570
0048e7c0	FUN_0048e7c0
0048e8f0	FUN_0048e8f0
0048f110	FUN_0048f110
0048f320	FUN_0048f320
0048f620	FUN_0048f620
0048fae0	FUN_0048fae0
0048fcd0	FUN_0048fcd0
00490200	FUN_00490200
004907f0	FUN_004907f0
00490d20	FUN_00490d20
00490ed0	FUN_00490ed0
00490fb0	FUN_00490fb0
00491380	FUN_00491380
00491460	FUN_00491460
00491890	FUN_00491890
00491ba0	FUN_00491ba0
00491e20	FUN_00491e20
00492030	FUN_00492030
00492b70	FUN_00492b70
00492f80	FUN_00492f80
00493330	FUN_00493330
00493730	FUN_00493730
00493970	FUN_00493970
00493ce0	FUN_00493ce0
004957b0	FUN_004957b0
00496340	FUN_00496340
00496350	FUN_00496350
00496360	FUN_00496360
00496370	FUN_00496370
00496810	FUN_00496810
00496b90	FUN_00496b90
00497210	FUN_00497210
004975d0	FUN_004975d0
004977a0	FUN_004977a0
00497830	FUN_00497830
00497910	FUN_00497910
00498270	FUN_00498270
004985c0	FUN_004985c0
004988d0	FUN_004988d0
00498aa0	FUN_00498aa0
00499e90	FUN_00499e90
0049a090	FUN_0049a090
0049a180	FUN_0049a180
0049a270	FUN_0049a270
0049a440	FUN_0049a440
0049a520	FUN_0049a520
0049a640	FUN_0049a640
0049a7a0	FUN_0049a7a0
0049af70	FUN_0049af70
0049b5a0	FUN_0049b5a0
0049bb30	FUN_0049bb30
0049c450	FUN_0049c450
0049cc20	FUN_0049cc20
0049d1b0	FUN_0049d1b0
0049d740	FUN_0049d740
0049dd40	FUN_0049dd40
0049dd70	FUN_0049dd70
0049dda0	FUN_0049dda0
0049dde0	FUN_0049dde0
0049dfe0	FUN_0049dfe0
0049e500	FUN_0049e500
0049ea50	FUN_0049ea50
0049ff40	FUN_0049ff40
004a0590	FUN_004a0590
004a1890	FUN_004a1890
004a1d40	FUN_004a1d40
004a2210	FUN_004a2210
004a2840	FUN_004a2840
004a2e30	FUN_004a2e30
004a4330	FUN_004a4330
004a4600	FUN_004a4600
004a5110	FUN_004a5110
004a5710	FUN_004a5710
004a5c70	FUN_004a5c70
004a66a0	FUN_004a66a0
004a66d0	FUN_004a66d0
004a6740	FUN_004a6740
004a6850	FUN_004a6850
004a6a60	FUN_004a6a60
004a6a90	FUN_004a6a90
004a6c40	FUN_004a6c40
004a7190	FUN_004a7190
004a74e0	FUN_004a74e0
004a7a50	FUN_004a7a50
004a7cc0	FUN_004a7cc0
004a84e0	FUN_004a84e0
004a8680	FUN_004a8680
004a8ea0	FUN_004a8ea0
004a9960	FUN_004a9960
004a9a20	FUN_004a9a20
004a9f60	FUN_004a9f60
004aa180	FUN_004aa180
004aa1e0	FUN_004aa1e0
004aa4c0	FUN_004aa4c0
004aa730	FUN_004aa730
004aa920	FUN_004aa920
004aadd0	FUN_004aadd0
004ab450	FUN_004ab450
004ab930	FUN_004ab930
004abc30	FUN_004abc30
004abe50	FUN_004abe50
004ac2d0	FUN_004ac2d0
004aca30	FUN_004aca30
004acc30	FUN_004acc30
004add90	FUN_004add90
004ae050	FUN_004ae050
004ae330	FUN_004ae330
004ae640	FUN_004ae640
004aeec0	FUN_004aeec0
004af480	FUN_004af480
004afbb0	FUN_004afbb0
004b02e0	FUN_004b02e0
004b09c0	FUN_004b09c0
004b0a80	FUN_004b0a80
004b0c60	FUN_004b0c60
004b0ef0	FUN_004b0ef0
004b1740	FUN_004b1740
004b2560	FUN_004b2560
004b2620	FUN_004b2620
004b2640	FUN_004b2640
004b26c0	FUN_004b26c0
004b26d0	FUN_004b26d0
004b26e0	FUN_004b26e0
004b2700	FUN_004b2700
004b27a0	FUN_004b27a0
004b29d0	FUN_004b29d0
004b29f0	FUN_004b29f0
004b2a00	FUN_004b2a00
004b2a30	FUN_004b2a30
004b2a40	FUN_004b2a40
004b2a50	FUN_004b2a50
004b2a60	FUN_004b2a60
004b2a70	FUN_004b2a70
004b2af0	FUN_004b2af0
004b2bd0	FUN_004b2bd0
004b2d70	FUN_004b2d70
004b2d90	FUN_004b2d90
004b2f60	FUN_004b2f60
004b2f90	FUN_004b2f90
004b3020	FUN_004b3020
004b3200	FUN_004b3200
004b3210	FUN_004b3210
004b3220	FUN_004b3220
004b32a0	FUN_004b32a0
004b32e0	FUN_004b32e0
004b3380	FUN_004b3380
004b3450	FUN_004b3450
004b34e0	FUN_004b34e0
004b3590	FUN_004b3590
004b3760	FUN_004b3760
004b3790	FUN_004b3790
004b37a0	FUN_004b37a0
004b37b0	FUN_004b37b0
004b3810	FUN_004b3810
004b3880	FUN_004b3880
004b38d0	FUN_004b38d0
004b3990	FUN_004b3990
004b39a0	FUN_004b39a0
004b39b0	FUN_004b39b0
004b3a00	FUN_004b3a00
004b3a90	FUN_004b3a90
004b3aa0	FUN_004b3aa0
004b3ab0	FUN_004b3ab0
004b3b60	FUN_004b3b60
004b3be0	FUN_004b3be0
004b3d80	FUN_004b3d80
004b3d90	FUN_004b3d90
004b3e40	FUN_004b3e40
004b3ec0	FUN_004b3ec0
004b4060	FUN_004b4060
004b4070	FUN_004b4070
004b40f0	FUN_004b40f0
004b42d0	FUN_004b42d0
004b43e0	FUN_004b43e0
004b4410	FUN_004b4410
004b44a0	FUN_004b44a0
004b4520	FUN_004b4520
004b4580	FUN_004b4580
004b4610	FUN_004b4610
004b4840	FUN_004b4840
004b4860	FUN_004b4860
004b48f0	FUN_004b48f0
004b4b50	FUN_004b4b50
004b4be0	FUN_004b4be0
004b4e10	FUN_004b4e10
004b4e90	FUN_004b4e90
004b4ee0	FUN_004b4ee0
004b50d0	FUN_004b50d0
004b5100	FUN_004b5100
004b5140	FUN_004b5140
004b51c0	FUN_004b51c0
004b51e0	FUN_004b51e0
004b5270	FUN_004b5270
004b54b0	FUN_004b54b0
004b54d0	FUN_004b54d0
004b5570	FUN_004b5570
004b56c0	FUN_004b56c0
004b56d0	FUN_004b56d0
004b5760	FUN_004b5760
004b5990	FUN_004b5990
004b59f0	FUN_004b59f0
004b5a00	FUN_004b5a00
004b5a80	FUN_004b5a80
004b5bf0	FUN_004b5bf0
004b5c70	FUN_004b5c70
004b5c90	FUN_004b5c90
004b5d20	FUN_004b5d20
004b5f50	FUN_004b5f50
004b5fd0	FUN_004b5fd0
004b5fe0	FUN_004b5fe0
004b6070	FUN_004b6070
004b6280	FUN_004b6280
004b6310	FUN_004b6310
004b6330	FUN_004b6330
004b63c0	FUN_004b63c0
004b65f0	FUN_004b65f0
004b6680	FUN_004b6680
004b68b0	FUN_004b68b0
004b6940	FUN_004b6940
004b6b70	FUN_004b6b70
004b6bc0	FUN_004b6bc0
004b6bd0	FUN_004b6bd0
004b6c60	FUN_004b6c60
004b6e90	FUN_004b6e90
004b6ee0	FUN_004b6ee0
004b6f60	FUN_004b6f60
004b6f80	FUN_004b6f80
004b6f90	FUN_004b6f90
004b7020	FUN_004b7020
004b7240	FUN_004b7240
004b72d0	FUN_004b72d0
004b72f0	FUN_004b72f0
004b7310	FUN_004b7310
004b7360	FUN_004b7360
004b7380	FUN_004b7380
004b73a0	FUN_004b73a0
004b7400	FUN_004b7400
004b74e0	FUN_004b74e0
004b7560	FUN_004b7560
004b75b0	FUN_004b75b0
004b75d0	FUN_004b75d0
004b7660	FUN_004b7660
004b7680	FUN_004b7680
004b76a0	FUN_004b76a0
004b7730	FUN_004b7730
004b7740	FUN_004b7740
004b77a0	FUN_004b77a0
004b7830	FUN_004b7830
004b78b0	FUN_004b78b0
004b78d0	FUN_004b78d0
004b78f0	FUN_004b78f0
004b7970	FUN_004b7970
004b79f0	FUN_004b79f0
004b7a60	FUN_004b7a60
004b7ae0	FUN_004b7ae0
004b7b60	FUN_004b7b60
004b7bf0	FUN_004b7bf0
004b7d69	Catch@004b7d69
004b7da0	FUN_004b7da0
004b7e90	FUN_004b7e90
004b7fcb	Catch@004b7fcb
004b8010	FUN_004b8010
004b8080	FUN_004b8080
004b8100	FUN_004b8100
004b8170	FUN_004b8170
004b81a0	FUN_004b81a0
004b8210	FUN_004b8210
004b8280	FUN_004b8280
004b82d0	FUN_004b82d0
004b84e0	FUN_004b84e0
004b8660	Catch@004b8660
004b86a0	FUN_004b86a0
004b8700	FUN_004b8700
004b8841	Catch@004b8841
004b8880	FUN_004b8880
004b8900	FUN_004b8900
004b8970	FUN_004b8970
004b8ac8	Catch@004b8ac8
004b8b00	FUN_004b8b00
004b8b40	FUN_004b8b40
004b8bc0	FUN_004b8bc0
004b8c30	FUN_004b8c30
004b8d8d	Catch@004b8d8d
004b8dc0	FUN_004b8dc0
004b8f6f	Catch@004b8f6f
004b8fe0	FUN_004b8fe0
004b9070	FUN_004b9070
004b9150	FUN_004b9150
004b93c0	FUN_004b93c0
004b9450	FUN_004b9450
004b95ce	Catch@004b95ce
004b9610	FUN_004b9610
004b9670	FUN_004b9670
004b98b0	FUN_004b98b0
004b9940	FUN_004b9940
004b9ac1	Catch@004b9ac1
004b9b00	FUN_004b9b00
004b9b60	FUN_004b9b60
004b9bf0	FUN_004b9bf0
004b9d89	Catch@004b9d89
004b9dd0	FUN_004b9dd0
004b9e30	FUN_004b9e30
004b9ec0	FUN_004b9ec0
004ba040	Catch@004ba040
004ba080	FUN_004ba080
004ba110	FUN_004ba110
004ba170	FUN_004ba170
004ba1e0	FUN_004ba1e0
004ba331	Catch@004ba331
004ba370	FUN_004ba370
004ba3e0	FUN_004ba3e0
004ba562	Catch@004ba562
004ba5a0	FUN_004ba5a0
004ba600	FUN_004ba600
004ba690	FUN_004ba690
004ba81f	Catch@004ba81f
004ba860	FUN_004ba860
004ba990	FUN_004ba990
004baa20	FUN_004baa20
004bab97	Catch@004bab97
004babd0	FUN_004babd0
004bac50	FUN_004bac50
004bacd0	FUN_004bacd0
004bae0b	Catch@004bae0b
004bae50	FUN_004bae50
004bae90	FUN_004bae90
004bb011	Catch@004bb011
004bb050	FUN_004bb050
004bb0e0	FUN_004bb0e0
004bb257	Catch@004bb257
004bb290	FUN_004bb290
004bb2f0	FUN_004bb2f0
004bb370	FUN_004bb370
004bb4e9	Catch@004bb4e9
004bb520	FUN_004bb520
004bb580	FUN_004bb580
004bb780	FUN_004bb780
004bb800	FUN_004bb800
004bb980	Catch@004bb980
004bb9c0	FUN_004bb9c0
004bba20	FUN_004bba20
004bbab0	FUN_004bbab0
004bbc30	Catch@004bbc30
004bbc70	FUN_004bbc70
004bbd00	FUN_004bbd00
004bbe80	Catch@004bbe80
004bbec0	FUN_004bbec0
004bbf50	FUN_004bbf50
004bc0c5	Catch@004bc0c5
004bc100	FUN_004bc100
004bc180	FUN_004bc180
004bc2c1	Catch@004bc2c1
004bc300	FUN_004bc300
004bc370	FUN_004bc370
004bc4e7	Catch@004bc4e7
004bc520	FUN_004bc520
004bc580	FUN_004bc580
004bc600	FUN_004bc600
004bc78d	Catch@004bc78d
004bc7d0	FUN_004bc7d0
004bc900	FUN_004bc900
004bc990	FUN_004bc990
004bcbb0	FUN_004bcbb0
004bcc10	FUN_004bcc10
004bce40	FUN_004bce40
004bcea0	FUN_004bcea0
004bd190	FUN_004bd190
004bd2d1	Catch@004bd2d1
004bd310	FUN_004bd310
004bd48e	Catch@004bd48e
004bd4d0	FUN_004bd4d0
004bd650	Catch@004bd650
004bd690	FUN_004bd690
004bd8a0	FUN_004bd8a0
004bdab0	FUN_004bdab0
004bdc01	Catch@004bdc01
004bdc40	FUN_004bdc40
004bdd81	Catch@004bdd81
004bddc0	FUN_004bddc0
004bde50	FUN_004bde50
004bdea0	FUN_004bdea0
004bdee0	FUN_004bdee0
004bdf20	FUN_004bdf20
004bdf60	FUN_004bdf60
004bdfa0	FUN_004bdfa0
004bdfe0	FUN_004bdfe0
004be010	FUN_004be010
004be050	FUN_004be050
004be080	FUN_004be080
004be150	FUN_004be150
004be220	FUN_004be220
004be300	FUN_004be300
004be380	FUN_004be380
004be800	FUN_004be800
004be9a0	FUN_004be9a0
004beb40	FUN_004beb40
004bed00	FUN_004bed00
004bee70	FUN_004bee70
004befe0	FUN_004befe0
004bf2c0	FUN_004bf2c0
004bf460	FUN_004bf460
004bf710	FUN_004bf710
004bf7d0	FUN_004bf7d0
004bfa60	FUN_004bfa60
004bfab0	FUN_004bfab0
004bfbe0	FUN_004bfbe0
004bfd60	FUN_004bfd60
004bff30	FUN_004bff30
004c0340	FUN_004c0340
004c07d0	FUN_004c07d0
004c0930	FUN_004c0930
004c0af0	FUN_004c0af0
004c0cc0	FUN_004c0cc0
004c0fd0	FUN_004c0fd0
004c10e0	FUN_004c10e0
004c1150	FUN_004c1150
004c11f0	FUN_004c11f0
004c1220	FUN_004c1220
004c1240	FUN_004c1240
004c1400	FUN_004c1400
004c1450	FUN_004c1450
004c1470	FUN_004c1470
004c1490	FUN_004c1490
004c1560	FUN_004c1560
004c15b0	FUN_004c15b0
004c15e0	FUN_004c15e0
004c1610	FUN_004c1610
004c1640	FUN_004c1640
004c1680	FUN_004c1680
004c16b0	FUN_004c16b0
004c17c4	Catch@004c17c4
004c1860	FUN_004c1860
004c197a	Catch@004c197a
004c1a20	FUN_004c1a20
004c1a50	FUN_004c1a50
004c1a80	FUN_004c1a80
004c1ab0	FUN_004c1ab0
004c1ae0	FUN_004c1ae0
004c1b20	FUN_004c1b20
004c1b50	FUN_004c1b50
004c1b80	FUN_004c1b80
004c1bb0	FUN_004c1bb0
004c1be0	FUN_004c1be0
004c1c10	FUN_004c1c10
004c1c40	FUN_004c1c40
004c1c80	FUN_004c1c80
004c1cb0	FUN_004c1cb0
004c1ce0	FUN_004c1ce0
004c1d10	FUN_004c1d10
004c1d40	FUN_004c1d40
004c1d70	FUN_004c1d70
004c1db0	FUN_004c1db0
004c1df0	FUN_004c1df0
004c1e20	FUN_004c1e20
004c2100	FUN_004c2100
004c2140	FUN_004c2140
004c2180	FUN_004c2180
004c21b0	FUN_004c21b0
004c21f0	FUN_004c21f0
004c2240	FUN_004c2240
004c2400	FUN_004c2400
004c24e0	FUN_004c24e0
004c2500	FUN_004c2500
004c2681	Catch@004c2681
004c26c0	FUN_004c26c0
004c2840	Catch@004c2840
004c2880	FUN_004c2880
004c2990	FUN_004c2990
004c2aa0	FUN_004c2aa0
004c2ad0	FUN_004c2ad0
004c2b00	FUN_004c2b00
004c2c20	FUN_004c2c20
004c2d70	FUN_004c2d70
004c2db0	FUN_004c2db0
004c2df0	FUN_004c2df0
004c2e70	FUN_004c2e70
004c2f10	FUN_004c2f10
004c3050	FUN_004c3050
004c32f0	FUN_004c32f0
004c3320	FUN_004c3320
004c36a0	FUN_004c36a0
004c37c0	FUN_004c37c0
004c38f0	FUN_004c38f0
004c3b50	FUN_004c3b50
004c3ed0	FUN_004c3ed0
004c3ff0	FUN_004c3ff0
004c4120	FUN_004c4120
004c4390	FUN_004c4390
004c4610	FUN_004c4610
004c4730	FUN_004c4730
004c4880	FUN_004c4880
004c48d0	FUN_004c48d0
004c4960	FUN_004c4960
004c4bc0	FUN_004c4bc0
004c4d20	FUN_004c4d20
004c4da0	FUN_004c4da0
004c4dd0	FUN_004c4dd0
004c4e00	FUN_004c4e00
004c5150	FUN_004c5150
004c5270	FUN_004c5270
004c53f0	FUN_004c53f0
004c5510	FUN_004c5510
004c5740	FUN_004c5740
004c5b90	FUN_004c5b90
004c60c0	FUN_004c60c0
004c64b0	FUN_004c64b0
004c65e0	FUN_004c65e0
004c6830	FUN_004c6830
004c6d40	FUN_004c6d40
004c7270	FUN_004c7270
004c7750	FUN_004c7750
004c7880	FUN_004c7880
004c78b0	FUN_004c78b0
004c7b60	FUN_004c7b60
004c7b90	FUN_004c7b90
004c7f50	FUN_004c7f50
004c8080	FUN_004c8080
004c80b0	FUN_004c80b0
004c8100	FUN_004c8100
004c81d0	FUN_004c81d0
004c8200	FUN_004c8200
004c84b0	FUN_004c84b0
004c85b0	FUN_004c85b0
004c8610	FUN_004c8610
004c88f0	FUN_004c88f0
004c8b80	FUN_004c8b80
004c8bc0	FUN_004c8bc0
004c8cd0	FUN_004c8cd0
004c8f60	FUN_004c8f60
004c8f80	FUN_004c8f80
004c8fb0	FUN_004c8fb0
004c9270	FUN_004c9270
004c92b0	FUN_004c92b0
004c9480	FUN_004c9480
004c94c0	FUN_004c94c0
004c9690	FUN_004c9690
004c96e0	FUN_004c96e0
004c9970	FUN_004c9970
004c9ad0	FUN_004c9ad0
004c9dc0	FUN_004c9dc0
004c9e00	FUN_004c9e00
004c9fd0	FUN_004c9fd0
004ca190	FUN_004ca190
004ca310	FUN_004ca310
004ca4e0	FUN_004ca4e0
004ca561	Catch@004ca561
004ca5a0	FUN_004ca5a0
004ca621	Catch@004ca621
004ca660	FUN_004ca660
004ca860	FUN_004ca860
004ca8a0	FUN_004ca8a0
004cab30	FUN_004cab30
004cab80	FUN_004cab80
004cabb0	FUN_004cabb0
004cac37	Catch@004cac37
004cac70	FUN_004cac70
004cacf4	Catch@004cacf4
004cad30	FUN_004cad30
004cad50	FUN_004cad50
004cae30	FUN_004cae30
004caf10	FUN_004caf10
004caff0	FUN_004caff0
004cb0d0	FUN_004cb0d0
004cb1f0	FUN_004cb1f0
004cb310	FUN_004cb310
004cb430	FUN_004cb430
004cb510	FUN_004cb510
004cc300	FUN_004cc300
004cc570	FUN_004cc570
004cc770	FUN_004cc770
004d0ea0	FUN_004d0ea0
004d1200	FUN_004d1200
004d16d0	FUN_004d16d0
004d1760	FUN_004d1760
004d18d7	Catch@004d18d7
004d1910	FUN_004d1910
004d1930	FUN_004d1930
004d1960	FUN_004d1960
004d1a10	FUN_004d1a10
004d1a20	FUN_004d1a20
004d1a40	FUN_004d1a40
004d1a60	FUN_004d1a60
004d1b00	FUN_004d1b00
004d1b40	FUN_004d1b40
004d1b50	FUN_004d1b50
004d1b60	FUN_004d1b60
004d1b80	FUN_004d1b80
004d1ba0	FUN_004d1ba0
004d1be0	FUN_004d1be0
004d1c50	FUN_004d1c50
004d1cf0	FUN_004d1cf0
004d1e60	FUN_004d1e60
004d1fa0	FUN_004d1fa0
004d2000	FUN_004d2000
004d2090	FUN_004d2090
004d20c0	FUN_004d20c0
004d20f0	FUN_004d20f0
004d2120	FUN_004d2120
004d2130	FUN_004d2130
004d2150	FUN_004d2150
004d2190	FUN_004d2190
004d2300	FUN_004d2300
004d23d0	FUN_004d23d0
004d23e0	FUN_004d23e0
004d2400	FUN_004d2400
004d2430	FUN_004d2430
004d24d0	FUN_004d24d0
004d24e0	FUN_004d24e0
004d24f0	FUN_004d24f0
004d2520	FUN_004d2520
004d25b0	FUN_004d25b0
004d25d0	FUN_004d25d0
004d25f0	FUN_004d25f0
004d2920	FUN_004d2920
004d2950	FUN_004d2950
004d2970	FUN_004d2970
004d29e0	FUN_004d29e0
004d2b04	Catch@004d2b04
004d2bd0	FUN_004d2bd0
004d2c50	FUN_004d2c50
004d2f80	FUN_004d2f80
004d3000	FUN_004d3000
004d3b10	FUN_004d3b10
004d44b0	FUN_004d44b0
004d4640	FUN_004d4640
004d48c0	FUN_004d48c0
004d49b0	FUN_004d49b0
004d4be0	FUN_004d4be0
004d4c90	FUN_004d4c90
004db6e0	FUN_004db6e0
004db910	FUN_004db910
004db9b0	FUN_004db9b0
004dba50	FUN_004dba50
004dbaa0	FUN_004dbaa0
004dbe00	FUN_004dbe00
004dc9c0	FUN_004dc9c0
004dfe50	FUN_004dfe50
004e0140	FUN_004e0140
004e4b30	FUN_004e4b30
004e8620	FUN_004e8620
004e8be0	FUN_004e8be0
004e9740	FUN_004e9740
004ea030	FUN_004ea030
004ea230	FUN_004ea230
004ea6d0	FUN_004ea6d0
004eaac0	FUN_004eaac0
004eac20	FUN_004eac20
004eb400	FUN_004eb400
004eb430	FUN_004eb430
004eb440	FUN_004eb440
004eb450	FUN_004eb450
004eb460	FUN_004eb460
004eb470	FUN_004eb470
004eb480	FUN_004eb480
004eb4b0	FUN_004eb4b0
004eb530	FUN_004eb530
004eb540	FUN_004eb540
004eb5d0	FUN_004eb5d0
004eb650	FUN_004eb650
004eb660	FUN_004eb660
004eb680	FUN_004eb680
004eb690	FUN_004eb690
004eb6a0	FUN_004eb6a0
004eb6b0	FUN_004eb6b0
004eb6d0	FUN_004eb6d0
004eb720	FUN_004eb720
004eb7c0	FUN_004eb7c0
004eb7d0	FUN_004eb7d0
004eb950	FUN_004eb950
004eba80	FUN_004eba80
004ebae0	FUN_004ebae0
004ebd60	FUN_004ebd60
004ec170	FUN_004ec170
004ec3a0	FUN_004ec3a0
004ede70	FUN_004ede70
004ee140	FUN_004ee140
004ee320	FUN_004ee320
004ee4a0	FUN_004ee4a0
004ee630	FUN_004ee630
004ee660	FUN_004ee660
004ee800	FUN_004ee800
004eea40	FUN_004eea40
004eec80	FUN_004eec80
004eede0	FUN_004eede0
004eef90	FUN_004eef90
004f45b0	FUN_004f45b0
004f7200	FUN_004f7200
004f7430	FUN_004f7430
004f7550	FUN_004f7550
004f7aa0	FUN_004f7aa0
004f7b20	FUN_004f7b20
004f7c10	FUN_004f7c10
004f7c50	FUN_004f7c50
004f83a0	FUN_004f83a0
004f8600	FUN_004f8600
004f88a0	FUN_004f88a0
004f8930	FUN_004f8930
004f9250	FUN_004f9250
004f9d60	FUN_004f9d60
004fa8a0	FUN_004fa8a0
004faa20	FUN_004faa20
004fb620	FUN_004fb620
004fc2d0	FUN_004fc2d0
004fc550	FUN_004fc550
004fc5a0	FUN_004fc5a0
004fc5f0	FUN_004fc5f0
004fc680	FUN_004fc680
004fc710	FUN_004fc710
004fc720	FUN_004fc720
004fc740	FUN_004fc740
004fc810	FUN_004fc810
004fca50	FUN_004fca50
004fca90	FUN_004fca90
004fcac0	FUN_004fcac0
004fcf30	FUN_004fcf30
004fe6b0	FUN_004fe6b0
004feef0	FUN_004feef0
00503730	FUN_00503730
005065b0	FUN_005065b0
0050aa40	FUN_0050aa40
0050cb50	FUN_0050cb50
0050e500	FUN_0050e500
005145d0	FUN_005145d0
00519120	FUN_00519120
0051c940	FUN_0051c940
0051c9a0	AFX_DDPDATA
0051c9e0	FUN_0051c9e0
0051ca10	FUN_0051ca10
0051ca20	FUN_0051ca20
0051ca60	FUN_0051ca60
0051ca70	FUN_0051ca70
0051caa0	FUN_0051caa0
0051cab0	FUN_0051cab0
0051cad0	FUN_0051cad0
0051cb10	FUN_0051cb10
0051cc70	FUN_0051cc70
0051cc90	FUN_0051cc90
0051cca0	FUN_0051cca0
0051ccf0	FUN_0051ccf0
0051cd30	FUN_0051cd30
0051cd80	FUN_0051cd80
0051cdf0	FUN_0051cdf0
0051ce10	FUN_0051ce10
0051cf90	FUN_0051cf90
0051d670	FUN_0051d670
0051d680	FUN_0051d680
0051df50	FUN_0051df50
00521ba0	FUN_00521ba0
00521e70	FUN_00521e70
005222c0	FUN_005222c0
005293e0	FUN_005293e0
00529400	FUN_00529400
00529410	FUN_00529410
00529440	FUN_00529440
00529470	FUN_00529470
005294a0	FUN_005294a0
00529500	FUN_00529500
00529530	FUN_00529530
00529560	FUN_00529560
005295a0	FUN_005295a0
005295c0	FUN_005295c0
00529737	Catch@00529737
00529770	FUN_00529770
005297a0	FUN_005297a0
00529ad0	FUN_00529ad0
0052a9e0	FUN_0052a9e0
0052c890	FUN_0052c890
0052ccd0	FUN_0052ccd0
0052cf10	FUN_0052cf10
0052d1a0	FUN_0052d1a0
0052d450	FUN_0052d450
0052d8f0	FUN_0052d8f0
0052da10	FUN_0052da10
0052dcb0	FUN_0052dcb0
0052e180	FUN_0052e180
0052e290	FUN_0052e290
0052e2d0	FUN_0052e2d0
00536f20	FUN_00536f20
00536fd0	FUN_00536fd0
00539ce0	FUN_00539ce0
00539dd0	FUN_00539dd0
00539fe0	FUN_00539fe0
0053e2d0	FUN_0053e2d0
0053e630	FUN_0053e630
0053eb10	FUN_0053eb10
00542990	FUN_00542990
00544700	FUN_00544700
00546500	FUN_00546500
00546610	FUN_00546610
00546df0	FUN_00546df0
00546ed0	FUN_00546ed0
00546ee0	FUN_00546ee0
00548060	FUN_00548060
00548da0	FUN_00548da0
00548dd0	FUN_00548dd0
00548e20	FUN_00548e20
00548e70	FUN_00548e70
00548ef0	FUN_00548ef0
00548f20	FUN_00548f20
00549060	FUN_00549060
005490d0	FUN_005490d0
00549230	FUN_00549230
005492a0	FUN_005492a0
005492d0	FUN_005492d0
005492f0	FUN_005492f0
00549310	FUN_00549310
00549370	FUN_00549370
00549390	FUN_00549390
00549480	FUN_00549480
005494a0	FUN_005494a0
005494d0	FUN_005494d0
00549760	FUN_00549760
00549790	FUN_00549790
0054a110	FUN_0054a110
0054a1b0	FUN_0054a1b0
0054a220	FUN_0054a220
0054a2e0	FUN_0054a2e0
0054a2f0	FUN_0054a2f0
0054a3e0	FUN_0054a3e0
0054a4d0	FUN_0054a4d0
0054a540	FUN_0054a540
0054a620	FUN_0054a620
0054a8f0	FUN_0054a8f0
0054aa50	FUN_0054aa50
0054ab30	FUN_0054ab30
0054af50	FUN_0054af50
0054afa0	FUN_0054afa0
0054b070	FUN_0054b070
0054ca20	FUN_0054ca20
0054cb30	FUN_0054cb30
0054cde0	FUN_0054cde0
0054d1f0	FUN_0054d1f0
0054d550	FUN_0054d550
0054d5d0	FUN_0054d5d0
0054d840	FUN_0054d840
0054e1c0	FUN_0054e1c0
0054e540	FUN_0054e540
0054e7c0	FUN_0054e7c0
0054e8a0	FUN_0054e8a0
0054fa30	FUN_0054fa30
0054fa90	FUN_0054fa90
0054fb20	FUN_0054fb20
0054fe30	FUN_0054fe30
0054ff40	FUN_0054ff40
005502e0	FUN_005502e0
005503c0	FUN_005503c0
005503f0	FUN_005503f0
00550cc0	FUN_00550cc0
00551170	FUN_00551170
00551250	FUN_00551250
005513a0	FUN_005513a0
00551520	FUN_00551520
00551cb0	FUN_00551cb0
00551ec0	FUN_00551ec0
005520a0	FUN_005520a0
00552140	FUN_00552140
005521e0	FUN_005521e0
005524d0	FUN_005524d0
00552530	FUN_00552530
00552600	FUN_00552600
00552660	FUN_00552660
00552820	FUN_00552820
00552a00	FUN_00552a00
00552be0	FUN_00552be0
00552d60	FUN_00552d60
00552dd0	FUN_00552dd0
00552ef0	FUN_00552ef0
00552f10	FUN_00552f10
00552f80	FUN_00552f80
00553080	FUN_00553080
00553160	FUN_00553160
00553240	FUN_00553240
005534c0	FUN_005534c0
005534e0	FUN_005534e0
005535e0	FUN_005535e0
00553620	FUN_00553620
00553680	FUN_00553680
00553840	FUN_00553840
00553870	FUN_00553870
005538a0	FUN_005538a0
00553910	FUN_00553910
00553a10	FUN_00553a10
00553a90	FUN_00553a90
00553ad0	FUN_00553ad0
00553be0	FUN_00553be0
00553c30	FUN_00553c30
00553c40	FUN_00553c40
00553c80	FUN_00553c80
00553d10	FUN_00553d10
00553da0	FUN_00553da0
00553f00	FUN_00553f00
00553f80	FUN_00553f80
00553fc0	FUN_00553fc0
00554040	FUN_00554040
005541ac	Catch@005541ac
005541e0	FUN_005541e0
00554210	FUN_00554210
00554351	Catch@00554351
00554390	FUN_00554390
00554410	FUN_00554410
005544e0	FUN_005544e0
00554680	FUN_00554680
00554b00	FUN_00554b00
00554b40	FUN_00554b40
00554b80	FUN_00554b80
00554bd0	FUN_00554bd0
00554c00	FUN_00554c00
00554c20	FUN_00554c20
00554cc0	FUN_00554cc0
00554e00	FUN_00554e00
00554e20	FUN_00554e20
00554e70	FUN_00554e70
00554eb0	FUN_00554eb0
00554ef0	FUN_00554ef0
00554fcd	Catch@00554fcd
00554ff0	FUN_00554ff0
00555070	FUN_00555070
00555140	FUN_00555140
00555820	FUN_00555820
00555a90	FUN_00555a90
00555af0	FUN_00555af0
00555c40	FUN_00555c40
00556210	FUN_00556210
005566f0	FUN_005566f0
00556870	FUN_00556870
00556d50	FUN_00556d50
00556d90	FUN_00556d90
00556de0	FUN_00556de0
00556e80	FUN_00556e80
00557a20	FUN_00557a20
00557b00	FUN_00557b00
00557ba0	FUN_00557ba0
00557ec0	FUN_00557ec0
005590f0	FUN_005590f0
005593e0	FUN_005593e0
005596f0	FUN_005596f0
00559a30	FUN_00559a30
0055c470	FUN_0055c470
0055c480	FUN_0055c480
0055c830	FUN_0055c830
0055cf00	FUN_0055cf00
0055de00	FUN_0055de00
0055de60	FUN_0055de60
0055df00	FUN_0055df00
0055df30	FUN_0055df30
0055dfb0	FUN_0055dfb0
0055e010	FUN_0055e010
0055e070	FUN_0055e070
0055e350	FUN_0055e350
0055e4a0	FUN_0055e4a0
0055fac0	FUN_0055fac0
0055fce0	FUN_0055fce0
00560f50	FUN_00560f50
00561720	FUN_00561720
00562250	FUN_00562250
00562330	FUN_00562330
005625f0	FUN_005625f0
00563de0	FUN_00563de0
00563e90	FUN_00563e90
00563f30	FUN_00563f30
00563fd0	FUN_00563fd0
00564070	FUN_00564070
00564110	FUN_00564110
00564160	FUN_00564160
00564330	FUN_00564330
00564600	FUN_00564600
005646c0	FUN_005646c0
00564920	FUN_00564920
00564c20	FUN_00564c20
005657b0	FUN_005657b0
00565c30	FUN_00565c30
00565c80	FUN_00565c80
00565f30	FUN_00565f30
005689f0	FUN_005689f0
00568b00	FUN_00568b00
00568c30	FUN_00568c30
0056a6c0	FUN_0056a6c0
0056a750	FUN_0056a750
0056a8d0	FUN_0056a8d0
0056a950	FUN_0056a950
0056a9d0	FUN_0056a9d0
0056aaa0	FUN_0056aaa0
0056ab90	FUN_0056ab90
0056aff0	FUN_0056aff0
00570d90	FUN_00570d90
00570f40	FUN_00570f40
005710b0	FUN_005710b0
005715d0	FUN_005715d0
00578d90	FUN_00578d90
00579000	FUN_00579000
00579330	FUN_00579330
00579560	FUN_00579560
0057d720	FUN_0057d720
0057df10	FUN_0057df10
0057e020	FUN_0057e020
0057f5a0	FUN_0057f5a0
0057f670	FUN_0057f670
0057f750	FUN_0057f750
0057f790	FUN_0057f790
0057fc40	FUN_0057fc40
0057ffd0	FUN_0057ffd0
00580610	FUN_00580610
00580870	FUN_00580870
005808d0	FUN_005808d0
00580ac0	FUN_00580ac0
00580b40	FUN_00580b40
00580bc0	FUN_00580bc0
00580c50	FUN_00580c50
00580cb0	FUN_00580cb0
00580d50	FUN_00580d50
00580f30	FUN_00580f30
00580fe0	FUN_00580fe0
00581290	FUN_00581290
00581410	FUN_00581410
005817f0	FUN_005817f0
005818e0	FUN_005818e0
00581920	FUN_00581920
005819a0	FUN_005819a0
00581af0	FUN_00581af0
00581b50	FUN_00581b50
00581ba0	FUN_00581ba0
00581c00	FUN_00581c00
00581e40	FUN_00581e40
00582280	FUN_00582280
005822a0	FUN_005822a0
005822c0	FUN_005822c0
00582310	FUN_00582310
00582360	FUN_00582360
005826a0	FUN_005826a0
00582710	FUN_00582710
005827a0	FUN_005827a0
005828e0	FUN_005828e0
005829c0	FUN_005829c0
005829f0	FUN_005829f0
00582c10	FUN_00582c10
00584ea0	FUN_00584ea0
00584f30	FUN_00584f30
00585090	FUN_00585090
00585120	FUN_00585120
00585b20	FUN_00585b20
00586ac0	FUN_00586ac0
00586c40	FUN_00586c40
005887b0	FUN_005887b0
00589270	FUN_00589270
005902b0	FUN_005902b0
005903a0	FUN_005903a0
00590430	FUN_00590430
005904a0	FUN_005904a0
005904b0	FUN_005904b0
005904c0	FUN_005904c0
005904d0	FUN_005904d0
005904e0	FUN_005904e0
00590510	FUN_00590510
005905f0	FUN_005905f0
005909b0	FUN_005909b0
005909c0	FUN_005909c0
005909f0	FUN_005909f0
00590a30	FUN_00590a30
00590a60	FUN_00590a60
00590aa0	FUN_00590aa0
00590ad0	FUN_00590ad0
00590b00	FUN_00590b00
00590b40	FUN_00590b40
00590b60	FUN_00590b60
00590b80	FUN_00590b80
00590ba0	FUN_00590ba0
00590bc0	FUN_00590bc0
00590be0	FUN_00590be0
00590c00	FUN_00590c00
00590c70	FUN_00590c70
00590ca0	FUN_00590ca0
00590ce0	FUN_00590ce0
00590d00	FUN_00590d00
00590d20	FUN_00590d20
00590db0	FUN_00590db0
00590e40	FUN_00590e40
00590f10	FUN_00590f10
00590f60	FUN_00590f60
00590ff0	FUN_00590ff0
00591070	FUN_00591070
00591090	FUN_00591090
00591210	Catch@00591210
00591250	FUN_00591250
00591470	FUN_00591470
005914d0	FUN_005914d0
005916f0	FUN_005916f0
00591877	Catch@00591877
005918f0	FUN_005918f0
00591ae0	FUN_00591ae0
00591b50	FUN_00591b50
00591cc5	Catch@00591cc5
00591d00	FUN_00591d00
00591e41	Catch@00591e41
00591e80	FUN_00591e80
00591ec0	FUN_00591ec0
00591ef0	FUN_00591ef0
00592090	FUN_00592090
00592200	FUN_00592200
00592250	FUN_00592250
00592340	FUN_00592340
00592380	FUN_00592380
005923b0	FUN_005923b0
005924c2	Catch@005924c2
00592530	FUN_00592530
0059263e	Catch@0059263e
005926b0	FUN_005926b0
005926f0	FUN_005926f0
00592730	FUN_00592730
00592760	FUN_00592760
00592790	FUN_00592790
00592870	FUN_00592870
005929f0	Catch@005929f0
00592a30	FUN_00592a30
00592a70	FUN_00592a70
00592b90	FUN_00592b90
00592bc0	FUN_00592bc0
00592c40	FUN_00592c40
00592d80	FUN_00592d80
00592db0	FUN_00592db0
00592ef0	FUN_00592ef0
005931f0	FUN_005931f0
00593290	FUN_00593290
005936e0	FUN_005936e0
00593c50	FUN_00593c50
00594110	FUN_00594110
00599730	FUN_00599730
0059a350	FUN_0059a350
0059f4f0	FUN_0059f4f0
0059f780	FUN_0059f780
0059f8d0	FUN_0059f8d0
0059fdf0	FUN_0059fdf0
005a0320	FUN_005a0320
005a03a0	FUN_005a03a0
005a08a0	FUN_005a08a0
005a08b0	FUN_005a08b0
005a08c0	FUN_005a08c0
005a08d0	FUN_005a08d0
005a08f0	FUN_005a08f0
005a0900	FUN_005a0900
005a0970	FUN_005a0970
005a0980	FUN_005a0980
005a0ad0	FUN_005a0ad0
005a0bc0	FUN_005a0bc0
005a65f0	FUN_005a65f0
005aa2a0	FUN_005aa2a0
005aa3f0	FUN_005aa3f0
005aa4d0	FUN_005aa4d0
005aa750	FUN_005aa750
005ab400	FUN_005ab400
005ab850	FUN_005ab850
005aba90	FUN_005aba90
005abcf0	FUN_005abcf0
005b2570	FUN_005b2570
005b6590	FUN_005b6590
005b65b0	FUN_005b65b0
005b65d0	FUN_005b65d0
005b65f0	FUN_005b65f0
005b66a0	FUN_005b66a0
005b67b0	FUN_005b67b0
005b6880	FUN_005b6880
005b68c0	FUN_005b68c0
005b6900	FUN_005b6900
005b6940	FUN_005b6940
005b6960	FUN_005b6960
005b6990	FUN_005b6990
005b6ef0	FUN_005b6ef0
005b7500	FUN_005b7500
005b7730	FUN_005b7730
005b7750	CRect
005b7770	FUN_005b7770
005b7790	FUN_005b7790
005b77f0	FUN_005b77f0
005b7820	FUN_005b7820
005b7870	FUN_005b7870
005b78c0	FUN_005b78c0
005b7910	FUN_005b7910
005b7960	FUN_005b7960
005b7970	FUN_005b7970
005b7980	FUN_005b7980
005b7a30	FUN_005b7a30
005b7aa0	FUN_005b7aa0
005b7ab0	FUN_005b7ab0
005b7ac0	FUN_005b7ac0
005b7af0	FUN_005b7af0
005b7b30	FUN_005b7b30
005b7b50	FUN_005b7b50
005b7bc0	FUN_005b7bc0
005b7bd0	FUN_005b7bd0
005b7be0	FUN_005b7be0
005b7c60	FUN_005b7c60
005b7cd0	FUN_005b7cd0
005b7d50	FUN_005b7d50
005b7dc0	FUN_005b7dc0
005b7df0	FUN_005b7df0
005b7ef0	FUN_005b7ef0
005b7fc0	FUN_005b7fc0
005b83d0	FUN_005b83d0
005b9830	FUN_005b9830
005b98c0	FUN_005b98c0
005b98e0	FUN_005b98e0
005b9970	FUN_005b9970
005b9ae3	Catch@005b9ae3
005b9b20	FUN_005b9b20
005b9ba0	FUN_005b9ba0
005b9c20	FUN_005b9c20
005b9c60	FUN_005b9c60
005b9c90	FUN_005b9c90
005b9cf0	FUN_005b9cf0
005b9d80	FUN_005b9d80
005ba050	FUN_005ba050
005ba8f0	FUN_005ba8f0
005ba920	FUN_005ba920
005ba9c0	FUN_005ba9c0
005ba9d0	FUN_005ba9d0
005baab0	FUN_005baab0
005bae70	FUN_005bae70
005baf80	FUN_005baf80
005bdc50	FUN_005bdc50
005bde80	FUN_005bde80
005be0a0	FUN_005be0a0
005be210	FUN_005be210
005be4f0	FUN_005be4f0
005be550	FUN_005be550
005be900	FUN_005be900
005be930	FUN_005be930
005be950	FUN_005be950
005bea50	FUN_005bea50
005beaa0	FUN_005beaa0
005bebe0	FUN_005bebe0
005bec60	FUN_005bec60
005bedd0	FUN_005bedd0
005bee00	FUN_005bee00
005bf780	FUN_005bf780
005bfad0	FUN_005bfad0
005bfed0	FUN_005bfed0
005c03a0	FUN_005c03a0
005c0780	FUN_005c0780
005c09b0	FUN_005c09b0
005c09e0	FUN_005c09e0
005c10a0	FUN_005c10a0
005c1260	FUN_005c1260
005c1330	FUN_005c1330
005c1430	FUN_005c1430
005c1450	FUN_005c1450
005c1460	FUN_005c1460
005c1620	FUN_005c1620
005c2180	FUN_005c2180
005c2910	FUN_005c2910
005c2b60	FUN_005c2b60
005c2dc0	FUN_005c2dc0
005c2ff0	FUN_005c2ff0
005c30a0	FUN_005c30a0
005c43c0	FUN_005c43c0
005c52d0	FUN_005c52d0
005c6e30	FUN_005c6e30
005c7030	FUN_005c7030
005c72e0	FUN_005c72e0
005c7600	FUN_005c7600
005c79c0	FUN_005c79c0
005c7c80	FUN_005c7c80
005c7c90	FUN_005c7c90
005c7f10	FUN_005c7f10
005c8a70	FUN_005c8a70
005c8b90	FUN_005c8b90
005c8ce0	FUN_005c8ce0
005c8e30	FUN_005c8e30
005c8e50	FUN_005c8e50
005c8ee0	FUN_005c8ee0
005c8f40	FUN_005c8f40
005c90c6	Catch@005c90c6
005c9100	FUN_005c9100
005c9140	FUN_005c9140
005c91a0	FUN_005c91a0
005c9370	FUN_005c9370
005c93b0	FUN_005c93b0
005c93f0	FUN_005c93f0
005c9440	FUN_005c9440
005c9480	FUN_005c9480
005c9510	FUN_005c9510
005c9670	FUN_005c9670
005c9690	FUN_005c9690
005c9b10	FUN_005c9b10
005ca850	FUN_005ca850
005ca870	FUN_005ca870
005ca900	FUN_005ca900
005ca950	FUN_005ca950
005cb9a0	FUN_005cb9a0
005cbae0	FUN_005cbae0
005cbef0	FUN_005cbef0
005cbf20	FUN_005cbf20
005cc160	FUN_005cc160
005cc290	FUN_005cc290
005cc2b0	FUN_005cc2b0
005cc6b0	FUN_005cc6b0
005cc6e0	FUN_005cc6e0
005cca00	FUN_005cca00
005cca20	FUN_005cca20
005cd070	FUN_005cd070
005cd500	FUN_005cd500
005cd520	thunk_FUN_005be210
005cd530	FUN_005cd530
005cd600	FUN_005cd600
005cd770	FUN_005cd770
005cd800	FUN_005cd800
005cd890	FUN_005cd890
005cd8f0	FUN_005cd8f0
005cdad0	FUN_005cdad0
005ce9c0	FUN_005ce9c0
005ceb50	FUN_005ceb50
005ceb70	FUN_005ceb70
005cec40	FUN_005cec40
005cf360	FUN_005cf360
005cf3a0	FUN_005cf3a0
005cf420	FUN_005cf420
005cfc30	FUN_005cfc30
005cffa0	FUN_005cffa0
005d01f0	FUN_005d01f0
005d0570	FUN_005d0570
005d0760	FUN_005d0760
005d0cd0	FUN_005d0cd0
005d0f70	FUN_005d0f70
005d12e0	FUN_005d12e0
005d15d0	FUN_005d15d0
005d16c0	FUN_005d16c0
005d2ce0	FUN_005d2ce0
005d2db0	FUN_005d2db0
005d3a20	FUN_005d3a20
005d4a30	FUN_005d4a30
005d4c50	FUN_005d4c50
005d4ff0	FUN_005d4ff0
005d5730	FUN_005d5730
005d5e10	FUN_005d5e10
005d6620	FUN_005d6620
005d66a0	FUN_005d66a0
005d66f0	FUN_005d66f0
005d6710	FUN_005d6710
005d6780	FUN_005d6780
005d6800	FUN_005d6800
005d6943	Catch@005d6943
005d69d0	FUN_005d69d0
005d6a00	FUN_005d6a00
005d6b3b	Catch@005d6b3b
005d6b80	FUN_005d6b80
005d6ba0	FUN_005d6ba0
005d6c10	FUN_005d6c10
005d6cc0	FUN_005d6cc0
005d6d60	FUN_005d6d60
005d6d80	FUN_005d6d80
005d6da0	FUN_005d6da0
005d6de0	FUN_005d6de0
005d6e10	FUN_005d6e10
005d6e40	FUN_005d6e40
005d6e70	FUN_005d6e70
005d6f20	FUN_005d6f20
005d7140	FUN_005d7140
005d7250	FUN_005d7250
005d7270	FUN_005d7270
005d72b0	FUN_005d72b0
005d7300	FUN_005d7300
005d7470	FUN_005d7470
005d7510	FUN_005d7510
005d75d0	FUN_005d75d0
005d7660	FUN_005d7660
005d7780	FUN_005d7780
005d7820	FUN_005d7820
005d78a0	FUN_005d78a0
005d7940	FUN_005d7940
005d7a10	FUN_005d7a10
005d7bf0	FUN_005d7bf0
005d7d30	FUN_005d7d30
005d7fc0	FUN_005d7fc0
005d80e0	FUN_005d80e0
005d8240	FUN_005d8240
005d8450	FUN_005d8450
005d84e0	FUN_005d84e0
005d8510	FUN_005d8510
005d8520	FUN_005d8520
005d8540	FUN_005d8540
005d8560	FUN_005d8560
005d85d0	FUN_005d85d0
005d86c0	FUN_005d86c0
005d86f0	FUN_005d86f0
005d8930	FUN_005d8930
005d8be0	FUN_005d8be0
005d8d00	FUN_005d8d00
005d8dd0	FUN_005d8dd0
005d8f70	FUN_005d8f70
005d8f90	FUN_005d8f90
005d8fa0	FUN_005d8fa0
005d9020	FUN_005d9020
005d9200	FUN_005d9200
005d93e0	FUN_005d93e0
005d9420	FUN_005d9420
005d9480	FUN_005d9480
005d9680	FUN_005d9680
005d9820	FUN_005d9820
005d9b60	FUN_005d9b60
005d9ba0	FUN_005d9ba0
005d9d20	FUN_005d9d20
005d9db0	FUN_005d9db0
005d9ec0	FUN_005d9ec0
005da240	FUN_005da240
005da290	FUN_005da290
005da300	FUN_005da300
005da360	FUN_005da360
005da390	FUN_005da390
005da5f0	FUN_005da5f0
005da6d0	FUN_005da6d0
005da740	FUN_005da740
005da7d0	FUN_005da7d0
005da880	FUN_005da880
005daad0	FUN_005daad0
005dab60	FUN_005dab60
005dac70	FUN_005dac70
005dad70	FUN_005dad70
005dae20	FUN_005dae20
005daf00	FUN_005daf00
005daff0	FUN_005daff0
005db090	FUN_005db090
005db240	FUN_005db240
005db670	FUN_005db670
005dbea0	FUN_005dbea0
005dc0c0	FUN_005dc0c0
005dc2d0	FUN_005dc2d0
005dc3e0	FUN_005dc3e0
005dc3f0	FUN_005dc3f0
005dd530	FUN_005dd530
005dd820	FUN_005dd820
005dd830	FUN_005dd830
005dd850	FUN_005dd850
005dd880	FUN_005dd880
005dd9f0	FUN_005dd9f0
005de080	FUN_005de080
005de210	FUN_005de210
005de370	FUN_005de370
005de4e0	FUN_005de4e0
005de650	FUN_005de650
005de710	FUN_005de710
005de870	FUN_005de870
005de8a0	FUN_005de8a0
005deb20	FUN_005deb20
005deb60	FUN_005deb60
005deb80	FUN_005deb80
005dec20	FUN_005dec20
005dec50	FUN_005dec50
005dec80	FUN_005dec80
005dedd0	FUN_005dedd0
005dedf0	FUN_005dedf0
005dee20	FUN_005dee20
005def60	FUN_005def60
005df190	FUN_005df190
005df1f0	FUN_005df1f0
005df540	FUN_005df540
005df5c0	FUN_005df5c0
005df650	FUN_005df650
005df6d0	FUN_005df6d0
005df811	Catch@005df811
005df850	FUN_005df850
005df9c7	Catch@005df9c7
005dfa00	FUN_005dfa00
005dfb41	Catch@005dfb41
005dfb80	FUN_005dfb80
005dfd10	FUN_005dfd10
005dfe70	FUN_005dfe70
005dfea0	FUN_005dfea0
005dfed0	FUN_005dfed0
005dff51	Catch@005dff51
005dff90	FUN_005dff90
005e01b0	FUN_005e01b0
005e0250	FUN_005e0250
005e0290	FUN_005e0290
005e02d0	FUN_005e02d0
005e0320	FUN_005e0320
005e0390	FUN_005e0390
005e0500	FUN_005e0500
005e0540	FUN_005e0540
005e05e0	FUN_005e05e0
005e06a0	FUN_005e06a0
005e0770	FUN_005e0770
005e2310	FUN_005e2310
005e2370	FUN_005e2370
005e33c0	FUN_005e33c0
005e3760	FUN_005e3760
005e3860	FUN_005e3860
005e5330	FUN_005e5330
005e5900	FUN_005e5900
005e5ca0	FUN_005e5ca0
005e6270	FUN_005e6270
005e62c0	FUN_005e62c0
005e6400	FUN_005e6400
005e65a0	FUN_005e65a0
005f23f0	FUN_005f23f0
005f24f0	FUN_005f24f0
005f26a0	FUN_005f26a0
005f2760	FUN_005f2760
005f2830	FUN_005f2830
005f28a0	FUN_005f28a0
005f2910	FUN_005f2910
005f2980	FUN_005f2980
005f29f0	FUN_005f29f0
005f2a60	FUN_005f2a60
005f2ad0	FUN_005f2ad0
005f2b40	FUN_005f2b40
005f2bb0	FUN_005f2bb0
005f2c20	FUN_005f2c20
005f2c90	FUN_005f2c90
005f2d00	FUN_005f2d00
005f2d70	FUN_005f2d70
005f2de0	FUN_005f2de0
005f2e50	FUN_005f2e50
005f2ec0	FUN_005f2ec0
005f2f30	FUN_005f2f30
005f2fa0	FUN_005f2fa0
005f3010	FUN_005f3010
005f3080	FUN_005f3080
005f30f0	FUN_005f30f0
005f3160	FUN_005f3160
005f31d0	FUN_005f31d0
005f3240	FUN_005f3240
005f32b0	FUN_005f32b0
005f3320	FUN_005f3320
005f3390	FUN_005f3390
005f3400	FUN_005f3400
005f3470	FUN_005f3470
005f34e0	FUN_005f34e0
005f3550	FUN_005f3550
005f35c0	FUN_005f35c0
005f3630	FUN_005f3630
005f36a0	FUN_005f36a0
005f3710	FUN_005f3710
005f3730	FUN_005f3730
005f3750	FUN_005f3750
005f3770	FUN_005f3770
005f37a0	FUN_005f37a0
005f3930	FUN_005f3930
005f39b0	FUN_005f39b0
005f3a00	FUN_005f3a00
005f3a80	FUN_005f3a80
005f3be0	FUN_005f3be0
005f3bf0	FUN_005f3bf0
005f3d50	FUN_005f3d50
005f3dd0	FUN_005f3dd0
005f3e30	FUN_005f3e30
005f3e90	FUN_005f3e90
005f40a0	FUN_005f40a0
005f4120	FUN_005f4120
005f4271	Catch@005f4271
005f42b0	FUN_005f42b0
005f4320	FUN_005f4320
005f4370	FUN_005f4370
005f43a0	FUN_005f43a0
005f4420	FUN_005f4420
005f4470	FUN_005f4470
005f4550	FUN_005f4550
005f45d0	FUN_005f45d0
005f45f0	FUN_005f45f0
005f4610	FUN_005f4610
005f4690	FUN_005f4690
005f46c0	FUN_005f46c0
005f4830	FUN_005f4830
005f48b0	FUN_005f48b0
005f4950	FUN_005f4950
005f4dd0	FUN_005f4dd0
005f4e00	FUN_005f4e00
005f4e20	FUN_005f4e20
005f4ec0	FUN_005f4ec0
005f4fc0	FUN_005f4fc0
005f4fd0	FUN_005f4fd0
005f5123	Catch@005f5123
005f5153	FUN_005f5153
005f51f0	FUN_005f51f0
005f5360	FUN_005f5360
005f5680	FUN_005f5680
005f5e80	FUN_005f5e80
005f5eb0	FUN_005f5eb0
005f6070	FUN_005f6070
005f6280	FUN_005f6280
005f62d0	FUN_005f62d0
005f638d	Catch@005f638d
005f63bb	FUN_005f63bb
005f6460	FUN_005f6460
005f651d	Catch@005f651d
005f654b	FUN_005f654b
005f65f0	FUN_005f65f0
005f66b1	Catch@005f66b1
005f66df	FUN_005f66df
005f67b0	FUN_005f67b0
005f67d0	FUN_005f67d0
005f6880	FUN_005f6880
005f68d0	FUN_005f68d0
005f68e0	FUN_005f68e0
005f6980	FUN_005f6980
005f6ac0	FUN_005f6ac0
005f6c20	FUN_005f6c20
005f6cb3	Catch@005f6cb3
005f6ce6	FUN_005f6ce6
005f6d80	FUN_005f6d80
005f6db0	FUN_005f6db0
005f6ea0	FUN_005f6ea0
005f6f20	FUN_005f6f20
005f6f90	FUN_005f6f90
005f7160	FUN_005f7160
005f7330	FUN_005f7330
005f7500	FUN_005f7500
005f76d0	FUN_005f76d0
005f78a0	FUN_005f78a0
005f7a70	FUN_005f7a70
005f7b20	FUN_005f7b20
005f7bd0	FUN_005f7bd0
005f7c70	FUN_005f7c70
005f7c90	FUN_005f7c90
005f7d6d	Catch@005f7d6d
005f7d90	FUN_005f7d90
005f7fa0	FUN_005f7fa0
005f8190	FUN_005f8190
005f8390	FUN_005f8390
005f8600	FUN_005f8600
005f8990	FUN_005f8990
005f8b40	FUN_005f8b40
005f8cf0	FUN_005f8cf0
005f8ea0	FUN_005f8ea0
005f9050	FUN_005f9050
005f9200	FUN_005f9200
005f9280	FUN_005f9280
005f9470	FUN_005f9470
005f9670	FUN_005f9670
005f9860	FUN_005f9860
005f9a50	FUN_005f9a50
005f9a70	FUN_005f9a70
005f9a80	FUN_005f9a80
005f9aa0	FUN_005f9aa0
005f9ac0	FUN_005f9ac0
005f9ae0	FUN_005f9ae0
005f9cc0	FUN_005f9cc0
005f9d50	FUN_005f9d50
005f9d60	FUN_005f9d60
005f9db0	FUN_005f9db0
005f9ef0	FUN_005f9ef0
005f9fd0	FUN_005f9fd0
005fa130	FUN_005fa130
005fa180	FUN_005fa180
005fa1b0	FUN_005fa1b0
005fa390	FUN_005fa390
005fa420	FUN_005fa420
005fa600	FUN_005fa600
005fa8c0	FUN_005fa8c0
005fabb0	FUN_005fabb0
005fb040	FUN_005fb040
005fb3c0	FUN_005fb3c0
005fb590	FUN_005fb590
005fbaa0	FUN_005fbaa0
005fbe10	FUN_005fbe10
005fc8d0	FUN_005fc8d0
005fc910	FUN_005fc910
005fcb20	FUN_005fcb20
005fcbd0	FUN_005fcbd0
005fcd10	FUN_005fcd10
005fdee0	FUN_005fdee0
005fe060	FUN_005fe060
005fe510	FUN_005fe510
005fe5d0	FUN_005fe5d0
005fe699	FUN_005fe699
005fe6d0	FUN_005fe6d0
005fe730	FUN_005fe730
005fe780	FUN_005fe780
005fe7f0	FUN_005fe7f0
005fe860	FUN_005fe860
005fe8d0	FUN_005fe8d0
005fe930	FUN_005fe930
005fe990	FUN_005fe990
005feb50	FUN_005feb50
005feb80	FUN_005feb80
005feeb0	FUN_005feeb0
005ff050	FUN_005ff050
005ff130	FUN_005ff130
005ff1c0	FUN_005ff1c0
005ff350	FUN_005ff350
005ff820	FUN_005ff820
005ffcd0	FUN_005ffcd0
006003a0	FUN_006003a0
006005d0	FUN_006005d0
00600790	FUN_00600790
00600b00	FUN_00600b00
00600e80	FUN_00600e80
00600fe0	FUN_00600fe0
006010d0	FUN_006010d0
00601740	FUN_00601740
00601900	FUN_00601900
00601980	FUN_00601980
00601a40	FUN_00601a40
00601ba0	FUN_00601ba0
00601d50	FUN_00601d50
00601dc0	FUN_00601dc0
00601ef0	FUN_00601ef0
00601f50	FUN_00601f50
006021e0	FUN_006021e0
00602250	FUN_00602250
006022b0	FUN_006022b0
006022f0	FUN_006022f0
00602360	FUN_00602360
00602550	FUN_00602550
00602d70	FUN_00602d70
006036b0	FUN_006036b0
00603ad0	FUN_00603ad0
00603c60	FUN_00603c60
00603e90	FUN_00603e90
00603f00	FUN_00603f00
00603fb0	FUN_00603fb0
00604090	FUN_00604090
00604360	FUN_00604360
006046f0	FUN_006046f0
006056a0	FUN_006056a0
00605900	FUN_00605900
006070f0	FUN_006070f0
00607430	FUN_00607430
00607580	FUN_00607580
006076a0	FUN_006076a0
006077d0	FUN_006077d0
00607820	FUN_00607820
00607ad0	FUN_00607ad0
00607b40	FUN_00607b40
00607c20	FUN_00607c20
00607c80	FUN_00607c80
00607d70	FUN_00607d70
00607da0	FUN_00607da0
00607fd0	FUN_00607fd0
00608050	FUN_00608050
006080e0	FUN_006080e0
006082e0	FUN_006082e0
006084f0	FUN_006084f0
00608570	FUN_00608570
00608610	FUN_00608610
00608680	FUN_00608680
006086f0	FUN_006086f0
00608831	Catch@00608831
00608870	FUN_00608870
006089e5	Catch@006089e5
00608a20	FUN_00608a20
00608a50	FUN_00608a50
00608ac0	FUN_00608ac0
00608cc0	FUN_00608cc0
00608d60	FUN_00608d60
00608e3a	Catch@00608e3a
00608e80	FUN_00608e80
006091c0	FUN_006091c0
00609200	FUN_00609200
00609240	FUN_00609240
00609270	FUN_00609270
006092c0	FUN_006092c0
00609310	FUN_00609310
00609340	FUN_00609340
00609500	Catch@00609500
00609570	FUN_00609570
0060962f	Catch@0060962f
006096a0	FUN_006096a0
00609780	FUN_00609780
006097b0	FUN_006097b0
006097fc	Catch@006097fc
00609840	FUN_00609840
00609870	FUN_00609870
006098c0	FUN_006098c0
00609910	FUN_00609910
00609940	FUN_00609940
00609a50	FUN_00609a50
00609b15	Catch@00609b15
00609b90	FUN_00609b90
00609c90	FUN_00609c90
00609d76	Catch@00609d76
00609e67	Catch@00609e67
00609ee0	FUN_00609ee0
00609fa0	FUN_00609fa0
0060a265	Catch@0060a265
0060a4f3	Catch@0060a4f3
0060a530	FUN_0060a530
0060a5b0	FUN_0060a5b0
0060a62c	Catch@0060a62c
0060a680	FUN_0060a680
0060a6fc	Catch@0060a6fc
0060a750	FUN_0060a750
0060a790	FUN_0060a790
0060a7e0	FUN_0060a7e0
0060a820	FUN_0060a820
0060a8ce	Catch@0060a8ce
0060a910	FUN_0060a910
0060a9c0	Catch@0060a9c0
0060aa10	FUN_0060aa10
0060aa60	FUN_0060aa60
0060aa90	FUN_0060aa90
0060ac70	cEngine_ctor
0060d5e0	FUN_0060d5e0
0060d760	FUN_0060d760
0060d7e0	FUN_0060d7e0
0060da90	FUN_0060da90
0060dc00	FUN_0060dc00
0060ddc0	FUN_0060ddc0
0060dfa0	FUN_0060dfa0
0060e100	FUN_0060e100
0060e3f0	cEngine_renderThreadRun
0060f100	cEngine_simThreadRun
0060f1d0	FUN_0060f1d0
0060f3e0	FUN_0060f3e0
0060f500	FUN_0060f500
0060fdb0	FUN_0060fdb0
00610170	FUN_00610170
00610220	FUN_00610220
006102b0	FUN_006102b0
00610380	FUN_00610380
00610420	FUN_00610420
00610650	FUN_00610650
00611460	FUN_00611460
00611470	FUN_00611470
00611480	FUN_00611480
006114a0	FUN_006114a0
006115b0	FUN_006115b0
00611600	FUN_00611600
006116c0	FUN_006116c0
00611ec0	FUN_00611ec0
00611f10	FUN_00611f10
00612f60	FUN_00612f60
00613040	FUN_00613040
006132b0	FUN_006132b0
00613330	FUN_00613330
00613380	FUN_00613380
006133a0	cEngine_setFadeMode
00613410	FUN_00613410
00613710	cEngine_captureInternal
00613950	FUN_00613950
00613970	FUN_00613970
00613a00	FUN_00613a00
00613a90	FUN_00613a90
00613b70	FUN_00613b70
00613be0	FUN_00613be0
00613c50	FUN_00613c50
00613c90	FUN_00613c90
00613fb0	FUN_00613fb0
00614040	FUN_00614040
00614160	FUN_00614160
00614190	FUN_00614190
006142b0	FUN_006142b0
006142c0	FUN_006142c0
006142d0	FUN_006142d0
006152b0	FUN_006152b0
006155f0	FUN_006155f0
00615fd0	FUN_00615fd0
00616a20	FUN_00616a20
00616b70	FUN_00616b70
006170d0	FUN_006170d0
00617360	FUN_00617360
00619c20	FUN_00619c20
00619c90	FUN_00619c90
0061b790	FUN_0061b790
0061cda0	FUN_0061cda0
0061d190	FUN_0061d190
0061d370	FUN_0061d370
0061d400	FUN_0061d400
0061d460	FUN_0061d460
0061d500	FUN_0061d500
0061d550	FUN_0061d550
0061d840	FUN_0061d840
0061db20	FUN_0061db20
0061db60	FUN_0061db60
0061db80	FUN_0061db80
0061db90	FUN_0061db90
0061dbb0	FUN_0061dbb0
0061dc00	FUN_0061dc00
0061dc30	FUN_0061dc30
0061de40	FUN_0061de40
0061dee0	FUN_0061dee0
0061e080	FUN_0061e080
0061e330	FUN_0061e330
0061e810	FUN_0061e810
0061ecd0	FUN_0061ecd0
0061ed80	FUN_0061ed80
0061fac0	FUN_0061fac0
006200a0	FUN_006200a0
00620180	FUN_00620180
006202d0	FUN_006202d0
006203b0	FUN_006203b0
006204f0	FUN_006204f0
006205b0	FUN_006205b0
00620630	FUN_00620630
00620710	FUN_00620710
006207d0	FUN_006207d0
00620850	FUN_00620850
00620930	FUN_00620930
00620960	FUN_00620960
00620af0	FUN_00620af0
00620b70	FUN_00620b70
00620cc0	FUN_00620cc0
00620d30	FUN_00620d30
00620da0	FUN_00620da0
00620f43	Catch@00620f43
00621040	FUN_00621040
00621191	Catch@00621191
006211d0	FUN_006211d0
006211f0	FUN_006211f0
00621320	FUN_00621320
00621490	Catch@00621490
006214e0	FUN_006214e0
00621550	FUN_00621550
006215c0	FUN_006215c0
00621730	Catch@00621730
00621780	FUN_00621780
00621860	FUN_00621860
00621940	FUN_00621940
00621990	FUN_00621990
00621a3b	Catch@00621a3b
00621b40	FUN_00621b40
00621be2	Catch@00621be2
00621cf0	FUN_00621cf0
00621dc0	FUN_00621dc0
00621e40	FUN_00621e40
00621ec0	FUN_00621ec0
00621ef0	FUN_00621ef0
00621f10	FUN_00621f10
00621f90	FUN_00621f90
00621fe0	FUN_00621fe0
00622000	FUN_00622000
00622080	FUN_00622080
00622100	FUN_00622100
00622207	FUN_00622207
0062225a	Catch@0062225a
006222e0	FUN_006222e0
006223e7	FUN_006223e7
0062243a	Catch@0062243a
006224c0	FUN_006224c0
00622500	FUN_00622500
00622540	FUN_00622540
00622570	FUN_00622570
00622590	FUN_00622590
006225c0	FUN_006225c0
00622600	FUN_00622600
00622640	FUN_00622640
00622700	FUN_00622700
00622740	FUN_00622740
00622790	FUN_00622790
006228c0	FUN_006228c0
00622970	FUN_00622970
00622ac0	FUN_00622ac0
00622b20	FUN_00622b20
00622b60	FUN_00622b60
00622b90	FUN_00622b90
00622bc0	FUN_00622bc0
00622bf0	FUN_00622bf0
00622c60	FUN_00622c60
00622c80	FUN_00622c80
00622cf0	FUN_00622cf0
00622d60	FUN_00622d60
00622e30	FUN_00622e30
00622e50	FUN_00622e50
00622e80	FUN_00622e80
00622f00	FUN_00622f00
00622f60	FUN_00622f60
00623080	FUN_00623080
006231a0	FUN_006231a0
00623280	FUN_00623280
00623320	FUN_00623320
00623800	FUN_00623800
006239a0	FUN_006239a0
006239f0	FUN_006239f0
00623a20	FUN_00623a20
00623aa0	FUN_00623aa0
00623b00	FUN_00623b00
00623b60	FUN_00623b60
00623bb0	FUN_00623bb0
00623c40	FUN_00623c40
00623df0	FUN_00623df0
00623e10	FUN_00623e10
00623ea0	FUN_00623ea0
00624020	Catch@00624020
00624060	FUN_00624060
00624200	FUN_00624200
00624490	FUN_00624490
00624510	FUN_00624510
00624940	FUN_00624940
00624ae0	FUN_00624ae0
00624f10	FUN_00624f10
00625070	FUN_00625070
00625080	FUN_00625080
006250a0	FUN_006250a0
00625190	FUN_00625190
00625240	FUN_00625240
00625260	FUN_00625260
006252c0	FUN_006252c0
00625370	FUN_00625370
00626210	FUN_00626210
00626280	FUN_00626280
00626380	FUN_00626380
00626470	FUN_00626470
00626490	FUN_00626490
00626b70	FUN_00626b70
00626d30	FUN_00626d30
00627180	FUN_00627180
00627260	FUN_00627260
00628210	FUN_00628210
006283f0	FUN_006283f0
006285c0	FUN_006285c0
00628980	FUN_00628980
006289d0	FUN_006289d0
00628e30	FUN_00628e30
00629070	FUN_00629070
00629130	FUN_00629130
00629260	FUN_00629260
006293a0	FUN_006293a0
006293e0	FUN_006293e0
00629420	FUN_00629420
00629540	FUN_00629540
00629570	FUN_00629570
00629600	FUN_00629600
00629690	FUN_00629690
00629710	FUN_00629710
00629960	FUN_00629960
00629990	FUN_00629990
00629ad1	Catch@00629ad1
00629b10	FUN_00629b10
00629b50	FUN_00629b50
00629cf5	Catch@00629cf5
00629d30	FUN_00629d30
00629da0	FUN_00629da0
00629f60	FUN_00629f60
00629f90	FUN_00629f90
0062a070	FUN_0062a070
0062a080	FUN_0062a080
0062a140	FUN_0062a140
0062b000	FUN_0062b000
0062d530	FUN_0062d530
0062de70	FUN_0062de70
0062e580	FUN_0062e580
006300d0	FUN_006300d0
00632020	FUN_00632020
006322b0	cWorldView0_render
00632a30	FUN_00632a30
00632dd0	FUN_00632dd0
00632df0	FUN_00632df0
00632f67	Catch@00632f67
00632fa0	FUN_00632fa0
00632fe0	FUN_00632fe0
00633030	FUN_00633030
006330b4	Catch@006330b4
006330f0	FUN_006330f0
0063317a	Catch@0063317a
006331c0	FUN_006331c0
00633230	FUN_00633230
006332d0	FUN_006332d0
006334f0	FUN_006334f0
006336b0	FUN_006336b0
006336f0	FUN_006336f0
00633940	FUN_00633940
00633be0	FUN_00633be0
00633f80	FUN_00633f80
00634210	FUN_00634210
00634250	FUN_00634250
006342b0	FUN_006342b0
006342f0	FUN_006342f0
00634330	FUN_00634330
006343c0	FUN_006343c0
00634440	FUN_00634440
00634730	FUN_00634730
00634810	FUN_00634810
00634940	FUN_00634940
00634970	FUN_00634970
00634a70	FUN_00634a70
00634be0	FUN_00634be0
00634bf0	FUN_00634bf0
00634d50	FUN_00634d50
00634fc0	FUN_00634fc0
00635120	FUN_00635120
00635340	FUN_00635340
006354a0	FUN_006354a0
00635500	FUN_00635500
00635540	FUN_00635540
006355b0	FUN_006355b0
006355d0	FUN_006355d0
006357e0	FUN_006357e0
00635880	FUN_00635880
00635d40	FUN_00635d40
00635e10	FUN_00635e10
00635f50	FUN_00635f50
006360e0	FUN_006360e0
00636410	FUN_00636410
00636620	FUN_00636620
00636990	FUN_00636990
00636b60	FUN_00636b60
00636d10	FUN_00636d10
00636e20	FUN_00636e20
00636e70	FUN_00636e70
00636eb0	FUN_00636eb0
00637160	FUN_00637160
00637400	FUN_00637400
00637890	FUN_00637890
00637bf0	FUN_00637bf0
00637cf0	FUN_00637cf0
00637e30	FUN_00637e30
00638260	FUN_00638260
00638670	FUN_00638670
00638830	FUN_00638830
006388b0	FUN_006388b0
00638dd0	FUN_00638dd0
00638f00	FUN_00638f00
00638f60	FUN_00638f60
00638fb0	FUN_00638fb0
00638ff0	FUN_00638ff0
00639030	FUN_00639030
00639180	FUN_00639180
00639c50	FUN_00639c50
00639d10	FUN_00639d10
00639d20	FUN_00639d20
00639e30	FUN_00639e30
0063a260	FUN_0063a260
0063b220	FUN_0063b220
0063b640	FUN_0063b640
0063b680	FUN_0063b680
0063c930	FUN_0063c930
0063ca10	FUN_0063ca10
0063ca70	FUN_0063ca70
0063cc10	FUN_0063cc10
0063d0c0	FUN_0063d0c0
0063d110	FUN_0063d110
0063d1c0	FUN_0063d1c0
0063d280	FUN_0063d280
0063d2c0	FUN_0063d2c0
0063d360	FUN_0063d360
0063d5d0	FUN_0063d5d0
0063d650	FUN_0063d650
0063d670	FUN_0063d670
0063d730	FUN_0063d730
0063d7f0	FUN_0063d7f0
0063d870	FUN_0063d870
0063d8e0	FUN_0063d8e0
0063d970	FUN_0063d970
0063d9f0	FUN_0063d9f0
0063da10	FUN_0063da10
0063da30	FUN_0063da30
0063dab0	FUN_0063dab0
0063db40	FUN_0063db40
0063dc91	Catch@0063dc91
0063dcd0	FUN_0063dcd0
0063dd10	FUN_0063dd10
0063def0	FUN_0063def0
0063df60	FUN_0063df60
0063dfe0	FUN_0063dfe0
0063e138	Catch@0063e138
0063e170	FUN_0063e170
0063e1a0	FUN_0063e1a0
0063e1e0	FUN_0063e1e0
0063e250	FUN_0063e250
0063e2a0	FUN_0063e2a0
0063e2d0	FUN_0063e2d0
0063e310	FUN_0063e310
0063e380	FUN_0063e380
0063e3d0	FUN_0063e3d0
0063e521	Catch@0063e521
0063e560	FUN_0063e560
0063e740	FUN_0063e740
0063e7b0	FUN_0063e7b0
0063e9b0	FUN_0063e9b0
0063e9f0	FUN_0063e9f0
0063ea20	FUN_0063ea20
0063ea70	FUN_0063ea70
0063eab0	FUN_0063eab0
0063ead0	FUN_0063ead0
0063eb10	FUN_0063eb10
0063eb60	FUN_0063eb60
0063eba0	FUN_0063eba0
0063ebb0	FUN_0063ebb0
0063ebd0	FUN_0063ebd0
0063ed70	FUN_0063ed70
0063eed0	FUN_0063eed0
0063ef50	FUN_0063ef50
0063f3d0	FUN_0063f3d0
0063f450	FUN_0063f450
0063f8d0	FUN_0063f8d0
0063fa80	FUN_0063fa80
0063fac0	FUN_0063fac0
0063fb00	FUN_0063fb00
0063fb30	FUN_0063fb30
0063fb60	FUN_0063fb60
0063fb90	FUN_0063fb90
0063fd05	Catch@0063fd05
0063fd40	FUN_0063fd40
0063feb7	Catch@0063feb7
0063fef0	FUN_0063fef0
0063ff77	Catch@0063ff77
0063ffb0	FUN_0063ffb0
00640010	FUN_00640010
00640040	FUN_00640040
006400c1	Catch@006400c1
00640100	FUN_00640100
006401a0	FUN_006401a0
006402e0	FUN_006402e0
00640380	FUN_00640380
006404c0	FUN_006404c0
00640500	FUN_00640500
00640540	FUN_00640540
00640580	FUN_00640580
006405c0	FUN_006405c0
006405f0	FUN_006405f0
00640620	FUN_00640620
00640670	FUN_00640670
006406c0	FUN_006406c0
006406e0	FUN_006406e0
006406f0	FUN_006406f0
00640710	FUN_00640710
00640730	FUN_00640730
00640910	FUN_00640910
00640a20	FUN_00640a20
00640b50	FUN_00640b50
00640bc0	FUN_00640bc0
00640c00	FUN_00640c00
00641030	FUN_00641030
00641190	FUN_00641190
00641280	FUN_00641280
00641320	FUN_00641320
006413e0	FUN_006413e0
00641430	FUN_00641430
006414d0	FUN_006414d0
00641590	FUN_00641590
006415b0	FUN_006415b0
00641610	FUN_00641610
006417f0	FUN_006417f0
00641810	FUN_00641810
00641880	FUN_00641880
00641900	FUN_00641900
00641a58	Catch@00641a58
00641a90	FUN_00641a90
00641b11	Catch@00641b11
00641b50	FUN_00641b50
00641d80	FUN_00641d80
00642550	FUN_00642550
00642650	FUN_00642650
006426a0	FUN_006426a0
00642740	FUN_00642740
006427c0	FUN_006427c0
00642980	FUN_00642980
006429b0	FUN_006429b0
006429f0	FUN_006429f0
00642a40	FUN_00642a40
00642cc0	FUN_00642cc0
00642ec0	FUN_00642ec0
00642f20	FUN_00642f20
00643020	FUN_00643020
00643090	FUN_00643090
00643100	FUN_00643100
00643240	FUN_00643240
00643280	FUN_00643280
006432c0	FUN_006432c0
00643520	FUN_00643520
00643560	FUN_00643560
006435a0	FUN_006435a0
00644100	FUN_00644100
006441c0	FUN_006441c0
00644260	FUN_00644260
006442f0	FUN_006442f0
00644390	FUN_00644390
00644400	FUN_00644400
006446e0	FUN_006446e0
00644850	FUN_00644850
00644890	FUN_00644890
00644960	dxDriver7_ctor
00644a70	FUN_00644a70
00644b40	FUN_00644b40
00644be0	dxDriver7_createSurface
00644f20	FUN_00644f20
00644f90	FUN_00644f90
00645000	dxDriver7_createZBuffer
006452b0	FUN_006452b0
00645390	dxDriver7_init
00645f70	dxDriver7_flip
00646280	dxDriver7_lockBack
006462f0	dxDriver7_unlockBack
00646510	dxDriver7_setFullViewport
00646570	dxDriver7_clearAll
006465a0	dxDriver7_clearZ
006466b0	dxDriver7_drawTexturedQuad
00646850	dxDriver7_drawGradientQuad
006469d0	dxDriver7_drawLoadingScreen
00646c90	FUN_00646c90
00646cd0	FUN_00646cd0
00646f50	dxDriver7_beginScene
00646fd0	dxDriver7_endScene
00647120	FUN_00647120
00647190	FUN_00647190
006472d0	FUN_006472d0
00647360	FUN_00647360
006483f0	FUN_006483f0
00648790	FUN_00648790
00648900	FUN_00648900
00648ae0	FUN_00648ae0
00648b00	FUN_00648b00
00648b50	FUN_00648b50
00648c60	FUN_00648c60
00648e00	FUN_00648e00
00648f10	FUN_00648f10
00649440	FUN_00649440
00649640	FUN_00649640
00649780	FUN_00649780
00649aa0	FUN_00649aa0
00649b80	FUN_00649b80
00649d10	FUN_00649d10
00649d80	FUN_00649d80
00649db0	FUN_00649db0
00649de0	FUN_00649de0
00649e10	FUN_00649e10
00649e60	FUN_00649e60
00649ec0	FUN_00649ec0
00649f40	FUN_00649f40
0064a050	FUN_0064a050
0064a3d0	FUN_0064a3d0
0064a410	FUN_0064a410
0064a430	FUN_0064a430
0064a4a0	FUN_0064a4a0
0064a520	FUN_0064a520
0064a5b0	FUN_0064a5b0
0064a6f1	Catch@0064a6f1
0064a730	FUN_0064a730
0064a8c6	Catch@0064a8c6
0064a930	FUN_0064a930
0064ab40	FUN_0064ab40
0064ab60	FUN_0064ab60
0064ac40	FUN_0064ac40
0064ac70	FUN_0064ac70
0064aca0	FUN_0064aca0
0064ad38	Catch@0064ad38
0064ada0	FUN_0064ada0
0064ae34	Catch@0064ae34
0064aea0	FUN_0064aea0
0064af60	FUN_0064af60
0064aff0	FUN_0064aff0
0064b020	FUN_0064b020
0064b0d0	FUN_0064b0d0
0064b1a0	FUN_0064b1a0
0064b210	FUN_0064b210
0064b250	FUN_0064b250
0064b460	FUN_0064b460
0064b550	FUN_0064b550
0064bc10	FUN_0064bc10
0064ca30	FUN_0064ca30
0064cc30	FUN_0064cc30
0064cd60	FUN_0064cd60
0064d360	FUN_0064d360
0064d530	FUN_0064d530
0064d550	FUN_0064d550
0064d5d0	FUN_0064d5d0
0064d660	FUN_0064d660
0064d7b1	Catch@0064d7b1
0064d7f0	FUN_0064d7f0
0064d967	Catch@0064d967
0064d9a0	FUN_0064d9a0
0064d9d0	FUN_0064d9d0
0064da54	Catch@0064da54
0064dab0	FUN_0064dab0
0064db10	FUN_0064db10
0064dc80	FUN_0064dc80
0064de10	FUN_0064de10
0064e330	FUN_0064e330
0064e9c0	FUN_0064e9c0
00650c00	FUN_00650c00
00650d90	FUN_00650d90
00651460	FUN_00651460
00651e10	FUN_00651e10
00652250	FUN_00652250
00652700	FUN_00652700
00652720	FUN_00652720
00652820	FUN_00652820
006528a0	FUN_006528a0
00652930	FUN_00652930
006529b0	FUN_006529b0
00652b01	Catch@00652b01
00652b40	FUN_00652b40
00652cb9	Catch@00652cb9
00652cf0	FUN_00652cf0
00652d30	FUN_00652d30
00652d60	FUN_00652d60
00652d90	FUN_00652d90
00652dc0	FUN_00652dc0
00652e41	Catch@00652e41
00652e80	FUN_00652e80
00652f04	Catch@00652f04
00652f40	FUN_00652f40
00653240	FUN_00653240
006532f0	FUN_006532f0
00653310	FUN_00653310
006533a0	FUN_006533a0
00653400	FUN_00653400
006534e0	FUN_006534e0
00653560	FUN_00653560
006535a0	FUN_006535a0
006535f0	FUN_006535f0
00653630	FUN_00653630
00653690	FUN_00653690
00653720	FUN_00653720
00653780	FUN_00653780
006537d0	FUN_006537d0
00653820	FUN_00653820
006538a0	FUN_006538a0
00653920	FUN_00653920
006539e0	FUN_006539e0
00653aa0	FUN_00653aa0
00653b60	FUN_00653b60
00653c10	FUN_00653c10
00653cc0	FUN_00653cc0
00653f80	FUN_00653f80
00654030	FUN_00654030
006540a0	FUN_006540a0
00654520	FUN_00654520
00654770	FUN_00654770
006547e0	FUN_006547e0
00654810	FUN_00654810
00654840	FUN_00654840
00654870	FUN_00654870
00654990	FUN_00654990
00654a30	FUN_00654a30
00654e10	FUN_00654e10
00654f40	FUN_00654f40
006550f0	FUN_006550f0
00655160	FUN_00655160
00655190	FUN_00655190
006551d0	FUN_006551d0
006551f0	FUN_006551f0
00655310	FUN_00655310
00655440	FUN_00655440
00655590	FUN_00655590
006555e0	FUN_006555e0
00655670	FUN_00655670
006556e0	FUN_006556e0
006556f0	FUN_006556f0
00655710	FUN_00655710
00655880	FUN_00655880
006559a0	FUN_006559a0
006559e0	FUN_006559e0
006559f0	FUN_006559f0
00655a00	FUN_00655a00
00655a40	FUN_00655a40
00655a60	FUN_00655a60
00655a80	FUN_00655a80
00655aa0	FUN_00655aa0
00655ab0	FUN_00655ab0
00655ac0	FUN_00655ac0
00655ae0	FUN_00655ae0
00655bd0	FUN_00655bd0
00655c20	FUN_00655c20
00655c50	FUN_00655c50
00655c90	FUN_00655c90
00655cc0	FUN_00655cc0
00655d60	FUN_00655d60
00655e3a	Catch@00655e3a
00655e80	FUN_00655e80
00655ef0	FUN_00655ef0
00655f3c	Catch@00655f3c
00655f80	FUN_00655f80
006560f0	FUN_006560f0
00656290	FUN_00656290
00656320	FUN_00656320
006566e0	FUN_006566e0
006569c0	FUN_006569c0
00656ba0	FUN_00656ba0
00656c80	FUN_00656c80
00656d00	FUN_00656d00
00656d90	FUN_00656d90
00656f00	FUN_00656f00
00657090	FUN_00657090
00657620	FUN_00657620
00657730	FUN_00657730
00657790	FUN_00657790
00657860	FUN_00657860
006579a0	FUN_006579a0
006579c0	FUN_006579c0
00657a30	FUN_00657a30
00657ac0	FUN_00657ac0
00657c50	FUN_00657c50
00657c90	FUN_00657c90
00657e09	Catch@00657e09
00657e40	FUN_00657e40
00657e70	FUN_00657e70
00657ea0	FUN_00657ea0
00657ec0	FUN_00657ec0
00657f90	FUN_00657f90
00658170	FUN_00658170
006583b0	FUN_006583b0
006584a0	FUN_006584a0
00658590	FUN_00658590
006585a0	FUN_006585a0
006585b0	FUN_006585b0
006585c0	FUN_006585c0
006586c0	FUN_006586c0
006587d0	FUN_006587d0
006589a0	FUN_006589a0
00658ae0	FUN_00658ae0
00658c40	FUN_00658c40
00658db0	FUN_00658db0
00658f30	FUN_00658f30
00659030	FUN_00659030
00659130	FUN_00659130
00659370	FUN_00659370
00659590	FUN_00659590
00659690	FUN_00659690
00659770	FUN_00659770
00659820	FUN_00659820
006598a0	FUN_006598a0
00659a36	Catch@00659a36
00659aa0	FUN_00659aa0
00659b20	FUN_00659b20
00659ba0	FUN_00659ba0
00659be0	FUN_00659be0
00659c10	FUN_00659c10
00659c70	FUN_00659c70
00659e40	FUN_00659e40
00659eb0	FUN_00659eb0
0065a0c0	FUN_0065a0c0
0065a158	Catch@0065a158
0065a1c0	FUN_0065a1c0
0065a25c	Catch@0065a25c
0065a2d0	FUN_0065a2d0
0065a3a0	FUN_0065a3a0
0065a43c	Catch@0065a43c
0065a4b0	FUN_0065a4b0
0065a548	Catch@0065a548
0065a5b0	FUN_0065a5b0
0065a5e0	FUN_0065a5e0
0065a6ec	Catch@0065a6ec
0065a760	FUN_0065a760
0065a7c0	FUN_0065a7c0
0065afb0	FUN_0065afb0
0065afe0	FUN_0065afe0
0065b000	FUN_0065b000
0065b020	FUN_0065b020
0065b0d0	FUN_0065b0d0
0065b0e0	FUN_0065b0e0
0065b0f0	FUN_0065b0f0
0065b120	FUN_0065b120
0065b160	FUN_0065b160
0065b240	FUN_0065b240
0065b2b0	FUN_0065b2b0
0065b300	FUN_0065b300
0065b330	FUN_0065b330
0065b380	FUN_0065b380
0065b410	FUN_0065b410
0065b420	FUN_0065b420
0065b430	FUN_0065b430
0065b440	FUN_0065b440
0065b4b0	FUN_0065b4b0
0065b530	FUN_0065b530
0065b5f0	FUN_0065b5f0
0065b610	FUN_0065b610
0065b640	FUN_0065b640
0065b690	FUN_0065b690
0065b6e0	FUN_0065b6e0
0065b720	FUN_0065b720
0065b770	FUN_0065b770
0065b8e0	FUN_0065b8e0
0065bab0	FUN_0065bab0
0065bad0	FUN_0065bad0
0065bc56	Catch@0065bc56
0065bc90	FUN_0065bc90
0065bcd0	FUN_0065bcd0
0065bd50	FUN_0065bd50
0065be30	FUN_0065be30
0065bf80	FUN_0065bf80
0065c080	FUN_0065c080
0065c180	FUN_0065c180
0065c1a0	FUN_0065c1a0
0065c1b0	FUN_0065c1b0
0065c1c0	FUN_0065c1c0
0065c260	FUN_0065c260
0065c345	Catch@0065c345
0065c400	FUN_0065c400
0065c430	FUN_0065c430
0065c479	Catch@0065c479
0065c630	FUN_0065c630
0065c660	FUN_0065c660
0065c690	FUN_0065c690
0065c6a0	FUN_0065c6a0
0065c720	FUN_0065c720
0065cb10	FUN_0065cb10
0065cb30	FUN_0065cb30
0065cba0	FUN_0065cba0
0065cbf0	FUN_0065cbf0
0065cda0	FUN_0065cda0
0065ce80	FUN_0065ce80
0065d050	FUN_0065d050
0065d120	FUN_0065d120
0065d2f0	FUN_0065d2f0
0065db30	FUN_0065db30
0065db60	FUN_0065db60
0065de00	FUN_0065de00
0065dec0	FUN_0065dec0
0065df90	FUN_0065df90
0065e3b0	FUN_0065e3b0
0065e870	FUN_0065e870
0065e880	FUN_0065e880
0065e8d0	FUN_0065e8d0
0065ea20	FUN_0065ea20
0065eb60	FUN_0065eb60
0065ed30	FUN_0065ed30
0065eeb0	FUN_0065eeb0
0065f010	FUN_0065f010
0065f0f0	FUN_0065f0f0
0065f150	FUN_0065f150
0065f180	FUN_0065f180
0065f1e0	FUN_0065f1e0
0065f3e0	FUN_0065f3e0
0065f400	FUN_0065f400
0065f460	FUN_0065f460
0065f480	FUN_0065f480
0065f4f0	FUN_0065f4f0
0065f5ac	Catch@0065f5ac
0065f5e0	FUN_0065f5e0
0065f6a1	Catch@0065f6a1
0065f6d0	FUN_0065f6d0
0065fab0	FUN_0065fab0
00660190	FUN_00660190
00660730	FUN_00660730
00660b00	FUN_00660b00
00660bc0	FUN_00660bc0
00660c20	FUN_00660c20
00660ce0	FUN_00660ce0
00660d50	FUN_00660d50
00661230	FUN_00661230
006613a0	FUN_006613a0
00661420	FUN_00661420
006614d0	FUN_006614d0
00661540	FUN_00661540
00661740	FUN_00661740
006618c0	FUN_006618c0
006618f0	FUN_006618f0
00661970	FUN_00661970
00661b10	FUN_00661b10
00661c61	Catch@00661c61
00661ca0	FUN_00661ca0
00661cb0	FUN_00661cb0
00661e70	FUN_00661e70
00661fe0	FUN_00661fe0
00662020	FUN_00662020
006622f0	FUN_006622f0
00662300	FUN_00662300
00662340	FUN_00662340
006625e0	FUN_006625e0
0066278b	Catch@0066278b
006627d0	FUN_006627d0
00662810	FUN_00662810
00662870	FUN_00662870
006628d0	FUN_006628d0
00662960	FUN_00662960
00662d20	FUN_00662d20
00662ec0	FUN_00662ec0
00663040	FUN_00663040
006631b0	FUN_006631b0
00663330	FUN_00663330
00663530	FUN_00663530
00663710	FUN_00663710
00663780	FUN_00663780
00663830	FUN_00663830
00663850	FUN_00663850
006638a0	FUN_006638a0
00663920	FUN_00663920
006639c0	FUN_006639c0
00663ad0	FUN_00663ad0
00663af0	FUN_00663af0
00663ba0	FUN_00663ba0
00663c90	FUN_00663c90
00663d00	FUN_00663d00
00663d60	FUN_00663d60
00663e13	Catch@00663e13
00663e60	FUN_00663e60
00663f70	FUN_00663f70
00663ff0	FUN_00663ff0
00664160	FUN_00664160
00664190	FUN_00664190
00664440	FUN_00664440
00664490	FUN_00664490
00664540	FUN_00664540
00664610	FUN_00664610
00664620	FUN_00664620
006646a0	FUN_006646a0
006648b0	FUN_006648b0
006648d0	FUN_006648d0
00664910	FUN_00664910
00664c40	FUN_00664c40
00664e20	FUN_00664e20
00664f50	FUN_00664f50
006650e0	FUN_006650e0
006653d0	FUN_006653d0
00665400	FUN_00665400
00665740	FUN_00665740
006659d0	FUN_006659d0
00665ed0	FUN_00665ed0
00665f80	FUN_00665f80
006663b0	FUN_006663b0
00666990	FUN_00666990
00666b00	FUN_00666b00
00667490	FUN_00667490
006678b0	FUN_006678b0
006679f0	FUN_006679f0
00668090	FUN_00668090
00668260	FUN_00668260
00668330	FUN_00668330
00669790	FUN_00669790
00669c20	FUN_00669c20
00669c70	FUN_00669c70
00669d70	FUN_00669d70
00669d90	FUN_00669d90
0066b2f0	FUN_0066b2f0
0066b400	FUN_0066b400
0066b450	FUN_0066b450
0066b720	FUN_0066b720
0066b850	FUN_0066b850
0066c950	FUN_0066c950
0066ca10	FUN_0066ca10
0066cb30	FUN_0066cb30
0066ce00	FUN_0066ce00
0066d310	FUN_0066d310
0066d790	FUN_0066d790
0066d870	FUN_0066d870
0066d960	FUN_0066d960
0066df50	FUN_0066df50
0066e370	FUN_0066e370
0066e3e0	FUN_0066e3e0
0066e4d0	FUN_0066e4d0
0066e4f0	FUN_0066e4f0
0066e500	FUN_0066e500
0066e580	FUN_0066e580
0066e5a0	FUN_0066e5a0
0066e5b0	FUN_0066e5b0
0066e8e0	FUN_0066e8e0
0066e8f0	FUN_0066e8f0
0066e900	FUN_0066e900
0066e920	FUN_0066e920
0066ea50	FUN_0066ea50
0066ec50	FUN_0066ec50
0066ecd0	FUN_0066ecd0
0066ed60	FUN_0066ed60
0066ed70	FUN_0066ed70
0066ed80	FUN_0066ed80
0066eda0	FUN_0066eda0
0066ef60	FUN_0066ef60
0066f010	FUN_0066f010
0066f1c0	logPrintf
0066f430	FUN_0066f430
0066f550	FUN_0066f550
0066f560	FUN_0066f560
0066f570	FUN_0066f570
0066f590	FUN_0066f590
0066f700	FUN_0066f700
0066f740	FUN_0066f740
0066f790	FUN_0066f790
0066f890	FUN_0066f890
0066fad0	FUN_0066fad0
0066fb00	FUN_0066fb00
0066fb90	FUN_0066fb90
0066fbb0	FUN_0066fbb0
0066fbd0	FUN_0066fbd0
0066fbe0	FUN_0066fbe0
0066fc50	FUN_0066fc50
0066fca0	FUN_0066fca0
0066fcc0	FUN_0066fcc0
0066fce0	FUN_0066fce0
0066fcf0	FUN_0066fcf0
0066fd00	FUN_0066fd00
0066fd10	FUN_0066fd10
0066fd20	FUN_0066fd20
0066fd30	FUN_0066fd30
0066fd40	FUN_0066fd40
0066fdf0	FUN_0066fdf0
0066fe90	FUN_0066fe90
0066fee0	FUN_0066fee0
006700d0	FUN_006700d0
00670f70	FUN_00670f70
00671180	FUN_00671180
006717a0	FUN_006717a0
00671c10	FUN_00671c10
00671db0	FUN_00671db0
006724b0	FUN_006724b0
00672641	Catch@00672641
00672680	FUN_00672680
006726c0	FUN_006726c0
006726f0	FUN_006726f0
006727a0	FUN_006727a0
006728c0	FUN_006728c0
006729a0	FUN_006729a0
006729d0	FUN_006729d0
00672a00	FUN_00672a00
00672a20	FUN_00672a20
00672c30	FUN_00672c30
00672d40	FUN_00672d40
00672e80	FUN_00672e80
00672ee0	FUN_00672ee0
00672f70	FUN_00672f70
00672fd0	FUN_00672fd0
006730b0	FUN_006730b0
00673150	FUN_00673150
006731c0	FUN_006731c0
00673260	FUN_00673260
00673290	FUN_00673290
006732a0	FUN_006732a0
00673450	FUN_00673450
00673610	FUN_00673610
006737c0	FUN_006737c0
00673880	FUN_00673880
00673cc0	FUN_00673cc0
00673db0	FUN_00673db0
00674210	FUN_00674210
006742f0	FUN_006742f0
00674320	FUN_00674320
006743a0	FUN_006743a0
00674770	FUN_00674770
006747f0	FUN_006747f0
00674820	FUN_00674820
00674840	FUN_00674840
00674a80	FUN_00674a80
00674c90	FUN_00674c90
00674d10	FUN_00674d10
00674df0	FUN_00674df0
00674f89	Catch@00674f89
00675000	FUN_00675000
00675070	FUN_00675070
006750e0	FUN_006750e0
006751d0	FUN_006751d0
00675370	FUN_00675370
00675540	FUN_00675540
00675710	FUN_00675710
00675832	Catch@00675832
006758b0	FUN_006758b0
006759cc	Catch@006759cc
00675a40	FUN_00675a40
00675af0	FUN_00675af0
00675c90	FUN_00675c90
00675cc0	FUN_00675cc0
00675e30	FUN_00675e30
00675e70	FUN_00675e70
00675ea0	FUN_00675ea0
00675ed0	FUN_00675ed0
00675f51	Catch@00675f51
00675f90	FUN_00675f90
00675fc0	FUN_00675fc0
00675ff0	FUN_00675ff0
00676020	FUN_00676020
00676177	Catch@00676177
00676260	FUN_00676260
00676450	FUN_00676450
006764a0	FUN_006764a0
006764e0	FUN_006764e0
00676a50	FUN_00676a50
00676df0	FUN_00676df0
00676fe0	FUN_00676fe0
006770e0	FUN_006770e0
006773c0	FUN_006773c0
00677440	FUN_00677440
00677470	FUN_00677470
006774a0	FUN_006774a0
00677520	FUN_00677520
006775b0	FUN_006775b0
006777f0	FUN_006777f0
00677a30	FUN_00677a30
00677d40	FUN_00677d40
00678290	FUN_00678290
006783a0	FUN_006783a0
006783e0	FUN_006783e0
00678410	FUN_00678410
00678460	FUN_00678460
00678480	FUN_00678480
006784a0	FUN_006784a0
006784b0	FUN_006784b0
00678540	FUN_00678540
00678880	FUN_00678880
00678b00	FUN_00678b00
00678b30	FUN_00678b30
00678b60	FUN_00678b60
00678b90	FUN_00678b90
00678c10	FUN_00678c10
00678c60	FUN_00678c60
00678cb0	FUN_00678cb0
00678dd0	FUN_00678dd0
00678eb0	FUN_00678eb0
00679080	FUN_00679080
00679120	FUN_00679120
00679260	FUN_00679260
00679320	FUN_00679320
00679360	FUN_00679360
006793c0	FUN_006793c0
00679400	FUN_00679400
00679450	FUN_00679450
006794a0	FUN_006794a0
00679540	FUN_00679540
00679580	FUN_00679580
006797a0	FUN_006797a0
00679c20	FUN_00679c20
00679d10	FUN_00679d10
00679d30	FUN_00679d30
00679d60	FUN_00679d60
00679d80	FUN_00679d80
00679eb0	FUN_00679eb0
00679f90	FUN_00679f90
0067a050	FUN_0067a050
0067a0c0	FUN_0067a0c0
0067a120	FUN_0067a120
0067a210	FUN_0067a210
0067a280	FUN_0067a280
0067a2d0	FUN_0067a2d0
0067a350	FUN_0067a350
0067a3d0	FUN_0067a3d0
0067a470	FUN_0067a470
0067a555	Catch@0067a555
0067a590	FUN_0067a590
0067a5c0	FUN_0067a5c0
0067a609	Catch@0067a609
0067a650	FUN_0067a650
0067a680	FUN_0067a680
0067a6c0	FUN_0067a6c0
0067a700	FUN_0067a700
0067a720	FUN_0067a720
0067a740	FUN_0067a740
0067aac0	FUN_0067aac0
006855d0	FUN_006855d0
0068c1c0	FUN_0068c1c0
0068eeb0	FUN_0068eeb0
00690610	FUN_00690610
00690740	FUN_00690740
006909b0	FUN_006909b0
006909e0	FUN_006909e0
00691580	FUN_00691580
006915d0	FUN_006915d0
00691630	FUN_00691630
00691690	FUN_00691690
006916a0	FUN_006916a0
00691780	FUN_00691780
00691830	FUN_00691830
00691930	FUN_00691930
00691a20	FUN_00691a20
00691af0	FUN_00691af0
00691b30	FUN_00691b30
00691b60	FUN_00691b60
00691c00	FUN_00691c00
00691c60	FUN_00691c60
00691d80	FUN_00691d80
00691dd0	FUN_00691dd0
00691e00	FUN_00691e00
00691e70	FUN_00691e70
00691f10	FUN_00691f10
00692050	FUN_00692050
00692290	FUN_00692290
00692550	FUN_00692550
006925b0	FUN_006925b0
00692610	FUN_00692610
00692670	FUN_00692670
00692920	FUN_00692920
00692930	FUN_00692930
00692980	FUN_00692980
00692ab0	FUN_00692ab0
00692af0	FUN_00692af0
00692c90	FUN_00692c90
00692cf0	FUN_00692cf0
00692e00	FUN_00692e00
00692ee0	FUN_00692ee0
00693260	FUN_00693260
006932a0	FUN_006932a0
006932d0	FUN_006932d0
00693d70	FUN_00693d70
00693da0	FUN_00693da0
006942d0	FUN_006942d0
00694da0	FUN_00694da0
006951c0	FUN_006951c0
006955c0	FUN_006955c0
00695c30	FUN_00695c30
00695e20	FUN_00695e20
00696850	FUN_00696850
00696fe0	FUN_00696fe0
006970b0	FUN_006970b0
00697140	FUN_00697140
006971d0	FUN_006971d0
006973b0	FUN_006973b0
006974d0	FUN_006974d0
006975e0	FUN_006975e0
00697620	FUN_00697620
0069a840	FUN_0069a840
0069ad70	FUN_0069ad70
0069adc0	FUN_0069adc0
0069ae90	FUN_0069ae90
0069aef0	FUN_0069aef0
0069b0e0	FUN_0069b0e0
0069b271	Catch@0069b271
0069b2d0	FUN_0069b2d0
0069b372	Catch@0069b372
0069b3e0	FUN_0069b3e0
0069b47e	Catch@0069b47e
0069b4f0	FUN_0069b4f0
0069b530	FUN_0069b530
006a0810	FUN_006a0810
006a0840	FUN_006a0840
006a08f0	FUN_006a08f0
006a0960	FUN_006a0960
006a0af0	FUN_006a0af0
006a0b20	FUN_006a0b20
006a0b40	FUN_006a0b40
006a0c60	FUN_006a0c60
006a1350	FUN_006a1350
006a1420	FUN_006a1420
006a1470	FUN_006a1470
006a1490	FUN_006a1490
006a14a0	FUN_006a14a0
006a1d70	FUN_006a1d70
006a1d90	FUN_006a1d90
006a1ef0	FUN_006a1ef0
006a1fb0	FUN_006a1fb0
006a1ff0	FUN_006a1ff0
006a2230	FUN_006a2230
006a2420	FUN_006a2420
006a2570	FUN_006a2570
006a28e0	FUN_006a28e0
006a2bb0	FUN_006a2bb0
006a2db0	FUN_006a2db0
006a2e40	FUN_006a2e40
006A3160	FUN_006a3160
006A3FB0	FUN_006a3fb0
006a4140	FUN_006a4140
006a4cf0	FUN_006a4cf0
006a5580	FUN_006a5580
006a55a0	FUN_006a55a0
006a55f0	FUN_006a55f0
006a5620	FUN_006a5620
006A5660	FUN_006a5660
006a56c0	FUN_006a56c0
006A57E0	FUN_006a57e0
006a58a0	FUN_006a58a0
006a59a0	FUN_006a59a0
006a5a30	FUN_006a5a30
006a5b50	FUN_006a5b50
006A5C60	FUN_006a5c60
006a5dd0	FUN_006a5dd0
006a6210	FUN_006a6210
006a6e00	FUN_006a6e00
006a6fb0	FUN_006a6fb0
006a7050	FUN_006a7050
006a7920	FUN_006a7920
006a7fb0	FUN_006a7fb0
006a86c0	FUN_006a86c0
006a8ab0	FUN_006a8ab0
006a9450	FUN_006a9450
006A9BE0	FUN_006a9be0
006abfc0	FUN_006abfc0
006ac120	FUN_006ac120
006ac7b0	FUN_006ac7b0
006ac7d0	FUN_006ac7d0
006ac7f0	FUN_006ac7f0
006ac8a0	FUN_006ac8a0
006AC8B0	FUN_006ac8b0
006ACA30	FUN_006aca30
006acc70	FUN_006acc70
006ad1f0	FUN_006ad1f0
006ad630	FUN_006ad630
006ad650	FUN_006ad650
006ad680	FUN_006ad680
006ad970	FUN_006ad970
006ad9d0	FUN_006ad9d0
006ADB40	FUN_006adb40
006adc70	FUN_006adc70
006ae340	FUN_006ae340
006ae410	FUN_006ae410
006AE430	FUN_006ae430
006ae440	FUN_006ae440
006AE480	FUN_006ae480
006AE4F0	FUN_006ae4f0
006ae560	FUN_006ae560
006ae650	FUN_006ae650
006AE7A0	FUN_006ae7a0
006AEA20	FUN_006aea20
006AEBA0	FUN_006aeba0
006aedc0	FUN_006aedc0
006AEE90	FUN_006aee90
006aef30	FUN_006aef30
006af120	FUN_006af120
006af970	FUN_006af970
006af990	FUN_006af990
006afa00	FUN_006afa00
006afa30	FUN_006afa30
006afb80	FUN_006afb80
006afcb0	FUN_006afcb0
006aff20	FUN_006aff20
006afff0	FUN_006afff0
006b0190	FUN_006b0190
006b04c0	FUN_006b04c0
006b0ae0	FUN_006b0ae0
006b1560	FUN_006b1560
006b1670	FUN_006b1670
006b1a70	FUN_006b1a70
006b1cd0	FUN_006b1cd0
006b27f0	FUN_006b27f0
006b32d0	FUN_006b32d0
006B3620	FUN_006b3620
006b3b00	FUN_006b3b00
006b3c70	FUN_006b3c70
006b3f90	FUN_006b3f90
006b3fb0	FUN_006b3fb0
006b40c0	FUN_006b40c0
006b4260	FUN_006b4260
006b42f0	FUN_006b42f0
006b4510	FUN_006b4510
006b4590	FUN_006b4590
006b4620	FUN_006b4620
006b4797	Catch@006b4797
006b47d0	FUN_006b47d0
006b4a40	FUN_006b4a40
006b4ac0	FUN_006b4ac0
006b4b50	FUN_006b4b50
006b4ca8	Catch@006b4ca8
006b4ce0	FUN_006b4ce0
006b4e99	Catch@006b4e99
006b4f20	FUN_006b4f20
006b50b0	FUN_006b50b0
006b5210	FUN_006b5210
006b5230	FUN_006b5230
006b5270	FUN_006b5270
006b538d	Catch@006b538d
006b5410	FUN_006b5410
006b552b	Catch@006b552b
006b55b0	FUN_006b55b0
006b56a0	FUN_006b56a0
006b5780	FUN_006b5780
006b5970	FUN_006b5970
006b59a0	FUN_006b59a0
006b5bd0	FUN_006b5bd0
006b5d80	FUN_006b5d80
006b5dd0	FUN_006b5dd0
006b5ff0	FUN_006b5ff0
006b6074	Catch@006b6074
006b60b0	FUN_006b60b0
006b61c0	FUN_006b61c0
006b6330	FUN_006b6330
006b7240	FUN_006b7240
006b73a0	FUN_006b73a0
006b7f30	FUN_006b7f30
006b8580	FUN_006b8580
006b8cf0	FUN_006b8cf0
006b9470	FUN_006b9470
006b9a40	FUN_006b9a40
006ba1b0	FUN_006ba1b0
006ba920	FUN_006ba920
006bade0	FUN_006bade0
006bae00	FUN_006bae00
006baed0	FUN_006baed0
006baf50	FUN_006baf50
006BB030	FUN_006bb030
006BB360	FUN_006bb360
006bb720	FUN_006bb720
006bb870	FUN_006bb870
006bc3e0	FUN_006bc3e0
006bcbe0	FUN_006bcbe0
006bcec0	FUN_006bcec0
006bcee0	FUN_006bcee0
006bcf50	FUN_006bcf50
006bd040	FUN_006bd040
006bd100	FUN_006bd100
006bd180	FUN_006bd180
006BE0C0	FUN_006be0c0
006BE0D0	FUN_006be0d0
006be190	FUN_006be190
006be470	FUN_006be470
006be920	FUN_006be920
006beb20	FUN_006beb20
006bed20	FUN_006bed20
006bed40	FUN_006bed40
006bedb0	FUN_006bedb0
006bef00	FUN_006bef00
006bf020	FUN_006bf020
006BF180	FUN_006bf180
006bf1b0	FUN_006bf1b0
006bf480	FUN_006bf480
006bfa80	FUN_006bfa80
006bfd50	FUN_006bfd50
006bfd70	FUN_006bfd70
006bfe20	FUN_006bfe20
006bfe80	FUN_006bfe80
006bfee0	FUN_006bfee0
006C1210	FUN_006c1210
006c1490	FUN_006c1490
006c14b0	FUN_006c14b0
006c1590	FUN_006c1590
006c16c0	FUN_006c16c0
006c1870	FUN_006c1870
006c1bf0	FUN_006c1bf0
006C1CC0	FUN_006c1cc0
006c2290	FUN_006c2290
006c2330	FUN_006c2330
006c2930	FUN_006c2930
006c2ae0	FUN_006c2ae0
006c2bf0	FUN_006c2bf0
006c5390	FUN_006c5390
006c53b0	FUN_006c53b0
006c5430	FUN_006c5430
006c5480	FUN_006c5480
006c55d1	Catch@006c55d1
006c5610	FUN_006c5610
006c5650	FUN_006c5650
006c5680	FUN_006c5680
006c56b0	FUN_006c56b0
006c5760	FUN_006c5760
006C57D0	FUN_006c57d0
006c5f40	FUN_006c5f40
006C6140	FUN_006c6140
006c61f0	FUN_006c61f0
006c6210	FUN_006c6210
006c67d0	FUN_006c67d0
006c6820	FUN_006c6820
006c69c0	FUN_006c69c0
006c69d0	FUN_006c69d0
006C70B0	FUN_006c70b0
006C70E0	FUN_006c70e0
006c7140	FUN_006c7140
006c72a0	FUN_006c72a0
006c72c0	FUN_006c72c0
006c7580	FUN_006c7580
006c76a0	FUN_006c76a0
006C7930	FUN_006c7930
006c7ec0	FUN_006c7ec0
006c8580	FUN_006c8580
006c87c0	FUN_006c87c0
006c90b0	FUN_006c90b0
006c92a0	FUN_006c92a0
006c97e0	FUN_006c97e0
006c99e0	FUN_006c99e0
006C9CE0	FUN_006c9ce0
006cb0b0	FUN_006cb0b0
006cb130	FUN_006cb130
006cb2b0	FUN_006cb2b0
006cb910	FUN_006cb910
006cb930	FUN_006cb930
006cb950	FUN_006cb950
006cb970	FUN_006cb970
006cc0a0	FUN_006cc0a0
006cc2b0	FUN_006cc2b0
006cc45b	Catch@006cc45b
006cc4d0	FUN_006cc4d0
006cc540	FUN_006cc540
006cc5c0	FUN_006cc5c0
006cc6b9	Catch@006cc6b9
006cc730	FUN_006cc730
006cc827	Catch@006cc827
006cc8a0	FUN_006cc8a0
006cc950	FUN_006cc950
006cfeb0	FUN_006cfeb0
006cfee0	FUN_006cfee0
006cff70	FUN_006cff70
006d09f0	FUN_006d09f0
006d0a70	FUN_006d0a70
006d0b00	FUN_006d0b00
006d0c59	Catch@006d0c59
006d0c90	FUN_006d0c90
006d0ce0	FUN_006d0ce0
006d0d30	FUN_006d0d30
006d0db1	Catch@006d0db1
006d0df0	FUN_006d0df0
006d0e90	FUN_006d0e90
006D0F00	FUN_006d0f00
006D1080	FUN_006d1080
006d10e0	FUN_006d10e0
006d11a0	FUN_006d11a0
006d11c0	FUN_006d11c0
006d11e0	FUN_006d11e0
006d1b00	FUN_006d1b00
006d1b20	FUN_006d1b20
006d1c60	FUN_006d1c60
006d1d00	FUN_006d1d00
006d1e20	FUN_006d1e20
006d1eb0	FUN_006d1eb0
006d2020	FUN_006d2020
006d2160	FUN_006d2160
006D2220	FUN_006d2220
006d2450	FUN_006d2450
006d2b70	FUN_006d2b70
006d35f0	FUN_006d35f0
006d38e0	FUN_006d38e0
006d3900	FUN_006d3900
006d3960	FUN_006d3960
006d3a00	FUN_006d3a00
006d3b90	FUN_006d3b90
006d3c90	FUN_006d3c90
006d3ce0	FUN_006d3ce0
006d3d50	FUN_006d3d50
006d3ee0	FUN_006d3ee0
006d3fd0	FUN_006d3fd0
006d4180	FUN_006d4180
006d42a0	FUN_006d42a0
006d4390	FUN_006d4390
006d4720	FUN_006d4720
006D52F0	FUN_006d52f0
006D54E0	FUN_006d54e0
006d5900	FUN_006d5900
006d5cb0	FUN_006d5cb0
006d5cd0	FUN_006d5cd0
006d5d40	FUN_006d5d40
006d5d90	FUN_006d5d90
006d5df0	FUN_006d5df0
006D5E00	FUN_006d5e00
006D5E10	FUN_006d5e10
006D5E20	FUN_006d5e20
006d5e40	FUN_006d5e40
006d5e60	FUN_006d5e60
006d61b0	FUN_006d61b0
006d6280	FUN_006d6280
006d6350	FUN_006d6350
006d63e0	FUN_006d63e0
006d64e0	FUN_006d64e0
006d6910	FUN_006d6910
006D69F0	FUN_006d69f0
006D6E70	FUN_006d6e70
006d7150	FUN_006d7150
006d7900	FUN_006d7900
006d7fd0	FUN_006d7fd0
006d8440	FUN_006d8440
006d84c0	FUN_006d84c0
006D8530	FUN_006d8530
006d8790	FUN_006d8790
006D8AF0	FUN_006d8af0
006D8DA0	FUN_006d8da0
006d8e60	FUN_006d8e60
006d8ec0	FUN_006d8ec0
006d90d0	FUN_006d90d0
006d90f0	FUN_006d90f0
006d9150	FUN_006d9150
006d91b0	FUN_006d91b0
006d91d0	FUN_006d91d0
006d9260	FUN_006d9260
006d9300	FUN_006d9300
006d93f0	FUN_006d93f0
006d9490	FUN_006d9490
006d9570	FUN_006d9570
006d95c0	FUN_006d95c0
006d9910	FUN_006d9910
006d9b60	FUN_006d9b60
006d9f20	FUN_006d9f20
006da0a0	FUN_006da0a0
006DA7F0	FUN_006da7f0
006DA9C0	FUN_006da9c0
006DAB10	FUN_006dab10
006db5d0	FUN_006db5d0
006db730	FUN_006db730
006db7d0	FUN_006db7d0
006DB840	FUN_006db840
006DB8F0	FUN_006db8f0
006dbaa0	FUN_006dbaa0
006dbcd0	FUN_006dbcd0
006dbd90	FUN_006dbd90
006dca50	FUN_006dca50
006dca70	FUN_006dca70
006dca90	FUN_006dca90
006dcb50	FUN_006dcb50
006dcb80	FUN_006dcb80
006dcc70	FUN_006dcc70
006DCC80	FUN_006dcc80
006DD200	FUN_006dd200
006dd250	FUN_006dd250
006dd4b0	FUN_006dd4b0
006DD710	thunk_FUN_006dd250
006dd720	FUN_006dd720
006dd870	FUN_006dd870
006dd890	FUN_006dd890
006dd8b0	FUN_006dd8b0
006dda50	FUN_006dda50
006DDA60	FUN_006dda60
006dda70	FUN_006dda70
006de060	FUN_006de060
006de4c0	FUN_006de4c0
006dec10	FUN_006dec10
006DF180	FUN_006df180
006df1b0	FUN_006df1b0
006df320	FUN_006df320
006df340	FUN_006df340
006df790	FUN_006df790
006df9a0	FUN_006df9a0
006DFB10	FUN_006dfb10
006dfe20	FUN_006dfe20
006dff50	FUN_006dff50
006dffa0	FUN_006dffa0
006e0770	FUN_006e0770
006e0be0	FUN_006e0be0
006e1270	FUN_006e1270
006e13c0	FUN_006e13c0
006e1440	FUN_006e1440
006e17d0	FUN_006e17d0
006e1970	FUN_006e1970
006e2670	FUN_006e2670
006e2790	FUN_006e2790
006e31e0	FUN_006e31e0
006e39e0	FUN_006e39e0
006e3ac0	FUN_006e3ac0
006e3bb0	FUN_006e3bb0
006e3d20	FUN_006e3d20
006e4310	FUN_006e4310
006e4a20	FUN_006e4a20
006e4a50	FUN_006e4a50
006e4ba0	FUN_006e4ba0
006e6370	FUN_006e6370
006e6390	FUN_006e6390
006e6400	FUN_006e6400
006e6560	FUN_006e6560
006e6620	FUN_006e6620
006e6630	FUN_006e6630
006e6960	FUN_006e6960
006e6ae0	FUN_006e6ae0
006e6bf0	FUN_006e6bf0
006e6d10	FUN_006e6d10
006e6ea0	FUN_006e6ea0
006e6f10	FUN_006e6f10
006e70a0	FUN_006e70a0
006e70e0	FUN_006e70e0
006E7120	FUN_006e7120
006E7300	FUN_006e7300
006e7730	FUN_006e7730
006e7de0	FUN_006e7de0
006e7e00	FUN_006e7e00
006e7e40	FUN_006e7e40
006e7e70	FUN_006e7e70
006e84a0	FUN_006e84a0
006e84d0	FUN_006e84d0
006e8510	FUN_006e8510
006e8530	FUN_006e8530
006e8560	FUN_006e8560
006e85d0	FUN_006e85d0
006e8600	FUN_006e8600
006e8640	FUN_006e8640
006e86c0	FUN_006e86c0
006E8840	FUN_006e8840
006E8850	FUN_006e8850
006E8860	FUN_006e8860
006E8870	FUN_006e8870
006e88c0	FUN_006e88c0
006e8d40	FUN_006e8d40
006e8d60	FUN_006e8d60
006e8f80	FUN_006e8f80
006e90d0	FUN_006e90d0
006e90e0	FUN_006e90e0
006e9200	FUN_006e9200
006E9530	FUN_006e9530
006E9540	FUN_006e9540
006e9610	FUN_006e9610
006E9FF0	FUN_006e9ff0
006ea580	FUN_006ea580
006EA750	FUN_006ea750
006EB030	FUN_006eb030
006EB040	FUN_006eb040
006eb050	FUN_006eb050
006eb8b0	FUN_006eb8b0
006eb8c0	FUN_006eb8c0
006ebaa0	FUN_006ebaa0
006ebab0	FUN_006ebab0
006ebac0	FUN_006ebac0
006ebae0	FUN_006ebae0
006ebb00	FUN_006ebb00
006ebb20	FUN_006ebb20
006ebb40	FUN_006ebb40
006ebb70	FUN_006ebb70
006ebb90	FUN_006ebb90
006ebda0	FUN_006ebda0
006ec040	FUN_006ec040
006ec1b0	FUN_006ec1b0
006ec3b0	FUN_006ec3b0
006ec5b0	FUN_006ec5b0
006ec8e0	FUN_006ec8e0
006ec900	FUN_006ec900
006ec960	FUN_006ec960
006eca60	FUN_006eca60
006ECB30	FUN_006ecb30
006ecbd0	FUN_006ecbd0
006ecce0	FUN_006ecce0
006ed7e0	FUN_006ed7e0
006ED870	FUN_006ed870
006ed880	FUN_006ed880
006ed9d0	FUN_006ed9d0
006ee160	FUN_006ee160
006ee180	FUN_006ee180
006ee1d0	FUN_006ee1d0
006ee250	FUN_006ee250
006ee340	FUN_006ee340
006ef670	FUN_006ef670
006efb10	FUN_006efb10
006efcd0	FUN_006efcd0
006efe80	FUN_006efe80
006f0030	FUN_006f0030
006f01e0	FUN_006f01e0
006f02b0	FUN_006f02b0
006f0400	FUN_006f0400
006f0460	FUN_006f0460
006f04a0	FUN_006f04a0
006f0560	FUN_006f0560
006f0640	FUN_006f0640
006f0680	FUN_006f0680
006f06f0	FUN_006f06f0
006f0800	FUN_006f0800
006f0870	FUN_006f0870
006f08b0	FUN_006f08b0
006f0980	FUN_006f0980
006f0c20	FUN_006f0c20
006f0d00	FUN_006f0d00
006f0db0	FUN_006f0db0
006f0f10	FUN_006f0f10
006f1210	FUN_006f1210
006f1260	FUN_006f1260
006F17F0	FUN_006f17f0
006F2030	FUN_006f2030
006f2050	FUN_006f2050
006f2d80	FUN_006f2d80
006f3980	FUN_006f3980
006F39B0	FUN_006f39b0
006f3a10	FUN_006f3a10
006f3b50	FUN_006f3b50
006f4ae0	FUN_006f4ae0
006f4b20	FUN_006f4b20
006f4be0	FUN_006f4be0
006f4c00	FUN_006f4c00
006f4d70	FUN_006f4d70
006f4f50	FUN_006f4f50
006f4ff0	FUN_006f4ff0
006f5190	FUN_006f5190
006f5970	FUN_006f5970
006f5990	FUN_006f5990
006f59b0	FUN_006f59b0
006f5ae0	FUN_006f5ae0
006f5b50	FUN_006f5b50
006f5c40	FUN_006f5c40
006f5ce0	FUN_006f5ce0
006f5e00	FUN_006f5e00
006f5fbd	Catch@006f5fbd
006f6030	FUN_006f6030
006f6280	FUN_006f6280
006f6310	FUN_006f6310
006f63d0	Catch@006f63d0
006f6440	FUN_006f6440
006f64fc	Catch@006f64fc
006f6570	FUN_006f6570
006f6660	FUN_006f6660
006f6780	FUN_006f6780
006f6850	FUN_006f6850
006f6880	FUN_006f6880
006f6980	FUN_006f6980
006f6a60	FUN_006f6a60
006f6c40	FUN_006f6c40
006f6c60	FUN_006f6c60
006f6df0	FUN_006f6df0
006F6FD0	FUN_006f6fd0
006F7240	FUN_006f7240
006f72d0	FUN_006f72d0
006f73f0	FUN_006f73f0
006f7f60	FUN_006f7f60
006f85f0	FUN_006f85f0
006F8960	FUN_006f8960
006f8b80	FUN_006f8b80
006f8c20	FUN_006f8c20
006f8c40	FUN_006f8c40
006f8cb0	FUN_006f8cb0
006f8cd0	FUN_006f8cd0
006f8e80	FUN_006f8e80
006f9040	FUN_006f9040
006f91e0	FUN_006f91e0
006f9250	FUN_006f9250
006f9580	FUN_006f9580
006f9dd0	FUN_006f9dd0
006fa150	FUN_006fa150
006fa8f0	FUN_006fa8f0
006FB660	FUN_006fb660
006FB750	FUN_006fb750
006FB770	FUN_006fb770
006FB780	FUN_006fb780
006FBD60	FUN_006fbd60
006fc710	FUN_006fc710
006fd650	FUN_006fd650
006fd740	FUN_006fd740
006fda30	FUN_006fda30
006fda50	FUN_006fda50
006fdac0	FUN_006fdac0
006fdb90	FUN_006fdb90
006fdce0	FUN_006fdce0
006FDE20	FUN_006fde20
006FDE30	FUN_006fde30
006fde40	FUN_006fde40
006fdf70	FUN_006fdf70
006fdf90	FUN_006fdf90
006fe010	FUN_006fe010
006fe150	FUN_006fe150
006fe220	FUN_006fe220
006fe2f0	FUN_006fe2f0
006fe5e0	FUN_006fe5e0
006fe8b0	FUN_006fe8b0
006fea00	FUN_006fea00
006feba0	FUN_006feba0
006fed40	FUN_006fed40
006ff080	FUN_006ff080
006ff0f0	FUN_006ff0f0
006ffb40	FUN_006ffb40
006fff70	FUN_006fff70
00700b90	FUN_00700b90
00700bf0	FUN_00700bf0
00703050	FUN_00703050
00703370	FUN_00703370
007033B0	FUN_007033b0
007033C0	FUN_007033c0
00703D80	FUN_00703d80
00704f40	FUN_00704f40
007051e0	FUN_007051e0
00705290	FUN_00705290
00706b90	FUN_00706b90
00706c80	FUN_00706c80
00706e00	FUN_00706e00
00706eb0	FUN_00706eb0
007071a0	FUN_007071a0
007071c0	FUN_007071c0
00707290	FUN_00707290
00707380	FUN_00707380
00707410	FUN_00707410
00707550	FUN_00707550
00707620	FUN_00707620
00707700	FUN_00707700
007077e0	FUN_007077e0
00707890	FUN_00707890
00707940	FUN_00707940
007079F0	FUN_007079f0
00707C10	FUN_00707c10
00707C30	FUN_00707c30
00707C40	FUN_00707c40
00707df0	FUN_00707df0
00708bf0	FUN_00708bf0
00708d80	FUN_00708d80
007095b0	FUN_007095b0
007095d0	FUN_007095d0
00709720	FUN_00709720
007097f0	FUN_007097f0
007098c0	FUN_007098c0
00709990	FUN_00709990
00709a70	FUN_00709a70
00709b30	FUN_00709b30
00709C90	FUN_00709c90
00709d10	FUN_00709d10
00709d40	FUN_00709d40
00709e50	FUN_00709e50
0070a390	FUN_0070a390
0070a3b0	FUN_0070a3b0
0070a480	FUN_0070a480
0070A520	FUN_0070a520
0070A590	FUN_0070a590
0070A5A0	FUN_0070a5a0
0070a850	FUN_0070a850
0070abc0	FUN_0070abc0
0070abe0	FUN_0070abe0
0070ac60	FUN_0070ac60
0070ad20	FUN_0070ad20
0070aed0	FUN_0070aed0
0070AF10	FUN_0070af10
0070b1a0	FUN_0070b1a0
0070B1D0	FUN_0070b1d0
0070b1e0	FUN_0070b1e0
0070b830	FUN_0070b830
0070b920	FUN_0070b920
0070bad0	FUN_0070bad0
0070bbc0	FUN_0070bbc0
0070bbe0	FUN_0070bbe0
0070bd30	FUN_0070bd30
0070be20	FUN_0070be20
0070be50	FUN_0070be50
0070be80	FUN_0070be80
0070beb0	FUN_0070beb0
0070c0b0	FUN_0070c0b0
0070c1f0	FUN_0070c1f0
0070c440	FUN_0070c440
0070c760	FUN_0070c760
0070d0f0	FUN_0070d0f0
0070E2A0	FUN_0070e2a0
0070e650	FUN_0070e650
0070E840	FUN_0070e840
0070E850	FUN_0070e850
0070e860	FUN_0070e860
0070F160	FUN_0070f160
0070fb90	FUN_0070fb90
0070fc70	FUN_0070fc70
00710f90	FUN_00710f90
00710fb0	FUN_00710fb0
00711080	FUN_00711080
007111c0	FUN_007111c0
007112b0	FUN_007112b0
007113b0	FUN_007113b0
00711590	FUN_00711590
00711790	FUN_00711790
007117a0	FUN_007117a0
007118e0	FUN_007118e0
00711E00	FUN_00711e00
00711FA0	FUN_00711fa0
007122C0	FUN_007122c0
00712f30	FUN_00712f30
007157d0	FUN_007157d0
00715c90	FUN_00715c90
00715cb0	FUN_00715cb0
00715d20	FUN_00715d20
00715d90	FUN_00715d90
00715e60	FUN_00715e60
00715fba	Catch@00715fba
00716020	FUN_00716020
007160e0	FUN_007160e0
00716150	FUN_00716150
00716230	FUN_00716230
007162e0	Catch@007162e0
00716350	FUN_00716350
00716406	Catch@00716406
00716470	FUN_00716470
00716570	FUN_00716570
007165f0	FUN_007165f0
00716640	FUN_00716640
00716880	FUN_00716880
007169C0	FUN_007169c0
00716b30	FUN_00716b30
00717460	FUN_00717460
00717ea0	FUN_00717ea0
007184e0	FUN_007184e0
0071b530	FUN_0071b530
0071b550	FUN_0071b550
0071B580	FUN_0071b580
0071b590	FUN_0071b590
0071b5d0	FUN_0071b5d0
0071b810	FUN_0071b810
0071bb40	FUN_0071bb40
0071bbf0	FUN_0071bbf0
0071bde0	FUN_0071bde0
0071be90	FUN_0071be90
0071c3a0	FUN_0071c3a0
0071c520	FUN_0071c520
0071cfb0	FUN_0071cfb0
0071D110	FUN_0071d110
0071D120	FUN_0071d120
0071D130	FUN_0071d130
0071d570	FUN_0071d570
0071d700	FUN_0071d700
0071d830	FUN_0071d830
0071dd80	FUN_0071dd80
0071de90	FUN_0071de90
0071e1e0	FUN_0071e1e0
0071e330	FUN_0071e330
0071e870	FUN_0071e870
0071f280	FUN_0071f280
0071f2a0	FUN_0071f2a0
0071f350	FUN_0071f350
0071f400	FUN_0071f400
0071f510	FUN_0071f510
0071f6b4	Catch@0071f6b4
0071f710	FUN_0071f710
0071f7a0	FUN_0071f7a0
0071fa00	FUN_0071fa00
0071fa30	FUN_0071fa30
0071fc30	FUN_0071fc30
0071fc50	FUN_0071fc50
0071fc90	FUN_0071fc90
0071fcc0	FUN_0071fcc0
0071fcf0	FUN_0071fcf0
0071fd40	FUN_0071fd40
0071fd90	FUN_0071fd90
0071fdc0	FUN_0071fdc0
0071fdd0	FUN_0071fdd0
0071ff50	FUN_0071ff50
00720050	FUN_00720050
00720180	FUN_00720180
00720310	FUN_00720310
00720970	FUN_00720970
00720BB0	FUN_00720bb0
00720be0	FUN_00720be0
00720c10	FUN_00720c10
007213A0	FUN_007213a0
00721d90	FUN_00721d90
007225f0	FUN_007225f0
00722610	FUN_00722610
00722740	FUN_00722740
007228b0	FUN_007228b0
00722DE0	FUN_00722de0
00723000	FUN_00723000
00723020	FUN_00723020
00723060	FUN_00723060
00723520	FUN_00723520
00723640	FUN_00723640
00723660	FUN_00723660
007236d0	FUN_007236d0
007236f0	FUN_007236f0
007237e0	FUN_007237e0
00723989	Catch@00723989
00723a80	FUN_00723a80
00723b80	FUN_00723b80
00723c3a	Catch@00723c3a
00723cb0	FUN_00723cb0
00723d71	Catch@00723d71
00723de0	FUN_00723de0
00723ed0	FUN_00723ed0
00723ef0	FUN_00723ef0
00723fe0	FUN_00723fe0
00724070	FUN_00724070
00724190	FUN_00724190
007242d0	FUN_007242d0
007243E0	FUN_007243e0
007243F0	FUN_007243f0
00724400	FUN_00724400
00724540	FUN_00724540
007245c0	FUN_007245c0
00724630	FUN_00724630
00724690	FUN_00724690
007246d0	FUN_007246d0
00724840	FUN_00724840
007249b0	FUN_007249b0
00724bd0	FUN_00724bd0
00724d50	FUN_00724d50
00724ed0	FUN_00724ed0
00725100	FUN_00725100
00726720	FUN_00726720
00726880	FUN_00726880
007269A0	FUN_007269a0
007269b0	FUN_007269b0
00726b80	FUN_00726b80
00727040	FUN_00727040
007270b0	FUN_007270b0
007270f0	FUN_007270f0
00727120	FUN_00727120
00727220	FUN_00727220
00727280	FUN_00727280
007272e0	FUN_007272e0
00727350	FUN_00727350
007273c0	FUN_007273c0
007278D0	FUN_007278d0
007278E0	FUN_007278e0
007278f0	FUN_007278f0
00727a50	FUN_00727a50
00727b70	FUN_00727b70
00727BE0	FUN_00727be0
00728090	FUN_00728090
007286e0	FUN_007286e0
007289a0	FUN_007289a0
00728a30	FUN_00728a30
00728af0	FUN_00728af0
00728c00	FUN_00728c00
00728ed0	FUN_00728ed0
00728f80	FUN_00728f80
00728FE0	FUN_00728fe0
00729000	FUN_00729000
00729080	FUN_00729080
007290b0	FUN_007290b0
007290d0	FUN_007290d0
007291d0	FUN_007291d0
007291f0	FUN_007291f0
00729210	FUN_00729210
00729460	FUN_00729460
00729480	FUN_00729480
007294a0	FUN_007294a0
007294c0	FUN_007294c0
00729550	FUN_00729550
007296e1	Catch@007296e1
00729720	FUN_00729720
00729780	FUN_00729780
007297e0	FUN_007297e0
007298e0	FUN_007298e0
00729a20	FUN_00729a20
00729af0	FUN_00729af0
00729b60	FUN_00729b60
00729bb0	FUN_00729bb0
00729bf0	FUN_00729bf0
00729c90	FUN_00729c90
00729dc0	FUN_00729dc0
00729eb0	FUN_00729eb0
00729f40	FUN_00729f40
00729f90	FUN_00729f90
0072a030	FUN_0072a030
0072a0a0	FUN_0072a0a0
0072a0c0	FUN_0072a0c0
0072a180	FUN_0072a180
0072a270	FUN_0072a270
0072a370	FUN_0072a370
0072A3E0	FUN_0072a3e0
0072acf0	FUN_0072acf0
0072ad20	FUN_0072ad20
0072ad40	FUN_0072ad40
0072ad60	FUN_0072ad60
0072ad80	FUN_0072ad80
0072ADF0	FUN_0072adf0
0072AF90	FUN_0072af90
0072bd80	FUN_0072bd80
0072be90	FUN_0072be90
0072bf60	FUN_0072bf60
0072c150	FUN_0072c150
0072c3f0	FUN_0072c3f0
0072c4c0	FUN_0072c4c0
0072c510	FUN_0072c510
0072c580	FUN_0072c580
0072c5a0	FUN_0072c5a0
0072c650	FUN_0072c650
0072c670	FUN_0072c670
0072c6c0	FUN_0072c6c0
0072c7f0	FUN_0072c7f0
0072c860	FUN_0072c860
0072ca1f	Catch@0072ca1f
0072ca90	FUN_0072ca90
0072cac0	FUN_0072cac0
0072cb50	FUN_0072cb50
0072d090	FUN_0072d090
0072d1a0	FUN_0072d1a0
0072d25e	Catch@0072d25e
0072d2d0	FUN_0072d2d0
0072d395	Catch@0072d395
0072d400	FUN_0072d400
0072d4ac	Catch@0072d4ac
0072d4d0	FUN_0072d4d0
0072d580	FUN_0072d580
0072d710	FUN_0072d710
0072d800	FUN_0072d800
0072d880	FUN_0072d880
0072d960	FUN_0072d960
0072da90	FUN_0072da90
0072dbc0	FUN_0072dbc0
0072dcf0	FUN_0072dcf0
0072de20	FUN_0072de20
0072df50	FUN_0072df50
0072e080	FUN_0072e080
0072e1b0	FUN_0072e1b0
0072e2d0	FUN_0072e2d0
0072e400	FUN_0072e400
0072e530	FUN_0072e530
0072e630	FUN_0072e630
0072e730	FUN_0072e730
0072e7e0	FUN_0072e7e0
0072e890	FUN_0072e890
0072e920	FUN_0072e920
0072eb00	FUN_0072eb00
0072ec80	FUN_0072ec80
0072ED10	FUN_0072ed10
0072ef70	FUN_0072ef70
0072efd0	FUN_0072efd0
0072f040	FUN_0072f040
0072f0c0	FUN_0072f0c0
0072f300	FUN_0072f300
0072f320	FUN_0072f320
0072f3e0	FUN_0072f3e0
0072f490	FUN_0072f490
0072F5F0	FUN_0072f5f0
0072FBA0	FUN_0072fba0
0072fd00	FUN_0072fd00
0072fd40	FUN_0072fd40
0072fe40	FUN_0072fe40
00730050	FUN_00730050
00730280	FUN_00730280
007302d0	FUN_007302d0
007303c0	FUN_007303c0
007303d0	FUN_007303d0
007303e0	FUN_007303e0
007304e0	FUN_007304e0
00730540	FUN_00730540
007305a0	FUN_007305a0
007305d0	FUN_007305d0
007306b0	FUN_007306b0
00730730	FUN_00730730
007308c0	FUN_007308c0
00730910	FUN_00730910
00730930	FUN_00730930
007309a0	FUN_007309a0
007309b0	FUN_007309b0
00730a90	FUN_00730a90
00730ae0	FUN_00730ae0
00730c86	Catch@00730c86
00730d70	FUN_00730d70
00730e80	FUN_00730e80
00730f4a	Catch@00730f4a
00730fc0	FUN_00730fc0
0073108a	Catch@0073108a
00731100	FUN_00731100
007311c0	FUN_007311c0
00731380	FUN_00731380
00731420	FUN_00731420
00731510	FUN_00731510
007315b0	FUN_007315b0
00731600	FUN_00731600
00731820	FUN_00731820
00731880	FUN_00731880
00731b40	FUN_00731b40
00731c70	FUN_00731c70
00731D40	FUN_00731d40
00731DD0	FUN_00731dd0
00731e70	FUN_00731e70
00731ee0	FUN_00731ee0
00731f50	FUN_00731f50
00732060	FUN_00732060
00732090	FUN_00732090
007320B0	FUN_007320b0
007320c0	FUN_007320c0
007320d0	FUN_007320d0
00732150	FUN_00732150
00732170	FUN_00732170
00732190	FUN_00732190
007321a0	FUN_007321a0
00732cf0	FUN_00732cf0
00732e20	FUN_00732e20
00733090	FUN_00733090
007331c0	FUN_007331c0
00733430	FUN_00733430
00733450	FUN_00733450
00733610	FUN_00733610
007336e0	FUN_007336e0
00733760	FUN_00733760
00733790	FUN_00733790
00733810	FUN_00733810
00733880	FUN_00733880
007339c0	FUN_007339c0
00733c20	FUN_00733c20
00733c40	FUN_00733c40
00733d30	FUN_00733d30
00733e10	FUN_00733e10
00733eaa	Catch@00733eaa
00733f80	FUN_00733f80
007344c0	FUN_007344c0
007344f0	FUN_007344f0
007345ae	Catch@007345ae
00734620	FUN_00734620
007346aa	Catch@007346aa
007346f0	FUN_007346f0
007347a0	FUN_007347a0
00734930	FUN_00734930
007349b0	FUN_007349b0
00734a5a	Catch@00734a5a
00734a80	FUN_00734a80
00734b60	FUN_00734b60
00734ca0	FUN_00734ca0
00734da0	FUN_00734da0
00734dc0	FUN_00734dc0
00734f50	FUN_00734f50
00735080	FUN_00735080
007351a0	FUN_007351a0
007352d0	FUN_007352d0
00735400	FUN_00735400
00735530	FUN_00735530
00735660	FUN_00735660
00735770	FUN_00735770
007358a0	FUN_007358a0
007359d0	FUN_007359d0
00735b50	FUN_00735b50
00736070	FUN_00736070
007360b0	FUN_007360b0
007360d0	FUN_007360d0
007361e0	FUN_007361e0
00736270	FUN_00736270
007362b0	FUN_007362b0
00736440	FUN_00736440
00736460	FUN_00736460
007364c0	FUN_007364c0
007365f0	FUN_007365f0
00736730	FUN_00736730
007368c0	FUN_007368c0
00736a00	FUN_00736a00
00736B60	FUN_00736b60
00736f00	FUN_00736f00
007370a0	FUN_007370a0
00737240	FUN_00737240
00737260	FUN_00737260
00737280	FUN_00737280
007372b0	FUN_007372b0
00737ae0	FUN_00737ae0
00738030	FUN_00738030
00738040	FUN_00738040
00738060	FUN_00738060
00738390	FUN_00738390
00738890	FUN_00738890
00738b90	FUN_00738b90
00738d30	FUN_00738d30
00739040	FUN_00739040
00739220	FUN_00739220
00739240	FUN_00739240
00739320	FUN_00739320
007393b0	FUN_007393b0
00739430	FUN_00739430
00739640	FUN_00739640
007396e6	Catch@007396e6
00739750	FUN_00739750
007397d4	Catch@007397d4
00739810	FUN_00739810
007398e0	FUN_007398e0
00739900	FUN_00739900
00739950	FUN_00739950
00739960	FUN_00739960
007399A0	FUN_007399a0
00739A20	FUN_00739a20
00739aa0	FUN_00739aa0
00739bf0	FUN_00739bf0
00739d20	FUN_00739d20
00739e60	FUN_00739e60
00739f90	FUN_00739f90
0073a090	FUN_0073a090
0073a180	FUN_0073a180
0073A240	FUN_0073a240
0073A530	FUN_0073a530
0073a540	FUN_0073a540
0073a5b0	FUN_0073a5b0
0073d050	FUN_0073d050
0073d240	FUN_0073d240
0073d3a0	FUN_0073d3a0
0073d540	FUN_0073d540
0073d670	FUN_0073d670
0073d810	FUN_0073d810
0073d830	FUN_0073d830
0073d8f0	FUN_0073d8f0
0073d9f0	FUN_0073d9f0
0073daf0	FUN_0073daf0
0073db40	FUN_0073db40
0073dd40	FUN_0073dd40
0073df30	FUN_0073df30
0073e120	FUN_0073e120
0073e3a0	FUN_0073e3a0
007403e0	FUN_007403e0
00740680	FUN_00740680
00740960	FUN_00740960
00740b70	FUN_00740b70
00741950	FUN_00741950
007456e0	FUN_007456e0
0074ac40	FUN_0074ac40
0074acb0	FUN_0074acb0
0074ace0	FUN_0074ace0
0074ada0	FUN_0074ada0
0074aff0	FUN_0074aff0
0074b170	FUN_0074b170
0074B290	FUN_0074b290
0074B450	FUN_0074b450
0074bb50	FUN_0074bb50
0074bd10	FUN_0074bd10
0074c6a0	FUN_0074c6a0
0074c6c0	FUN_0074c6c0
0074c790	FUN_0074c790
0074c820	FUN_0074c820
0074c9ad	Catch@0074c9ad
0074c9f0	FUN_0074c9f0
0074ca20	FUN_0074ca20
0074ca50	FUN_0074ca50
0074cb50	FUN_0074cb50
0074cc50	FUN_0074cc50
0074cd50	FUN_0074cd50
0074ce60	FUN_0074ce60
0074ce80	FUN_0074ce80
0074ceb0	FUN_0074ceb0
0074cef0	FUN_0074cef0
0074cf40	FUN_0074cf40
0074cf50	FUN_0074cf50
0074cf60	FUN_0074cf60
0074cfa0	FUN_0074cfa0
0074cfb0	FUN_0074cfb0
0074cfd0	FUN_0074cfd0
0074d0c0	FUN_0074d0c0
0074d1a0	FUN_0074d1a0
0074d320	FUN_0074d320
0074d400	FUN_0074d400
0074dd00	FUN_0074dd00
0074dda0	FUN_0074dda0
0074ded0	FUN_0074ded0
0074df00	FUN_0074df00
0074dfc0	FUN_0074dfc0
0074dfd0	FUN_0074dfd0
0074e120	FUN_0074e120
0074e220	FUN_0074e220
0074e280	FUN_0074e280
0074e2f0	FUN_0074e2f0
0074e430	FUN_0074e430
0074e5b0	FUN_0074e5b0
0074e740	FUN_0074e740
0074e770	FUN_0074e770
0074ea60	FUN_0074ea60
0074ec00	FUN_0074ec00
0074f4b0	FUN_0074f4b0
0074F680	FUN_0074f680
0074fd30	FUN_0074fd30
0074fd50	FUN_0074fd50
0074fe20	FUN_0074fe20
0074feb0	FUN_0074feb0
0074ff00	FUN_0074ff00
00750000	FUN_00750000
00750177	Catch@00750177
007501b0	FUN_007501b0
00750230	FUN_00750230
007503e5	Catch@007503e5
00750450	FUN_00750450
00750690	FUN_00750690
00750710	FUN_00750710
007507a0	FUN_007507a0
007508d0	FUN_007508d0
007509d1	Catch@007509d1
00750a60	FUN_00750a60
00750b67	Catch@00750b67
00750bf0	FUN_00750bf0
00750d30	FUN_00750d30
00750d50	FUN_00750d50
00750e30	FUN_00750e30
00750eb0	FUN_00750eb0
007510d0	FUN_007510d0
00751100	FUN_00751100
00751350	FUN_00751350
00751530	FUN_00751530
00751780	FUN_00751780
00751804	Catch@00751804
00751840	FUN_00751840
007518c0	FUN_007518c0
007519e0	FUN_007519e0
00751af0	FUN_00751af0
00751bd0	FUN_00751bd0
00751cd0	FUN_00751cd0
00751D50	FUN_00751d50
00751f50	FUN_00751f50
00752340	FUN_00752340
007527C0	FUN_007527c0
00752950	FUN_00752950
00752990	FUN_00752990
007529a0	FUN_007529a0
00752c30	FUN_00752c30
00752c90	FUN_00752c90
00752d10	FUN_00752d10
00752d50	FUN_00752d50
00752d70	FUN_00752d70
00752ed0	FUN_00752ed0
00752fd0	FUN_00752fd0
00753010	FUN_00753010
00753070	FUN_00753070
00753080	FUN_00753080
007530a0	FUN_007530a0
00753360	FUN_00753360
007533b0	FUN_007533b0
00753470	FUN_00753470
00753550	FUN_00753550
00753980	FUN_00753980
00753A20	FUN_00753a20
00753c70	FUN_00753c70
00753d70	FUN_00753d70
00753de0	FUN_00753de0
00753E40	FUN_00753e40
007541E0	FUN_007541e0
00754610	FUN_00754610
00754660	FUN_00754660
00754680	FUN_00754680
007546a0	FUN_007546a0
007546c0	FUN_007546c0
007547c0	FUN_007547c0
007548c0	FUN_007548c0
007549c0	FUN_007549c0
00754ae0	FUN_00754ae0
00754c20	FUN_00754c20
00754d20	FUN_00754d20
00754e40	FUN_00754e40
00754f80	FUN_00754f80
007550b0	FUN_007550b0
007551b0	FUN_007551b0
00755200	FUN_00755200
00755270	FUN_00755270
007553f0	FUN_007553f0
007555e0	FUN_007555e0
00755990	FUN_00755990
007559e0	FUN_007559e0
00755a50	FUN_00755a50
00755a80	FUN_00755a80
00755aa0	FUN_00755aa0
00755ac0	FUN_00755ac0
00755b30	FUN_00755b30
00755ff0	FUN_00755ff0
00756150	FUN_00756150
00756370	FUN_00756370
00756660	FUN_00756660
00756820	FUN_00756820
00756890	FUN_00756890
007568b0	FUN_007568b0
00756900	FUN_00756900
00756940	FUN_00756940
00756ba0	FUN_00756ba0
007570c0	FUN_007570c0
00757120	cUI_Manager_receiveEvent
007586a0	FUN_007586a0
007587b0	FUN_007587b0
00759000	FUN_00759000
007591c0	FUN_007591c0
007592e0	FUN_007592e0
007593b0	FUN_007593b0
007593d0	FUN_007593d0
00759b30	FUN_00759b30
00759d60	FUN_00759d60
00759f70	FUN_00759f70
0075a020	FUN_0075a020
0075a050	FUN_0075a050
0075a080	FUN_0075a080
0075a0c0	FUN_0075a0c0
0075a0e0	FUN_0075a0e0
0075a130	FUN_0075a130
0075a140	FUN_0075a140
0075a170	FUN_0075a170
0075a190	FUN_0075a190
0075a1b0	FUN_0075a1b0
0075a1d0	FUN_0075a1d0
0075a210	FUN_0075a210
0075a250	FUN_0075a250
0075a270	FUN_0075a270
0075a290	FUN_0075a290
0075a2b0	FUN_0075a2b0
0075a2d0	FUN_0075a2d0
0075a2f0	FUN_0075a2f0
0075a310	FUN_0075a310
0075a330	FUN_0075a330
0075a350	FUN_0075a350
0075a370	FUN_0075a370
0075a690	FUN_0075a690
0075a7b0	FUN_0075a7b0
0075a860	FUN_0075a860
0075a870	FUN_0075a870
0075aac0	FUN_0075aac0
0075ab00	FUN_0075ab00
0075ab70	FUN_0075ab70
0075abc0	FUN_0075abc0
0075ac20	FUN_0075ac20
0075ac40	FUN_0075ac40
0075ac70	FUN_0075ac70
0075ad10	FUN_0075ad10
0075adb0	FUN_0075adb0
0075add0	FUN_0075add0
0075ba80	FUN_0075ba80
0075bab0	FUN_0075bab0
0075bac0	FUN_0075bac0
0075bad0	FUN_0075bad0
0075bae0	FUN_0075bae0
0075bbf0	FUN_0075bbf0
0075c040	FUN_0075c040
0075c070	FUN_0075c070
0075c200	FUN_0075c200
0075c430	FUN_0075c430
0075c550	FUN_0075c550
0075db80	FUN_0075db80
0075dcc0	FUN_0075dcc0
0075dd50	FUN_0075dd50
0075dd70	FUN_0075dd70
0075dde0	FUN_0075dde0
0075de40	FUN_0075de40
0075df10	FUN_0075df10
0075df90	FUN_0075df90
0075dfc0	FUN_0075dfc0
0075e5c0	FUN_0075e5c0
0075e620	FUN_0075e620
0075e800	FUN_0075e800
0075e820	FUN_0075e820
0075e8f0	FUN_0075e8f0
0075f0b0	FUN_0075f0b0
0075f240	FUN_0075f240
0075f300	FUN_0075f300
0075f320	FUN_0075f320
0075f340	FUN_0075f340
0075f350	FUN_0075f350
0075f550	FUN_0075f550
00760c50	FUN_00760c50
00760cd0	FUN_00760cd0
00760e21	Catch@00760e21
00760e60	FUN_00760e60
00760fd0	FUN_00760fd0
00761300	FUN_00761300
007613e0	FUN_007613e0
00761f30	FUN_00761f30
00762510	FUN_00762510
007626f0	FUN_007626f0
00762ac0	FUN_00762ac0
00762e10	FUN_00762e10
007631c0	FUN_007631c0
00763590	FUN_00763590
00763830	FUN_00763830
007639a0	FUN_007639a0
00763c10	FUN_00763c10
00763ea0	FUN_00763ea0
00764040	FUN_00764040
00765420	FUN_00765420
00765ae0	FUN_00765ae0
00767200	FUN_00767200
00767890	FUN_00767890
00767e50	FUN_00767e50
00767ee0	FUN_00767ee0
00768070	FUN_00768070
007680d0	FUN_007680d0
007682b0	FUN_007682b0
00768780	FUN_00768780
00768a70	FUN_00768a70
00768a90	FUN_00768a90
00768b10	FUN_00768b10
00768b30	FUN_00768b30
00768cc0	FUN_00768cc0
00768d30	FUN_00768d30
00768ed2	Catch@00768ed2
00768f10	FUN_00768f10
00768fb0	FUN_00768fb0
00769040	FUN_00769040
00769070	FUN_00769070
00769110	FUN_00769110
007691b0	FUN_007691b0
00769280	FUN_00769280
00769530	FUN_00769530
00769e00	FUN_00769e00
00769fb0	FUN_00769fb0
0076a130	FUN_0076a130
0076a140	FUN_0076a140
0076a320	FUN_0076a320
0076a590	FUN_0076a590
0076a740	FUN_0076a740
0076a7c0	FUN_0076a7c0
0076ab60	FUN_0076ab60
0076ad10	FUN_0076ad10
0076ad90	FUN_0076ad90
0076b210	FUN_0076b210
0076b3c0	FUN_0076b3c0
0076b4a0	FUN_0076b4a0
0076b760	FUN_0076b760
0076b880	FUN_0076b880
0076ba30	FUN_0076ba30
0076bbc0	FUN_0076bbc0
0076bf10	FUN_0076bf10
0076c020	FUN_0076c020
0076c210	FUN_0076c210
0076c2a0	FUN_0076c2a0
0076c480	FUN_0076c480
0076c630	FUN_0076c630
0076c740	FUN_0076c740
0076c7f0	FUN_0076c7f0
0076c990	FUN_0076c990
0076d350	FUN_0076d350
0076d390	FUN_0076d390
0076d420	FUN_0076d420
0076d480	FUN_0076d480
0076d6e0	FUN_0076d6e0
0076d720	FUN_0076d720
0076d7e0	FUN_0076d7e0
0076d850	FUN_0076d850
0076dae0	FUN_0076dae0
0076dba0	FUN_0076dba0
0076e0b0	FUN_0076e0b0
0076ff50	FUN_0076ff50
0076ffd0	FUN_0076ffd0
00770120	FUN_00770120
00770550	FUN_00770550
00770770	FUN_00770770
00770a20	FUN_00770a20
00770c50	FUN_00770c50
00770ce0	FUN_00770ce0
00771560	FUN_00771560
00771800	FUN_00771800
00771890	FUN_00771890
00771e80	FUN_00771e80
007720c0	FUN_007720c0
00772510	FUN_00772510
00772d70	FUN_00772d70
00773070	FUN_00773070
00773160	FUN_00773160
00773380	FUN_00773380
00773600	FUN_00773600
00773810	FUN_00773810
00773890	FUN_00773890
00773a70	FUN_00773a70
00773d20	FUN_00773d20
00773d50	FUN_00773d50
00773d90	FUN_00773d90
00773f50	FUN_00773f50
00774000	FUN_00774000
00774010	FUN_00774010
00774370	FUN_00774370
007747e0	FUN_007747e0
007748b0	FUN_007748b0
007749e0	FUN_007749e0
00774b90	FUN_00774b90
00774d00	FUN_00774d00
00774d80	FUN_00774d80
00774e80	FUN_00774e80
00775210	FUN_00775210
00775340	FUN_00775340
00775520	FUN_00775520
00775860	FUN_00775860
00775ba0	FUN_00775ba0
00775ec0	FUN_00775ec0
00776390	FUN_00776390
00776480	FUN_00776480
00776b00	FUN_00776b00
00778040	FUN_00778040
007781c0	FUN_007781c0
00778390	FUN_00778390
00778760	FUN_00778760
00778810	FUN_00778810
00778900	FUN_00778900
00778a00	FUN_00778a00
00778ce0	FUN_00778ce0
00778d60	FUN_00778d60
00779030	FUN_00779030
00779240	FUN_00779240
00779320	FUN_00779320
00779330	FUN_00779330
007795a0	FUN_007795a0
00779a20	FUN_00779a20
00779a50	FUN_00779a50
00779c30	FUN_00779c30
00779c60	FUN_00779c60
00779ca0	FUN_00779ca0
00779ea0	FUN_00779ea0
00779f20	FUN_00779f20
0077a010	FUN_0077a010
0077a300	FUN_0077a300
0077a3b0	FUN_0077a3b0
0077a5c0	FUN_0077a5c0
0077a920	FUN_0077a920
0077a9f0	FUN_0077a9f0
0077ae30	FUN_0077ae30
0077b2e0	FUN_0077b2e0
0077b360	FUN_0077b360
0077b490	FUN_0077b490
0077b9a0	FUN_0077b9a0
0077ba20	FUN_0077ba20
0077bb10	FUN_0077bb10
0077bde0	FUN_0077bde0
0077be60	FUN_0077be60
0077bfa0	FUN_0077bfa0
0077c250	FUN_0077c250
0077c2e0	FUN_0077c2e0
0077c370	FUN_0077c370
0077c3e0	FUN_0077c3e0
0077c650	FUN_0077c650
0077c840	FUN_0077c840
0077ccf0	FUN_0077ccf0
0077d050	FUN_0077d050
0077d390	FUN_0077d390
0077d5c0	FUN_0077d5c0
0077daa0	FUN_0077daa0
0077db70	FUN_0077db70
0077dd60	FUN_0077dd60
0077e080	FUN_0077e080
0077e440	FUN_0077e440
0077e680	FUN_0077e680
0077e9d0	FUN_0077e9d0
0077ea90	FUN_0077ea90
0077ec60	FUN_0077ec60
0077ee00	FUN_0077ee00
0077eea0	FUN_0077eea0
0077ef80	FUN_0077ef80
0077f190	FUN_0077f190
0077f4c0	FUN_0077f4c0
0077fb70	FUN_0077fb70
0077fb80	FUN_0077fb80
007802c0	FUN_007802c0
00780490	FUN_00780490
00780550	FUN_00780550
00780900	FUN_00780900
00780cc0	FUN_00780cc0
00781110	FUN_00781110
00781630	FUN_00781630
007816a0	FUN_007816a0
007820b0	FUN_007820b0
00782330	FUN_00782330
00782630	FUN_00782630
007828e0	FUN_007828e0
00782970	FUN_00782970
00782b30	FUN_00782b30
007830f0	FUN_007830f0
00783170	FUN_00783170
00783610	FUN_00783610
007837c0	FUN_007837c0
00783840	FUN_00783840
00783950	FUN_00783950
00783c60	FUN_00783c60
00783f00	FUN_00783f00
00783fa0	FUN_00783fa0
007843d0	FUN_007843d0
007846b0	FUN_007846b0
00784730	FUN_00784730
00784810	FUN_00784810
007849b0	FUN_007849b0
00784a90	FUN_00784a90
00784cb0	FUN_00784cb0
00784f40	FUN_00784f40
00785140	FUN_00785140
00785240	FUN_00785240
00785520	FUN_00785520
007857c0	FUN_007857c0
00785870	FUN_00785870
00785ad0	FUN_00785ad0
00785c70	FUN_00785c70
00785f30	FUN_00785f30
00785fa0	FUN_00785fa0
00786620	FUN_00786620
00786a00	FUN_00786a00
00786c00	FUN_00786c00
00786e90	FUN_00786e90
007870a0	FUN_007870a0
00787390	FUN_00787390
00787750	FUN_00787750
00787850	FUN_00787850
00787a60	FUN_00787a60
00787c90	FUN_00787c90
00787f20	FUN_00787f20
00788130	FUN_00788130
007881b0	FUN_007881b0
007884d0	FUN_007884d0
00788670	FUN_00788670
007887b0	FUN_007887b0
00788b30	FUN_00788b30
00789280	FUN_00789280
007896f0	FUN_007896f0
00789770	FUN_00789770
007898a0	FUN_007898a0
00789bb0	FUN_00789bb0
00789c30	FUN_00789c30
00789d00	FUN_00789d00
0078a180	FUN_0078a180
0078a3c0	FUN_0078a3c0
0078a780	FUN_0078a780
0078aa40	FUN_0078aa40
0078aad0	FUN_0078aad0
0078abf0	FUN_0078abf0
0078ae90	FUN_0078ae90
0078af20	FUN_0078af20
0078b040	FUN_0078b040
0078b2b0	FUN_0078b2b0
0078b3d0	FUN_0078b3d0
0078b540	FUN_0078b540
0078b8d0	FUN_0078b8d0
0078bcb0	FUN_0078bcb0
0078c100	FUN_0078c100
0078c310	FUN_0078c310
0078c550	FUN_0078c550
0078cd70	FUN_0078cd70
0078d150	FUN_0078d150
0078d480	FUN_0078d480
0078dac0	FUN_0078dac0
0078dda0	FUN_0078dda0
0078de20	FUN_0078de20
0078e040	FUN_0078e040
0078e1f0	FUN_0078e1f0
0078e340	FUN_0078e340
0078e8b0	FUN_0078e8b0
0078ef20	FUN_0078ef20
0078efb0	FUN_0078efb0
0078f450	FUN_0078f450
0078f8b0	FUN_0078f8b0
0078f930	FUN_0078f930
0078fa70	FUN_0078fa70
0078fec0	FUN_0078fec0
0078ff50	FUN_0078ff50
00790410	FUN_00790410
007908f0	FUN_007908f0
00790980	FUN_00790980
00790b40	FUN_00790b40
00790ea0	FUN_00790ea0
00791130	FUN_00791130
007916e0	FUN_007916e0
00792170	FUN_00792170
007927c0	FUN_007927c0
00793000	FUN_00793000
00793660	FUN_00793660
00793720	FUN_00793720
00793a30	FUN_00793a30
00793be0	FUN_00793be0
00793e50	FUN_00793e50
00793f70	FUN_00793f70
00794410	FUN_00794410
00794980	FUN_00794980
00794a10	FUN_00794a10
00794fb0	FUN_00794fb0
00795410	FUN_00795410
00795490	FUN_00795490
00795550	FUN_00795550
00795a30	FUN_00795a30
00795bc0	FUN_00795bc0
00796540	FUN_00796540
00797410	FUN_00797410
007975f0	FUN_007975f0
00797ab0	FUN_00797ab0
00797d40	FUN_00797d40
00797dc0	FUN_00797dc0
00797f50	FUN_00797f50
00798100	FUN_00798100
00798720	FUN_00798720
00798d70	FUN_00798d70
00798f20	FUN_00798f20
00799000	FUN_00799000
00799600	FUN_00799600
00799d40	FUN_00799d40
0079a030	FUN_0079a030
0079a110	FUN_0079a110
0079a2a0	FUN_0079a2a0
0079a860	FUN_0079a860
0079a8f0	FUN_0079a8f0
0079ae60	FUN_0079ae60
0079b010	FUN_0079b010
0079b170	FUN_0079b170
0079b1f0	FUN_0079b1f0
0079b500	FUN_0079b500
0079b730	FUN_0079b730
0079b7c0	FUN_0079b7c0
0079b900	FUN_0079b900
0079bc60	FUN_0079bc60
0079bd60	FUN_0079bd60
0079bf90	FUN_0079bf90
0079c240	FUN_0079c240
0079c2c0	FUN_0079c2c0
0079c3b0	FUN_0079c3b0
0079c6b0	FUN_0079c6b0
0079c780	FUN_0079c780
0079c970	FUN_0079c970
0079cd60	FUN_0079cd60
0079cee0	FUN_0079cee0
0079d320	FUN_0079d320
0079d570	FUN_0079d570
0079d600	FUN_0079d600
0079d760	FUN_0079d760
0079da60	FUN_0079da60
0079db20	FUN_0079db20
0079dbe0	FUN_0079dbe0
0079dd10	FUN_0079dd10
0079deb0	FUN_0079deb0
0079df10	FUN_0079df10
0079dfa0	FUN_0079dfa0
0079e010	FUN_0079e010
0079e510	FUN_0079e510
0079e6c0	FUN_0079e6c0
0079e750	FUN_0079e750
0079ecc0	FUN_0079ecc0
0079eee0	FUN_0079eee0
0079efa0	FUN_0079efa0
0079efb0	FUN_0079efb0
0079f900	FUN_0079f900
0079fab0	FUN_0079fab0
0079fbe0	FUN_0079fbe0
0079fe80	FUN_0079fe80
007a0070	FUN_007a0070
007a01a0	FUN_007a01a0
007a0450	FUN_007a0450
007a0640	FUN_007a0640
007a06c0	FUN_007a06c0
007a0a50	FUN_007a0a50
007a0ca0	FUN_007a0ca0
007a0d20	FUN_007a0d20
007a0e80	FUN_007a0e80
007a11a0	FUN_007a11a0
007a1220	FUN_007a1220
007a12d0	FUN_007a12d0
007a1380	FUN_007a1380
007a1520	FUN_007a1520
007a1560	FUN_007a1560
007a1590	FUN_007a1590
007a15d0	FUN_007a15d0
007a1790	FUN_007a1790
007a17c0	FUN_007a17c0
007a1800	FUN_007a1800
007a19c0	FUN_007a19c0
007a1a40	FUN_007a1a40
007a1b10	FUN_007a1b10
007a1cd0	FUN_007a1cd0
007a1d50	FUN_007a1d50
007a1e10	FUN_007a1e10
007a1fd0	FUN_007a1fd0
007a2000	FUN_007a2000
007a2040	FUN_007a2040
007a2200	FUN_007a2200
007a2520	FUN_007a2520
007a2cb0	FUN_007a2cb0
007a3070	FUN_007a3070
007a36c0	FUN_007a36c0
007a4c60	FUN_007a4c60
007a4ce0	FUN_007a4ce0
007a5010	FUN_007a5010
007a51c0	FUN_007a51c0
007a5240	FUN_007a5240
007a5250	FUN_007a5250
007a5360	FUN_007a5360
007a56c0	FUN_007a56c0
007a57b0	FUN_007a57b0
007a5aa0	FUN_007a5aa0
007a5df0	FUN_007a5df0
007a5ec0	FUN_007a5ec0
007a5fd0	FUN_007a5fd0
007a6320	FUN_007a6320
007a63a0	FUN_007a63a0
007a6680	FUN_007a6680
007a6bc0	FUN_007a6bc0
007a6dd0	FUN_007a6dd0
007a7370	FUN_007a7370
007a7560	FUN_007a7560
007a7820	FUN_007a7820
007a7b60	FUN_007a7b60
007a7e30	FUN_007a7e30
007a7fe0	FUN_007a7fe0
007a8180	FUN_007a8180
007a8340	FUN_007a8340
007a84e0	FUN_007a84e0
007a8940	FUN_007a8940
007a8a10	FUN_007a8a10
007a8dd0	FUN_007a8dd0
007a8ee0	FUN_007a8ee0
007a9460	FUN_007a9460
007a97b0	FUN_007a97b0
007a9830	FUN_007a9830
007a9870	FUN_007a9870
007a9b30	FUN_007a9b30
007a9c00	FUN_007a9c00
007a9e20	FUN_007a9e20
007aa260	FUN_007aa260
007aa330	FUN_007aa330
007aa6e0	FUN_007aa6e0
007aa890	FUN_007aa890
007aa940	FUN_007aa940
007aa950	FUN_007aa950
007aac30	FUN_007aac30
007aade0	FUN_007aade0
007aae60	FUN_007aae60
007aae70	FUN_007aae70
007ab160	FUN_007ab160
007ab310	FUN_007ab310
007ab3d0	FUN_007ab3d0
007ab890	FUN_007ab890
007abc10	FUN_007abc10
007abc30	FUN_007abc30
007abc50	FUN_007abc50
007abc70	FUN_007abc70
007abc90	FUN_007abc90
007abcb0	FUN_007abcb0
007abcd0	FUN_007abcd0
007abcf0	FUN_007abcf0
007abd10	FUN_007abd10
007abd30	FUN_007abd30
007abd50	FUN_007abd50
007abd70	FUN_007abd70
007abd90	FUN_007abd90
007abdb0	FUN_007abdb0
007abdd0	FUN_007abdd0
007abdf0	FUN_007abdf0
007abe10	FUN_007abe10
007abe30	FUN_007abe30
007abe50	FUN_007abe50
007abe70	FUN_007abe70
007abe90	FUN_007abe90
007abeb0	FUN_007abeb0
007abed0	FUN_007abed0
007abef0	FUN_007abef0
007abf10	FUN_007abf10
007abf30	FUN_007abf30
007abf50	FUN_007abf50
007abf70	FUN_007abf70
007abf90	FUN_007abf90
007abfb0	FUN_007abfb0
007abfd0	FUN_007abfd0
007abff0	FUN_007abff0
007ac040	FUN_007ac040
007ac0b0	FUN_007ac0b0
007ac0d0	FUN_007ac0d0
007ac0f0	FUN_007ac0f0
007ac110	FUN_007ac110
007ac130	FUN_007ac130
007ac150	FUN_007ac150
007ac170	FUN_007ac170
007ac190	FUN_007ac190
007ac1b0	FUN_007ac1b0
007ac1d0	FUN_007ac1d0
007ac1f0	FUN_007ac1f0
007ac210	FUN_007ac210
007ac230	FUN_007ac230
007ac250	FUN_007ac250
007ac270	FUN_007ac270
007ac290	FUN_007ac290
007ac2b0	FUN_007ac2b0
007ac2d0	FUN_007ac2d0
007ac2f0	FUN_007ac2f0
007ac310	FUN_007ac310
007ac330	FUN_007ac330
007ac350	FUN_007ac350
007ac370	FUN_007ac370
007ac390	FUN_007ac390
007ac3b0	FUN_007ac3b0
007ac3d0	FUN_007ac3d0
007ac3f0	FUN_007ac3f0
007ac410	FUN_007ac410
007ac430	FUN_007ac430
007ac450	FUN_007ac450
007ac470	FUN_007ac470
007ac490	FUN_007ac490
007ac4b0	FUN_007ac4b0
007ac4d0	FUN_007ac4d0
007ac4f0	FUN_007ac4f0
007ac510	FUN_007ac510
007ac530	FUN_007ac530
007ac550	FUN_007ac550
007ac570	FUN_007ac570
007ac590	FUN_007ac590
007ac5b0	FUN_007ac5b0
007ac5d0	FUN_007ac5d0
007ac5f0	FUN_007ac5f0
007ac610	FUN_007ac610
007ac630	FUN_007ac630
007ac650	FUN_007ac650
007ac670	FUN_007ac670
007ac690	FUN_007ac690
007ac6b0	FUN_007ac6b0
007ac6d0	FUN_007ac6d0
007ac6f0	FUN_007ac6f0
007ac710	FUN_007ac710
007ac730	FUN_007ac730
007ac750	FUN_007ac750
007ac770	FUN_007ac770
007ac790	FUN_007ac790
007ac7b0	FUN_007ac7b0
007ac7d0	FUN_007ac7d0
007ac7f0	FUN_007ac7f0
007ac810	FUN_007ac810
007ac830	FUN_007ac830
007ac850	FUN_007ac850
007ac870	FUN_007ac870
007ac890	FUN_007ac890
007ac8b0	FUN_007ac8b0
007ac8d0	FUN_007ac8d0
007ac8f0	FUN_007ac8f0
007ac910	FUN_007ac910
007ac930	FUN_007ac930
007ac950	FUN_007ac950
007ac970	FUN_007ac970
007ac990	FUN_007ac990
007ac9b0	FUN_007ac9b0
007ac9d0	FUN_007ac9d0
007ac9f0	FUN_007ac9f0
007aca10	FUN_007aca10
007aca30	FUN_007aca30
007aca50	FUN_007aca50
007aca70	FUN_007aca70
007aca90	FUN_007aca90
007acab0	FUN_007acab0
007acad0	FUN_007acad0
007acaf0	FUN_007acaf0
007acb10	FUN_007acb10
007acb30	FUN_007acb30
007acb60	FUN_007acb60
007acb80	FUN_007acb80
007acba0	FUN_007acba0
007acbc0	FUN_007acbc0
007acbe0	FUN_007acbe0
007acc00	FUN_007acc00
007acc20	FUN_007acc20
007acc40	FUN_007acc40
007acc60	FUN_007acc60
007acc80	FUN_007acc80
007acca0	FUN_007acca0
007accc0	FUN_007accc0
007acd70	FUN_007acd70
007acf50	FUN_007acf50
007ad0f0	FUN_007ad0f0
007ad1a0	FUN_007ad1a0
007ad370	FUN_007ad370
007ad6a0	FUN_007ad6a0
007adae0	FUN_007adae0
007adb60	FUN_007adb60
007ae220	FUN_007ae220
007ae3d0	FUN_007ae3d0
007ae450	FUN_007ae450
007ae460	FUN_007ae460
007ae6f0	FUN_007ae6f0
007ae8a0	FUN_007ae8a0
007ae920	FUN_007ae920
007aea10	FUN_007aea10
007aed70	FUN_007aed70
007aee20	FUN_007aee20
007aee30	FUN_007aee30
007af2b0	FUN_007af2b0
007af460	FUN_007af460
007af4e0	FUN_007af4e0
007af6f0	FUN_007af6f0
007af890	FUN_007af890
007af910	FUN_007af910
007afd20	FUN_007afd20
007afed0	FUN_007afed0
007b0080	FUN_007b0080
007b0150	FUN_007b0150
007b0470	FUN_007b0470
007b06d0	FUN_007b06d0
007b0d50	FUN_007b0d50
007b0dd0	FUN_007b0dd0
007b13c0	FUN_007b13c0
007b1630	FUN_007b1630
007b19c0	FUN_007b19c0
007b2230	FUN_007b2230
007b23e0	FUN_007b23e0
007b2510	FUN_007b2510
007b29f0	FUN_007b29f0
007b2c00	FUN_007b2c00
007b2db0	FUN_007b2db0
007b2ec0	FUN_007b2ec0
007b3800	FUN_007b3800
007b39b0	FUN_007b39b0
007b3a80	FUN_007b3a80
007b43e0	FUN_007b43e0
007b4590	FUN_007b4590
007b4690	FUN_007b4690
007b5080	FUN_007b5080
007b5230	FUN_007b5230
007b5800	FUN_007b5800
007b5f10	FUN_007b5f10
007b60c0	FUN_007b60c0
007b64b0	FUN_007b64b0
007b6980	FUN_007b6980
007b6f30	FUN_007b6f30
007b70e0	FUN_007b70e0
007b71b0	FUN_007b71b0
007b7430	FUN_007b7430
007b7510	FUN_007b7510
007b76b0	FUN_007b76b0
007b7780	FUN_007b7780
007b7e70	FUN_007b7e70
007b8020	FUN_007b8020
007b81b0	FUN_007b81b0
007b8760	FUN_007b8760
007b8900	FUN_007b8900
007b8980	FUN_007b8980
007b8e10	FUN_007b8e10
007b8fc0	FUN_007b8fc0
007b90e0	FUN_007b90e0
007b9560	FUN_007b9560
007b9630	FUN_007b9630
007b97e0	FUN_007b97e0
007b98b0	FUN_007b98b0
007b9cc0	FUN_007b9cc0
007b9e60	FUN_007b9e60
007b9ee0	FUN_007b9ee0
007ba360	FUN_007ba360
007ba510	FUN_007ba510
007ba5e0	FUN_007ba5e0
007bab60	FUN_007bab60
007bae20	FUN_007bae20
007baef0	FUN_007baef0
007bb110	FUN_007bb110
007bb4c0	FUN_007bb4c0
007bb670	FUN_007bb670
007bc490	FUN_007bc490
007bcc00	FUN_007bcc00
007bcda0	FUN_007bcda0
007bce30	FUN_007bce30
007bd0f0	FUN_007bd0f0
007bd290	FUN_007bd290
007bd320	FUN_007bd320
007bd330	FUN_007bd330
007bd680	FUN_007bd680
007bd830	FUN_007bd830
007bd8c0	FUN_007bd8c0
007be1a0	FUN_007be1a0
007be350	FUN_007be350
007be3d0	FUN_007be3d0
007be830	FUN_007be830
007be9e0	FUN_007be9e0
007beab0	FUN_007beab0
007bedc0	FUN_007bedc0
007bef70	FUN_007bef70
007beff0	FUN_007beff0
007bf750	FUN_007bf750
007bf900	FUN_007bf900
007bfa20	FUN_007bfa20
007bff60	FUN_007bff60
007c0110	FUN_007c0110
007c0230	FUN_007c0230
007c0780	FUN_007c0780
007c0930	FUN_007c0930
007c09f0	FUN_007c09f0
007c0e10	FUN_007c0e10
007c0fb0	FUN_007c0fb0
007c1060	FUN_007c1060
007c1070	FUN_007c1070
007c1530	FUN_007c1530
007c16e0	FUN_007c16e0
007c1790	FUN_007c1790
007c19d0	FUN_007c19d0
007c1b70	FUN_007c1b70
007c1bf0	FUN_007c1bf0
007c20d0	FUN_007c20d0
007c2280	FUN_007c2280
007c2300	FUN_007c2300
007c2580	FUN_007c2580
007c2730	FUN_007c2730
007c27b0	FUN_007c27b0
007c2940	FUN_007c2940
007c2ae0	FUN_007c2ae0
007c3190	FUN_007c3190
007c3630	FUN_007c3630
007c37d0	FUN_007c37d0
007c3850	FUN_007c3850
007c39c0	FUN_007c39c0
007c3ba0	FUN_007c3ba0
007c3d50	FUN_007c3d50
007c3df0	FUN_007c3df0
007c4130	FUN_007c4130
007c42e0	FUN_007c42e0
007c43b0	FUN_007c43b0
007c4b10	FUN_007c4b10
007c4da0	FUN_007c4da0
007c4e70	FUN_007c4e70
007c51a0	FUN_007c51a0
007c5340	FUN_007c5340
007c54f0	FUN_007c54f0
007c5ba0	FUN_007c5ba0
007c5bb0	FUN_007c5bb0
007c62f0	FUN_007c62f0
007c64c0	FUN_007c64c0
007c6580	FUN_007c6580
007c6600	FUN_007c6600
007c6b30	FUN_007c6b30
007c6ce0	FUN_007c6ce0
007c6d00	FUN_007c6d00
007c6d20	FUN_007c6d20
007c6d40	FUN_007c6d40
007c6d60	FUN_007c6d60
007c6d80	FUN_007c6d80
007c6da0	FUN_007c6da0
007c6dc0	FUN_007c6dc0
007c6de0	FUN_007c6de0
007c6e00	FUN_007c6e00
007c6e20	FUN_007c6e20
007c6e40	FUN_007c6e40
007c6e60	FUN_007c6e60
007c6e80	FUN_007c6e80
007c6ea0	FUN_007c6ea0
007c6ec0	FUN_007c6ec0
007c6ee0	FUN_007c6ee0
007c6f00	FUN_007c6f00
007c6f20	FUN_007c6f20
007c6f40	FUN_007c6f40
007c6f60	FUN_007c6f60
007c6f80	FUN_007c6f80
007c6fa0	FUN_007c6fa0
007c6fc0	FUN_007c6fc0
007c6fe0	FUN_007c6fe0
007c7000	FUN_007c7000
007c7020	FUN_007c7020
007c7040	FUN_007c7040
007c7060	FUN_007c7060
007c7080	FUN_007c7080
007c70a0	FUN_007c70a0
007c70c0	FUN_007c70c0
007c70e0	FUN_007c70e0
007c7100	FUN_007c7100
007c7120	FUN_007c7120
007c7180	FUN_007c7180
007c71a0	FUN_007c71a0
007c71c0	FUN_007c71c0
007c71e0	FUN_007c71e0
007c7200	FUN_007c7200
007c7220	FUN_007c7220
007c7240	FUN_007c7240
007c7260	FUN_007c7260
007c7280	FUN_007c7280
007c72a0	FUN_007c72a0
007c72d0	FUN_007c72d0
007c7300	FUN_007c7300
007c7330	FUN_007c7330
007c7350	FUN_007c7350
007c7490	FUN_007c7490
007c7560	FUN_007c7560
007c7590	FUN_007c7590
007cb020	FUN_007cb020
007cb050	FUN_007cb050
007cb110	FUN_007cb110
007cb240	FUN_007cb240
007cb2a0	FUN_007cb2a0
007cb2f0	FUN_007cb2f0
007cb330	FUN_007cb330
007cb370	FUN_007cb370
007cb3e0	FUN_007cb3e0
007cb430	FUN_007cb430
007cb470	FUN_007cb470
007cb4c0	FUN_007cb4c0
007cb500	FUN_007cb500
007cb540	FUN_007cb540
007cb590	FUN_007cb590
007cb5d0	FUN_007cb5d0
007cb610	FUN_007cb610
007cb640	FUN_007cb640
007cb670	FUN_007cb670
007cb6a0	FUN_007cb6a0
007cb6d0	FUN_007cb6d0
007cb700	FUN_007cb700
007cb750	FUN_007cb750
007cb780	FUN_007cb780
007cb7b0	FUN_007cb7b0
007cb7e0	FUN_007cb7e0
007cb830	FUN_007cb830
007cb8e0	FUN_007cb8e0
007cb920	FUN_007cb920
007cb960	FUN_007cb960
007cb9a0	FUN_007cb9a0
007cb9b0	FUN_007cb9b0
007cba30	FUN_007cba30
007cbc90	FUN_007cbc90
007cc090	FUN_007cc090
007cc0e0	FUN_007cc0e0
007cc150	FUN_007cc150
007cc270	FUN_007cc270
007cc290	FUN_007cc290
007cc2c0	FUN_007cc2c0
007cc380	FUN_007cc380
007cc400	FUN_007cc400
007cc760	FUN_007cc760
007cc8b0	FUN_007cc8b0
007ccbe0	FUN_007ccbe0
007cce50	FUN_007cce50
007ccf90	FUN_007ccf90
007cd030	FUN_007cd030
007cd5a0	FUN_007cd5a0
007cdc10	FUN_007cdc10
007cdd00	FUN_007cdd00
007cdf20	FUN_007cdf20
007cdf60	FUN_007cdf60
007cdfd0	FUN_007cdfd0
007ce040	FUN_007ce040
007ce0e0	FUN_007ce0e0
007ce140	FUN_007ce140
007ce1a0	FUN_007ce1a0
007ce230	FUN_007ce230
007ce2a0	FUN_007ce2a0
007ce2f0	FUN_007ce2f0
007ce340	FUN_007ce340
007ce390	FUN_007ce390
007ce4f0	FUN_007ce4f0
007ce670	FUN_007ce670
007ce7d0	FUN_007ce7d0
007ce820	FUN_007ce820
007ce830	FUN_007ce830
007ce840	FUN_007ce840
007ce960	FUN_007ce960
007ce9e0	FUN_007ce9e0
007cea50	FUN_007cea50
007ceac0	FUN_007ceac0
007cebe0	FUN_007cebe0
007cec90	FUN_007cec90
007cfce0	FUN_007cfce0
007d1ee0	FUN_007d1ee0
007d1f00	FUN_007d1f00
007d1f70	FUN_007d1f70
007d1fb0	FUN_007d1fb0
007d1ff0	FUN_007d1ff0
007d22d0	FUN_007d22d0
007d2410	FUN_007d2410
007d2c20	FUN_007d2c20
007d2e20	FUN_007d2e20
007d3530	FUN_007d3530
007d38c0	FUN_007d38c0
007d3a50	FUN_007d3a50
007d3b30	FUN_007d3b30
007d3b60	FUN_007d3b60
007d3d40	FUN_007d3d40
007d3ee0	FUN_007d3ee0
007d4090	FUN_007d4090
007d41b0	FUN_007d41b0
007d4490	FUN_007d4490
007d47d0	FUN_007d47d0
007d4af0	FUN_007d4af0
007d4b30	FUN_007d4b30
007d4b70	FUN_007d4b70
007d4bb0	FUN_007d4bb0
007d4bf0	FUN_007d4bf0
007d4c50	FUN_007d4c50
007d4ca0	FUN_007d4ca0
007d4cf0	FUN_007d4cf0
007d4d40	FUN_007d4d40
007d4d90	FUN_007d4d90
007d4de0	FUN_007d4de0
007d4e30	FUN_007d4e30
007d4e80	FUN_007d4e80
007d4ed0	FUN_007d4ed0
007d4ef0	FUN_007d4ef0
007d4f10	FUN_007d4f10
007d4fe0	FUN_007d4fe0
007d51b0	FUN_007d51b0
007d5350	FUN_007d5350
007d5370	FUN_007d5370
007d5390	FUN_007d5390
007d5490	FUN_007d5490
007d54a0	FUN_007d54a0
007d5610	FUN_007d5610
007d5650	FUN_007d5650
007d5690	FUN_007d5690
007d56c0	FUN_007d56c0
007d56f0	FUN_007d56f0
007d5720	FUN_007d5720
007d5750	FUN_007d5750
007d5780	FUN_007d5780
007d57b0	FUN_007d57b0
007d57e0	FUN_007d57e0
007d5810	FUN_007d5810
007d5910	FUN_007d5910
007d59d0	FUN_007d59d0
007d5ad0	FUN_007d5ad0
007d5b00	FUN_007d5b00
007d5b20	FUN_007d5b20
007d5b40	FUN_007d5b40
007d5ba0	FUN_007d5ba0
007d5bb0	FUN_007d5bb0
007d5be0	FUN_007d5be0
007d5c50	FUN_007d5c50
007d6090	FUN_007d6090
007d60b0	FUN_007d60b0
007d6190	FUN_007d6190
007d6200	FUN_007d6200
007d63be	Catch@007d63be
007d6420	FUN_007d6420
007d64b0	FUN_007d64b0
007d64c0	FUN_007d64c0
007d64f0	FUN_007d64f0
007d6540	FUN_007d6540
007d6560	FUN_007d6560
007d6680	FUN_007d6680
007d6752	Catch@007d6752
007d67c0	FUN_007d67c0
007d6898	Catch@007d6898
007d6910	FUN_007d6910
007d6a30	FUN_007d6a30
007d6a70	FUN_007d6a70
007d6a90	FUN_007d6a90
007d7210	FUN_007d7210
007d7800	FUN_007d7800
007d7c40	FUN_007d7c40
007d7cb0	FUN_007d7cb0
007d7ce0	FUN_007d7ce0
007d7cf0	FUN_007d7cf0
007d7d00	FUN_007d7d00
007d7fc0	FUN_007d7fc0
007d80f0	FUN_007d80f0
007da660	FUN_007da660
007da800	FUN_007da800
007da830	FUN_007da830
007da850	FUN_007da850
007da890	FUN_007da890
007da8c0	FUN_007da8c0
007da950	FUN_007da950
007dab30	FUN_007dab30
007dab50	FUN_007dab50
007dab70	FUN_007dab70
007dab80	FUN_007dab80
007daba0	FUN_007daba0
007dae10	FUN_007dae10
007db060	FUN_007db060
007db2e0	FUN_007db2e0
007db530	FUN_007db530
007db6a0	FUN_007db6a0
007db810	FUN_007db810
007db830	FUN_007db830
007e3960	FUN_007e3960
007e3d70	FUN_007e3d70
007e3dc0	FUN_007e3dc0
007e41f0	FUN_007e41f0
007e4cb0	FUN_007e4cb0
007e4f20	FUN_007e4f20
007e5180	FUN_007e5180
007e5860	FUN_007e5860
007e5f80	FUN_007e5f80
007e6690	FUN_007e6690
007e7030	FUN_007e7030
007e7680	FUN_007e7680
007e7dc0	FUN_007e7dc0
007e8470	FUN_007e8470
007e8ba0	FUN_007e8ba0
007e8be0	FUN_007e8be0
007e8c20	FUN_007e8c20
007e8c40	FUN_007e8c40
007e8dc0	FUN_007e8dc0
007e91a0	FUN_007e91a0
007e93c0	FUN_007e93c0
007ea410	FUN_007ea410
007ea4b0	FUN_007ea4b0
007ea9d0	FUN_007ea9d0
007eaa40	FUN_007eaa40
007eabe0	FUN_007eabe0
007ec370	FUN_007ec370
007ec380	FUN_007ec380
007ec390	FUN_007ec390
007ec3a0	FUN_007ec3a0
007ec3b0	FUN_007ec3b0
007ec3c0	FUN_007ec3c0
007ec3d0	FUN_007ec3d0
007ec3e0	FUN_007ec3e0
007ec460	FUN_007ec460
007ec480	FUN_007ec480
007ec4c0	FUN_007ec4c0
007ec5f0	FUN_007ec5f0
007ec610	FUN_007ec610
007ec740	FUN_007ec740
007ec7a0	FUN_007ec7a0
007ec7d0	FUN_007ec7d0
007ec900	FUN_007ec900
007ec9f0	FUN_007ec9f0
007eca30	FUN_007eca30
007ecd90	FUN_007ecd90
007ece30	FUN_007ece30
007ecf00	FUN_007ecf00
007ecf50	FUN_007ecf50
007ed030	FUN_007ed030
007ed0c0	FUN_007ed0c0
007ed0f0	FUN_007ed0f0
007ed130	FUN_007ed130
007ed140	FUN_007ed140
007ed160	FUN_007ed160
007ed170	FUN_007ed170
007ed1b0	FUN_007ed1b0
007ed1e0	FUN_007ed1e0
007ed430	FUN_007ed430
007edc70	FUN_007edc70
007ee360	FUN_007ee360
007eeb30	FUN_007eeb30
007efa10	FUN_007efa10
007efa20	FUN_007efa20
007efa30	FUN_007efa30
007efbe0	FUN_007efbe0
007efd90	FUN_007efd90
007effa0	FUN_007effa0
007effc0	FUN_007effc0
007effe0	FUN_007effe0
007f0010	FUN_007f0010
007f0030	FUN_007f0030
007f0160	FUN_007f0160
007f0170	FUN_007f0170
007f01a0	FUN_007f01a0
007f0440	FUN_007f0440
007f0450	FUN_007f0450
007f0670	FUN_007f0670
007f0860	FUN_007f0860
007f0940	FUN_007f0940
007f0950	FUN_007f0950
007f0970	FUN_007f0970
007f0cd0	FUN_007f0cd0
007f0cf0	FUN_007f0cf0
007f0d10	FUN_007f0d10
007f0d30	FUN_007f0d30
007f0e60	FUN_007f0e60
007f0f40	FUN_007f0f40
007f1350	FUN_007f1350
007f17e0	FUN_007f17e0
007f1a40	FUN_007f1a40
007f1c90	FUN_007f1c90
007f1de0	FUN_007f1de0
007f1ee0	FUN_007f1ee0
007f1f30	FUN_007f1f30
007f1f60	FUN_007f1f60
007f2510	FUN_007f2510
007f2770	FUN_007f2770
007f27e0	FUN_007f27e0
007f2cc0	FUN_007f2cc0
007f2d50	FUN_007f2d50
007f2dd0	FUN_007f2dd0
007f2e90	FUN_007f2e90
007f30f0	FUN_007f30f0
007f3100	TinCat_GetBuildNumber
007f3110	FUN_007f3110
007f3320	FUN_007f3320
007f3410	FUN_007f3410
007f3500	FUN_007f3500
007f35e0	FUN_007f35e0
007f36c0	FUN_007f36c0
007f37b0	FUN_007f37b0
007f38a0	FUN_007f38a0
007f38b0	FUN_007f38b0
007f3930	FUN_007f3930
007f3b00	FUN_007f3b00
007f3c20	FUN_007f3c20
007f3e10	FUN_007f3e10
007f3e70	FUN_007f3e70
007f48c0	FUN_007f48c0
007f4930	FUN_007f4930
007f4940	FUN_007f4940
007f4960	FUN_007f4960
007f4970	FUN_007f4970
007f4a00	FUN_007f4a00
007f4b30	FUN_007f4b30
007f4b40	FUN_007f4b40
007f4b50	FUN_007f4b50
007f4b60	FUN_007f4b60
007f4bf0	FUN_007f4bf0
007f4c90	FUN_007f4c90
007f4d90	FUN_007f4d90
007f4e30	FUN_007f4e30
007f4f00	FUN_007f4f00
007f5050	FUN_007f5050
007f5060	FUN_007f5060
007f5070	FUN_007f5070
007f5080	FUN_007f5080
007f5090	FUN_007f5090
007f50c0	FUN_007f50c0
007f5140	FUN_007f5140
007f5150	FUN_007f5150
007f51c0	FUN_007f51c0
007f5240	FUN_007f5240
007f52c0	FUN_007f52c0
007f52d0	FUN_007f52d0
007f52e0	FUN_007f52e0
007f52f0	FUN_007f52f0
007f5310	FUN_007f5310
007f5370	FUN_007f5370
007f53e0	FUN_007f53e0
007f53f0	FUN_007f53f0
007f5400	FUN_007f5400
007f5410	FUN_007f5410
007f5420	FUN_007f5420
007f5430	FUN_007f5430
007f5440	FUN_007f5440
007f5510	FUN_007f5510
007f55f0	FUN_007f55f0
007f5600	FUN_007f5600
007f5620	FUN_007f5620
007f5630	FUN_007f5630
007f5650	FUN_007f5650
007f5680	FUN_007f5680
007f5690	FUN_007f5690
007f56a0	FUN_007f56a0
007f56b0	FUN_007f56b0
007f56c0	FUN_007f56c0
007f5740	FUN_007f5740
007f5770	FUN_007f5770
007f5790	FUN_007f5790
007f58c0	FUN_007f58c0
007f5a10	FUN_007f5a10
007f5ae0	FUN_007f5ae0
007f5bd0	FUN_007f5bd0
007f5c20	FUN_007f5c20
007f5c30	FUN_007f5c30
007f5c50	FUN_007f5c50
007f5c60	FUN_007f5c60
007f5c80	FUN_007f5c80
007f5ca0	FUN_007f5ca0
007f5ee0	FUN_007f5ee0
007f5f30	FUN_007f5f30
007f5f40	FUN_007f5f40
007f5f50	FUN_007f5f50
007f5f70	FUN_007f5f70
007f5f90	FUN_007f5f90
007f5fe0	FUN_007f5fe0
007f60f0	FUN_007f60f0
007f61a0	FUN_007f61a0
007f61c0	FUN_007f61c0
007f61d0	FUN_007f61d0
007f6200	FUN_007f6200
007f6220	FUN_007f6220
007f6240	FUN_007f6240
007f6340	FUN_007f6340
007f6410	FUN_007f6410
007f6490	FUN_007f6490
007f6570	FUN_007f6570
007f6650	FUN_007f6650
007f66d0	FUN_007f66d0
007f66f0	FUN_007f66f0
007f6900	FUN_007f6900
007f6930	FUN_007f6930
007f6960	FUN_007f6960
007f6b01	Catch@007f6b01
007f6be0	FUN_007f6be0
007f6d40	FUN_007f6d40
007f6dd0	FUN_007f6dd0
007f6f2d	Catch@007f6f2d
007f6fa0	FUN_007f6fa0
007f70b0	FUN_007f70b0
007f7120	FUN_007f7120
007f72eb	Catch@007f72eb
007f7360	FUN_007f7360
007f7430	FUN_007f7430
007f74c0	FUN_007f74c0
007f75b0	FUN_007f75b0
007f77c0	FUN_007f77c0
007f7950	FUN_007f7950
007f7b10	FUN_007f7b10
007f7b20	FUN_007f7b20
007f7b40	FUN_007f7b40
007f7c10	FUN_007f7c10
007f7de0	FUN_007f7de0
007f7ed0	FUN_007f7ed0
007f80b0	FUN_007f80b0
007f80c0	FUN_007f80c0
007f82c0	FUN_007f82c0
007f84f0	FUN_007f84f0
007f86f0	FUN_007f86f0
007f8770	FUN_007f8770
007f8990	FUN_007f8990
007f8b20	FUN_007f8b20
007f91c0	FUN_007f91c0
007f9400	FUN_007f9400
007f9480	FUN_007f9480
007f9510	FUN_007f9510
007f971f	Catch@007f971f
007f97a0	FUN_007f97a0
007f9a40	FUN_007f9a40
007f9ad0	FUN_007f9ad0
007f9c83	Catch@007f9c83
007f9cf0	FUN_007f9cf0
007f9ee0	FUN_007f9ee0
007f9f50	FUN_007f9f50
007fa091	Catch@007fa091
007fa0d0	FUN_007fa0d0
007fa260	FUN_007fa260
007fa40e	Catch@007fa40e
007fa480	FUN_007fa480
007fa680	FUN_007fa680
007fa6f0	FUN_007fa6f0
007fa89e	Catch@007fa89e
007fa910	FUN_007fa910
007fab10	FUN_007fab10
007fab80	FUN_007fab80
007facc1	Catch@007facc1
007fad00	FUN_007fad00
007fad60	FUN_007fad60
007fada0	FUN_007fada0
007faf00	FUN_007faf00
007fb0a0	FUN_007fb0a0
007fb280	FUN_007fb280
007fb430	FUN_007fb430
007fb5e0	FUN_007fb5e0
007fb780	FUN_007fb780
007fb920	FUN_007fb920
007fbad0	FUN_007fbad0
007fbc60	FUN_007fbc60
007fbed0	FUN_007fbed0
007fbf00	FUN_007fbf00
007fbf70	FUN_007fbf70
007fc050	FUN_007fc050
007fc190	FUN_007fc190
007fc1d0	FUN_007fc1d0
007fc2f0	FUN_007fc2f0
007fc3d0	FUN_007fc3d0
007fc4b0	FUN_007fc4b0
007fc590	FUN_007fc590
007fc670	FUN_007fc670
007fc6b0	FUN_007fc6b0
007fc7eb	Catch@007fc7eb
007fc8b0	FUN_007fc8b0
007fc9ee	Catch@007fc9ee
007fcab0	FUN_007fcab0
007fcb73	Catch@007fcb73
007fcbe0	FUN_007fcbe0
007fcca1	Catch@007fcca1
007fcd10	FUN_007fcd10
007fcdf0	FUN_007fcdf0
007fceb1	Catch@007fceb1
007fcf30	FUN_007fcf30
007fcff7	Catch@007fcff7
007fd070	FUN_007fd070
007fd140	FUN_007fd140
007fd1fd	Catch@007fd1fd
007fd2c0	FUN_007fd2c0
007fd37d	Catch@007fd37d
007fd440	FUN_007fd440
007fd4f0	Catch@007fd4f0
007fd5b0	FUN_007fd5b0
007fd660	Catch@007fd660
007fd710	FUN_007fd710
007fd7e7	Catch@007fd7e7
007fd860	FUN_007fd860
007fd935	Catch@007fd935
007fd9b0	FUN_007fd9b0
007fda87	Catch@007fda87
007fdb00	FUN_007fdb00
007fdbd5	Catch@007fdbd5
007fdc50	FUN_007fdc50
007fdca0	FUN_007fdca0
007fdcf0	FUN_007fdcf0
007fdd40	FUN_007fdd40
007fdf00	FUN_007fdf00
007fdf20	FUN_007fdf20
007fdf40	FUN_007fdf40
007fdf90	FUN_007fdf90
007fe080	FUN_007fe080
007fe0b0	FUN_007fe0b0
007fe1f0	FUN_007fe1f0
007fe300	FUN_007fe300
007fe330	FUN_007fe330
007fe440	FUN_007fe440
007fe540	FUN_007fe540
007fe570	FUN_007fe570
007fe6b0	FUN_007fe6b0
007fe7e0	FUN_007fe7e0
007fe810	FUN_007fe810
007fe970	FUN_007fe970
007fead0	FUN_007fead0
007feb00	FUN_007feb00
007feb80	FUN_007feb80
007fed60	FUN_007fed60
007fee40	FUN_007fee40
007fef50	FUN_007fef50
007ff0b0	FUN_007ff0b0
007ff1e0	FUN_007ff1e0
007ff340	FUN_007ff340
007ff4c0	FUN_007ff4c0
007ff5d0	FUN_007ff5d0
007ff690	FUN_007ff690
007ff6b0	FUN_007ff6b0
007ff6d0	FUN_007ff6d0
007ff6f0	FUN_007ff6f0
007ff740	FUN_007ff740
007ff8c0	FUN_007ff8c0
007ffab0	FUN_007ffab0
007ffe30	FUN_007ffe30
007fff10	FUN_007fff10
00800050	FUN_00800050
00800110	FUN_00800110
00800130	FUN_00800130
00800170	FUN_00800170
00800180	FUN_00800180
008001b0	FUN_008001b0
00800420	FUN_00800420
00800460	FUN_00800460
008004c0	FUN_008004c0
00800520	FUN_00800520
00800690	FUN_00800690
00800810	FUN_00800810
00800a60	FUN_00800a60
00800de0	FUN_00800de0
00800e00	FUN_00800e00
00800ee0	FUN_00800ee0
00801150	FUN_00801150
00801560	FUN_00801560
00802750	FUN_00802750
00802ba0	FUN_00802ba0
00802c70	FUN_00802c70
00802ce0	FUN_00802ce0
00802d50	FUN_00802d50
00802e00	FUN_00802e00
00803380	FUN_00803380
00803c30	FUN_00803c30
00803cc0	FUN_00803cc0
00803d60	FUN_00803d60
00803e70	FUN_00803e70
00803f40	FUN_00803f40
008044b0	FUN_008044b0
008045f0	FUN_008045f0
00804730	FUN_00804730
008049b0	FUN_008049b0
00804a60	FUN_00804a60
00804b50	FUN_00804b50
00804b70	FUN_00804b70
00804bf0	FUN_00804bf0
00804c60	FUN_00804c60
00804e90	FUN_00804e90
00805160	FUN_00805160
008053b0	FUN_008053b0
008054b0	FUN_008054b0
008055c0	FUN_008055c0
00805740	FUN_00805740
00805960	FUN_00805960
008059b0	FUN_008059b0
00805a40	FUN_00805a40
00805b00	FUN_00805b00
00805e50	FUN_00805e50
00805e90	FUN_00805e90
00805fe0	FUN_00805fe0
00806200	FUN_00806200
00806350	FUN_00806350
00806630	FUN_00806630
00806850	FUN_00806850
008068d0	FUN_008068d0
00806940	FUN_00806940
008069b0	FUN_008069b0
00806aa0	FUN_00806aa0
00806ae0	FUN_00806ae0
00806bd0	FUN_00806bd0
00806c40	FUN_00806c40
00806c70	FUN_00806c70
00806ce0	FUN_00806ce0
00806d20	FUN_00806d20
00806d90	FUN_00806d90
00806dc0	FUN_00806dc0
00806e30	FUN_00806e30
00806eb0	FUN_00806eb0
00807040	FUN_00807040
008071e0	FUN_008071e0
00807370	FUN_00807370
00807500	FUN_00807500
00807660	FUN_00807660
008076a0	FUN_008076a0
008076c0	FUN_008076c0
008076e0	FUN_008076e0
00807b10	FUN_00807b10
00807b40	FUN_00807b40
00807b80	FUN_00807b80
00807cd0	FUN_00807cd0
00807d10	FUN_00807d10
00807d40	FUN_00807d40
00807ef0	FUN_00807ef0
00807f70	FUN_00807f70
00807f90	FUN_00807f90
00808040	FUN_00808040
008080b0	FUN_008080b0
00808230	FUN_00808230
00808310	FUN_00808310
00808490	FUN_00808490
00808500	FUN_00808500
00808530	FUN_00808530
00808670	FUN_00808670
008087b0	FUN_008087b0
00808930	FUN_00808930
00808c90	FUN_00808c90
00808f20	FUN_00808f20
008090e0	FUN_008090e0
00809190	FUN_00809190
00809200	FUN_00809200
008092b0	FUN_008092b0
008092e0	FUN_008092e0
00809390	FUN_00809390
008093b0	FUN_008093b0
0080947b	Catch@0080947b
00809500	FUN_00809500
0080958a	Catch@0080958a
00809610	FUN_00809610
00809796	Catch@00809796
008097f0	FUN_008097f0
008099d0	FUN_008099d0
00809a40	FUN_00809a40
00809bdb	Catch@00809bdb
00809c30	FUN_00809c30
00809e50	FUN_00809e50
00809ed0	FUN_00809ed0
00809f3d	Catch@00809f3d
00809f90	FUN_00809f90
00809ffb	Catch@00809ffb
0080a040	FUN_0080a040
0080a090	FUN_0080a090
0080a0e0	FUN_0080a0e0
0080a150	FUN_0080a150
0080a1a0	FUN_0080a1a0
0080a1d0	FUN_0080a1d0
0080a230	FUN_0080a230
0080a270	FUN_0080a270
0080a2a0	FUN_0080a2a0
0080a300	FUN_0080a300
0080a360	FUN_0080a360
0080a460	FUN_0080a460
0080a510	FUN_0080a510
0080a640	FUN_0080a640
0080a670	FUN_0080a670
0080a680	FUN_0080a680
0080a6e0	FUN_0080a6e0
0080a820	FUN_0080a820
0080a960	FUN_0080a960
0080aaa0	FUN_0080aaa0
0080ac90	FUN_0080ac90
0080ae80	FUN_0080ae80
0080b070	FUN_0080b070
0080b100	FUN_0080b100
0080b160	FUN_0080b160
0080b290	FUN_0080b290
0080b350	FUN_0080b350
0080b370	FUN_0080b370
0080b450	FUN_0080b450
0080b570	FUN_0080b570
0080b6b0	FUN_0080b6b0
0080b730	FUN_0080b730
0080b770	FUN_0080b770
0080b7a0	FUN_0080b7a0
0080b7e0	FUN_0080b7e0
0080b820	FUN_0080b820
0080b850	FUN_0080b850
0080b880	FUN_0080b880
0080b910	FUN_0080b910
0080bfe0	FUN_0080bfe0
0080c190	FUN_0080c190
0080c1d0	FUN_0080c1d0
0080c930	FUN_0080c930
0080ce00	FUN_0080ce00
0080d090	FUN_0080d090
0080d0b0	FUN_0080d0b0
0080d130	FUN_0080d130
0080d1a0	FUN_0080d1a0
0080d336	Catch@0080d336
0080d3a0	FUN_0080d3a0
0080d570	FUN_0080d570
0080d5e0	FUN_0080d5e0
0080d686	Catch@0080d686
0080d6f0	FUN_0080d6f0
0080d792	Catch@0080d792
0080d800	FUN_0080d800
0080d870	FUN_0080d870
0080d8c0	FUN_0080d8c0
0080daa0	FUN_0080daa0
0080db10	FUN_0080db10
0080dbf0	FUN_0080dbf0
0080dcf0	FUN_0080dcf0
0080def0	FUN_0080def0
0080e010	FUN_0080e010
0080e060	FUN_0080e060
0080e400	FUN_0080e400
0080e5d0	FUN_0080e5d0
0080e7a0	FUN_0080e7a0
0080e980	FUN_0080e980
0080eb50	FUN_0080eb50
0080ec90	FUN_0080ec90
0080ede0	FUN_0080ede0
0080ef40	FUN_0080ef40
0080f000	FUN_0080f000
0080f020	FUN_0080f020
0080f040	FUN_0080f040
0080f090	FUN_0080f090
0080f1a0	FUN_0080f1a0
0080f220	FUN_0080f220
0080f360	FUN_0080f360
0080f3d0	FUN_0080f3d0
0080fb00	FUN_0080fb00
0080fcc0	FUN_0080fcc0
0080fe10	FUN_0080fe10
0080ff10	FUN_0080ff10
0080ff60	FUN_0080ff60
00810100	FUN_00810100
00810110	FUN_00810110
008101c0	FUN_008101c0
00810200	FUN_00810200
00810230	FUN_00810230
00810270	FUN_00810270
00810320	FUN_00810320
00810350	FUN_00810350
00810360	FUN_00810360
00810380	FUN_00810380
008104d0	FUN_008104d0
008106b0	FUN_008106b0
00810890	FUN_00810890
008108f0	FUN_008108f0
00810a40	FUN_00810a40
00810af0	FUN_00810af0
00810bb0	FUN_00810bb0
00810bd0	FUN_00810bd0
00810bf0	FUN_00810bf0
00810f50	FUN_00810f50
00813140	FUN_00813140
00813240	FUN_00813240
00813360	FUN_00813360
00814980	FUN_00814980
00815040	FUN_00815040
00815620	initApp
00816620	FUN_00816620
00816bd0	FUN_00816bd0
00817240	FUN_00817240
008172c0	FUN_008172c0
00817401	Catch@00817401
00817440	FUN_00817440
008174c0	FUN_008174c0
00817560	FUN_00817560
00817580	FUN_00817580
00817590	FUN_00817590
008175a0	FUN_008175a0
008175e0	FUN_008175e0
008176e0	FUN_008176e0
00817b20	FUN_00817b20
00817f60	FUN_00817f60
00818310	FUN_00818310
008184d0	FUN_008184d0
00818880	FUN_00818880
00818a40	FUN_00818a40
00818b70	FUN_00818b70
00818ca0	FUN_00818ca0
00818ec0	FUN_00818ec0
00819070	FUN_00819070
00819220	FUN_00819220
008193d0	FUN_008193d0
00819580	FUN_00819580
00819730	FUN_00819730
008198e0	FUN_008198e0
00819a10	FUN_00819a10
00819b30	FUN_00819b30
00819c60	FUN_00819c60
00819d80	FUN_00819d80
00819f60	FUN_00819f60
0081a140	FUN_0081a140
0081a320	FUN_0081a320
0081a440	FUN_0081a440
0081a5e0	FUN_0081a5e0
0081a790	FUN_0081a790
0081a940	FUN_0081a940
0081aaf0	FUN_0081aaf0
0081ac20	FUN_0081ac20
0081adb0	FUN_0081adb0
0081aee0	FUN_0081aee0
0081b0a0	FUN_0081b0a0
0081b250	FUN_0081b250
0081b400	FUN_0081b400
0081b5b0	FUN_0081b5b0
0081b760	FUN_0081b760
0081b910	FUN_0081b910
0081bad0	FUN_0081bad0
0081baf0	FUN_0081baf0
0081bca0	FUN_0081bca0
0081be60	FUN_0081be60
0081be70	FUN_0081be70
0081c020	FUN_0081c020
0081c1d0	FUN_0081c1d0
0081c380	FUN_0081c380
0081c550	FUN_0081c550
0081c700	FUN_0081c700
0081c830	FUN_0081c830
0081c840	FUN_0081c840
0081ca00	FUN_0081ca00
0081cbb0	FUN_0081cbb0
0081cd50	FUN_0081cd50
0081ce80	FUN_0081ce80
0081d030	FUN_0081d030
0081d160	FUN_0081d160
0081d300	FUN_0081d300
0081d4a0	FUN_0081d4a0
0081d650	FUN_0081d650
0081d800	FUN_0081d800
0081d9b0	FUN_0081d9b0
0081dba0	FUN_0081dba0
0081dd90	FUN_0081dd90
0081df80	FUN_0081df80
0081e170	FUN_0081e170
0081e320	FUN_0081e320
0081e4d0	FUN_0081e4d0
0081e680	FUN_0081e680
0081e690	FUN_0081e690
0081e840	FUN_0081e840
0081e9f0	FUN_0081e9f0
0081eba0	FUN_0081eba0
0081ed50	FUN_0081ed50
0081ef00	FUN_0081ef00
0081f0b0	FUN_0081f0b0
0081f210	FUN_0081f210
0081f370	FUN_0081f370
0081f450	FUN_0081f450
0081f4a0	FUN_0081f4a0
0081f500	FUN_0081f500
0081f640	FUN_0081f640
0081f6c4	Catch@0081f6c4
0081f700	FUN_0081f700
0081f7b0	FUN_0081f7b0
0081f7d0	FUN_0081f7d0
0081f80d	FUN_0081f80d
0081f8a9	FUN_0081f8a9
0081f985	FUN_0081f985
0081fa13	FUN_0081fa13
0081fa3d	FUN_0081fa3d
0081faec	FUN_0081faec
0081fb1b	FUN_0081fb1b
0081fb5e	FUN_0081fb5e
0081fb6b	thunk_FUN_0081fb5e
0081fb82	FUN_0081fb82
0081fb8f	thunk_FUN_0081fb82
0081fba6	FUN_0081fba6
0081fbb3	thunk_FUN_0081fba6
0081fbca	FUN_0081fbca
0081fbd7	thunk_FUN_0081fbca
0081fc07	FUN_0081fc07
0081fcb5	FUN_0081fcb5
0081fcdf	FUN_0081fcdf
0081fdb0	FUN_0081fdb0
0081fddf	FUN_0081fddf
0081fed4	FUN_0081fed4
0081ff8c	FUN_0081ff8c
0081ff99	thunk_FUN_0081ff8c
0081ff9f	FUN_0081ff9f
0081ffb0	thunk_FUN_0081ff9f
0081ffb6	FUN_0081ffb6
0081ffc3	thunk_FUN_0081ffb6
0082002f	FUN_0082002f
008200be	FUN_008200be
00820236	FUN_00820236
00820307	FUN_00820307
00820331	FUN_00820331
00820424	FUN_00820424
00820453	FUN_00820453
008204ca	FUN_008204ca
008204d7	thunk_FUN_008204ca
0082057c	FUN_0082057c
0082064c	FUN_0082064c
00820659	thunk_FUN_0082064c
00820736	FUN_00820736
00820743	thunk_FUN_00820736
0082097f	FUN_0082097f
0082098c	thunk_FUN_0082097f
00820c42	FUN_00820c42
00820c4f	thunk_FUN_00820c42
0082107e	FUN_0082107e
00821108	FUN_00821108
00821124	FUN_00821124
0082119e	FUN_0082119e
008211ba	FUN_008211ba
00821235	FUN_00821235
00821251	thunk_FUN_00821235
008212f3	FUN_008212f3
008213f5	FUN_008213f5
00821402	thunk_FUN_008213f5
00821518	FUN_00821518
0082155a	FUN_0082155a
00821853	FUN_00821853
0082187a	FUN_0082187a
00821960	FUN_00821960
0082198b	FUN_0082198b
00821abe	FUN_00821abe
00821acb	thunk_FUN_00821abe
00821c05	FUN_00821c05
00821c25	FUN_00821c25
00821c81	FUN_00821c81
00821caf	thunk_FUN_00821c81
00821d8e	FUN_00821d8e
00821d9b	thunk_FUN_00821d8e
00821efa	FUN_00821efa
00821f07	thunk_FUN_00821efa
00821fbe	FUN_00821fbe
00821fcb	thunk_FUN_00821fbe
0082204c	FUN_0082204c
00822059	thunk_FUN_0082204c
008220f7	FUN_008220f7
0082211b	thunk_FUN_008220f7
00822204	FUN_00822204
0082222e	FUN_0082222e
00822285	FUN_00822285
008222c5	FUN_008222c5
0082234d	FUN_0082234d
0082235a	thunk_FUN_0082234d
00822650	FUN_00822650
00822720	FUN_00822720
008227cc	FUN_008227cc
00822837	FUN_00822837
008228ba	FUN_008228ba
00822937	FUN_00822937
008229cf	FUN_008229cf
00822a0b	FUN_00822a0b
00822a5f	FUN_00822a5f
00822afc	FUN_00822afc
00822bb8	FUN_00822bb8
00822c97	FUN_00822c97
00822e24	FUN_00822e24
00823024	FUN_00823024
008231ca	FUN_008231ca
008233fb	FUN_008233fb
00823826	FUN_00823826
0082385f	FUN_0082385f
00823b79	FUN_00823b79
00823c53	FUN_00823c53
008240ec	FUN_008240ec
008244f0	FUN_008244f0
008248be	FUN_008248be
0082491b	FUN_0082491b
00824955	Catch@00824955
00824961	FUN_00824961
008249c0	FUN_008249c0
00824ac1	FUN_00824ac1
00824c2f	FUN_00824c2f
00824d93	FUN_00824d93
00824e77	FUN_00824e77
00825315	FUN_00825315
008253df	FUN_008253df
008254c2	FUN_008254c2
00825550	FUN_00825550
00825595	FUN_00825595
00825619	FUN_00825619
00825692	FUN_00825692
0082572c	FUN_0082572c
008257aa	FUN_008257aa
0082586c	FUN_0082586c
00825a62	FUN_00825a62
00825b2e	FUN_00825b2e
00825bc2	FUN_00825bc2
00825c60	FUN_00825c60
00825d20	FUN_00825d20
00825dba	FUN_00825dba
00825e6c	FUN_00825e6c
00825ef1	FUN_00825ef1
00825f96	FUN_00825f96
00826049	FUN_00826049
008260e3	FUN_008260e3
00826261	FUN_00826261
008263f7	FUN_008263f7
00826b35	FUN_00826b35
00826c0a	FUN_00826c0a
00826d0d	FUN_00826d0d
00826e87	FUN_00826e87
0082708a	FUN_0082708a
00827215	FUN_00827215
0082737b	FUN_0082737b
0082748b	FUN_0082748b
008276c3	FUN_008276c3
00827893	FUN_00827893
00827ac4	FUN_00827ac4
00827bee	FUN_00827bee
00827cc2	FUN_00827cc2
00827ec5	FUN_00827ec5
00828050	FUN_00828050
008281b6	FUN_008281b6
008282c6	FUN_008282c6
008284fe	FUN_008284fe
008286ce	FUN_008286ce
008288ff	FUN_008288ff
008289f0	FUN_008289f0
00828bf6	FUN_00828bf6
00828c8a	FUN_00828c8a
00829116	FUN_00829116
00829392	FUN_00829392
0082955c	FUN_0082955c
00829630	FUN_00829630
008296f2	FUN_008296f2
00829840	FUN_00829840
00829900	FUN_00829900
0082a040	FUN_0082a040
0082a772	FUN_0082a772
0082acac	FUN_0082acac
0082ad18	FUN_0082ad18
0082ae4f	FUN_0082ae4f
0082aedc	FUN_0082aedc
0082afd2	FUN_0082afd2
0082b11e	FUN_0082b11e
0082c3c6	FUN_0082c3c6
0082ca9f	FUN_0082ca9f
0082cbb8	FUN_0082cbb8
0082d292	FUN_0082d292
0082d653	FUN_0082d653
0082d6ba	FUN_0082d6ba
0082d948	FUN_0082d948
0082d9d3	FUN_0082d9d3
0082db9a	thunk_FUN_0082d948
0082db9f	FUN_0082db9f
0082dd27	FUN_0082dd27
0082df4d	FUN_0082df4d
0082e100	FUN_0082e100
0082e3bb	FUN_0082e3bb
0082e410	FUN_0082e410
0082e449	FUN_0082e449
0082ec8b	FUN_0082ec8b
0082ed6d	FUN_0082ed6d
0082ef56	FUN_0082ef56
0082f180	FUN_0082f180
0082f280	FUN_0082f280
0082f860	FUN_0082f860
0082f960	FUN_0082f960
0082fd18	DirectDrawEnumerateExA
0082fd1e	DirectDrawCreateEx
0082fd2a	ijlFree
0082fd30	ijlWrite
0082fd36	ijlInit
0082fd3c	ijlRead
0082fd42	TinCat_CreateTinCatValues
0082fd48	TinCat_CreateAPI
0082fd4e	TinCat_Scramble
0082fd54	TinCat_GetBuildNumber
0082fd5a	xmlStrcmp
0082fd60	xmlDocGetRootElement
0082fd66	xmlParseFile
0082fd6c	xmlSaveFormatFileEnc
0082fd72	__xmlIndentTreeOutput
0082fd78	xmlDocSetRootElement
0082fd7e	xmlNewNode
0082fd84	xmlNewDoc
0082fd8a	xmlGetProp
0082fd90	xmlFreeDoc
0082fd96	xmlSetProp
0082fd9c	xmlNewChild
0082fdb0	FUN_0082fdb0
0082fdd5	FUN_0082fdd5
0082fdfa	FUN_0082fdfa
0082fe1f	FUN_0082fe1f
0082fe44	FUN_0082fe44
0082fe69	FUN_0082fe69
0082fe8e	FUN_0082fe8e
0082feb3	FUN_0082feb3
0082fed8	FUN_0082fed8
0082fefd	FUN_0082fefd
0082ff22	FUN_0082ff22
0082ff47	FUN_0082ff47
0082ffc4	FUN_0082ffc4
0082fffe	FUN_0082fffe
00830021	FUN_00830021
00830060	_GetProcAddressInternal@8
008300c4	FUN_008300c4
0083015f	FUN_0083015f
00830422	FUN_00830422
00830587	_GodotFailMultiByteToWideChar@24
008305b5	FID_conflict:_GodotFailWideCharToMultiByte@32
00830684	FID_conflict:_GodotFailTextOutW@20
008306b2	__WSAFDIsSet
008306b8	FUN_008306b8
00830744	FUN_00830744
00830b10	FUN_00830b10
00830c00	FUN_00830c00
00830c10	FUN_00830c10
00830c90	operator_new
00830ca0	FUN_00830ca0
00830d90	FUN_00830d90
00830f60	FUN_00830f60
00831110	FUN_00831110
00831240	FUN_00831240
00831250	FUN_00831250
008313c0	FUN_008313c0
008314f0	FUN_008314f0
00831530	FUN_00831530
00831560	FUN_00831560
008316a0	FUN_008316a0
008316c0	FUN_008316c0
008316e0	FUN_008316e0
00831730	FUN_00831730
00831750	FUN_00831750
008317a0	FUN_008317a0
008318e0	FUN_008318e0
00831900	FUN_00831900
00831920	FUN_00831920
00831970	FUN_00831970
00831990	FUN_00831990
00831a10	FUN_00831a10
00831a30	FUN_00831a30
00831a50	FUN_00831a50
00831a70	FUN_00831a70
00831a90	FUN_00831a90
00831ab0	thunk_FUN_008481b0
00831ac0	FUN_00831ac0
00831ad0	FUN_00831ad0
00831ae0	FUN_00831ae0
00831b80	FUN_00831b80
00831c60	FUN_00831c60
00831f1a	Catch@00831f1a
00831f9b	FUN_00831f9b
008320b0	FUN_008320b0
00832430	FUN_00832430
00832b60	FUN_00832b60
00832b80	FUN_00832b80
00832ba0	FUN_00832ba0
00832c10	FUN_00832c10
00832ca0	FUN_00832ca0
00832cc0	FUN_00832cc0
00832ce0	FUN_00832ce0
00832cf0	FUN_00832cf0
00832d80	FUN_00832d80
00832db0	FUN_00832db0
00832e90	FUN_00832e90
00832fc0	FUN_00832fc0
00832fe0	FUN_00832fe0
008330b0	FUN_008330b0
008331a0	FUN_008331a0
00833350	FUN_00833350
008333e0	FUN_008333e0
00833410	FUN_00833410
00833430	FUN_00833430
00833460	FUN_00833460
00833470	FUN_00833470
00833490	FUN_00833490
008334b0	FUN_008334b0
008334f0	FUN_008334f0
00833550	FUN_00833550
00833560	FUN_00833560
008336a0	FUN_008336a0
008336c0	FUN_008336c0
00833720	FUN_00833720
00833820	FUN_00833820
008339e0	FUN_008339e0
00833a90	FUN_00833a90
00833b00	FUN_00833b00
00833b30	FUN_00833b30
00833e50	FUN_00833e50
00833e90	FUN_00833e90
00833ea0	FUN_00833ea0
00833ec0	FUN_00833ec0
00833fa0	FUN_00833fa0
00833fc0	FUN_00833fc0
00834060	FUN_00834060
00834080	FUN_00834080
008340a0	~exception
008340d0	FUN_008340d0
00834100	FUN_00834100
00834110	FUN_00834110
00834130	FUN_00834130
008344d0	FUN_008344d0
008344f0	FUN_008344f0
00834510	FUN_00834510
00834530	FUN_00834530
00834550	FUN_00834550
00834570	FUN_00834570
00834590	FUN_00834590
008345b0	FUN_008345b0
008345d0	FUN_008345d0
008345f0	FUN_008345f0
00834600	FUN_00834600
00834620	FUN_00834620
00834640	FUN_00834640
00834650	FUN_00834650
00834680	FUN_00834680
00834780	FUN_00834780
008347a0	FUN_008347a0
008347c0	FUN_008347c0
008347d0	FUN_008347d0
008347f0	FUN_008347f0
00834800	FUN_00834800
00834830	FUN_00834830
00834850	FUN_00834850
008348a0	FUN_008348a0
00834970	FUN_00834970
00834990	FUN_00834990
008349a0	FUN_008349a0
00834aa0	FUN_00834aa0
00834bc0	FUN_00834bc0
00834be0	FUN_00834be0
00834bf0	FUN_00834bf0
00834c10	FUN_00834c10
00834c20	FUN_00834c20
00834c40	FUN_00834c40
00834c50	FUN_00834c50
00834c70	FUN_00834c70
00834c80	FUN_00834c80
00834ca0	FUN_00834ca0
00834de0	FUN_00834de0
00834fb0	FUN_00834fb0
008350d0	FUN_008350d0
008350f0	FUN_008350f0
00835230	FUN_00835230
00835250	FUN_00835250
00835260	FUN_00835260
00835280	FUN_00835280
00835290	FUN_00835290
008352b0	FUN_008352b0
008352c0	FUN_008352c0
008352e0	FUN_008352e0
008352f0	FUN_008352f0
00835310	FUN_00835310
00835450	FUN_00835450
00835470	FUN_00835470
008355b0	FUN_008355b0
00836340	FUN_00836340
00836370	FUN_00836370
00836570	FUN_00836570
00836590	FUN_00836590
008370d0	FUN_008370d0
00837800	FUN_00837800
00837e70	FUN_00837e70
00838170	FUN_00838170
00839860	FUN_00839860
0083aab0	FUN_0083aab0
0083b820	FUN_0083b820
0083b840	FUN_0083b840
0083ba40	FUN_0083ba40
0083cd00	FUN_0083cd00
0083d3e0	FUN_0083d3e0
0083d730	FUN_0083d730
0083e5e0	FUN_0083e5e0
0083e600	FUN_0083e600
0083ec10	FUN_0083ec10
0083fec0	FUN_0083fec0
0083ff20	FUN_0083ff20
0083ff80	FUN_0083ff80
0083ffd0	FUN_0083ffd0
00840020	FUN_00840020
008400f0	FUN_008400f0
00840230	FUN_00840230
00840370	FUN_00840370
00840640	FUN_00840640
00840830	FUN_00840830
00840920	FUN_00840920
008409a0	FUN_008409a0
00840cc0	FUN_00840cc0
00840df0	FUN_00840df0
00840f20	FUN_00840f20
00841110	FUN_00841110
008411a0	FUN_008411a0
00841220	FUN_00841220
00841270	FUN_00841270
00841360	FUN_00841360
008414e0	FUN_008414e0
00841570	FUN_00841570
008418a0	FUN_008418a0
00841a00	FUN_00841a00
00841b70	FUN_00841b70
00841ca0	FUN_00841ca0
00841f50	FUN_00841f50
00841fe0	FUN_00841fe0
00842030	FUN_00842030
00842110	FUN_00842110
00842290	FUN_00842290
008425c0	FUN_008425c0
00842720	FUN_00842720
008428c0	FUN_008428c0
00842a20	FUN_00842a20
00842d60	FUN_00842d60
00842dd0	FUN_00842dd0
00842df0	FUN_00842df0
00842e80	FUN_00842e80
00843080	FUN_00843080
00843100	FUN_00843100
00843300	FUN_00843300
00843370	FUN_00843370
008433f0	FUN_008433f0
00843420	FUN_00843420
00843440	FUN_00843440
008434b0	FUN_008434b0
008434f0	FUN_008434f0
00843500	FUN_00843500
00843520	FUN_00843520
00843540	FUN_00843540
00843620	FUN_00843620
00843650	FUN_00843650
00843670	FUN_00843670
00843740	FUN_00843740
00843810	FUN_00843810
00843880	FUN_00843880
00843960	FUN_00843960
008439d0	FUN_008439d0
00843ad0	FUN_00843ad0
00843b20	FUN_00843b20
00843c80	FUN_00843c80
00843d50	FUN_00843d50
00843e30	FUN_00843e30
00843f10	FUN_00843f10
00843f30	FUN_00843f30
00844000	FUN_00844000
00844040	FUN_00844040
00844110	FUN_00844110
00844150	FUN_00844150
00844220	FUN_00844220
00844250	FUN_00844250
00844280	FUN_00844280
00844350	FUN_00844350
00844420	FUN_00844420
00844500	FUN_00844500
008445e0	FUN_008445e0
00844620	FUN_00844620
00844700	FUN_00844700
00844740	FUN_00844740
00844810	FUN_00844810
00844840	FUN_00844840
00844890	FUN_00844890
008448b0	FUN_008448b0
00844a00	FUN_00844a00
00844e20	FUN_00844e20
00844ef0	FUN_00844ef0
00844f20	FUN_00844f20
00845000	FUN_00845000
00845020	FUN_00845020
00845090	FUN_00845090
008450c0	FUN_008450c0
008450e0	FUN_008450e0
008450f0	FUN_008450f0
008451d0	FUN_008451d0
008452b0	FUN_008452b0
00845390	FUN_00845390
00845470	FUN_00845470
008454b0	FUN_008454b0
008454d0	FUN_008454d0
008454f0	FUN_008454f0
008455d0	FUN_008455d0
008456b0	FUN_008456b0
00845790	FUN_00845790
00845870	FUN_00845870
008458b0	FUN_008458b0
008458d0	FUN_008458d0
008458e0	FUN_008458e0
008459c0	FUN_008459c0
00845a90	FUN_00845a90
00845b60	FUN_00845b60
00845c60	FUN_00845c60
00845ca0	FUN_00845ca0
00845cc0	FUN_00845cc0
00845ce0	FUN_00845ce0
00845dc0	FUN_00845dc0
00845e90	FUN_00845e90
00845f60	FUN_00845f60
00846030	FUN_00846030
008461f0	FUN_008461f0
008467d0	FUN_008467d0
00846850	FUN_00846850
008468d0	FUN_008468d0
00846920	FUN_00846920
008469b0	FUN_008469b0
008469e0	FUN_008469e0
00846b40	FUN_00846b40
00846c00	FUN_00846c00
00846cc0	FUN_00846cc0
00846d50	FUN_00846d50
00846e00	FUN_00846e00
00846ef0	FUN_00846ef0
00847090	FUN_00847090
00847340	FUN_00847340
008474a0	FUN_008474a0
00847610	FUN_00847610
00847630	FUN_00847630
00847650	FUN_00847650
00847670	FUN_00847670
00847760	FUN_00847760
00847980	FUN_00847980
00847a30	FUN_00847a30
00847da0	FUN_00847da0
00848110	FUN_00848110
00848180	FUN_00848180
008481b0	FUN_008481b0
008481bb	FUN_008481bb
008481ef	FUN_008481ef
008481f6	FUN_008481f6
008481fd	FUN_008481fd
0084824c	FUN_0084824c
00848282	FUN_00848282
008482d6	FUN_008482d6
008482fb	FUN_008482fb
008483b1	FUN_008483b1
00848426	FUN_00848426
008484a1	FUN_008484a1
008484b8	FUN_008484b8
008484b9	FUN_008484b9
008484f4	__global_unwind2
00848536	__local_unwind2
0084859e	__abnormal_termination
008485c1	__NLG_Notify1
008485ca	FUN_008485ca
008485e2	operator_new
008485f0	FUN_008485f0
00848621	__fclose_lk
0084866d	FUN_0084866d
00848699	FUN_00848699
00848726	FUN_00848726
00848755	FUN_00848755
0084883d	FUN_0084883d
0084886e	FUN_0084886e
00848881	FUN_00848881
008488d3	FUN_008488d3
008488e0	_rand
00848910	FUN_00848910
00848c45	__CxxThrowException@8
00848c7f	FUN_00848c7f
00848cfd	FUN_00848cfd
00848d40	FUN_00848d40
00848d62	FUN_00848d62
00848f35	FUN_00848f35
00848f6a	FUN_00848f6a
00848f94	__ftol
00848fc0	__alldiv
00849070	__allmul
008490a4	FUN_008490a4
00849173	FUN_00849173
008491fd	FUN_008491fd
0084921f	FUN_0084921f
00849380	FUN_00849380
008493af	FUN_008493af
008494b9	FUN_008494b9
008494e2	FUN_008494e2
00849500	FUN_00849500
00849590	_strncpy
0084968e	FUN_0084968e
008496b0	FUN_008496b0
008496cc	~exception
008496d1	FUN_008496d1
008496e9	FUN_008496e9
00849701	FUN_00849701
00849818	FUN_00849818
00849830	FUN_00849830
0084984a	FUN_0084984a
008498a4	FUN_008498a4
0084999d	FUN_0084999d
00849ad5	FUN_00849ad5
00849b00	FUN_00849b00
00849b40	FUN_00849b40
00849bfc	FUN_00849bfc
00849c64	FUN_00849c64
00849c7c	FUN_00849c7c
00849cf0	FUN_00849cf0
00849d1d	FUN_00849d1d
00849d2e	__exit
00849d3f	FUN_00849d3f
00849de4	FUN_00849de4
00849ded	FUN_00849ded
00849df6	FUN_00849df6
00849e10	FUN_00849e10
00849e7a	FUN_00849e7a
00849e92	FUN_00849e92
00849ef6	FUN_00849ef6
00849f23	FUN_00849f23
00849f5f	FUN_00849f5f
00849fea	FUN_00849fea
00849ff5	FUN_00849ff5
0084a057	FUN_0084a057
0084a085	FUN_0084a085
0084a0ad	FUN_0084a0ad
0084a103	FUN_0084a103
0084a160	FUN_0084a160
0084a17d	FUN_0084a17d
0084a22b	FUN_0084a22b
0084a260	_strncmp
0084a2a0	_strrchr
0084a2c7	FUN_0084a2c7
0084a2f6	FUN_0084a2f6
0084a324	FUN_0084a324
0084a389	FUN_0084a389
0084a42d	FUN_0084a42d
0084a509	FUN_0084a509
0084a535	FUN_0084a535
0084a55f	FUN_0084a55f
0084a584	FUN_0084a584
0084a5f3	__copysign
0084a614	FUN_0084a614
0084a628	FUN_0084a628
0084a656	FUN_0084a656
0084a6e8	FUN_0084a6e8
0084a71a	FUN_0084a71a
0084a784	FUN_0084a784
0084a7dc	FUN_0084a7dc
0084a803	_malloc
0084a815	__nh_malloc
0084a841	FUN_0084a841
0084a8a8	FUN_0084a8a8
0084a907	FUN_0084a907
0084a93d	FUN_0084a93d
0084a9b4	FUN_0084a9b4
0084aa47	FUN_0084aa47
0084aa86	FUN_0084aa86
0084aaf5	FUN_0084aaf5
0084abc1	FUN_0084abc1
0084ac07	FUN_0084ac07
0084acd4	FUN_0084acd4
0084ad9c	FUN_0084ad9c
0084adbc	___timet_from_ft
0084ae20	FUN_0084ae20
0084ae3d	FUN_0084ae3d
0084ae73	FUN_0084ae73
0084aeb0	FUN_0084aeb0
0084af1f	FUN_0084af1f
0084afea	FUN_0084afea
0084b001	FUN_0084b001
0084b206	FUN_0084b206
0084b21d	FUN_0084b21d
0084b26e	FUN_0084b26e
0084b2dc	FUN_0084b2dc
0084b410	GetCurrentProcessId
0084b416	FUN_0084b416
0084b5a1	FUN_0084b5a1
0084b6ef	FUN_0084b6ef
0084b745	FUN_0084b745
0084b7e9	FUN_0084b7e9
0084b8dc	FUN_0084b8dc
0084b94f	FUN_0084b94f
0084b958	FUN_0084b958
0084b961	FUN_0084b961
0084b9b1	FUN_0084b9b1
0084bae9	FUN_0084bae9
0084bb18	FUN_0084bb18
0084bb3b	FUN_0084bb3b
0084bb6a	FUN_0084bb6a
0084bc20	__allshl
0084bc3f	FUN_0084bc3f
0084bd86	FUN_0084bd86
0084bdd0	_strncat
0084bef3	FUN_0084bef3
0084bf34	FUN_0084bf34
0084bf5d	FUN_0084bf5d
0084bf9e	FUN_0084bf9e
0084bfc7	FUN_0084bfc7
0084c11b	FUN_0084c11b
0084c169	FUN_0084c169
0084c195	FUN_0084c195
0084c274	FUN_0084c274
0084c2e8	FUN_0084c2e8
0084c360	FUN_0084c360
0084c37d	FUN_0084c37d
0084c430	__allshr
0084c519	FUN_0084c519
0084c534	FUN_0084c534
0084c542	FUN_0084c542
0084c550	FUN_0084c550
0084c585	FUN_0084c585
0084c5ba	FUN_0084c5ba
0084c5d0	FUN_0084c5d0
0084c662	FUN_0084c662
0084c6eb	FUN_0084c6eb
0084c704	entry
0084c80c	__amsg_exit
0084c831	FUN_0084c831
0084c858	FUN_0084c858
0084c880	_strlen
0084c900	__aullrem
0084c975	FUN_0084c975
0084c986	FUN_0084c986
0084c9a2	FUN_0084c9a2
0084c9df	FUN_0084c9df
0084ca29	~exception
0084ca4c	FUN_0084ca4c
0084ca63	FUN_0084ca63
0084cc1f	FUN_0084cc1f
0084cd42	FUN_0084cd42
0084cdbe	FUN_0084cdbe
0084ce3d	FUN_0084ce3d
0084ce7f	FUN_0084ce7f
0084cede	FUN_0084cede
0084cf00	_memchr
0084cfb0	__aulldiv
0084d020	__aullshr
0084d03f	FUN_0084d03f
0084d072	FUN_0084d072
0084d0af	FUN_0084d0af
0084d110	FUN_0084d110
0084d14e	FUN_0084d14e
0084d1e9	FUN_0084d1e9
0084d39c	FUN_0084d39c
0084d446	FUN_0084d446
0084d4a3	FUN_0084d4a3
0084d541	FUN_0084d541
0084d5bc	FUN_0084d5bc
0084d689	FUN_0084d689
0084d701	FUN_0084d701
0084d8c5	FUN_0084d8c5
0084d92c	FUN_0084d92c
0084d950	__CallSettingFrame@12
0084d99c	FUN_0084d99c
0084d9f0	FUN_0084d9f0
0084da03	FUN_0084da03
0084da6a	FUN_0084da6a
0084db0a	FUN_0084db0a
0084db6b	FUN_0084db6b
0084dbc1	FUN_0084dbc1
0084dbd3	FUN_0084dbd3
0084dc11	FUN_0084dc11
0084dc3a	FUN_0084dc3a
0084dcfa	__fassign
0084dd38	FUN_0084dd38
0084dd99	FUN_0084dd99
0084de5b	FUN_0084de5b
0084deb0	FUN_0084deb0
0084df57	FUN_0084df57
0084dfea	__cfltcvt
0084e03b	FUN_0084e03b
0084e060	FUN_0084e060
0084e0bd	FUN_0084e0bd
0084e140	__freebuf
0084e16b	FUN_0084e16b
0084e1d0	FUN_0084e1d0
0084e243	FUN_0084e243
0084e31f	FUN_0084e31f
0084e384	FUN_0084e384
0084e560	FUN_0084e560
0084e895	FUN_0084e895
0084ea05	FUN_0084ea05
0084eacd	FUN_0084eacd
0084ebe5	FUN_0084ebe5
0084f326	FUN_0084f326
0084f35b	FUN_0084f35b
0084f38c	FUN_0084f38c
0084f3c4	FUN_0084f3c4
0084f3d2	FUN_0084f3d2
0084f436	FUN_0084f436
0084f4a0	FUN_0084f4a0
0084f51b	FUN_0084f51b
0084f740	__trandisp1
0084f7a7	__trandisp2
0084f910	FUN_0084f910
0084f927	__startOneArgErrorHandling
0084f970	FUN_0084f970
0084f985	FUN_0084f985
0084f99c	FUN_0084f99c
0084f9b5	__fload_withFB
0084f9f8	FUN_0084f9f8
0084fa0e	FUN_0084fa0e
0084fa1b	__math_exit
0084fa59	FUN_0084fa59
0084fafc	FUN_0084fafc
0084fc2c	FUN_0084fc2c
0084fca0	__cintrindisp2
0084fcde	__cintrindisp1
0084fd1b	__ctrandisp2
0084fd63	FUN_0084fd63
0084fd6a	FUN_0084fd6a
0084fe9b	__ctrandisp1
0084fece	__fload
00850716	FUN_00850716
0085091c	FUN_0085091c
00850c9b	FUN_00850c9b
00850cef	FUN_00850cef
00850d87	FUN_00850d87
0085103a	FUN_0085103a
00851251	FUN_00851251
008512d9	FUN_008512d9
00851301	FUN_00851301
00851326	FUN_00851326
00851353	__frnd
00851365	FUN_00851365
0085138e	FUN_0085138e
008513e8	FUN_008513e8
008514a9	FUN_008514a9
008514b7	FUN_008514b7
008514c6	FUN_008514c6
008514e9	FUN_008514e9
0085153f	FUN_0085153f
008515a4	FUN_008515a4
0085172f	FUN_0085172f
00851758	FUN_00851758
008517b9	FUN_008517b9
008517d0	_strcmp
00851854	FUN_00851854
00852279	FUN_00852279
008522b0	FUN_008522b0
008522ca	FUN_008522ca
008522e1	FUN_008522e1
00852305	FUN_00852305
00852392	FUN_00852392
008523bc	FUN_008523bc
00852431	FUN_00852431
008524b0	FUN_008524b0
00852543	FUN_00852543
00852605	FUN_00852605
00852d52	FUN_00852d52
00852d72	FUN_00852d72
00852da3	FUN_00852da3
00852ddc	FUN_00852ddc
00852de9	FUN_00852de9
00852df9	FUN_00852df9
00852e26	FUN_00852e26
00852e82	FUN_00852e82
00852eaf	FUN_00852eaf
00852ff7	FUN_00852ff7
00853054	FUN_00853054
0085309c	FUN_0085309c
008530c7	FUN_008530c7
008533f0	FUN_008533f0
008536f9	FUN_008536f9
008537aa	FUN_008537aa
008538a5	FUN_008538a5
00853b9b	FUN_00853b9b
00853cdf	FUN_00853cdf
00853d35	FUN_00853d35
00853df7	FUN_00853df7
00853e4e	FUN_00853e4e
00853e93	FUN_00853e93
0085409b	FUN_0085409b
008541bf	FUN_008541bf
00854268	FUN_00854268
00854283	FUN_00854283
0085431c	FUN_0085431c
008543a5	FUN_008543a5
008543c0	FUN_008543c0
008544fe	FUN_008544fe
00854538	FUN_00854538
0085475c	FUN_0085475c
00854790	FUN_00854790
008547a0	FUN_008547a0
00854880	FUN_00854880
0085534f	FUN_0085534f
008553a9	FUN_008553a9
008553b4	FUN_008553b4
008553cd	FUN_008553cd
00855473	FUN_00855473
00855620	FUN_00855620
0085566a	FUN_0085566a
0085569d	FUN_0085569d
008556c6	FUN_008556c6
0085584b	FUN_0085584b
00855867	FUN_00855867
00855901	FUN_00855901
00855976	FUN_00855976
00855b7f	FUN_00855b7f
00855baf	FUN_00855baf
00855c01	FUN_00855c01
00855d83	FUN_00855d83
00855dc0	FUN_00855dc0
00855e18	FUN_00855e18
00855ed1	FUN_00855ed1
00855f6a	FUN_00855f6a
0085611e	FUN_0085611e
00856250	FUN_00856250
00856289	FUN_00856289
008563e0	FUN_008563e0
00856420	_memset
00856478	FUN_00856478
008564d4	FUN_008564d4
0085658a	FUN_0085658a
00856601	FUN_00856601
0085661d	FUN_0085661d
00856639	FUN_00856639
00856651	FUN_00856651
0085669a	FUN_0085669a
008566f0	FUN_008566f0
0085677c	FUN_0085677c
00856797	FUN_00856797
008567a3	FUN_008567a3
008567be	FUN_008567be
0085684b	FUN_0085684b
008569b7	FUN_008569b7
008569cd	FUN_008569cd
008569e3	FUN_008569e3
00856a10	FUN_00856a10
00856a3d	FUN_00856a3d
00856a46	FUN_00856a46
00856a8a	FUN_00856a8a
00856d59	FUN_00856d59
00856d82	FUN_00856d82
00856ddb	FUN_00856ddb
00856e44	FUN_00856e44
00856f14	FUN_00856f14
00856f17	FUN_00856f17
00856f74	FUN_00856f74
0085703d	FUN_0085703d
00857066	FUN_00857066
008570d4	FUN_008570d4
0085721d	FUN_0085721d
008576ee	FUN_008576ee
0085771c	FUN_0085771c
008579a3	FUN_008579a3
008579c4	FUN_008579c4
00857b70	FUN_00857b70
00857cb0	FUN_00857cb0
00857da9	FUN_00857da9
00857e06	FUN_00857e06
00857fb5	FUN_00857fb5
00857fe4	FUN_00857fe4
008580d5	FUN_008580d5
008581c2	FUN_008581c2
00858387	FUN_00858387
00858398	FUN_00858398
008583c9	FUN_008583c9
00858460	FUN_00858460
00858530	FUN_00858530
00858631	FUN_00858631
008588c4	FUN_008588c4
008588e5	___add_12
00858943	FUN_00858943
00858971	FUN_00858971
0085899e	FUN_0085899e
00858a65	FUN_00858a65
00858b8a	FUN_00858b8a
00858daa	FUN_00858daa
00858e26	FUN_00858e26
00858ea3	FUN_00858ea3
00858fca	FUN_00858fca
008590b1	FUN_008590b1
0085910a	FUN_0085910a
0085916b	__mbsnbicoll
008591aa	FUN_008591aa
00859218	FUN_00859218
00859495	FUN_00859495
0085961c	FUN_0085961c
00859674	FUN_00859674
008596db	FUN_008596db
00859772	FUN_00859772
008597a0	RtlUnwind
008597a6	ImmGetProperty
008597ac	ImmReleaseContext
008597b2	ImmGetContext
008597b8	ImmNotifyIME
008597be	ImmSetCompositionStringW
008597c4	ImmGetCandidateListW
008597ca	ImmGetCandidateListCountW
008597d0	ImmGetCompositionStringW
008597d6	ImmSetCandidateWindow
008597dc	ImmSetOpenStatus
008597e2	VerQueryValueA
008597e8	GetFileVersionInfoA
008597ee	GetFileVersionInfoSizeA
00859800	FUN_00859800
008598f1	FUN_008598f1
008598f9	FUN_008598f9
00859a30	Unwind@00859a30
00859a3b	Unwind@00859a3b
00859a46	Unwind@00859a46
00859a51	Unwind@00859a51
00859a5c	Unwind@00859a5c
00859a67	Unwind@00859a67
00859a7c	Unwind@00859a7c
00859a87	Unwind@00859a87
00859a92	Unwind@00859a92
00859a9d	Unwind@00859a9d
00859aa8	Unwind@00859aa8
00859ab3	Unwind@00859ab3
00859abe	Unwind@00859abe
00859ac6	Unwind@00859ac6
00859ad1	Unwind@00859ad1
00859adc	Unwind@00859adc
00859af1	Unwind@00859af1
00859b06	Unwind@00859b06
00859b11	Unwind@00859b11
00859b26	Unwind@00859b26
00859b31	Unwind@00859b31
00859b46	Unwind@00859b46
00859b4e	Unwind@00859b4e
00859b56	Unwind@00859b56
00859b5e	Unwind@00859b5e
00859b66	Unwind@00859b66
00859b6e	Unwind@00859b6e
00859b76	Unwind@00859b76
00859b7e	Unwind@00859b7e
00859b86	Unwind@00859b86
00859b8e	Unwind@00859b8e
00859ba0	Unwind@00859ba0
00859bc0	Unwind@00859bc0
00859be0	Unwind@00859be0
00859c00	Unwind@00859c00
00859c20	Unwind@00859c20
00859c28	Unwind@00859c28
00859c33	Unwind@00859c33
00859c50	Unwind@00859c50
00859c80	Unwind@00859c80
00859cb0	Unwind@00859cb0
00859cd0	Unwind@00859cd0
00859cd8	Unwind@00859cd8
00859ce3	Unwind@00859ce3
00859d00	Unwind@00859d00
00859d0b	Unwind@00859d0b
00859d16	Unwind@00859d16
00859d30	Unwind@00859d30
00859d3b	Unwind@00859d3b
00859d46	Unwind@00859d46
00859d51	Unwind@00859d51
00859d66	Unwind@00859d66
00859d71	Unwind@00859d71
00859d7c	Unwind@00859d7c
00859d87	Unwind@00859d87
00859d92	Unwind@00859d92
00859d9d	Unwind@00859d9d
00859da8	Unwind@00859da8
00859db3	Unwind@00859db3
00859dbe	Unwind@00859dbe
00859dc9	Unwind@00859dc9
00859dd4	Unwind@00859dd4
00859ddf	Unwind@00859ddf
00859df4	Unwind@00859df4
00859dff	Unwind@00859dff
00859e0a	Unwind@00859e0a
00859e1f	Unwind@00859e1f
00859e2a	Unwind@00859e2a
00859e35	Unwind@00859e35
00859e40	Unwind@00859e40
00859e55	Unwind@00859e55
00859e60	Unwind@00859e60
00859e6b	Unwind@00859e6b
00859e76	Unwind@00859e76
00859e8b	Unwind@00859e8b
00859e96	Unwind@00859e96
00859ea1	Unwind@00859ea1
00859eac	Unwind@00859eac
00859eb7	Unwind@00859eb7
00859ec2	Unwind@00859ec2
00859ecd	Unwind@00859ecd
00859ed8	Unwind@00859ed8
00859ee3	Unwind@00859ee3
00859eee	Unwind@00859eee
00859ef9	Unwind@00859ef9
00859f04	Unwind@00859f04
00859f0f	Unwind@00859f0f
00859f1a	Unwind@00859f1a
00859f25	Unwind@00859f25
00859f30	Unwind@00859f30
00859f50	Unwind@00859f50
00859f70	Unwind@00859f70
00859f78	Unwind@00859f78
00859f80	Unwind@00859f80
00859f88	Unwind@00859f88
00859fa0	Unwind@00859fa0
00859fc0	Unwind@00859fc0
00859fe0	Unwind@00859fe0
00859feb	Unwind@00859feb
00859ff9	Unwind@00859ff9
0085a004	Unwind@0085a004
0085a012	Unwind@0085a012
0085a01d	Unwind@0085a01d
0085a02b	Unwind@0085a02b
0085a036	Unwind@0085a036
0085a044	Unwind@0085a044
0085a05f	Unwind@0085a05f
0085a06a	Unwind@0085a06a
0085a075	Unwind@0085a075
0085a080	Unwind@0085a080
0085a08b	Unwind@0085a08b
0085a099	Unwind@0085a099
0085a0a4	Unwind@0085a0a4
0085a0af	Unwind@0085a0af
0085a0ba	Unwind@0085a0ba
0085a0cf	Unwind@0085a0cf
0085a0e4	Unwind@0085a0e4
0085a0ef	Unwind@0085a0ef
0085a0fa	Unwind@0085a0fa
0085a105	Unwind@0085a105
0085a110	Unwind@0085a110
0085a11b	Unwind@0085a11b
0085a126	Unwind@0085a126
0085a131	Unwind@0085a131
0085a13c	Unwind@0085a13c
0085a147	Unwind@0085a147
0085a152	Unwind@0085a152
0085a15d	Unwind@0085a15d
0085a168	Unwind@0085a168
0085a173	Unwind@0085a173
0085a17e	Unwind@0085a17e
0085a18c	Unwind@0085a18c
0085a19a	Unwind@0085a19a
0085a1a8	Unwind@0085a1a8
0085a1c0	Unwind@0085a1c0
0085a1e0	Unwind@0085a1e0
0085a200	Unwind@0085a200
0085a220	Unwind@0085a220
0085a240	Unwind@0085a240
0085a290	Unwind@0085a290
0085a2b0	Unwind@0085a2b0
0085a300	Unwind@0085a300
0085a320	Unwind@0085a320
0085a32b	Unwind@0085a32b
0085a333	Unwind@0085a333
0085a33b	Unwind@0085a33b
0085a343	Unwind@0085a343
0085a34b	Unwind@0085a34b
0085a353	Unwind@0085a353
0085a35b	Unwind@0085a35b
0085a363	Unwind@0085a363
0085a36b	Unwind@0085a36b
0085a37d	Unwind@0085a37d
0085a388	Unwind@0085a388
0085a390	Unwind@0085a390
0085a398	Unwind@0085a398
0085a3a0	Unwind@0085a3a0
0085a3a8	Unwind@0085a3a8
0085a3b0	Unwind@0085a3b0
0085a3b8	Unwind@0085a3b8
0085a3c0	Unwind@0085a3c0
0085a3c8	Unwind@0085a3c8
0085a3e0	Unwind@0085a3e0
0085a400	Unwind@0085a400
0085a420	Unwind@0085a420
0085a440	Unwind@0085a440
0085a460	Unwind@0085a460
0085a468	Unwind@0085a468
0085a473	Unwind@0085a473
0085a47e	Unwind@0085a47e
0085a489	Unwind@0085a489
0085a494	Unwind@0085a494
0085a4b0	Unwind@0085a4b0
0085a4bb	Unwind@0085a4bb
0085a4c3	Unwind@0085a4c3
0085a4cb	Unwind@0085a4cb
0085a4d3	Unwind@0085a4d3
0085a4de	Unwind@0085a4de
0085a4e6	Unwind@0085a4e6
0085a4ee	Unwind@0085a4ee
0085a4f9	Unwind@0085a4f9
0085a501	Unwind@0085a501
0085a520	Unwind@0085a520
0085a528	Unwind@0085a528
0085a53d	Unwind@0085a53d
0085a570	Unwind@0085a570
0085a585	Unwind@0085a585
0085a597	Unwind@0085a597
0085a5a2	Unwind@0085a5a2
0085a5ad	Unwind@0085a5ad
0085a5b8	Unwind@0085a5b8
0085a5c3	Unwind@0085a5c3
0085a5ce	Unwind@0085a5ce
0085a5d9	Unwind@0085a5d9
0085a5e4	Unwind@0085a5e4
0085a5ef	Unwind@0085a5ef
0085a5fa	Unwind@0085a5fa
0085a605	Unwind@0085a605
0085a610	Unwind@0085a610
0085a61b	Unwind@0085a61b
0085a626	Unwind@0085a626
0085a631	Unwind@0085a631
0085a63c	Unwind@0085a63c
0085a64a	Unwind@0085a64a
0085a658	Unwind@0085a658
0085a670	Unwind@0085a670
0085a67b	Unwind@0085a67b
0085a686	Unwind@0085a686
0085a691	Unwind@0085a691
0085a69c	Unwind@0085a69c
0085a6ae	Unwind@0085a6ae
0085a6b9	Unwind@0085a6b9
0085a6ce	Unwind@0085a6ce
0085a6d6	Unwind@0085a6d6
0085a6de	Unwind@0085a6de
0085a6e6	Unwind@0085a6e6
0085a700	Unwind@0085a700
0085a708	Unwind@0085a708
0085a713	Unwind@0085a713
0085a730	Unwind@0085a730
0085a73b	Unwind@0085a73b
0085a743	Unwind@0085a743
0085a74e	Unwind@0085a74e
0085a756	Unwind@0085a756
0085a761	Unwind@0085a761
0085a769	Unwind@0085a769
0085a771	Unwind@0085a771
0085a779	Unwind@0085a779
0085a790	Unwind@0085a790
0085a79b	Unwind@0085a79b
0085a7a6	Unwind@0085a7a6
0085a7c0	Unwind@0085a7c0
0085a7e0	Unwind@0085a7e0
0085a800	Unwind@0085a800
0085a820	Unwind@0085a820
0085a831	Unwind@0085a831
0085a839	Unwind@0085a839
0085a841	Unwind@0085a841
0085a860	Unwind@0085a860
0085a880	Unwind@0085a880
0085a8b0	Unwind@0085a8b0
0085a8d0	Unwind@0085a8d0
0085a8db	Unwind@0085a8db
0085a8f0	Unwind@0085a8f0
0085a910	Unwind@0085a910
0085a918	Unwind@0085a918
0085a920	Unwind@0085a920
0085a928	Unwind@0085a928
0085a940	Unwind@0085a940
0085a960	Unwind@0085a960
0085a971	Unwind@0085a971
0085a979	Unwind@0085a979
0085a990	Unwind@0085a990
0085a9a1	Unwind@0085a9a1
0085a9a9	Unwind@0085a9a9
0085a9b4	Unwind@0085a9b4
0085a9d0	Unwind@0085a9d0
0085a9e1	Unwind@0085a9e1
0085a9e9	Unwind@0085a9e9
0085a9f4	Unwind@0085a9f4
0085aa10	Unwind@0085aa10
0085aa30	Unwind@0085aa30
0085aa50	Unwind@0085aa50
0085aa58	Unwind@0085aa58
0085aa60	Unwind@0085aa60
0085aa68	Unwind@0085aa68
0085aa80	Unwind@0085aa80
0085aaa0	Unwind@0085aaa0
0085aaab	Unwind@0085aaab
0085aab6	Unwind@0085aab6
0085aac1	Unwind@0085aac1
0085aacf	Unwind@0085aacf
0085aae4	Unwind@0085aae4
0085aaec	Unwind@0085aaec
0085aaf7	Unwind@0085aaf7
0085aaff	Unwind@0085aaff
0085ab0a	Unwind@0085ab0a
0085ab1f	Unwind@0085ab1f
0085ab40	Unwind@0085ab40
0085ab60	Unwind@0085ab60
0085ab68	Unwind@0085ab68
0085ab73	Unwind@0085ab73
0085ab90	Unwind@0085ab90
0085ab98	Unwind@0085ab98
0085aba0	Unwind@0085aba0
0085abc0	Unwind@0085abc0
0085abe0	Unwind@0085abe0
0085ac00	Unwind@0085ac00
0085ac30	Unwind@0085ac30
0085ac41	Unwind@0085ac41
0085ac49	Unwind@0085ac49
0085ac51	Unwind@0085ac51
0085ac80	Unwind@0085ac80
0085ac88	Unwind@0085ac88
0085ac93	Unwind@0085ac93
0085acb0	Unwind@0085acb0
0085acd0	Unwind@0085acd0
0085ace1	Unwind@0085ace1
0085ace9	Unwind@0085ace9
0085acf4	Unwind@0085acf4
0085acfc	Unwind@0085acfc
0085ad20	Unwind@0085ad20
0085ad31	Unwind@0085ad31
0085ad39	Unwind@0085ad39
0085ad44	Unwind@0085ad44
0085ad4c	Unwind@0085ad4c
0085ad80	Unwind@0085ad80
0085ad88	Unwind@0085ad88
0085ad90	Unwind@0085ad90
0085ad98	Unwind@0085ad98
0085adb0	Unwind@0085adb0
0085adb8	Unwind@0085adb8
0085adc3	Unwind@0085adc3
0085adf0	Unwind@0085adf0
0085adfb	Unwind@0085adfb
0085ae10	Unwind@0085ae10
0085ae1b	Unwind@0085ae1b
0085ae50	Unwind@0085ae50
0085ae58	Unwind@0085ae58
0085ae60	Unwind@0085ae60
0085ae72	Unwind@0085ae72
0085ae7d	Unwind@0085ae7d
0085ae88	Unwind@0085ae88
0085ae93	Unwind@0085ae93
0085ae9e	Unwind@0085ae9e
0085aea9	Unwind@0085aea9
0085aeb4	Unwind@0085aeb4
0085aebf	Unwind@0085aebf
0085aeca	Unwind@0085aeca
0085aed5	Unwind@0085aed5
0085aee0	Unwind@0085aee0
0085aeeb	Unwind@0085aeeb
0085aef6	Unwind@0085aef6
0085aefe	Unwind@0085aefe
0085af06	Unwind@0085af06
0085af0e	Unwind@0085af0e
0085af20	Unwind@0085af20
0085af28	Unwind@0085af28
0085af30	Unwind@0085af30
0085af38	Unwind@0085af38
0085af40	Unwind@0085af40
0085af48	Unwind@0085af48
0085af50	Unwind@0085af50
0085af58	Unwind@0085af58
0085af6a	Unwind@0085af6a
0085af72	Unwind@0085af72
0085af7a	Unwind@0085af7a
0085af82	Unwind@0085af82
0085af8a	Unwind@0085af8a
0085af92	Unwind@0085af92
0085af9a	Unwind@0085af9a
0085afa2	Unwind@0085afa2
0085afc0	Unwind@0085afc0
0085afe0	Unwind@0085afe0
0085afe8	Unwind@0085afe8
0085aff0	Unwind@0085aff0
0085aff8	Unwind@0085aff8
0085b003	Unwind@0085b003
0085b00b	Unwind@0085b00b
0085b013	Unwind@0085b013
0085b01e	Unwind@0085b01e
0085b026	Unwind@0085b026
0085b040	Unwind@0085b040
0085b048	Unwind@0085b048
0085b05a	Unwind@0085b05a
0085b065	Unwind@0085b065
0085b070	Unwind@0085b070
0085b07b	Unwind@0085b07b
0085b086	Unwind@0085b086
0085b091	Unwind@0085b091
0085b09c	Unwind@0085b09c
0085b0a7	Unwind@0085b0a7
0085b0c0	Unwind@0085b0c0
0085b0cb	Unwind@0085b0cb
0085b0dc	Unwind@0085b0dc
0085b0f7	Unwind@0085b0f7
0085b102	Unwind@0085b102
0085b113	Unwind@0085b113
0085b124	Unwind@0085b124
0085b135	Unwind@0085b135
0085b140	Unwind@0085b140
0085b14b	Unwind@0085b14b
0085b166	Unwind@0085b166
0085b174	Unwind@0085b174
0085b18c	Unwind@0085b18c
0085b19a	Unwind@0085b19a
0085b1a8	Unwind@0085b1a8
0085b1b6	Unwind@0085b1b6
0085b1be	Unwind@0085b1be
0085b1c6	Unwind@0085b1c6
0085b1d1	Unwind@0085b1d1
0085b1d9	Unwind@0085b1d9
0085b1e4	Unwind@0085b1e4
0085b1ef	Unwind@0085b1ef
0085b204	Unwind@0085b204
0085b20f	Unwind@0085b20f
0085b21a	Unwind@0085b21a
0085b231	Unwind@0085b231
0085b23c	Unwind@0085b23c
0085b247	Unwind@0085b247
0085b25e	Unwind@0085b25e
0085b269	Unwind@0085b269
0085b274	Unwind@0085b274
0085b28b	Unwind@0085b28b
0085b296	Unwind@0085b296
0085b2a1	Unwind@0085b2a1
0085b2b8	Unwind@0085b2b8
0085b2c3	Unwind@0085b2c3
0085b2ce	Unwind@0085b2ce
0085b2d9	Unwind@0085b2d9
0085b2e4	Unwind@0085b2e4
0085b2ef	Unwind@0085b2ef
0085b2fd	Unwind@0085b2fd
0085b308	Unwind@0085b308
0085b313	Unwind@0085b313
0085b32a	Unwind@0085b32a
0085b335	Unwind@0085b335
0085b343	Unwind@0085b343
0085b34e	Unwind@0085b34e
0085b365	Unwind@0085b365
0085b370	Unwind@0085b370
0085b37e	Unwind@0085b37e
0085b389	Unwind@0085b389
0085b394	Unwind@0085b394
0085b3a2	Unwind@0085b3a2
0085b3ba	Unwind@0085b3ba
0085b3c5	Unwind@0085b3c5
0085b3d0	Unwind@0085b3d0
0085b3e7	Unwind@0085b3e7
0085b3f2	Unwind@0085b3f2
0085b407	Unwind@0085b407
0085b412	Unwind@0085b412
0085b41d	Unwind@0085b41d
0085b428	Unwind@0085b428
0085b433	Unwind@0085b433
0085b43e	Unwind@0085b43e
0085b449	Unwind@0085b449
0085b454	Unwind@0085b454
0085b45f	Unwind@0085b45f
0085b46a	Unwind@0085b46a
0085b475	Unwind@0085b475
0085b480	Unwind@0085b480
0085b48b	Unwind@0085b48b
0085b496	Unwind@0085b496
0085b4a1	Unwind@0085b4a1
0085b4ac	Unwind@0085b4ac
0085b4b7	Unwind@0085b4b7
0085b4c2	Unwind@0085b4c2
0085b4cd	Unwind@0085b4cd
0085b4d8	Unwind@0085b4d8
0085b4e3	Unwind@0085b4e3
0085b4ee	Unwind@0085b4ee
0085b4f9	Unwind@0085b4f9
0085b504	Unwind@0085b504
0085b50f	Unwind@0085b50f
0085b51a	Unwind@0085b51a
0085b525	Unwind@0085b525
0085b530	Unwind@0085b530
0085b53b	Unwind@0085b53b
0085b546	Unwind@0085b546
0085b551	Unwind@0085b551
0085b55c	Unwind@0085b55c
0085b567	Unwind@0085b567
0085b572	Unwind@0085b572
0085b57d	Unwind@0085b57d
0085b588	Unwind@0085b588
0085b593	Unwind@0085b593
0085b59e	Unwind@0085b59e
0085b5a9	Unwind@0085b5a9
0085b5b4	Unwind@0085b5b4
0085b5bf	Unwind@0085b5bf
0085b5ca	Unwind@0085b5ca
0085b5d5	Unwind@0085b5d5
0085b5e0	Unwind@0085b5e0
0085b5eb	Unwind@0085b5eb
0085b5f6	Unwind@0085b5f6
0085b601	Unwind@0085b601
0085b60c	Unwind@0085b60c
0085b617	Unwind@0085b617
0085b622	Unwind@0085b622
0085b62d	Unwind@0085b62d
0085b638	Unwind@0085b638
0085b643	Unwind@0085b643
0085b64e	Unwind@0085b64e
0085b659	Unwind@0085b659
0085b664	Unwind@0085b664
0085b66f	Unwind@0085b66f
0085b67a	Unwind@0085b67a
0085b685	Unwind@0085b685
0085b690	Unwind@0085b690
0085b69b	Unwind@0085b69b
0085b6a6	Unwind@0085b6a6
0085b6b1	Unwind@0085b6b1
0085b6bc	Unwind@0085b6bc
0085b6c7	Unwind@0085b6c7
0085b6d2	Unwind@0085b6d2
0085b6dd	Unwind@0085b6dd
0085b6e8	Unwind@0085b6e8
0085b6f3	Unwind@0085b6f3
0085b6fe	Unwind@0085b6fe
0085b709	Unwind@0085b709
0085b714	Unwind@0085b714
0085b71f	Unwind@0085b71f
0085b72a	Unwind@0085b72a
0085b735	Unwind@0085b735
0085b740	Unwind@0085b740
0085b74b	Unwind@0085b74b
0085b756	Unwind@0085b756
0085b761	Unwind@0085b761
0085b76c	Unwind@0085b76c
0085b777	Unwind@0085b777
0085b782	Unwind@0085b782
0085b78d	Unwind@0085b78d
0085b798	Unwind@0085b798
0085b7a3	Unwind@0085b7a3
0085b7ae	Unwind@0085b7ae
0085b7b9	Unwind@0085b7b9
0085b7c4	Unwind@0085b7c4
0085b7cf	Unwind@0085b7cf
0085b7da	Unwind@0085b7da
0085b7e5	Unwind@0085b7e5
0085b7f0	Unwind@0085b7f0
0085b7fb	Unwind@0085b7fb
0085b806	Unwind@0085b806
0085b811	Unwind@0085b811
0085b81c	Unwind@0085b81c
0085b827	Unwind@0085b827
0085b832	Unwind@0085b832
0085b83d	Unwind@0085b83d
0085b848	Unwind@0085b848
0085b853	Unwind@0085b853
0085b85e	Unwind@0085b85e
0085b869	Unwind@0085b869
0085b874	Unwind@0085b874
0085b87f	Unwind@0085b87f
0085b88a	Unwind@0085b88a
0085b895	Unwind@0085b895
0085b8a0	Unwind@0085b8a0
0085b8ab	Unwind@0085b8ab
0085b8b6	Unwind@0085b8b6
0085b8c1	Unwind@0085b8c1
0085b8cc	Unwind@0085b8cc
0085b8d7	Unwind@0085b8d7
0085b8e2	Unwind@0085b8e2
0085b8ed	Unwind@0085b8ed
0085b8f8	Unwind@0085b8f8
0085b903	Unwind@0085b903
0085b90e	Unwind@0085b90e
0085b923	Unwind@0085b923
0085b92e	Unwind@0085b92e
0085b939	Unwind@0085b939
0085b944	Unwind@0085b944
0085b94f	Unwind@0085b94f
0085b95a	Unwind@0085b95a
0085b965	Unwind@0085b965
0085b970	Unwind@0085b970
0085b97b	Unwind@0085b97b
0085b986	Unwind@0085b986
0085b991	Unwind@0085b991
0085b99c	Unwind@0085b99c
0085b9a7	Unwind@0085b9a7
0085b9b2	Unwind@0085b9b2
0085b9bd	Unwind@0085b9bd
0085b9c8	Unwind@0085b9c8
0085b9d3	Unwind@0085b9d3
0085b9de	Unwind@0085b9de
0085b9e9	Unwind@0085b9e9
0085b9f4	Unwind@0085b9f4
0085b9ff	Unwind@0085b9ff
0085ba0a	Unwind@0085ba0a
0085ba15	Unwind@0085ba15
0085ba20	Unwind@0085ba20
0085ba2b	Unwind@0085ba2b
0085ba36	Unwind@0085ba36
0085ba41	Unwind@0085ba41
0085ba4c	Unwind@0085ba4c
0085ba57	Unwind@0085ba57
0085ba62	Unwind@0085ba62
0085ba6d	Unwind@0085ba6d
0085ba78	Unwind@0085ba78
0085ba83	Unwind@0085ba83
0085ba8e	Unwind@0085ba8e
0085ba99	Unwind@0085ba99
0085baa4	Unwind@0085baa4
0085baaf	Unwind@0085baaf
0085baba	Unwind@0085baba
0085bac5	Unwind@0085bac5
0085bad0	Unwind@0085bad0
0085badb	Unwind@0085badb
0085bae6	Unwind@0085bae6
0085baf1	Unwind@0085baf1
0085bafc	Unwind@0085bafc
0085bb07	Unwind@0085bb07
0085bb12	Unwind@0085bb12
0085bb1d	Unwind@0085bb1d
0085bb28	Unwind@0085bb28
0085bb33	Unwind@0085bb33
0085bb3e	Unwind@0085bb3e
0085bb49	Unwind@0085bb49
0085bb54	Unwind@0085bb54
0085bb5f	Unwind@0085bb5f
0085bb6a	Unwind@0085bb6a
0085bb75	Unwind@0085bb75
0085bb80	Unwind@0085bb80
0085bb8b	Unwind@0085bb8b
0085bb96	Unwind@0085bb96
0085bba1	Unwind@0085bba1
0085bbac	Unwind@0085bbac
0085bbb7	Unwind@0085bbb7
0085bbc2	Unwind@0085bbc2
0085bbcd	Unwind@0085bbcd
0085bbd8	Unwind@0085bbd8
0085bbe3	Unwind@0085bbe3
0085bbee	Unwind@0085bbee
0085bc03	Unwind@0085bc03
0085bc0b	Unwind@0085bc0b
0085bc13	Unwind@0085bc13
0085bc1b	Unwind@0085bc1b
0085bc23	Unwind@0085bc23
0085bc2b	Unwind@0085bc2b
0085bc33	Unwind@0085bc33
0085bc45	Unwind@0085bc45
0085bc57	Unwind@0085bc57
0085bc62	Unwind@0085bc62
0085bc70	Unwind@0085bc70
0085bc7e	Unwind@0085bc7e
0085bc8c	Unwind@0085bc8c
0085bc9a	Unwind@0085bc9a
0085bca8	Unwind@0085bca8
0085bcc0	Unwind@0085bcc0
0085bccb	Unwind@0085bccb
0085bcd6	Unwind@0085bcd6
0085bce4	Unwind@0085bce4
0085bcfc	Unwind@0085bcfc
0085bd07	Unwind@0085bd07
0085bd20	Unwind@0085bd20
0085bd28	Unwind@0085bd28
0085bd40	Unwind@0085bd40
0085bd60	Unwind@0085bd60
0085bd80	Unwind@0085bd80
0085bd88	Unwind@0085bd88
0085bda0	Unwind@0085bda0
0085bda8	Unwind@0085bda8
0085bdc0	Unwind@0085bdc0
0085bde0	Unwind@0085bde0
0085be00	Unwind@0085be00
0085be20	Unwind@0085be20
0085be40	Unwind@0085be40
0085be60	Unwind@0085be60
0085be68	Unwind@0085be68
0085be73	Unwind@0085be73
0085be90	Unwind@0085be90
0085be98	Unwind@0085be98
0085bea3	Unwind@0085bea3
0085bec0	Unwind@0085bec0
0085bee0	Unwind@0085bee0
0085bf00	Unwind@0085bf00
0085bf20	Unwind@0085bf20
0085bf28	Unwind@0085bf28
0085bf40	Unwind@0085bf40
0085bf48	Unwind@0085bf48
0085bf60	Unwind@0085bf60
0085bf90	Unwind@0085bf90
0085bfc0	Unwind@0085bfc0
0085bff0	Unwind@0085bff0
0085c001	Unwind@0085c001
0085c009	Unwind@0085c009
0085c011	Unwind@0085c011
0085c030	Unwind@0085c030
0085c038	Unwind@0085c038
0085c043	Unwind@0085c043
0085c060	Unwind@0085c060
0085c080	Unwind@0085c080
0085c091	Unwind@0085c091
0085c099	Unwind@0085c099
0085c0a1	Unwind@0085c0a1
0085c0c0	Unwind@0085c0c0
0085c0c8	Unwind@0085c0c8
0085c0d0	Unwind@0085c0d0
0085c0f0	Unwind@0085c0f0
0085c120	Unwind@0085c120
0085c160	Unwind@0085c160
0085c180	Unwind@0085c180
0085c1a0	Unwind@0085c1a0
0085c1a8	Unwind@0085c1a8
0085c1b3	Unwind@0085c1b3
0085c1d0	Unwind@0085c1d0
0085c1f0	Unwind@0085c1f0
0085c210	Unwind@0085c210
0085c230	Unwind@0085c230
0085c241	Unwind@0085c241
0085c249	Unwind@0085c249
0085c254	Unwind@0085c254
0085c25c	Unwind@0085c25c
0085c280	Unwind@0085c280
0085c291	Unwind@0085c291
0085c299	Unwind@0085c299
0085c2a4	Unwind@0085c2a4
0085c2ac	Unwind@0085c2ac
0085c2d0	Unwind@0085c2d0
0085c2e1	Unwind@0085c2e1
0085c2e9	Unwind@0085c2e9
0085c2f4	Unwind@0085c2f4
0085c2fc	Unwind@0085c2fc
0085c320	Unwind@0085c320
0085c331	Unwind@0085c331
0085c339	Unwind@0085c339
0085c344	Unwind@0085c344
0085c34c	Unwind@0085c34c
0085c370	Unwind@0085c370
0085c378	Unwind@0085c378
0085c383	Unwind@0085c383
0085c3b0	Unwind@0085c3b0
0085c3b8	Unwind@0085c3b8
0085c3c3	Unwind@0085c3c3
0085c3e0	Unwind@0085c3e0
0085c400	Unwind@0085c400
0085c440	Unwind@0085c440
0085c451	Unwind@0085c451
0085c459	Unwind@0085c459
0085c464	Unwind@0085c464
0085c490	Unwind@0085c490
0085c4a2	Unwind@0085c4a2
0085c4c0	Unwind@0085c4c0
0085c4c8	Unwind@0085c4c8
0085c4da	Unwind@0085c4da
0085c4e2	Unwind@0085c4e2
0085c4f0	Unwind@0085c4f0
0085c505	Unwind@0085c505
0085c517	Unwind@0085c517
0085c51f	Unwind@0085c51f
0085c527	Unwind@0085c527
0085c52f	Unwind@0085c52f
0085c537	Unwind@0085c537
0085c53f	Unwind@0085c53f
0085c547	Unwind@0085c547
0085c54f	Unwind@0085c54f
0085c557	Unwind@0085c557
0085c55f	Unwind@0085c55f
0085c567	Unwind@0085c567
0085c56f	Unwind@0085c56f
0085c577	Unwind@0085c577
0085c57f	Unwind@0085c57f
0085c587	Unwind@0085c587
0085c58f	Unwind@0085c58f
0085c5a1	Unwind@0085c5a1
0085c5ac	Unwind@0085c5ac
0085c5b7	Unwind@0085c5b7
0085c5c2	Unwind@0085c5c2
0085c5d7	Unwind@0085c5d7
0085c5df	Unwind@0085c5df
0085c5e7	Unwind@0085c5e7
0085c5ef	Unwind@0085c5ef
0085c601	Unwind@0085c601
0085c60c	Unwind@0085c60c
0085c617	Unwind@0085c617
0085c622	Unwind@0085c622
0085c637	Unwind@0085c637
0085c642	Unwind@0085c642
0085c64d	Unwind@0085c64d
0085c658	Unwind@0085c658
0085c663	Unwind@0085c663
0085c66e	Unwind@0085c66e
0085c679	Unwind@0085c679
0085c684	Unwind@0085c684
0085c68f	Unwind@0085c68f
0085c69a	Unwind@0085c69a
0085c6a5	Unwind@0085c6a5
0085c6b0	Unwind@0085c6b0
0085c6bb	Unwind@0085c6bb
0085c6c6	Unwind@0085c6c6
0085c6d1	Unwind@0085c6d1
0085c6dc	Unwind@0085c6dc
0085c6e7	Unwind@0085c6e7
0085c6f2	Unwind@0085c6f2
0085c6fd	Unwind@0085c6fd
0085c708	Unwind@0085c708
0085c713	Unwind@0085c713
0085c721	Unwind@0085c721
0085c72f	Unwind@0085c72f
0085c747	Unwind@0085c747
0085c74f	Unwind@0085c74f
0085c757	Unwind@0085c757
0085c75f	Unwind@0085c75f
0085c767	Unwind@0085c767
0085c76f	Unwind@0085c76f
0085c777	Unwind@0085c777
0085c77f	Unwind@0085c77f
0085c791	Unwind@0085c791
0085c799	Unwind@0085c799
0085c7a1	Unwind@0085c7a1
0085c7a9	Unwind@0085c7a9
0085c7b1	Unwind@0085c7b1
0085c7b9	Unwind@0085c7b9
0085c7c1	Unwind@0085c7c1
0085c7c9	Unwind@0085c7c9
0085c7e0	Unwind@0085c7e0
0085c810	Unwind@0085c810
0085c81b	Unwind@0085c81b
0085c826	Unwind@0085c826
0085c831	Unwind@0085c831
0085c83c	Unwind@0085c83c
0085c847	Unwind@0085c847
0085c852	Unwind@0085c852
0085c85d	Unwind@0085c85d
0085c868	Unwind@0085c868
0085c873	Unwind@0085c873
0085c87e	Unwind@0085c87e
0085c889	Unwind@0085c889
0085c894	Unwind@0085c894
0085c89f	Unwind@0085c89f
0085c8aa	Unwind@0085c8aa
0085c8b5	Unwind@0085c8b5
0085c8c0	Unwind@0085c8c0
0085c8cb	Unwind@0085c8cb
0085c8d6	Unwind@0085c8d6
0085c8e1	Unwind@0085c8e1
0085c8ec	Unwind@0085c8ec
0085c8f7	Unwind@0085c8f7
0085c902	Unwind@0085c902
0085c90d	Unwind@0085c90d
0085c918	Unwind@0085c918
0085c923	Unwind@0085c923
0085c92e	Unwind@0085c92e
0085c939	Unwind@0085c939
0085c944	Unwind@0085c944
0085c94f	Unwind@0085c94f
0085c95a	Unwind@0085c95a
0085c965	Unwind@0085c965
0085c970	Unwind@0085c970
0085c97b	Unwind@0085c97b
0085c990	Unwind@0085c990
0085c99b	Unwind@0085c99b
0085c9a6	Unwind@0085c9a6
0085c9b1	Unwind@0085c9b1
0085c9bc	Unwind@0085c9bc
0085c9d3	Unwind@0085c9d3
0085c9de	Unwind@0085c9de
0085c9ec	Unwind@0085c9ec
0085c9f7	Unwind@0085c9f7
0085ca0e	Unwind@0085ca0e
0085ca19	Unwind@0085ca19
0085ca24	Unwind@0085ca24
0085ca32	Unwind@0085ca32
0085ca3d	Unwind@0085ca3d
0085ca48	Unwind@0085ca48
0085ca56	Unwind@0085ca56
0085ca64	Unwind@0085ca64
0085ca6f	Unwind@0085ca6f
0085ca90	Unwind@0085ca90
0085cab0	Unwind@0085cab0
0085cab8	Unwind@0085cab8
0085cac3	Unwind@0085cac3
0085cae0	Unwind@0085cae0
0085cb00	Unwind@0085cb00
0085cb20	Unwind@0085cb20
0085cb40	Unwind@0085cb40
0085cb60	Unwind@0085cb60
0085cb68	Unwind@0085cb68
0085cb73	Unwind@0085cb73
0085cb7e	Unwind@0085cb7e
0085cb89	Unwind@0085cb89
0085cb94	Unwind@0085cb94
0085cb9c	Unwind@0085cb9c
0085cbc0	Unwind@0085cbc0
0085cbe0	Unwind@0085cbe0
0085cbf1	Unwind@0085cbf1
0085cc10	Unwind@0085cc10
0085cc30	Unwind@0085cc30
0085cc70	Unwind@0085cc70
0085cc81	Unwind@0085cc81
0085cc8c	Unwind@0085cc8c
0085cc97	Unwind@0085cc97
0085cca2	Unwind@0085cca2
0085ccad	Unwind@0085ccad
0085ccb8	Unwind@0085ccb8
0085ccd0	Unwind@0085ccd0
0085ccf0	Unwind@0085ccf0
0085cd01	Unwind@0085cd01
0085cd09	Unwind@0085cd09
0085cd14	Unwind@0085cd14
0085cd30	Unwind@0085cd30
0085cd41	Unwind@0085cd41
0085cd49	Unwind@0085cd49
0085cd54	Unwind@0085cd54
0085cd70	Unwind@0085cd70
0085cd81	Unwind@0085cd81
0085cd89	Unwind@0085cd89
0085cd91	Unwind@0085cd91
0085cd9c	Unwind@0085cd9c
0085cda4	Unwind@0085cda4
0085cdac	Unwind@0085cdac
0085cdb7	Unwind@0085cdb7
0085cdc2	Unwind@0085cdc2
0085cdcd	Unwind@0085cdcd
0085cdd8	Unwind@0085cdd8
0085cde3	Unwind@0085cde3
0085cdee	Unwind@0085cdee
0085ce00	Unwind@0085ce00
0085ce11	Unwind@0085ce11
0085ce19	Unwind@0085ce19
0085ce21	Unwind@0085ce21
0085ce2c	Unwind@0085ce2c
0085ce34	Unwind@0085ce34
0085ce3c	Unwind@0085ce3c
0085ce47	Unwind@0085ce47
0085ce52	Unwind@0085ce52
0085ce5d	Unwind@0085ce5d
0085ce68	Unwind@0085ce68
0085ce73	Unwind@0085ce73
0085ce7e	Unwind@0085ce7e
0085ce90	Unwind@0085ce90
0085ce98	Unwind@0085ce98
0085cea3	Unwind@0085cea3
0085ceab	Unwind@0085ceab
0085ceb6	Unwind@0085ceb6
0085cebe	Unwind@0085cebe
0085cec9	Unwind@0085cec9
0085ced1	Unwind@0085ced1
0085cedc	Unwind@0085cedc
0085cee4	Unwind@0085cee4
0085ceef	Unwind@0085ceef
0085cef7	Unwind@0085cef7
0085cf10	Unwind@0085cf10
0085cf18	Unwind@0085cf18
0085cf30	Unwind@0085cf30
0085cf38	Unwind@0085cf38
0085cf50	Unwind@0085cf50
0085cf70	Unwind@0085cf70
0085cf90	Unwind@0085cf90
0085cfb0	Unwind@0085cfb0
0085cfb8	Unwind@0085cfb8
0085cfc3	Unwind@0085cfc3
0085cfce	Unwind@0085cfce
0085cfd9	Unwind@0085cfd9
0085cff0	Unwind@0085cff0
0085cffb	Unwind@0085cffb
0085d006	Unwind@0085d006
0085d011	Unwind@0085d011
0085d01c	Unwind@0085d01c
0085d027	Unwind@0085d027
0085d032	Unwind@0085d032
0085d03a	Unwind@0085d03a
0085d050	Unwind@0085d050
0085d061	Unwind@0085d061
0085d069	Unwind@0085d069
0085d074	Unwind@0085d074
0085d090	Unwind@0085d090
0085d09b	Unwind@0085d09b
0085d0a6	Unwind@0085d0a6
0085d0b4	Unwind@0085d0b4
0085d0c2	Unwind@0085d0c2
0085d0d0	Unwind@0085d0d0
0085d0e8	Unwind@0085d0e8
0085d0f3	Unwind@0085d0f3
0085d0fe	Unwind@0085d0fe
0085d113	Unwind@0085d113
0085d11b	Unwind@0085d11b
0085d129	Unwind@0085d129
0085d131	Unwind@0085d131
0085d13f	Unwind@0085d13f
0085d147	Unwind@0085d147
0085d155	Unwind@0085d155
0085d163	Unwind@0085d163
0085d171	Unwind@0085d171
0085d17f	Unwind@0085d17f
0085d187	Unwind@0085d187
0085d195	Unwind@0085d195
0085d19d	Unwind@0085d19d
0085d1ab	Unwind@0085d1ab
0085d1b3	Unwind@0085d1b3
0085d1c1	Unwind@0085d1c1
0085d1c9	Unwind@0085d1c9
0085d1d7	Unwind@0085d1d7
0085d1df	Unwind@0085d1df
0085d1ed	Unwind@0085d1ed
0085d1f5	Unwind@0085d1f5
0085d203	Unwind@0085d203
0085d20b	Unwind@0085d20b
0085d219	Unwind@0085d219
0085d221	Unwind@0085d221
0085d22f	Unwind@0085d22f
0085d23d	Unwind@0085d23d
0085d258	Unwind@0085d258
0085d266	Unwind@0085d266
0085d274	Unwind@0085d274
0085d27c	Unwind@0085d27c
0085d28a	Unwind@0085d28a
0085d298	Unwind@0085d298
0085d2a6	Unwind@0085d2a6
0085d2ae	Unwind@0085d2ae
0085d2bc	Unwind@0085d2bc
0085d2ca	Unwind@0085d2ca
0085d2d2	Unwind@0085d2d2
0085d2e0	Unwind@0085d2e0
0085d2e8	Unwind@0085d2e8
0085d2f6	Unwind@0085d2f6
0085d2fe	Unwind@0085d2fe
0085d30c	Unwind@0085d30c
0085d314	Unwind@0085d314
0085d322	Unwind@0085d322
0085d32a	Unwind@0085d32a
0085d338	Unwind@0085d338
0085d340	Unwind@0085d340
0085d34e	Unwind@0085d34e
0085d356	Unwind@0085d356
0085d364	Unwind@0085d364
0085d36c	Unwind@0085d36c
0085d37a	Unwind@0085d37a
0085d382	Unwind@0085d382
0085d390	Unwind@0085d390
0085d39e	Unwind@0085d39e
0085d3a6	Unwind@0085d3a6
0085d3ae	Unwind@0085d3ae
0085d3bc	Unwind@0085d3bc
0085d3ca	Unwind@0085d3ca
0085d3e2	Unwind@0085d3e2
0085d3f0	Unwind@0085d3f0
0085d3fe	Unwind@0085d3fe
0085d40c	Unwind@0085d40c
0085d41a	Unwind@0085d41a
0085d428	Unwind@0085d428
0085d436	Unwind@0085d436
0085d444	Unwind@0085d444
0085d452	Unwind@0085d452
0085d460	Unwind@0085d460
0085d46e	Unwind@0085d46e
0085d47c	Unwind@0085d47c
0085d48a	Unwind@0085d48a
0085d498	Unwind@0085d498
0085d4a6	Unwind@0085d4a6
0085d4b4	Unwind@0085d4b4
0085d4cf	Unwind@0085d4cf
0085d4dd	Unwind@0085d4dd
0085d4eb	Unwind@0085d4eb
0085d4f9	Unwind@0085d4f9
0085d507	Unwind@0085d507
0085d515	Unwind@0085d515
0085d523	Unwind@0085d523
0085d531	Unwind@0085d531
0085d53f	Unwind@0085d53f
0085d54d	Unwind@0085d54d
0085d55b	Unwind@0085d55b
0085d569	Unwind@0085d569
0085d577	Unwind@0085d577
0085d585	Unwind@0085d585
0085d593	Unwind@0085d593
0085d5a1	Unwind@0085d5a1
0085d5af	Unwind@0085d5af
0085d5bd	Unwind@0085d5bd
0085d5cb	Unwind@0085d5cb
0085d5d9	Unwind@0085d5d9
0085d5e7	Unwind@0085d5e7
0085d5f9	Unwind@0085d5f9
0085d604	Unwind@0085d604
0085d60f	Unwind@0085d60f
0085d61a	Unwind@0085d61a
0085d625	Unwind@0085d625
0085d630	Unwind@0085d630
0085d645	Unwind@0085d645
0085d64d	Unwind@0085d64d
0085d655	Unwind@0085d655
0085d65d	Unwind@0085d65d
0085d665	Unwind@0085d665
0085d66d	Unwind@0085d66d
0085d675	Unwind@0085d675
0085d687	Unwind@0085d687
0085d692	Unwind@0085d692
0085d69d	Unwind@0085d69d
0085d6a8	Unwind@0085d6a8
0085d6bd	Unwind@0085d6bd
0085d6c8	Unwind@0085d6c8
0085d6d3	Unwind@0085d6d3
0085d6e8	Unwind@0085d6e8
0085d6f0	Unwind@0085d6f0
0085d6f8	Unwind@0085d6f8
0085d700	Unwind@0085d700
0085d712	Unwind@0085d712
0085d71a	Unwind@0085d71a
0085d722	Unwind@0085d722
0085d734	Unwind@0085d734
0085d73c	Unwind@0085d73c
0085d744	Unwind@0085d744
0085d74c	Unwind@0085d74c
0085d754	Unwind@0085d754
0085d75c	Unwind@0085d75c
0085d764	Unwind@0085d764
0085d76c	Unwind@0085d76c
0085d77e	Unwind@0085d77e
0085d789	Unwind@0085d789
0085d794	Unwind@0085d794
0085d79c	Unwind@0085d79c
0085d7a4	Unwind@0085d7a4
0085d7af	Unwind@0085d7af
0085d7ba	Unwind@0085d7ba
0085d7c5	Unwind@0085d7c5
0085d7d7	Unwind@0085d7d7
0085d7df	Unwind@0085d7df
0085d7e7	Unwind@0085d7e7
0085d7ef	Unwind@0085d7ef
0085d7f7	Unwind@0085d7f7
0085d7ff	Unwind@0085d7ff
0085d807	Unwind@0085d807
0085d80f	Unwind@0085d80f
0085d821	Unwind@0085d821
0085d82c	Unwind@0085d82c
0085d837	Unwind@0085d837
0085d842	Unwind@0085d842
0085d84d	Unwind@0085d84d
0085d858	Unwind@0085d858
0085d863	Unwind@0085d863
0085d86e	Unwind@0085d86e
0085d879	Unwind@0085d879
0085d884	Unwind@0085d884
0085d88f	Unwind@0085d88f
0085d89a	Unwind@0085d89a
0085d8a5	Unwind@0085d8a5
0085d8b0	Unwind@0085d8b0
0085d8bb	Unwind@0085d8bb
0085d8c6	Unwind@0085d8c6
0085d8d1	Unwind@0085d8d1
0085d8dc	Unwind@0085d8dc
0085d8e7	Unwind@0085d8e7
0085d8f2	Unwind@0085d8f2
0085d8fd	Unwind@0085d8fd
0085d908	Unwind@0085d908
0085d913	Unwind@0085d913
0085d91e	Unwind@0085d91e
0085d929	Unwind@0085d929
0085d934	Unwind@0085d934
0085d93f	Unwind@0085d93f
0085d94a	Unwind@0085d94a
0085d955	Unwind@0085d955
0085d960	Unwind@0085d960
0085d96b	Unwind@0085d96b
0085d976	Unwind@0085d976
0085d981	Unwind@0085d981
0085d98c	Unwind@0085d98c
0085d997	Unwind@0085d997
0085d9a2	Unwind@0085d9a2
0085d9ad	Unwind@0085d9ad
0085d9b8	Unwind@0085d9b8
0085d9c3	Unwind@0085d9c3
0085d9ce	Unwind@0085d9ce
0085d9d9	Unwind@0085d9d9
0085d9e4	Unwind@0085d9e4
0085d9ef	Unwind@0085d9ef
0085d9fa	Unwind@0085d9fa
0085da0f	Unwind@0085da0f
0085da1a	Unwind@0085da1a
0085da25	Unwind@0085da25
0085da37	Unwind@0085da37
0085da42	Unwind@0085da42
0085da4d	Unwind@0085da4d
0085da58	Unwind@0085da58
0085da63	Unwind@0085da63
0085da6e	Unwind@0085da6e
0085da79	Unwind@0085da79
0085da84	Unwind@0085da84
0085da99	Unwind@0085da99
0085daa4	Unwind@0085daa4
0085daaf	Unwind@0085daaf
0085daba	Unwind@0085daba
0085dac5	Unwind@0085dac5
0085dad0	Unwind@0085dad0
0085dadb	Unwind@0085dadb
0085dae6	Unwind@0085dae6
0085daf1	Unwind@0085daf1
0085dafc	Unwind@0085dafc
0085db07	Unwind@0085db07
0085db12	Unwind@0085db12
0085db1d	Unwind@0085db1d
0085db28	Unwind@0085db28
0085db33	Unwind@0085db33
0085db3e	Unwind@0085db3e
0085db49	Unwind@0085db49
0085db54	Unwind@0085db54
0085db5f	Unwind@0085db5f
0085db6a	Unwind@0085db6a
0085db75	Unwind@0085db75
0085db80	Unwind@0085db80
0085db8b	Unwind@0085db8b
0085db96	Unwind@0085db96
0085dba1	Unwind@0085dba1
0085dbb6	Unwind@0085dbb6
0085dbc1	Unwind@0085dbc1
0085dbcc	Unwind@0085dbcc
0085dbd7	Unwind@0085dbd7
0085dbe2	Unwind@0085dbe2
0085dbed	Unwind@0085dbed
0085dbf8	Unwind@0085dbf8
0085dc03	Unwind@0085dc03
0085dc0e	Unwind@0085dc0e
0085dc19	Unwind@0085dc19
0085dc24	Unwind@0085dc24
0085dc2f	Unwind@0085dc2f
0085dc3a	Unwind@0085dc3a
0085dc45	Unwind@0085dc45
0085dc50	Unwind@0085dc50
0085dc5b	Unwind@0085dc5b
0085dc66	Unwind@0085dc66
0085dc71	Unwind@0085dc71
0085dc7c	Unwind@0085dc7c
0085dc87	Unwind@0085dc87
0085dc92	Unwind@0085dc92
0085dc9d	Unwind@0085dc9d
0085dca8	Unwind@0085dca8
0085dcb3	Unwind@0085dcb3
0085dcbe	Unwind@0085dcbe
0085dcc9	Unwind@0085dcc9
0085dcd4	Unwind@0085dcd4
0085dcdf	Unwind@0085dcdf
0085dcea	Unwind@0085dcea
0085dcf5	Unwind@0085dcf5
0085dd00	Unwind@0085dd00
0085dd0b	Unwind@0085dd0b
0085dd16	Unwind@0085dd16
0085dd21	Unwind@0085dd21
0085dd2c	Unwind@0085dd2c
0085dd37	Unwind@0085dd37
0085dd4c	Unwind@0085dd4c
0085dd57	Unwind@0085dd57
0085dd62	Unwind@0085dd62
0085dd6d	Unwind@0085dd6d
0085dd78	Unwind@0085dd78
0085dd83	Unwind@0085dd83
0085dd8e	Unwind@0085dd8e
0085dd99	Unwind@0085dd99
0085ddae	Unwind@0085ddae
0085ddb9	Unwind@0085ddb9
0085ddc4	Unwind@0085ddc4
0085ddcf	Unwind@0085ddcf
0085ddda	Unwind@0085ddda
0085dde5	Unwind@0085dde5
0085ddf0	Unwind@0085ddf0
0085ddfb	Unwind@0085ddfb
0085de06	Unwind@0085de06
0085de11	Unwind@0085de11
0085de1c	Unwind@0085de1c
0085de27	Unwind@0085de27
0085de32	Unwind@0085de32
0085de3d	Unwind@0085de3d
0085de48	Unwind@0085de48
0085de53	Unwind@0085de53
0085de5e	Unwind@0085de5e
0085de69	Unwind@0085de69
0085de74	Unwind@0085de74
0085de7f	Unwind@0085de7f
0085de8a	Unwind@0085de8a
0085de95	Unwind@0085de95
0085dea0	Unwind@0085dea0
0085deab	Unwind@0085deab
0085deb6	Unwind@0085deb6
0085dec4	Unwind@0085dec4
0085dedc	Unwind@0085dedc
0085dee7	Unwind@0085dee7
0085def2	Unwind@0085def2
0085defd	Unwind@0085defd
0085df08	Unwind@0085df08
0085df13	Unwind@0085df13
0085df1e	Unwind@0085df1e
0085df29	Unwind@0085df29
0085df34	Unwind@0085df34
0085df42	Unwind@0085df42
0085df50	Unwind@0085df50
0085df68	Unwind@0085df68
0085df73	Unwind@0085df73
0085df88	Unwind@0085df88
0085df93	Unwind@0085df93
0085df9b	Unwind@0085df9b
0085dfa6	Unwind@0085dfa6
0085dfae	Unwind@0085dfae
0085dfb6	Unwind@0085dfb6
0085dfbe	Unwind@0085dfbe
0085dfc6	Unwind@0085dfc6
0085dfce	Unwind@0085dfce
0085dfd6	Unwind@0085dfd6
0085dfde	Unwind@0085dfde
0085dfe6	Unwind@0085dfe6
0085dfee	Unwind@0085dfee
0085dff9	Unwind@0085dff9
0085e004	Unwind@0085e004
0085e019	Unwind@0085e019
0085e021	Unwind@0085e021
0085e02c	Unwind@0085e02c
0085e037	Unwind@0085e037
0085e042	Unwind@0085e042
0085e04d	Unwind@0085e04d
0085e058	Unwind@0085e058
0085e063	Unwind@0085e063
0085e06b	Unwind@0085e06b
0085e076	Unwind@0085e076
0085e081	Unwind@0085e081
0085e08c	Unwind@0085e08c
0085e097	Unwind@0085e097
0085e09f	Unwind@0085e09f
0085e0ad	Unwind@0085e0ad
0085e0bb	Unwind@0085e0bb
0085e0d3	Unwind@0085e0d3
0085e0de	Unwind@0085e0de
0085e0f3	Unwind@0085e0f3
0085e0fe	Unwind@0085e0fe
0085e109	Unwind@0085e109
0085e114	Unwind@0085e114
0085e11f	Unwind@0085e11f
0085e12a	Unwind@0085e12a
0085e135	Unwind@0085e135
0085e140	Unwind@0085e140
0085e14b	Unwind@0085e14b
0085e156	Unwind@0085e156
0085e161	Unwind@0085e161
0085e16c	Unwind@0085e16c
0085e177	Unwind@0085e177
0085e182	Unwind@0085e182
0085e18d	Unwind@0085e18d
0085e198	Unwind@0085e198
0085e1a3	Unwind@0085e1a3
0085e1ae	Unwind@0085e1ae
0085e1b9	Unwind@0085e1b9
0085e1c4	Unwind@0085e1c4
0085e1cf	Unwind@0085e1cf
0085e1da	Unwind@0085e1da
0085e1e5	Unwind@0085e1e5
0085e1f0	Unwind@0085e1f0
0085e1fb	Unwind@0085e1fb
0085e206	Unwind@0085e206
0085e211	Unwind@0085e211
0085e21c	Unwind@0085e21c
0085e227	Unwind@0085e227
0085e235	Unwind@0085e235
0085e24a	Unwind@0085e24a
0085e255	Unwind@0085e255
0085e260	Unwind@0085e260
0085e26b	Unwind@0085e26b
0085e276	Unwind@0085e276
0085e281	Unwind@0085e281
0085e28c	Unwind@0085e28c
0085e297	Unwind@0085e297
0085e2a2	Unwind@0085e2a2
0085e2ad	Unwind@0085e2ad
0085e2b8	Unwind@0085e2b8
0085e2c3	Unwind@0085e2c3
0085e2ce	Unwind@0085e2ce
0085e2d9	Unwind@0085e2d9
0085e2e4	Unwind@0085e2e4
0085e2ef	Unwind@0085e2ef
0085e304	Unwind@0085e304
0085e30f	Unwind@0085e30f
0085e31a	Unwind@0085e31a
0085e325	Unwind@0085e325
0085e330	Unwind@0085e330
0085e33b	Unwind@0085e33b
0085e346	Unwind@0085e346
0085e351	Unwind@0085e351
0085e366	Unwind@0085e366
0085e371	Unwind@0085e371
0085e37c	Unwind@0085e37c
0085e387	Unwind@0085e387
0085e392	Unwind@0085e392
0085e39d	Unwind@0085e39d
0085e3a8	Unwind@0085e3a8
0085e3b3	Unwind@0085e3b3
0085e3c8	Unwind@0085e3c8
0085e3d3	Unwind@0085e3d3
0085e3de	Unwind@0085e3de
0085e3e9	Unwind@0085e3e9
0085e3f4	Unwind@0085e3f4
0085e3ff	Unwind@0085e3ff
0085e40a	Unwind@0085e40a
0085e415	Unwind@0085e415
0085e420	Unwind@0085e420
0085e42b	Unwind@0085e42b
0085e436	Unwind@0085e436
0085e441	Unwind@0085e441
0085e44c	Unwind@0085e44c
0085e457	Unwind@0085e457
0085e462	Unwind@0085e462
0085e46d	Unwind@0085e46d
0085e478	Unwind@0085e478
0085e483	Unwind@0085e483
0085e48e	Unwind@0085e48e
0085e499	Unwind@0085e499
0085e4a4	Unwind@0085e4a4
0085e4af	Unwind@0085e4af
0085e4ba	Unwind@0085e4ba
0085e4c5	Unwind@0085e4c5
0085e4d0	Unwind@0085e4d0
0085e4db	Unwind@0085e4db
0085e4e6	Unwind@0085e4e6
0085e4f1	Unwind@0085e4f1
0085e4fc	Unwind@0085e4fc
0085e507	Unwind@0085e507
0085e512	Unwind@0085e512
0085e51d	Unwind@0085e51d
0085e528	Unwind@0085e528
0085e533	Unwind@0085e533
0085e53e	Unwind@0085e53e
0085e553	Unwind@0085e553
0085e569	Unwind@0085e569
0085e574	Unwind@0085e574
0085e57f	Unwind@0085e57f
0085e58a	Unwind@0085e58a
0085e595	Unwind@0085e595
0085e5a0	Unwind@0085e5a0
0085e5ab	Unwind@0085e5ab
0085e5b6	Unwind@0085e5b6
0085e5c1	Unwind@0085e5c1
0085e5cc	Unwind@0085e5cc
0085e5d7	Unwind@0085e5d7
0085e5e2	Unwind@0085e5e2
0085e5ed	Unwind@0085e5ed
0085e5f8	Unwind@0085e5f8
0085e603	Unwind@0085e603
0085e60e	Unwind@0085e60e
0085e619	Unwind@0085e619
0085e624	Unwind@0085e624
0085e62f	Unwind@0085e62f
0085e63a	Unwind@0085e63a
0085e645	Unwind@0085e645
0085e650	Unwind@0085e650
0085e65b	Unwind@0085e65b
0085e666	Unwind@0085e666
0085e671	Unwind@0085e671
0085e67c	Unwind@0085e67c
0085e687	Unwind@0085e687
0085e692	Unwind@0085e692
0085e69d	Unwind@0085e69d
0085e6a8	Unwind@0085e6a8
0085e6b3	Unwind@0085e6b3
0085e6be	Unwind@0085e6be
0085e6c9	Unwind@0085e6c9
0085e6d4	Unwind@0085e6d4
0085e6df	Unwind@0085e6df
0085e6ea	Unwind@0085e6ea
0085e6f5	Unwind@0085e6f5
0085e700	Unwind@0085e700
0085e70b	Unwind@0085e70b
0085e716	Unwind@0085e716
0085e72b	Unwind@0085e72b
0085e736	Unwind@0085e736
0085e741	Unwind@0085e741
0085e74c	Unwind@0085e74c
0085e757	Unwind@0085e757
0085e762	Unwind@0085e762
0085e76d	Unwind@0085e76d
0085e778	Unwind@0085e778
0085e78d	Unwind@0085e78d
0085e798	Unwind@0085e798
0085e7a3	Unwind@0085e7a3
0085e7ae	Unwind@0085e7ae
0085e7b9	Unwind@0085e7b9
0085e7c4	Unwind@0085e7c4
0085e7cf	Unwind@0085e7cf
0085e7da	Unwind@0085e7da
0085e7e5	Unwind@0085e7e5
0085e7f0	Unwind@0085e7f0
0085e7fb	Unwind@0085e7fb
0085e806	Unwind@0085e806
0085e811	Unwind@0085e811
0085e81c	Unwind@0085e81c
0085e827	Unwind@0085e827
0085e832	Unwind@0085e832
0085e83d	Unwind@0085e83d
0085e848	Unwind@0085e848
0085e853	Unwind@0085e853
0085e85e	Unwind@0085e85e
0085e869	Unwind@0085e869
0085e874	Unwind@0085e874
0085e87f	Unwind@0085e87f
0085e88a	Unwind@0085e88a
0085e895	Unwind@0085e895
0085e8a0	Unwind@0085e8a0
0085e8ab	Unwind@0085e8ab
0085e8b6	Unwind@0085e8b6
0085e8c1	Unwind@0085e8c1
0085e8cc	Unwind@0085e8cc
0085e8d7	Unwind@0085e8d7
0085e8e2	Unwind@0085e8e2
0085e8ed	Unwind@0085e8ed
0085e8f8	Unwind@0085e8f8
0085e903	Unwind@0085e903
0085e90e	Unwind@0085e90e
0085e919	Unwind@0085e919
0085e924	Unwind@0085e924
0085e92f	Unwind@0085e92f
0085e93a	Unwind@0085e93a
0085e94f	Unwind@0085e94f
0085e95a	Unwind@0085e95a
0085e965	Unwind@0085e965
0085e970	Unwind@0085e970
0085e97b	Unwind@0085e97b
0085e986	Unwind@0085e986
0085e991	Unwind@0085e991
0085e99c	Unwind@0085e99c
0085e9a7	Unwind@0085e9a7
0085e9b2	Unwind@0085e9b2
0085e9bd	Unwind@0085e9bd
0085e9c8	Unwind@0085e9c8
0085e9d3	Unwind@0085e9d3
0085e9de	Unwind@0085e9de
0085e9e9	Unwind@0085e9e9
0085e9f4	Unwind@0085e9f4
0085e9ff	Unwind@0085e9ff
0085ea0a	Unwind@0085ea0a
0085ea15	Unwind@0085ea15
0085ea20	Unwind@0085ea20
0085ea2b	Unwind@0085ea2b
0085ea36	Unwind@0085ea36
0085ea41	Unwind@0085ea41
0085ea4c	Unwind@0085ea4c
0085ea57	Unwind@0085ea57
0085ea62	Unwind@0085ea62
0085ea6d	Unwind@0085ea6d
0085ea78	Unwind@0085ea78
0085ea83	Unwind@0085ea83
0085ea8e	Unwind@0085ea8e
0085ea99	Unwind@0085ea99
0085eaa4	Unwind@0085eaa4
0085eaaf	Unwind@0085eaaf
0085eaba	Unwind@0085eaba
0085eac5	Unwind@0085eac5
0085ead0	Unwind@0085ead0
0085eadb	Unwind@0085eadb
0085eae6	Unwind@0085eae6
0085eaf1	Unwind@0085eaf1
0085eafc	Unwind@0085eafc
0085eb11	Unwind@0085eb11
0085eb26	Unwind@0085eb26
0085eb31	Unwind@0085eb31
0085eb46	Unwind@0085eb46
0085eb51	Unwind@0085eb51
0085eb5c	Unwind@0085eb5c
0085eb67	Unwind@0085eb67
0085eb72	Unwind@0085eb72
0085eb7d	Unwind@0085eb7d
0085eb88	Unwind@0085eb88
0085eb93	Unwind@0085eb93
0085eba8	Unwind@0085eba8
0085ebb3	Unwind@0085ebb3
0085ebbe	Unwind@0085ebbe
0085ebc9	Unwind@0085ebc9
0085ebd4	Unwind@0085ebd4
0085ebdf	Unwind@0085ebdf
0085ebea	Unwind@0085ebea
0085ebf5	Unwind@0085ebf5
0085ec00	Unwind@0085ec00
0085ec0b	Unwind@0085ec0b
0085ec16	Unwind@0085ec16
0085ec21	Unwind@0085ec21
0085ec2c	Unwind@0085ec2c
0085ec37	Unwind@0085ec37
0085ec4c	Unwind@0085ec4c
0085ec57	Unwind@0085ec57
0085ec62	Unwind@0085ec62
0085ec6d	Unwind@0085ec6d
0085ec78	Unwind@0085ec78
0085ec83	Unwind@0085ec83
0085ec8e	Unwind@0085ec8e
0085ec99	Unwind@0085ec99
0085eca4	Unwind@0085eca4
0085ecaf	Unwind@0085ecaf
0085ecba	Unwind@0085ecba
0085ecc5	Unwind@0085ecc5
0085ecd0	Unwind@0085ecd0
0085ecdb	Unwind@0085ecdb
0085ece6	Unwind@0085ece6
0085ecf1	Unwind@0085ecf1
0085ecfc	Unwind@0085ecfc
0085ed07	Unwind@0085ed07
0085ed12	Unwind@0085ed12
0085ed1d	Unwind@0085ed1d
0085ed28	Unwind@0085ed28
0085ed33	Unwind@0085ed33
0085ed3e	Unwind@0085ed3e
0085ed49	Unwind@0085ed49
0085ed54	Unwind@0085ed54
0085ed5f	Unwind@0085ed5f
0085ed6a	Unwind@0085ed6a
0085ed75	Unwind@0085ed75
0085ed80	Unwind@0085ed80
0085ed8b	Unwind@0085ed8b
0085ed96	Unwind@0085ed96
0085eda1	Unwind@0085eda1
0085edac	Unwind@0085edac
0085edb7	Unwind@0085edb7
0085edc2	Unwind@0085edc2
0085edd0	Unwind@0085edd0
0085edde	Unwind@0085edde
0085edec	Unwind@0085edec
0085edf7	Unwind@0085edf7
0085ee02	Unwind@0085ee02
0085ee0d	Unwind@0085ee0d
0085ee18	Unwind@0085ee18
0085ee23	Unwind@0085ee23
0085ee2e	Unwind@0085ee2e
0085ee39	Unwind@0085ee39
0085ee44	Unwind@0085ee44
0085ee4f	Unwind@0085ee4f
0085ee5a	Unwind@0085ee5a
0085ee6f	Unwind@0085ee6f
0085ee7a	Unwind@0085ee7a
0085ee85	Unwind@0085ee85
0085ee90	Unwind@0085ee90
0085ee9b	Unwind@0085ee9b
0085eea6	Unwind@0085eea6
0085eeb1	Unwind@0085eeb1
0085eebc	Unwind@0085eebc
0085eec7	Unwind@0085eec7
0085eed2	Unwind@0085eed2
0085eedd	Unwind@0085eedd
0085eee8	Unwind@0085eee8
0085eef3	Unwind@0085eef3
0085eefe	Unwind@0085eefe
0085ef09	Unwind@0085ef09
0085ef14	Unwind@0085ef14
0085ef1f	Unwind@0085ef1f
0085ef2a	Unwind@0085ef2a
0085ef35	Unwind@0085ef35
0085ef40	Unwind@0085ef40
0085ef4b	Unwind@0085ef4b
0085ef56	Unwind@0085ef56
0085ef61	Unwind@0085ef61
0085ef6c	Unwind@0085ef6c
0085ef77	Unwind@0085ef77
0085ef82	Unwind@0085ef82
0085ef8d	Unwind@0085ef8d
0085ef98	Unwind@0085ef98
0085efa3	Unwind@0085efa3
0085efae	Unwind@0085efae
0085efb9	Unwind@0085efb9
0085efc4	Unwind@0085efc4
0085efcf	Unwind@0085efcf
0085efda	Unwind@0085efda
0085efe5	Unwind@0085efe5
0085eff0	Unwind@0085eff0
0085effb	Unwind@0085effb
0085f006	Unwind@0085f006
0085f011	Unwind@0085f011
0085f01c	Unwind@0085f01c
0085f027	Unwind@0085f027
0085f032	Unwind@0085f032
0085f03d	Unwind@0085f03d
0085f048	Unwind@0085f048
0085f053	Unwind@0085f053
0085f05e	Unwind@0085f05e
0085f069	Unwind@0085f069
0085f074	Unwind@0085f074
0085f07f	Unwind@0085f07f
0085f08a	Unwind@0085f08a
0085f095	Unwind@0085f095
0085f0a0	Unwind@0085f0a0
0085f0ab	Unwind@0085f0ab
0085f0b6	Unwind@0085f0b6
0085f0c1	Unwind@0085f0c1
0085f0cc	Unwind@0085f0cc
0085f0d7	Unwind@0085f0d7
0085f0e2	Unwind@0085f0e2
0085f0ed	Unwind@0085f0ed
0085f0f8	Unwind@0085f0f8
0085f103	Unwind@0085f103
0085f10e	Unwind@0085f10e
0085f119	Unwind@0085f119
0085f124	Unwind@0085f124
0085f12f	Unwind@0085f12f
0085f13a	Unwind@0085f13a
0085f145	Unwind@0085f145
0085f150	Unwind@0085f150
0085f15b	Unwind@0085f15b
0085f166	Unwind@0085f166
0085f171	Unwind@0085f171
0085f17c	Unwind@0085f17c
0085f187	Unwind@0085f187
0085f192	Unwind@0085f192
0085f19d	Unwind@0085f19d
0085f1a8	Unwind@0085f1a8
0085f1b3	Unwind@0085f1b3
0085f1be	Unwind@0085f1be
0085f1c9	Unwind@0085f1c9
0085f1d4	Unwind@0085f1d4
0085f1df	Unwind@0085f1df
0085f1ea	Unwind@0085f1ea
0085f1f5	Unwind@0085f1f5
0085f200	Unwind@0085f200
0085f20b	Unwind@0085f20b
0085f216	Unwind@0085f216
0085f221	Unwind@0085f221
0085f22c	Unwind@0085f22c
0085f237	Unwind@0085f237
0085f242	Unwind@0085f242
0085f24d	Unwind@0085f24d
0085f258	Unwind@0085f258
0085f263	Unwind@0085f263
0085f26e	Unwind@0085f26e
0085f279	Unwind@0085f279
0085f284	Unwind@0085f284
0085f28f	Unwind@0085f28f
0085f29a	Unwind@0085f29a
0085f2a5	Unwind@0085f2a5
0085f2b0	Unwind@0085f2b0
0085f2bb	Unwind@0085f2bb
0085f2d0	Unwind@0085f2d0
0085f2db	Unwind@0085f2db
0085f2e6	Unwind@0085f2e6
0085f2f1	Unwind@0085f2f1
0085f2fc	Unwind@0085f2fc
0085f307	Unwind@0085f307
0085f312	Unwind@0085f312
0085f31d	Unwind@0085f31d
0085f328	Unwind@0085f328
0085f333	Unwind@0085f333
0085f33e	Unwind@0085f33e
0085f349	Unwind@0085f349
0085f354	Unwind@0085f354
0085f35f	Unwind@0085f35f
0085f36a	Unwind@0085f36a
0085f375	Unwind@0085f375
0085f380	Unwind@0085f380
0085f38b	Unwind@0085f38b
0085f396	Unwind@0085f396
0085f3a1	Unwind@0085f3a1
0085f3ac	Unwind@0085f3ac
0085f3b7	Unwind@0085f3b7
0085f3c2	Unwind@0085f3c2
0085f3cd	Unwind@0085f3cd
0085f3d8	Unwind@0085f3d8
0085f3e3	Unwind@0085f3e3
0085f3f8	Unwind@0085f3f8
0085f403	Unwind@0085f403
0085f40e	Unwind@0085f40e
0085f419	Unwind@0085f419
0085f424	Unwind@0085f424
0085f42f	Unwind@0085f42f
0085f43a	Unwind@0085f43a
0085f445	Unwind@0085f445
0085f453	Unwind@0085f453
0085f461	Unwind@0085f461
0085f46f	Unwind@0085f46f
0085f47a	Unwind@0085f47a
0085f485	Unwind@0085f485
0085f490	Unwind@0085f490
0085f49b	Unwind@0085f49b
0085f4a6	Unwind@0085f4a6
0085f4b1	Unwind@0085f4b1
0085f4bc	Unwind@0085f4bc
0085f4ca	Unwind@0085f4ca
0085f4d8	Unwind@0085f4d8
0085f4f0	Unwind@0085f4f0
0085f4fb	Unwind@0085f4fb
0085f506	Unwind@0085f506
0085f51b	Unwind@0085f51b
0085f526	Unwind@0085f526
0085f531	Unwind@0085f531
0085f53c	Unwind@0085f53c
0085f547	Unwind@0085f547
0085f552	Unwind@0085f552
0085f55d	Unwind@0085f55d
0085f568	Unwind@0085f568
0085f573	Unwind@0085f573
0085f57e	Unwind@0085f57e
0085f589	Unwind@0085f589
0085f59e	Unwind@0085f59e
0085f5b3	Unwind@0085f5b3
0085f5be	Unwind@0085f5be
0085f5c9	Unwind@0085f5c9
0085f5d4	Unwind@0085f5d4
0085f5df	Unwind@0085f5df
0085f5ea	Unwind@0085f5ea
0085f5f5	Unwind@0085f5f5
0085f600	Unwind@0085f600
0085f60b	Unwind@0085f60b
0085f616	Unwind@0085f616
0085f621	Unwind@0085f621
0085f62c	Unwind@0085f62c
0085f637	Unwind@0085f637
0085f64c	Unwind@0085f64c
0085f657	Unwind@0085f657
0085f662	Unwind@0085f662
0085f66d	Unwind@0085f66d
0085f678	Unwind@0085f678
0085f683	Unwind@0085f683
0085f68e	Unwind@0085f68e
0085f699	Unwind@0085f699
0085f6a7	Unwind@0085f6a7
0085f6b5	Unwind@0085f6b5
0085f6cd	Unwind@0085f6cd
0085f6d5	Unwind@0085f6d5
0085f6e0	Unwind@0085f6e0
0085f6eb	Unwind@0085f6eb
0085f6f6	Unwind@0085f6f6
0085f701	Unwind@0085f701
0085f70c	Unwind@0085f70c
0085f717	Unwind@0085f717
0085f722	Unwind@0085f722
0085f737	Unwind@0085f737
0085f742	Unwind@0085f742
0085f74d	Unwind@0085f74d
0085f758	Unwind@0085f758
0085f760	Unwind@0085f760
0085f768	Unwind@0085f768
0085f773	Unwind@0085f773
0085f77e	Unwind@0085f77e
0085f789	Unwind@0085f789
0085f79b	Unwind@0085f79b
0085f7a6	Unwind@0085f7a6
0085f7b1	Unwind@0085f7b1
0085f7bc	Unwind@0085f7bc
0085f7c7	Unwind@0085f7c7
0085f7d2	Unwind@0085f7d2
0085f7dd	Unwind@0085f7dd
0085f7e8	Unwind@0085f7e8
0085f7f6	Unwind@0085f7f6
0085f804	Unwind@0085f804
0085f81c	Unwind@0085f81c
0085f827	Unwind@0085f827
0085f832	Unwind@0085f832
0085f83d	Unwind@0085f83d
0085f848	Unwind@0085f848
0085f853	Unwind@0085f853
0085f85e	Unwind@0085f85e
0085f869	Unwind@0085f869
0085f87e	Unwind@0085f87e
0085f889	Unwind@0085f889
0085f894	Unwind@0085f894
0085f89f	Unwind@0085f89f
0085f8aa	Unwind@0085f8aa
0085f8b5	Unwind@0085f8b5
0085f8c0	Unwind@0085f8c0
0085f8cb	Unwind@0085f8cb
0085f8d6	Unwind@0085f8d6
0085f8e1	Unwind@0085f8e1
0085f8ec	Unwind@0085f8ec
0085f8f7	Unwind@0085f8f7
0085f90c	Unwind@0085f90c
0085f917	Unwind@0085f917
0085f922	Unwind@0085f922
0085f92d	Unwind@0085f92d
0085f938	Unwind@0085f938
0085f943	Unwind@0085f943
0085f94e	Unwind@0085f94e
0085f959	Unwind@0085f959
0085f96e	Unwind@0085f96e
0085f979	Unwind@0085f979
0085f984	Unwind@0085f984
0085f98f	Unwind@0085f98f
0085f99a	Unwind@0085f99a
0085f9a5	Unwind@0085f9a5
0085f9b0	Unwind@0085f9b0
0085f9bb	Unwind@0085f9bb
0085f9d0	Unwind@0085f9d0
0085f9db	Unwind@0085f9db
0085f9e6	Unwind@0085f9e6
0085f9f1	Unwind@0085f9f1
0085f9fc	Unwind@0085f9fc
0085fa07	Unwind@0085fa07
0085fa12	Unwind@0085fa12
0085fa1d	Unwind@0085fa1d
0085fa28	Unwind@0085fa28
0085fa33	Unwind@0085fa33
0085fa3e	Unwind@0085fa3e
0085fa49	Unwind@0085fa49
0085fa54	Unwind@0085fa54
0085fa62	Unwind@0085fa62
0085fa70	Unwind@0085fa70
0085fa7e	Unwind@0085fa7e
0085fa89	Unwind@0085fa89
0085fa94	Unwind@0085fa94
0085fa9f	Unwind@0085fa9f
0085faaa	Unwind@0085faaa
0085fab5	Unwind@0085fab5
0085fac0	Unwind@0085fac0
0085facb	Unwind@0085facb
0085fad6	Unwind@0085fad6
0085fae1	Unwind@0085fae1
0085faec	Unwind@0085faec
0085faf7	Unwind@0085faf7
0085fb02	Unwind@0085fb02
0085fb0d	Unwind@0085fb0d
0085fb1b	Unwind@0085fb1b
0085fb29	Unwind@0085fb29
0085fb37	Unwind@0085fb37
0085fb42	Unwind@0085fb42
0085fb4d	Unwind@0085fb4d
0085fb58	Unwind@0085fb58
0085fb66	Unwind@0085fb66
0085fb74	Unwind@0085fb74
0085fb82	Unwind@0085fb82
0085fb8d	Unwind@0085fb8d
0085fb98	Unwind@0085fb98
0085fba3	Unwind@0085fba3
0085fbae	Unwind@0085fbae
0085fbb9	Unwind@0085fbb9
0085fbc4	Unwind@0085fbc4
0085fbcf	Unwind@0085fbcf
0085fbdd	Unwind@0085fbdd
0085fbeb	Unwind@0085fbeb
0085fc03	Unwind@0085fc03
0085fc0e	Unwind@0085fc0e
0085fc16	Unwind@0085fc16
0085fc1e	Unwind@0085fc1e
0085fc26	Unwind@0085fc26
0085fc2e	Unwind@0085fc2e
0085fc36	Unwind@0085fc36
0085fc3e	Unwind@0085fc3e
0085fc46	Unwind@0085fc46
0085fc58	Unwind@0085fc58
0085fc63	Unwind@0085fc63
0085fc6e	Unwind@0085fc6e
0085fc79	Unwind@0085fc79
0085fc84	Unwind@0085fc84
0085fc8f	Unwind@0085fc8f
0085fc9a	Unwind@0085fc9a
0085fca5	Unwind@0085fca5
0085fcba	Unwind@0085fcba
0085fcc5	Unwind@0085fcc5
0085fcd0	Unwind@0085fcd0
0085fcdb	Unwind@0085fcdb
0085fce6	Unwind@0085fce6
0085fcf1	Unwind@0085fcf1
0085fcfc	Unwind@0085fcfc
0085fd07	Unwind@0085fd07
0085fd12	Unwind@0085fd12
0085fd1d	Unwind@0085fd1d
0085fd2b	Unwind@0085fd2b
0085fd39	Unwind@0085fd39
0085fd51	Unwind@0085fd51
0085fd5c	Unwind@0085fd5c
0085fd67	Unwind@0085fd67
0085fd72	Unwind@0085fd72
0085fd7d	Unwind@0085fd7d
0085fd88	Unwind@0085fd88
0085fd93	Unwind@0085fd93
0085fd9e	Unwind@0085fd9e
0085fdb3	Unwind@0085fdb3
0085fdbe	Unwind@0085fdbe
0085fdc9	Unwind@0085fdc9
0085fdd1	Unwind@0085fdd1
0085fdd9	Unwind@0085fdd9
0085fde4	Unwind@0085fde4
0085fdef	Unwind@0085fdef
0085fdfa	Unwind@0085fdfa
0085fe0c	Unwind@0085fe0c
0085fe14	Unwind@0085fe14
0085fe1c	Unwind@0085fe1c
0085fe24	Unwind@0085fe24
0085fe2c	Unwind@0085fe2c
0085fe34	Unwind@0085fe34
0085fe3c	Unwind@0085fe3c
0085fe44	Unwind@0085fe44
0085fe56	Unwind@0085fe56
0085fe68	Unwind@0085fe68
0085fe70	Unwind@0085fe70
0085fe78	Unwind@0085fe78
0085fe80	Unwind@0085fe80
0085fe88	Unwind@0085fe88
0085fe90	Unwind@0085fe90
0085fe98	Unwind@0085fe98
0085fea0	Unwind@0085fea0
0085feb2	Unwind@0085feb2
0085feba	Unwind@0085feba
0085fec2	Unwind@0085fec2
0085feca	Unwind@0085feca
0085fed5	Unwind@0085fed5
0085fedd	Unwind@0085fedd
0085fee5	Unwind@0085fee5
0085feed	Unwind@0085feed
0085fef5	Unwind@0085fef5
0085fefd	Unwind@0085fefd
0085ff05	Unwind@0085ff05
0085ff0d	Unwind@0085ff0d
0085ff1b	Unwind@0085ff1b
0085ff29	Unwind@0085ff29
0085ff41	Unwind@0085ff41
0085ff4c	Unwind@0085ff4c
0085ff57	Unwind@0085ff57
0085ff62	Unwind@0085ff62
0085ff6d	Unwind@0085ff6d
0085ff78	Unwind@0085ff78
0085ff83	Unwind@0085ff83
0085ff8e	Unwind@0085ff8e
0085ff99	Unwind@0085ff99
0085ffa4	Unwind@0085ffa4
0085ffaf	Unwind@0085ffaf
0085ffba	Unwind@0085ffba
0085ffcf	Unwind@0085ffcf
0085ffda	Unwind@0085ffda
0085ffe2	Unwind@0085ffe2
0085ffea	Unwind@0085ffea
0085fff2	Unwind@0085fff2
0085fffd	Unwind@0085fffd
00860008	Unwind@00860008
00860010	Unwind@00860010
00860018	Unwind@00860018
00860023	Unwind@00860023
0086002b	Unwind@0086002b
00860033	Unwind@00860033
0086003b	Unwind@0086003b
00860046	Unwind@00860046
00860051	Unwind@00860051
00860059	Unwind@00860059
0086006b	Unwind@0086006b
00860076	Unwind@00860076
00860081	Unwind@00860081
0086008c	Unwind@0086008c
00860097	Unwind@00860097
008600a2	Unwind@008600a2
008600ad	Unwind@008600ad
008600b8	Unwind@008600b8
008600c3	Unwind@008600c3
008600d1	Unwind@008600d1
008600df	Unwind@008600df
008600ea	Unwind@008600ea
008600f5	Unwind@008600f5
00860100	Unwind@00860100
0086010b	Unwind@0086010b
00860116	Unwind@00860116
00860121	Unwind@00860121
0086012c	Unwind@0086012c
00860137	Unwind@00860137
00860145	Unwind@00860145
0086015d	Unwind@0086015d
00860168	Unwind@00860168
00860173	Unwind@00860173
0086017e	Unwind@0086017e
00860189	Unwind@00860189
00860194	Unwind@00860194
0086019f	Unwind@0086019f
008601aa	Unwind@008601aa
008601b5	Unwind@008601b5
008601c0	Unwind@008601c0
008601cb	Unwind@008601cb
008601d6	Unwind@008601d6
008601e4	Unwind@008601e4
008601f2	Unwind@008601f2
0086020a	Unwind@0086020a
00860215	Unwind@00860215
0086021d	Unwind@0086021d
00860225	Unwind@00860225
0086022d	Unwind@0086022d
00860238	Unwind@00860238
00860243	Unwind@00860243
0086024b	Unwind@0086024b
00860253	Unwind@00860253
0086025e	Unwind@0086025e
00860266	Unwind@00860266
0086026e	Unwind@0086026e
00860276	Unwind@00860276
00860281	Unwind@00860281
0086028c	Unwind@0086028c
00860294	Unwind@00860294
008602a6	Unwind@008602a6
008602b1	Unwind@008602b1
008602b9	Unwind@008602b9
008602c1	Unwind@008602c1
008602c9	Unwind@008602c9
008602d4	Unwind@008602d4
008602df	Unwind@008602df
008602e7	Unwind@008602e7
008602ef	Unwind@008602ef
008602fa	Unwind@008602fa
00860302	Unwind@00860302
0086030a	Unwind@0086030a
00860312	Unwind@00860312
0086031d	Unwind@0086031d
00860328	Unwind@00860328
00860330	Unwind@00860330
00860342	Unwind@00860342
0086034d	Unwind@0086034d
00860355	Unwind@00860355
0086035d	Unwind@0086035d
00860365	Unwind@00860365
00860370	Unwind@00860370
0086037b	Unwind@0086037b
00860383	Unwind@00860383
0086038b	Unwind@0086038b
00860396	Unwind@00860396
0086039e	Unwind@0086039e
008603a6	Unwind@008603a6
008603ae	Unwind@008603ae
008603b9	Unwind@008603b9
008603c4	Unwind@008603c4
008603cc	Unwind@008603cc
008603de	Unwind@008603de
008603f3	Unwind@008603f3
00860408	Unwind@00860408
00860413	Unwind@00860413
0086041e	Unwind@0086041e
00860429	Unwind@00860429
00860434	Unwind@00860434
0086043f	Unwind@0086043f
0086044a	Unwind@0086044a
00860455	Unwind@00860455
00860460	Unwind@00860460
0086046b	Unwind@0086046b
00860476	Unwind@00860476
00860481	Unwind@00860481
0086048c	Unwind@0086048c
00860497	Unwind@00860497
008604a2	Unwind@008604a2
008604ad	Unwind@008604ad
008604b8	Unwind@008604b8
008604c3	Unwind@008604c3
008604ce	Unwind@008604ce
008604d9	Unwind@008604d9
008604e4	Unwind@008604e4
008604ef	Unwind@008604ef
008604fa	Unwind@008604fa
00860505	Unwind@00860505
00860510	Unwind@00860510
0086051b	Unwind@0086051b
00860526	Unwind@00860526
00860531	Unwind@00860531
0086053c	Unwind@0086053c
00860547	Unwind@00860547
00860552	Unwind@00860552
0086055d	Unwind@0086055d
00860568	Unwind@00860568
00860576	Unwind@00860576
00860584	Unwind@00860584
0086059c	Unwind@0086059c
008605a7	Unwind@008605a7
008605bc	Unwind@008605bc
008605c7	Unwind@008605c7
008605d2	Unwind@008605d2
008605dd	Unwind@008605dd
008605e8	Unwind@008605e8
008605f3	Unwind@008605f3
008605fe	Unwind@008605fe
00860609	Unwind@00860609
00860614	Unwind@00860614
0086061f	Unwind@0086061f
0086062a	Unwind@0086062a
00860635	Unwind@00860635
00860640	Unwind@00860640
0086064b	Unwind@0086064b
00860660	Unwind@00860660
0086066b	Unwind@0086066b
00860676	Unwind@00860676
00860681	Unwind@00860681
0086068c	Unwind@0086068c
00860697	Unwind@00860697
008606a2	Unwind@008606a2
008606ad	Unwind@008606ad
008606b8	Unwind@008606b8
008606c6	Unwind@008606c6
008606d4	Unwind@008606d4
008606ec	Unwind@008606ec
008606f7	Unwind@008606f7
00860702	Unwind@00860702
0086070d	Unwind@0086070d
00860718	Unwind@00860718
00860723	Unwind@00860723
0086072e	Unwind@0086072e
00860739	Unwind@00860739
00860744	Unwind@00860744
0086074f	Unwind@0086074f
0086075a	Unwind@0086075a
00860765	Unwind@00860765
0086077a	Unwind@0086077a
00860785	Unwind@00860785
00860790	Unwind@00860790
0086079b	Unwind@0086079b
008607a6	Unwind@008607a6
008607b1	Unwind@008607b1
008607bc	Unwind@008607bc
008607c7	Unwind@008607c7
008607d2	Unwind@008607d2
008607dd	Unwind@008607dd
008607f2	Unwind@008607f2
008607fd	Unwind@008607fd
00860808	Unwind@00860808
00860813	Unwind@00860813
00860828	Unwind@00860828
0086083d	Unwind@0086083d
00860848	Unwind@00860848
00860853	Unwind@00860853
0086085e	Unwind@0086085e
00860869	Unwind@00860869
00860874	Unwind@00860874
0086087f	Unwind@0086087f
0086088a	Unwind@0086088a
00860895	Unwind@00860895
008608a0	Unwind@008608a0
008608ab	Unwind@008608ab
008608b6	Unwind@008608b6
008608c1	Unwind@008608c1
008608cc	Unwind@008608cc
008608d7	Unwind@008608d7
008608e2	Unwind@008608e2
008608ed	Unwind@008608ed
008608f8	Unwind@008608f8
0086090d	Unwind@0086090d
00860918	Unwind@00860918
00860923	Unwind@00860923
0086092e	Unwind@0086092e
00860939	Unwind@00860939
00860944	Unwind@00860944
0086094f	Unwind@0086094f
0086095a	Unwind@0086095a
00860968	Unwind@00860968
00860976	Unwind@00860976
0086098e	Unwind@0086098e
00860999	Unwind@00860999
008609a4	Unwind@008609a4
008609af	Unwind@008609af
008609ba	Unwind@008609ba
008609c5	Unwind@008609c5
008609d0	Unwind@008609d0
008609e5	Unwind@008609e5
008609ed	Unwind@008609ed
008609ff	Unwind@008609ff
00860a0a	Unwind@00860a0a
00860a15	Unwind@00860a15
00860a20	Unwind@00860a20
00860a2b	Unwind@00860a2b
00860a36	Unwind@00860a36
00860a41	Unwind@00860a41
00860a4c	Unwind@00860a4c
00860a61	Unwind@00860a61
00860a6c	Unwind@00860a6c
00860a74	Unwind@00860a74
00860a7c	Unwind@00860a7c
00860a84	Unwind@00860a84
00860a8c	Unwind@00860a8c
00860a94	Unwind@00860a94
00860a9c	Unwind@00860a9c
00860aa4	Unwind@00860aa4
00860ab6	Unwind@00860ab6
00860abe	Unwind@00860abe
00860ac6	Unwind@00860ac6
00860ace	Unwind@00860ace
00860ad6	Unwind@00860ad6
00860ade	Unwind@00860ade
00860ae6	Unwind@00860ae6
00860aee	Unwind@00860aee
00860af6	Unwind@00860af6
00860afe	Unwind@00860afe
00860b06	Unwind@00860b06
00860b0e	Unwind@00860b0e
00860b16	Unwind@00860b16
00860b1e	Unwind@00860b1e
00860b26	Unwind@00860b26
00860b2e	Unwind@00860b2e
00860b36	Unwind@00860b36
00860b48	Unwind@00860b48
00860b53	Unwind@00860b53
00860b5e	Unwind@00860b5e
00860b69	Unwind@00860b69
00860b71	Unwind@00860b71
00860b7c	Unwind@00860b7c
00860b87	Unwind@00860b87
00860b8f	Unwind@00860b8f
00860b9a	Unwind@00860b9a
00860ba5	Unwind@00860ba5
00860bb0	Unwind@00860bb0
00860bbb	Unwind@00860bbb
00860bc3	Unwind@00860bc3
00860bcb	Unwind@00860bcb
00860bd9	Unwind@00860bd9
00860be7	Unwind@00860be7
00860bff	Unwind@00860bff
00860c0a	Unwind@00860c0a
00860c15	Unwind@00860c15
00860c2a	Unwind@00860c2a
00860c35	Unwind@00860c35
00860c40	Unwind@00860c40
00860c4b	Unwind@00860c4b
00860c60	Unwind@00860c60
00860c68	Unwind@00860c68
00860c70	Unwind@00860c70
00860c78	Unwind@00860c78
00860c80	Unwind@00860c80
00860c88	Unwind@00860c88
00860c90	Unwind@00860c90
00860c98	Unwind@00860c98
00860ca0	Unwind@00860ca0
00860cab	Unwind@00860cab
00860cb6	Unwind@00860cb6
00860cc1	Unwind@00860cc1
00860cd3	Unwind@00860cd3
00860cdb	Unwind@00860cdb
00860ce3	Unwind@00860ce3
00860ceb	Unwind@00860ceb
00860cf3	Unwind@00860cf3
00860cfb	Unwind@00860cfb
00860d03	Unwind@00860d03
00860d0b	Unwind@00860d0b
00860d1d	Unwind@00860d1d
00860d25	Unwind@00860d25
00860d2d	Unwind@00860d2d
00860d3f	Unwind@00860d3f
00860d47	Unwind@00860d47
00860d4f	Unwind@00860d4f
00860d61	Unwind@00860d61
00860d69	Unwind@00860d69
00860d71	Unwind@00860d71
00860d83	Unwind@00860d83
00860d8e	Unwind@00860d8e
00860d96	Unwind@00860d96
00860d9e	Unwind@00860d9e
00860da9	Unwind@00860da9
00860db4	Unwind@00860db4
00860dbc	Unwind@00860dbc
00860dc4	Unwind@00860dc4
00860ddc	Unwind@00860ddc
00860de7	Unwind@00860de7
00860df2	Unwind@00860df2
00860dfd	Unwind@00860dfd
00860e08	Unwind@00860e08
00860e13	Unwind@00860e13
00860e1e	Unwind@00860e1e
00860e29	Unwind@00860e29
00860e3e	Unwind@00860e3e
00860e49	Unwind@00860e49
00860e51	Unwind@00860e51
00860e59	Unwind@00860e59
00860e61	Unwind@00860e61
00860e6c	Unwind@00860e6c
00860e77	Unwind@00860e77
00860e7f	Unwind@00860e7f
00860e87	Unwind@00860e87
00860e8f	Unwind@00860e8f
00860e97	Unwind@00860e97
00860ea5	Unwind@00860ea5
00860eb3	Unwind@00860eb3
00860ec1	Unwind@00860ec1
00860ed6	Unwind@00860ed6
00860ede	Unwind@00860ede
00860ef0	Unwind@00860ef0
00860efb	Unwind@00860efb
00860f06	Unwind@00860f06
00860f11	Unwind@00860f11
00860f1c	Unwind@00860f1c
00860f27	Unwind@00860f27
00860f2f	Unwind@00860f2f
00860f37	Unwind@00860f37
00860f3f	Unwind@00860f3f
00860f47	Unwind@00860f47
00860f4f	Unwind@00860f4f
00860f57	Unwind@00860f57
00860f5f	Unwind@00860f5f
00860f67	Unwind@00860f67
00860f72	Unwind@00860f72
00860f87	Unwind@00860f87
00860f92	Unwind@00860f92
00860f9d	Unwind@00860f9d
00860fa8	Unwind@00860fa8
00860fbd	Unwind@00860fbd
00860fc8	Unwind@00860fc8
00860fd3	Unwind@00860fd3
00860fde	Unwind@00860fde
00860ff3	Unwind@00860ff3
00860ffb	Unwind@00860ffb
00861003	Unwind@00861003
0086100b	Unwind@0086100b
00861016	Unwind@00861016
00861021	Unwind@00861021
0086102c	Unwind@0086102c
00861044	Unwind@00861044
0086104f	Unwind@0086104f
0086105a	Unwind@0086105a
00861065	Unwind@00861065
00861070	Unwind@00861070
0086107b	Unwind@0086107b
00861086	Unwind@00861086
0086109b	Unwind@0086109b
008610a6	Unwind@008610a6
008610b1	Unwind@008610b1
008610bc	Unwind@008610bc
008610c7	Unwind@008610c7
008610d2	Unwind@008610d2
008610dd	Unwind@008610dd
008610e8	Unwind@008610e8
008610f3	Unwind@008610f3
008610fe	Unwind@008610fe
00861106	Unwind@00861106
0086110e	Unwind@0086110e
00861116	Unwind@00861116
00861128	Unwind@00861128
00861133	Unwind@00861133
0086113e	Unwind@0086113e
00861149	Unwind@00861149
00861154	Unwind@00861154
0086115f	Unwind@0086115f
0086116a	Unwind@0086116a
00861175	Unwind@00861175
00861180	Unwind@00861180
0086118b	Unwind@0086118b
00861196	Unwind@00861196
008611a1	Unwind@008611a1
008611ac	Unwind@008611ac
008611b7	Unwind@008611b7
008611c2	Unwind@008611c2
008611cd	Unwind@008611cd
008611d8	Unwind@008611d8
008611e3	Unwind@008611e3
008611ee	Unwind@008611ee
008611f9	Unwind@008611f9
00861204	Unwind@00861204
00861219	Unwind@00861219
00861224	Unwind@00861224
0086122f	Unwind@0086122f
0086123a	Unwind@0086123a
00861245	Unwind@00861245
00861250	Unwind@00861250
0086125b	Unwind@0086125b
00861266	Unwind@00861266
00861271	Unwind@00861271
0086127c	Unwind@0086127c
00861287	Unwind@00861287
00861292	Unwind@00861292
0086129d	Unwind@0086129d
008612a8	Unwind@008612a8
008612b3	Unwind@008612b3
008612be	Unwind@008612be
008612c9	Unwind@008612c9
008612d4	Unwind@008612d4
008612df	Unwind@008612df
008612ea	Unwind@008612ea
008612f5	Unwind@008612f5
0086130a	Unwind@0086130a
00861315	Unwind@00861315
0086131d	Unwind@0086131d
00861325	Unwind@00861325
0086132d	Unwind@0086132d
00861338	Unwind@00861338
00861343	Unwind@00861343
0086134b	Unwind@0086134b
00861353	Unwind@00861353
0086135e	Unwind@0086135e
00861366	Unwind@00861366
0086136e	Unwind@0086136e
00861376	Unwind@00861376
00861381	Unwind@00861381
0086138c	Unwind@0086138c
00861394	Unwind@00861394
0086139c	Unwind@0086139c
008613a7	Unwind@008613a7
008613af	Unwind@008613af
008613b7	Unwind@008613b7
008613bf	Unwind@008613bf
008613d4	Unwind@008613d4
008613dc	Unwind@008613dc
008613e7	Unwind@008613e7
008613f2	Unwind@008613f2
008613fa	Unwind@008613fa
00861402	Unwind@00861402
0086141a	Unwind@0086141a
00861422	Unwind@00861422
0086142d	Unwind@0086142d
00861438	Unwind@00861438
00861440	Unwind@00861440
00861448	Unwind@00861448
00861460	Unwind@00861460
0086146b	Unwind@0086146b
00861476	Unwind@00861476
00861481	Unwind@00861481
0086148c	Unwind@0086148c
00861497	Unwind@00861497
008614a2	Unwind@008614a2
008614ad	Unwind@008614ad
008614b8	Unwind@008614b8
008614c3	Unwind@008614c3
008614ce	Unwind@008614ce
008614d9	Unwind@008614d9
008614e4	Unwind@008614e4
008614ef	Unwind@008614ef
008614fa	Unwind@008614fa
00861505	Unwind@00861505
0086151a	Unwind@0086151a
00861525	Unwind@00861525
00861530	Unwind@00861530
0086153b	Unwind@0086153b
00861546	Unwind@00861546
00861551	Unwind@00861551
0086155c	Unwind@0086155c
00861567	Unwind@00861567
00861572	Unwind@00861572
0086157d	Unwind@0086157d
00861588	Unwind@00861588
00861593	Unwind@00861593
008615a1	Unwind@008615a1
008615af	Unwind@008615af
008615bd	Unwind@008615bd
008615c8	Unwind@008615c8
008615e0	Unwind@008615e0
008615e8	Unwind@008615e8
00861600	Unwind@00861600
00861608	Unwind@00861608
00861620	Unwind@00861620
0086162b	Unwind@0086162b
00861633	Unwind@00861633
00861650	Unwind@00861650
0086165b	Unwind@0086165b
00861666	Unwind@00861666
00861680	Unwind@00861680
008616a0	Unwind@008616a0
008616c0	Unwind@008616c0
008616c8	Unwind@008616c8
008616e0	Unwind@008616e0
008616e8	Unwind@008616e8
00861700	Unwind@00861700
00861720	Unwind@00861720
00861728	Unwind@00861728
00861733	Unwind@00861733
00861750	Unwind@00861750
00861770	Unwind@00861770
00861778	Unwind@00861778
00861783	Unwind@00861783
008617a0	Unwind@008617a0
008617c0	Unwind@008617c0
008617e0	Unwind@008617e0
008617e8	Unwind@008617e8
008617f3	Unwind@008617f3
008617fe	Unwind@008617fe
00861809	Unwind@00861809
00861820	Unwind@00861820
00861840	Unwind@00861840
00861860	Unwind@00861860
00861880	Unwind@00861880
008618a0	Unwind@008618a0
008618c0	Unwind@008618c0
008618e0	Unwind@008618e0
00861900	Unwind@00861900
00861920	Unwind@00861920
0086192b	Unwind@0086192b
00861940	Unwind@00861940
00861960	Unwind@00861960
00861980	Unwind@00861980
008619a0	Unwind@008619a0
008619c0	Unwind@008619c0
008619e0	Unwind@008619e0
00861a00	Unwind@00861a00
00861a20	Unwind@00861a20
00861a40	Unwind@00861a40
00861a60	Unwind@00861a60
00861a80	Unwind@00861a80
00861aa0	Unwind@00861aa0
00861ac0	Unwind@00861ac0
00861ae0	Unwind@00861ae0
00861b00	Unwind@00861b00
00861b20	Unwind@00861b20
00861b40	Unwind@00861b40
00861b60	Unwind@00861b60
00861b80	Unwind@00861b80
00861ba0	Unwind@00861ba0
00861bc0	Unwind@00861bc0
00861be0	Unwind@00861be0
00861c00	Unwind@00861c00
00861c40	Unwind@00861c40
00861c60	Unwind@00861c60
00861c80	Unwind@00861c80
00861ca0	Unwind@00861ca0
00861ce0	Unwind@00861ce0
00861d00	Unwind@00861d00
00861d30	Unwind@00861d30
00861d50	Unwind@00861d50
00861d80	Unwind@00861d80
00861d91	Unwind@00861d91
00861d9c	Unwind@00861d9c
00861dc0	Unwind@00861dc0
00861de0	Unwind@00861de0
00861de8	Unwind@00861de8
00861df3	Unwind@00861df3
00861dfb	Unwind@00861dfb
00861e03	Unwind@00861e03
00861e0e	Unwind@00861e0e
00861e30	Unwind@00861e30
00861e60	Unwind@00861e60
00861e90	Unwind@00861e90
00861ec0	Unwind@00861ec0
00861ef0	Unwind@00861ef0
00861f10	Unwind@00861f10
00861f40	Unwind@00861f40
00861f70	Unwind@00861f70
00861fa0	Unwind@00861fa0
00861fd0	Unwind@00861fd0
00862010	Unwind@00862010
00862040	Unwind@00862040
00862070	Unwind@00862070
008620a0	Unwind@008620a0
008620d0	Unwind@008620d0
00862100	Unwind@00862100
00862130	Unwind@00862130
00862160	Unwind@00862160
00862190	Unwind@00862190
008621c0	Unwind@008621c0
008621e0	Unwind@008621e0
008621e8	Unwind@008621e8
008621f0	Unwind@008621f0
00862210	Unwind@00862210
00862218	Unwind@00862218
00862226	Unwind@00862226
00862234	Unwind@00862234
00862242	Unwind@00862242
0086224d	Unwind@0086224d
00862255	Unwind@00862255
0086225d	Unwind@0086225d
00862265	Unwind@00862265
00862273	Unwind@00862273
008622e0	Unwind@008622e0
00862300	Unwind@00862300
00862320	Unwind@00862320
00862340	Unwind@00862340
00862348	Unwind@00862348
00862353	Unwind@00862353
0086235b	Unwind@0086235b
00862366	Unwind@00862366
0086236e	Unwind@0086236e
00862380	Unwind@00862380
00862388	Unwind@00862388
00862393	Unwind@00862393
0086239b	Unwind@0086239b
008623a6	Unwind@008623a6
008623ae	Unwind@008623ae
008623c0	Unwind@008623c0
008623cb	Unwind@008623cb
008623d6	Unwind@008623d6
008623e1	Unwind@008623e1
008623ec	Unwind@008623ec
00862410	Unwind@00862410
00862430	Unwind@00862430
0086243b	Unwind@0086243b
00862446	Unwind@00862446
00862451	Unwind@00862451
0086245c	Unwind@0086245c
00862480	Unwind@00862480
00862488	Unwind@00862488
00862493	Unwind@00862493
0086249b	Unwind@0086249b
008624a6	Unwind@008624a6
008624c0	Unwind@008624c0
008624cb	Unwind@008624cb
008624d6	Unwind@008624d6
008624de	Unwind@008624de
008624e9	Unwind@008624e9
00862500	Unwind@00862500
0086250e	Unwind@0086250e
0086251c	Unwind@0086251c
0086252a	Unwind@0086252a
00862538	Unwind@00862538
00862550	Unwind@00862550
0086255b	Unwind@0086255b
00862566	Unwind@00862566
00862571	Unwind@00862571
0086257c	Unwind@0086257c
008625a0	Unwind@008625a0
008625b1	Unwind@008625b1
008625b9	Unwind@008625b9
008625c4	Unwind@008625c4
008625cc	Unwind@008625cc
008625d7	Unwind@008625d7
008625df	Unwind@008625df
00862600	Unwind@00862600
00862611	Unwind@00862611
00862619	Unwind@00862619
00862621	Unwind@00862621
0086262c	Unwind@0086262c
00862637	Unwind@00862637
00862642	Unwind@00862642
00862660	Unwind@00862660
00862671	Unwind@00862671
00862679	Unwind@00862679
00862681	Unwind@00862681
0086268c	Unwind@0086268c
00862697	Unwind@00862697
008626a2	Unwind@008626a2
008626c0	Unwind@008626c0
008626c8	Unwind@008626c8
008626d3	Unwind@008626d3
008626db	Unwind@008626db
008626e6	Unwind@008626e6
008626ee	Unwind@008626ee
00862710	Unwind@00862710
00862718	Unwind@00862718
00862750	Unwind@00862750
00862758	Unwind@00862758
00862760	Unwind@00862760
0086276b	Unwind@0086276b
00862773	Unwind@00862773
00862790	Unwind@00862790
00862798	Unwind@00862798
008627a0	Unwind@008627a0
008627ab	Unwind@008627ab
008627b3	Unwind@008627b3
008627d0	Unwind@008627d0
008627d8	Unwind@008627d8
008627e0	Unwind@008627e0
008627eb	Unwind@008627eb
00862800	Unwind@00862800
0086280b	Unwind@0086280b
00862813	Unwind@00862813
0086281e	Unwind@0086281e
00862840	Unwind@00862840
00862860	Unwind@00862860
00862868	Unwind@00862868
00862873	Unwind@00862873
0086287b	Unwind@0086287b
00862883	Unwind@00862883
0086288e	Unwind@0086288e
00862896	Unwind@00862896
0086289e	Unwind@0086289e
008628a9	Unwind@008628a9
008628b1	Unwind@008628b1
008628bc	Unwind@008628bc
008628c4	Unwind@008628c4
008628e0	Unwind@008628e0
008628e8	Unwind@008628e8
008628f3	Unwind@008628f3
008628fb	Unwind@008628fb
00862903	Unwind@00862903
0086290e	Unwind@0086290e
00862916	Unwind@00862916
0086291e	Unwind@0086291e
00862929	Unwind@00862929
00862931	Unwind@00862931
0086293c	Unwind@0086293c
00862944	Unwind@00862944
00862960	Unwind@00862960
00862968	Unwind@00862968
00862973	Unwind@00862973
0086297b	Unwind@0086297b
00862986	Unwind@00862986
0086298e	Unwind@0086298e
00862999	Unwind@00862999
008629a1	Unwind@008629a1
008629ac	Unwind@008629ac
008629b4	Unwind@008629b4
008629d0	Unwind@008629d0
008629db	Unwind@008629db
008629e6	Unwind@008629e6
008629f1	Unwind@008629f1
008629fc	Unwind@008629fc
00862a07	Unwind@00862a07
00862a12	Unwind@00862a12
00862a1a	Unwind@00862a1a
00862a25	Unwind@00862a25
00862a2d	Unwind@00862a2d
00862a90	Unwind@00862a90
00862a9b	Unwind@00862a9b
00862aa6	Unwind@00862aa6
00862ab1	Unwind@00862ab1
00862abc	Unwind@00862abc
00862ac7	Unwind@00862ac7
00862ad2	Unwind@00862ad2
00862add	Unwind@00862add
00862ae8	Unwind@00862ae8
00862af3	Unwind@00862af3
00862afe	Unwind@00862afe
00862b09	Unwind@00862b09
00862b14	Unwind@00862b14
00862b1f	Unwind@00862b1f
00862b2a	Unwind@00862b2a
00862b35	Unwind@00862b35
00862b40	Unwind@00862b40
00862b4b	Unwind@00862b4b
00862b56	Unwind@00862b56
00862b61	Unwind@00862b61
00862b6c	Unwind@00862b6c
00862b77	Unwind@00862b77
00862b82	Unwind@00862b82
00862b8d	Unwind@00862b8d
00862b98	Unwind@00862b98
00862ba3	Unwind@00862ba3
00862bb8	Unwind@00862bb8
00862bd8	Unwind@00862bd8
00862be3	Unwind@00862be3
00862bee	Unwind@00862bee
00862bf9	Unwind@00862bf9
00862c04	Unwind@00862c04
00862c19	Unwind@00862c19
00862c24	Unwind@00862c24
00862c2f	Unwind@00862c2f
00862c3a	Unwind@00862c3a
00862c45	Unwind@00862c45
00862c50	Unwind@00862c50
00862c70	Unwind@00862c70
00862cb0	Unwind@00862cb0
00862cc5	Unwind@00862cc5
00862cd0	Unwind@00862cd0
00862cdb	Unwind@00862cdb
00862ce6	Unwind@00862ce6
00862cf1	Unwind@00862cf1
00862d06	Unwind@00862d06
00862d18	Unwind@00862d18
00862d23	Unwind@00862d23
00862d2e	Unwind@00862d2e
00862d39	Unwind@00862d39
00862d44	Unwind@00862d44
00862d4f	Unwind@00862d4f
00862d5a	Unwind@00862d5a
00862d65	Unwind@00862d65
00862d7a	Unwind@00862d7a
00862d8c	Unwind@00862d8c
00862d97	Unwind@00862d97
00862da2	Unwind@00862da2
00862dad	Unwind@00862dad
00862db8	Unwind@00862db8
00862dc3	Unwind@00862dc3
00862dce	Unwind@00862dce
00862dd9	Unwind@00862dd9
00862de4	Unwind@00862de4
00862def	Unwind@00862def
00862dfa	Unwind@00862dfa
00862e05	Unwind@00862e05
00862e10	Unwind@00862e10
00862e1b	Unwind@00862e1b
00862e26	Unwind@00862e26
00862e31	Unwind@00862e31
00862e3c	Unwind@00862e3c
00862e47	Unwind@00862e47
00862e52	Unwind@00862e52
00862e5d	Unwind@00862e5d
00862e68	Unwind@00862e68
00862e73	Unwind@00862e73
00862e7e	Unwind@00862e7e
00862e89	Unwind@00862e89
00862e94	Unwind@00862e94
00862e9f	Unwind@00862e9f
00862eaa	Unwind@00862eaa
00862eb5	Unwind@00862eb5
00862ec0	Unwind@00862ec0
00862ecb	Unwind@00862ecb
00862ed6	Unwind@00862ed6
00862ee4	Unwind@00862ee4
00862ef2	Unwind@00862ef2
00862f00	Unwind@00862f00
00862f15	Unwind@00862f15
00862f27	Unwind@00862f27
00862f32	Unwind@00862f32
00862f3d	Unwind@00862f3d
00862f48	Unwind@00862f48
00862f53	Unwind@00862f53
00862f5e	Unwind@00862f5e
00862f69	Unwind@00862f69
00862f74	Unwind@00862f74
00862f7f	Unwind@00862f7f
00862f8a	Unwind@00862f8a
00862f95	Unwind@00862f95
00862fa0	Unwind@00862fa0
00862fab	Unwind@00862fab
00862fb6	Unwind@00862fb6
00862fc1	Unwind@00862fc1
00862fcc	Unwind@00862fcc
00862fd7	Unwind@00862fd7
00862fe2	Unwind@00862fe2
00862fed	Unwind@00862fed
00862ff8	Unwind@00862ff8
00863003	Unwind@00863003
0086300e	Unwind@0086300e
00863019	Unwind@00863019
00863024	Unwind@00863024
0086302f	Unwind@0086302f
0086303a	Unwind@0086303a
00863045	Unwind@00863045
00863050	Unwind@00863050
0086305b	Unwind@0086305b
00863066	Unwind@00863066
00863071	Unwind@00863071
0086307c	Unwind@0086307c
00863087	Unwind@00863087
00863092	Unwind@00863092
0086309d	Unwind@0086309d
008630a8	Unwind@008630a8
008630b3	Unwind@008630b3
008630be	Unwind@008630be
008630c9	Unwind@008630c9
008630d4	Unwind@008630d4
008630df	Unwind@008630df
008630ea	Unwind@008630ea
008630f5	Unwind@008630f5
00863100	Unwind@00863100
00863115	Unwind@00863115
00863120	Unwind@00863120
0086312b	Unwind@0086312b
00863136	Unwind@00863136
00863141	Unwind@00863141
0086314c	Unwind@0086314c
00863157	Unwind@00863157
00863162	Unwind@00863162
0086316d	Unwind@0086316d
00863178	Unwind@00863178
00863183	Unwind@00863183
0086318e	Unwind@0086318e
00863199	Unwind@00863199
008631a4	Unwind@008631a4
008631af	Unwind@008631af
008631ba	Unwind@008631ba
008631c5	Unwind@008631c5
008631d0	Unwind@008631d0
008631de	Unwind@008631de
008631ec	Unwind@008631ec
008631fa	Unwind@008631fa
00863205	Unwind@00863205
00863210	Unwind@00863210
0086321b	Unwind@0086321b
00863226	Unwind@00863226
00863231	Unwind@00863231
0086323c	Unwind@0086323c
00863247	Unwind@00863247
00863255	Unwind@00863255
00863263	Unwind@00863263
00863271	Unwind@00863271
0086327c	Unwind@0086327c
00863287	Unwind@00863287
00863292	Unwind@00863292
0086329d	Unwind@0086329d
008632a8	Unwind@008632a8
008632b3	Unwind@008632b3
008632be	Unwind@008632be
008632c9	Unwind@008632c9
008632d4	Unwind@008632d4
008632e2	Unwind@008632e2
008632f0	Unwind@008632f0
008632fe	Unwind@008632fe
00863309	Unwind@00863309
00863314	Unwind@00863314
0086331f	Unwind@0086331f
0086332a	Unwind@0086332a
00863335	Unwind@00863335
00863340	Unwind@00863340
0086334b	Unwind@0086334b
00863356	Unwind@00863356
00863361	Unwind@00863361
0086336c	Unwind@0086336c
00863377	Unwind@00863377
00863382	Unwind@00863382
0086338d	Unwind@0086338d
0086339b	Unwind@0086339b
008633a9	Unwind@008633a9
008633b7	Unwind@008633b7
008633cc	Unwind@008633cc
008633d7	Unwind@008633d7
008633e2	Unwind@008633e2
008633ed	Unwind@008633ed
008633f8	Unwind@008633f8
00863403	Unwind@00863403
00863418	Unwind@00863418
00863423	Unwind@00863423
0086342e	Unwind@0086342e
00863436	Unwind@00863436
0086343e	Unwind@0086343e
00863446	Unwind@00863446
00863451	Unwind@00863451
0086345c	Unwind@0086345c
00863464	Unwind@00863464
0086346c	Unwind@0086346c
00863477	Unwind@00863477
00863482	Unwind@00863482
0086348d	Unwind@0086348d
00863498	Unwind@00863498
008634a3	Unwind@008634a3
008634ae	Unwind@008634ae
008634b9	Unwind@008634b9
008634c4	Unwind@008634c4
008634cf	Unwind@008634cf
008634da	Unwind@008634da
008634e5	Unwind@008634e5
008634fa	Unwind@008634fa
00863505	Unwind@00863505
00863510	Unwind@00863510
0086351b	Unwind@0086351b
00863526	Unwind@00863526
00863531	Unwind@00863531
0086353c	Unwind@0086353c
00863547	Unwind@00863547
00863552	Unwind@00863552
0086355d	Unwind@0086355d
00863568	Unwind@00863568
00863573	Unwind@00863573
0086357e	Unwind@0086357e
00863589	Unwind@00863589
00863597	Unwind@00863597
008635a5	Unwind@008635a5
008635bd	Unwind@008635bd
008635c5	Unwind@008635c5
008635cd	Unwind@008635cd
008635d5	Unwind@008635d5
008635e7	Unwind@008635e7
008635f2	Unwind@008635f2
00863610	Unwind@00863610
0086361b	Unwind@0086361b
00863626	Unwind@00863626
00863631	Unwind@00863631
0086363c	Unwind@0086363c
00863647	Unwind@00863647
00863652	Unwind@00863652
0086365d	Unwind@0086365d
00863668	Unwind@00863668
00863673	Unwind@00863673
0086367e	Unwind@0086367e
0086368c	Unwind@0086368c
0086369a	Unwind@0086369a
008636a8	Unwind@008636a8
008636b3	Unwind@008636b3
008636be	Unwind@008636be
008636c9	Unwind@008636c9
008636d4	Unwind@008636d4
008636df	Unwind@008636df
008636ea	Unwind@008636ea
008636f5	Unwind@008636f5
00863700	Unwind@00863700
0086370b	Unwind@0086370b
00863716	Unwind@00863716
00863721	Unwind@00863721
0086372f	Unwind@0086372f
0086373d	Unwind@0086373d
00863755	Unwind@00863755
00863760	Unwind@00863760
0086376b	Unwind@0086376b
00863776	Unwind@00863776
00863781	Unwind@00863781
0086378c	Unwind@0086378c
00863797	Unwind@00863797
008637a2	Unwind@008637a2
008637ad	Unwind@008637ad
008637b8	Unwind@008637b8
008637c3	Unwind@008637c3
008637ce	Unwind@008637ce
008637d9	Unwind@008637d9
008637e4	Unwind@008637e4
008637ef	Unwind@008637ef
008637fa	Unwind@008637fa
00863805	Unwind@00863805
00863810	Unwind@00863810
0086381b	Unwind@0086381b
00863826	Unwind@00863826
00863831	Unwind@00863831
0086383c	Unwind@0086383c
00863847	Unwind@00863847
00863852	Unwind@00863852
0086385d	Unwind@0086385d
00863868	Unwind@00863868
00863873	Unwind@00863873
0086387e	Unwind@0086387e
00863889	Unwind@00863889
00863894	Unwind@00863894
0086389f	Unwind@0086389f
008638aa	Unwind@008638aa
008638b5	Unwind@008638b5
008638c0	Unwind@008638c0
008638cb	Unwind@008638cb
008638d6	Unwind@008638d6
008638e1	Unwind@008638e1
008638ec	Unwind@008638ec
008638f7	Unwind@008638f7
00863902	Unwind@00863902
0086390d	Unwind@0086390d
00863918	Unwind@00863918
00863920	Unwind@00863920
0086392b	Unwind@0086392b
00863936	Unwind@00863936
00863941	Unwind@00863941
0086394c	Unwind@0086394c
00863957	Unwind@00863957
00863962	Unwind@00863962
0086396d	Unwind@0086396d
00863978	Unwind@00863978
00863983	Unwind@00863983
00863998	Unwind@00863998
008639a3	Unwind@008639a3
008639ae	Unwind@008639ae
008639b9	Unwind@008639b9
008639c4	Unwind@008639c4
008639cf	Unwind@008639cf
008639da	Unwind@008639da
008639e5	Unwind@008639e5
008639f0	Unwind@008639f0
008639fe	Unwind@008639fe
00863a0c	Unwind@00863a0c
00863a1a	Unwind@00863a1a
00863a25	Unwind@00863a25
00863a30	Unwind@00863a30
00863a3b	Unwind@00863a3b
00863a46	Unwind@00863a46
00863a51	Unwind@00863a51
00863a5c	Unwind@00863a5c
00863a67	Unwind@00863a67
00863a72	Unwind@00863a72
00863a7d	Unwind@00863a7d
00863a88	Unwind@00863a88
00863a93	Unwind@00863a93
00863a9e	Unwind@00863a9e
00863aac	Unwind@00863aac
00863aba	Unwind@00863aba
00863ac8	Unwind@00863ac8
00863ad3	Unwind@00863ad3
00863ade	Unwind@00863ade
00863ae9	Unwind@00863ae9
00863af4	Unwind@00863af4
00863aff	Unwind@00863aff
00863b0a	Unwind@00863b0a
00863b15	Unwind@00863b15
00863b20	Unwind@00863b20
00863b2b	Unwind@00863b2b
00863b36	Unwind@00863b36
00863b41	Unwind@00863b41
00863b4c	Unwind@00863b4c
00863b57	Unwind@00863b57
00863b62	Unwind@00863b62
00863b70	Unwind@00863b70
00863b7e	Unwind@00863b7e
00863b8c	Unwind@00863b8c
00863b97	Unwind@00863b97
00863ba2	Unwind@00863ba2
00863bad	Unwind@00863bad
00863bb8	Unwind@00863bb8
00863bc3	Unwind@00863bc3
00863bce	Unwind@00863bce
00863bd9	Unwind@00863bd9
00863bf0	Unwind@00863bf0
00863c10	Unwind@00863c10
00863c18	Unwind@00863c18
00863c23	Unwind@00863c23
00863c2b	Unwind@00863c2b
00863c33	Unwind@00863c33
00863c3b	Unwind@00863c3b
00863c46	Unwind@00863c46
00863c51	Unwind@00863c51
00863c59	Unwind@00863c59
00863c61	Unwind@00863c61
00863c6c	Unwind@00863c6c
00863c77	Unwind@00863c77
00863c82	Unwind@00863c82
00863c8d	Unwind@00863c8d
00863c98	Unwind@00863c98
00863ca3	Unwind@00863ca3
00863cae	Unwind@00863cae
00863cb9	Unwind@00863cb9
00863cc4	Unwind@00863cc4
00863ccf	Unwind@00863ccf
00863cda	Unwind@00863cda
00863ce8	Unwind@00863ce8
00863cf6	Unwind@00863cf6
00863d04	Unwind@00863d04
00863d0f	Unwind@00863d0f
00863d1a	Unwind@00863d1a
00863d25	Unwind@00863d25
00863d30	Unwind@00863d30
00863d3b	Unwind@00863d3b
00863d46	Unwind@00863d46
00863d51	Unwind@00863d51
00863d66	Unwind@00863d66
00863d78	Unwind@00863d78
00863d83	Unwind@00863d83
00863d8e	Unwind@00863d8e
00863d99	Unwind@00863d99
00863da4	Unwind@00863da4
00863daf	Unwind@00863daf
00863dba	Unwind@00863dba
00863dc5	Unwind@00863dc5
00863dd0	Unwind@00863dd0
00863ddb	Unwind@00863ddb
00863de6	Unwind@00863de6
00863df1	Unwind@00863df1
00863dfc	Unwind@00863dfc
00863e07	Unwind@00863e07
00863e12	Unwind@00863e12
00863e1d	Unwind@00863e1d
00863e28	Unwind@00863e28
00863e33	Unwind@00863e33
00863e3e	Unwind@00863e3e
00863e49	Unwind@00863e49
00863e54	Unwind@00863e54
00863e5f	Unwind@00863e5f
00863e6a	Unwind@00863e6a
00863e75	Unwind@00863e75
00863e80	Unwind@00863e80
00863e8e	Unwind@00863e8e
00863e99	Unwind@00863e99
00863ea4	Unwind@00863ea4
00863eaf	Unwind@00863eaf
00863eba	Unwind@00863eba
00863ec5	Unwind@00863ec5
00863ed0	Unwind@00863ed0
00863edb	Unwind@00863edb
00863ee6	Unwind@00863ee6
00863ef1	Unwind@00863ef1
00863efc	Unwind@00863efc
00863f07	Unwind@00863f07
00863f12	Unwind@00863f12
00863f1d	Unwind@00863f1d
00863f28	Unwind@00863f28
00863f33	Unwind@00863f33
00863f3e	Unwind@00863f3e
00863f49	Unwind@00863f49
00863f54	Unwind@00863f54
00863f5f	Unwind@00863f5f
00863f6a	Unwind@00863f6a
00863f75	Unwind@00863f75
00863f80	Unwind@00863f80
00863f8b	Unwind@00863f8b
00863fa0	Unwind@00863fa0
00863fab	Unwind@00863fab
00863fb6	Unwind@00863fb6
00863fc1	Unwind@00863fc1
00863fcc	Unwind@00863fcc
00863fd7	Unwind@00863fd7
00863fe2	Unwind@00863fe2
00863fed	Unwind@00863fed
00863ff8	Unwind@00863ff8
00864003	Unwind@00864003
0086400e	Unwind@0086400e
0086401c	Unwind@0086401c
00864027	Unwind@00864027
00864032	Unwind@00864032
0086403d	Unwind@0086403d
00864048	Unwind@00864048
00864053	Unwind@00864053
0086405e	Unwind@0086405e
00864069	Unwind@00864069
00864074	Unwind@00864074
00864089	Unwind@00864089
00864094	Unwind@00864094
0086409f	Unwind@0086409f
008640aa	Unwind@008640aa
008640b5	Unwind@008640b5
008640c0	Unwind@008640c0
008640cb	Unwind@008640cb
008640d6	Unwind@008640d6
008640e1	Unwind@008640e1
008640ec	Unwind@008640ec
008640f7	Unwind@008640f7
00864102	Unwind@00864102
0086410d	Unwind@0086410d
00864118	Unwind@00864118
00864123	Unwind@00864123
0086412e	Unwind@0086412e
00864139	Unwind@00864139
00864144	Unwind@00864144
0086414f	Unwind@0086414f
0086415a	Unwind@0086415a
00864165	Unwind@00864165
00864170	Unwind@00864170
0086417b	Unwind@0086417b
00864186	Unwind@00864186
00864191	Unwind@00864191
0086419c	Unwind@0086419c
008641a7	Unwind@008641a7
008641bc	Unwind@008641bc
008641c7	Unwind@008641c7
008641d2	Unwind@008641d2
008641dd	Unwind@008641dd
008641e8	Unwind@008641e8
008641f3	Unwind@008641f3
00864208	Unwind@00864208
00864213	Unwind@00864213
0086421e	Unwind@0086421e
00864229	Unwind@00864229
00864234	Unwind@00864234
0086423f	Unwind@0086423f
0086424a	Unwind@0086424a
0086425f	Unwind@0086425f
0086426a	Unwind@0086426a
00864275	Unwind@00864275
00864280	Unwind@00864280
0086428b	Unwind@0086428b
00864296	Unwind@00864296
008642a1	Unwind@008642a1
008642ac	Unwind@008642ac
008642b7	Unwind@008642b7
008642c2	Unwind@008642c2
008642cd	Unwind@008642cd
008642d8	Unwind@008642d8
008642e3	Unwind@008642e3
008642ee	Unwind@008642ee
008642f9	Unwind@008642f9
00864304	Unwind@00864304
0086430f	Unwind@0086430f
0086431a	Unwind@0086431a
00864325	Unwind@00864325
00864330	Unwind@00864330
0086433b	Unwind@0086433b
00864346	Unwind@00864346
00864351	Unwind@00864351
0086435c	Unwind@0086435c
00864367	Unwind@00864367
00864372	Unwind@00864372
0086437d	Unwind@0086437d
00864388	Unwind@00864388
00864393	Unwind@00864393
0086439e	Unwind@0086439e
008643a9	Unwind@008643a9
008643b4	Unwind@008643b4
008643bf	Unwind@008643bf
008643ca	Unwind@008643ca
008643d5	Unwind@008643d5
008643e0	Unwind@008643e0
008643eb	Unwind@008643eb
008643f6	Unwind@008643f6
00864401	Unwind@00864401
0086440c	Unwind@0086440c
00864417	Unwind@00864417
00864422	Unwind@00864422
0086442d	Unwind@0086442d
00864438	Unwind@00864438
00864443	Unwind@00864443
0086444e	Unwind@0086444e
00864459	Unwind@00864459
00864464	Unwind@00864464
0086446f	Unwind@0086446f
0086447a	Unwind@0086447a
00864485	Unwind@00864485
00864490	Unwind@00864490
0086449b	Unwind@0086449b
008644a6	Unwind@008644a6
008644b1	Unwind@008644b1
008644bc	Unwind@008644bc
008644c7	Unwind@008644c7
008644d2	Unwind@008644d2
008644dd	Unwind@008644dd
008644e8	Unwind@008644e8
008644f3	Unwind@008644f3
008644fe	Unwind@008644fe
00864509	Unwind@00864509
00864514	Unwind@00864514
0086451f	Unwind@0086451f
0086452a	Unwind@0086452a
00864535	Unwind@00864535
00864540	Unwind@00864540
0086454b	Unwind@0086454b
00864556	Unwind@00864556
00864561	Unwind@00864561
0086456c	Unwind@0086456c
00864577	Unwind@00864577
00864582	Unwind@00864582
0086458d	Unwind@0086458d
00864598	Unwind@00864598
008645a3	Unwind@008645a3
008645ae	Unwind@008645ae
008645b9	Unwind@008645b9
008645c4	Unwind@008645c4
008645cf	Unwind@008645cf
008645da	Unwind@008645da
008645e5	Unwind@008645e5
008645f0	Unwind@008645f0
008645fb	Unwind@008645fb
00864606	Unwind@00864606
00864611	Unwind@00864611
0086461c	Unwind@0086461c
00864631	Unwind@00864631
0086463c	Unwind@0086463c
00864647	Unwind@00864647
00864652	Unwind@00864652
0086465d	Unwind@0086465d
00864668	Unwind@00864668
00864673	Unwind@00864673
0086467e	Unwind@0086467e
00864689	Unwind@00864689
00864694	Unwind@00864694
0086469f	Unwind@0086469f
008646aa	Unwind@008646aa
008646b5	Unwind@008646b5
008646c0	Unwind@008646c0
008646cb	Unwind@008646cb
008646d6	Unwind@008646d6
008646e1	Unwind@008646e1
008646ec	Unwind@008646ec
008646f7	Unwind@008646f7
00864702	Unwind@00864702
0086470d	Unwind@0086470d
00864718	Unwind@00864718
00864723	Unwind@00864723
0086472e	Unwind@0086472e
00864739	Unwind@00864739
00864744	Unwind@00864744
0086474f	Unwind@0086474f
0086475a	Unwind@0086475a
00864765	Unwind@00864765
00864770	Unwind@00864770
0086477b	Unwind@0086477b
00864786	Unwind@00864786
00864791	Unwind@00864791
0086479c	Unwind@0086479c
008647a7	Unwind@008647a7
008647bc	Unwind@008647bc
008647c7	Unwind@008647c7
008647d2	Unwind@008647d2
008647dd	Unwind@008647dd
008647e8	Unwind@008647e8
008647f3	Unwind@008647f3
008647fe	Unwind@008647fe
00864809	Unwind@00864809
00864814	Unwind@00864814
0086481f	Unwind@0086481f
0086482a	Unwind@0086482a
00864835	Unwind@00864835
00864840	Unwind@00864840
0086484b	Unwind@0086484b
00864856	Unwind@00864856
00864861	Unwind@00864861
0086486c	Unwind@0086486c
00864877	Unwind@00864877
00864882	Unwind@00864882
0086488d	Unwind@0086488d
00864898	Unwind@00864898
008648a3	Unwind@008648a3
008648ae	Unwind@008648ae
008648b9	Unwind@008648b9
008648d0	Unwind@008648d0
008648f0	Unwind@008648f0
00864902	Unwind@00864902
0086490d	Unwind@0086490d
00864915	Unwind@00864915
0086491d	Unwind@0086491d
00864925	Unwind@00864925
00864930	Unwind@00864930
0086493b	Unwind@0086493b
00864943	Unwind@00864943
00864955	Unwind@00864955
00864960	Unwind@00864960
0086496b	Unwind@0086496b
00864976	Unwind@00864976
00864981	Unwind@00864981
0086498c	Unwind@0086498c
00864997	Unwind@00864997
008649a2	Unwind@008649a2
008649ad	Unwind@008649ad
008649b8	Unwind@008649b8
008649c3	Unwind@008649c3
008649ce	Unwind@008649ce
008649d9	Unwind@008649d9
008649e4	Unwind@008649e4
008649ef	Unwind@008649ef
008649fa	Unwind@008649fa
00864a05	Unwind@00864a05
00864a10	Unwind@00864a10
00864a1b	Unwind@00864a1b
00864a26	Unwind@00864a26
00864a31	Unwind@00864a31
00864a3c	Unwind@00864a3c
00864a47	Unwind@00864a47
00864a52	Unwind@00864a52
00864a5d	Unwind@00864a5d
00864a68	Unwind@00864a68
00864a73	Unwind@00864a73
00864a7e	Unwind@00864a7e
00864a89	Unwind@00864a89
00864a94	Unwind@00864a94
00864a9f	Unwind@00864a9f
00864aaa	Unwind@00864aaa
00864ab5	Unwind@00864ab5
00864ac0	Unwind@00864ac0
00864acb	Unwind@00864acb
00864ad6	Unwind@00864ad6
00864ae1	Unwind@00864ae1
00864aec	Unwind@00864aec
00864af7	Unwind@00864af7
00864b02	Unwind@00864b02
00864b0d	Unwind@00864b0d
00864b18	Unwind@00864b18
00864b23	Unwind@00864b23
00864b2e	Unwind@00864b2e
00864b39	Unwind@00864b39
00864b44	Unwind@00864b44
00864b4f	Unwind@00864b4f
00864b5a	Unwind@00864b5a
00864b65	Unwind@00864b65
00864b70	Unwind@00864b70
00864b7b	Unwind@00864b7b
00864b86	Unwind@00864b86
00864b91	Unwind@00864b91
00864b9c	Unwind@00864b9c
00864ba7	Unwind@00864ba7
00864bbc	Unwind@00864bbc
00864bc7	Unwind@00864bc7
00864bd2	Unwind@00864bd2
00864bdd	Unwind@00864bdd
00864be8	Unwind@00864be8
00864bf3	Unwind@00864bf3
00864bfe	Unwind@00864bfe
00864c09	Unwind@00864c09
00864c14	Unwind@00864c14
00864c1f	Unwind@00864c1f
00864c2a	Unwind@00864c2a
00864c35	Unwind@00864c35
00864c40	Unwind@00864c40
00864c4b	Unwind@00864c4b
00864c56	Unwind@00864c56
00864c61	Unwind@00864c61
00864c6c	Unwind@00864c6c
00864c77	Unwind@00864c77
00864c82	Unwind@00864c82
00864c8d	Unwind@00864c8d
00864c98	Unwind@00864c98
00864ca3	Unwind@00864ca3
00864cae	Unwind@00864cae
00864cb9	Unwind@00864cb9
00864cc4	Unwind@00864cc4
00864ccf	Unwind@00864ccf
00864cda	Unwind@00864cda
00864ce5	Unwind@00864ce5
00864cf0	Unwind@00864cf0
00864cfb	Unwind@00864cfb
00864d06	Unwind@00864d06
00864d11	Unwind@00864d11
00864d1c	Unwind@00864d1c
00864d27	Unwind@00864d27
00864d32	Unwind@00864d32
00864d3d	Unwind@00864d3d
00864d48	Unwind@00864d48
00864d53	Unwind@00864d53
00864d5e	Unwind@00864d5e
00864d69	Unwind@00864d69
00864d74	Unwind@00864d74
00864d7f	Unwind@00864d7f
00864d8a	Unwind@00864d8a
00864d95	Unwind@00864d95
00864da0	Unwind@00864da0
00864dab	Unwind@00864dab
00864db6	Unwind@00864db6
00864dc1	Unwind@00864dc1
00864dcc	Unwind@00864dcc
00864dd7	Unwind@00864dd7
00864de2	Unwind@00864de2
00864ded	Unwind@00864ded
00864df8	Unwind@00864df8
00864e03	Unwind@00864e03
00864e0e	Unwind@00864e0e
00864e19	Unwind@00864e19
00864e24	Unwind@00864e24
00864e2f	Unwind@00864e2f
00864e3a	Unwind@00864e3a
00864e45	Unwind@00864e45
00864e50	Unwind@00864e50
00864e5b	Unwind@00864e5b
00864e66	Unwind@00864e66
00864e71	Unwind@00864e71
00864e7c	Unwind@00864e7c
00864e87	Unwind@00864e87
00864e92	Unwind@00864e92
00864e9d	Unwind@00864e9d
00864ea8	Unwind@00864ea8
00864eb3	Unwind@00864eb3
00864ebe	Unwind@00864ebe
00864ef0	Unwind@00864ef0
00864ef8	Unwind@00864ef8
00864f00	Unwind@00864f00
00864f08	Unwind@00864f08
00864f16	Unwind@00864f16
00864f1e	Unwind@00864f1e
00864f26	Unwind@00864f26
00864f2e	Unwind@00864f2e
00864f46	Unwind@00864f46
00864f51	Unwind@00864f51
00864f5c	Unwind@00864f5c
00864f67	Unwind@00864f67
00864f72	Unwind@00864f72
00864f7d	Unwind@00864f7d
00864f88	Unwind@00864f88
00864f93	Unwind@00864f93
00864f9e	Unwind@00864f9e
00864fa9	Unwind@00864fa9
00864fb4	Unwind@00864fb4
00864fbf	Unwind@00864fbf
00864fca	Unwind@00864fca
00864fd5	Unwind@00864fd5
00864fe0	Unwind@00864fe0
00864feb	Unwind@00864feb
00864ff6	Unwind@00864ff6
00865001	Unwind@00865001
0086500c	Unwind@0086500c
00865017	Unwind@00865017
00865022	Unwind@00865022
0086502d	Unwind@0086502d
00865038	Unwind@00865038
00865043	Unwind@00865043
0086504e	Unwind@0086504e
00865056	Unwind@00865056
0086505e	Unwind@0086505e
00865066	Unwind@00865066
00865071	Unwind@00865071
00865086	Unwind@00865086
00865091	Unwind@00865091
0086509c	Unwind@0086509c
008650a7	Unwind@008650a7
008650b2	Unwind@008650b2
008650bd	Unwind@008650bd
008650c8	Unwind@008650c8
008650d3	Unwind@008650d3
008650de	Unwind@008650de
008650e9	Unwind@008650e9
008650f4	Unwind@008650f4
008650ff	Unwind@008650ff
0086510a	Unwind@0086510a
00865115	Unwind@00865115
00865120	Unwind@00865120
0086512b	Unwind@0086512b
00865136	Unwind@00865136
00865141	Unwind@00865141
0086514c	Unwind@0086514c
00865157	Unwind@00865157
00865162	Unwind@00865162
0086516d	Unwind@0086516d
00865178	Unwind@00865178
00865183	Unwind@00865183
0086518e	Unwind@0086518e
00865199	Unwind@00865199
008651a4	Unwind@008651a4
008651af	Unwind@008651af
008651ba	Unwind@008651ba
008651c5	Unwind@008651c5
008651d0	Unwind@008651d0
008651db	Unwind@008651db
008651e6	Unwind@008651e6
008651f1	Unwind@008651f1
008651fc	Unwind@008651fc
00865207	Unwind@00865207
00865212	Unwind@00865212
0086521d	Unwind@0086521d
00865228	Unwind@00865228
00865233	Unwind@00865233
0086523e	Unwind@0086523e
00865249	Unwind@00865249
00865254	Unwind@00865254
0086525f	Unwind@0086525f
0086526a	Unwind@0086526a
00865275	Unwind@00865275
00865280	Unwind@00865280
0086528b	Unwind@0086528b
00865296	Unwind@00865296
008652a1	Unwind@008652a1
008652ac	Unwind@008652ac
008652ba	Unwind@008652ba
008652d0	Unwind@008652d0
008652e2	Unwind@008652e2
008652ea	Unwind@008652ea
008652f8	Unwind@008652f8
00865306	Unwind@00865306
0086531e	Unwind@0086531e
00865326	Unwind@00865326
00865334	Unwind@00865334
00865342	Unwind@00865342
0086534d	Unwind@0086534d
00865362	Unwind@00865362
0086536d	Unwind@0086536d
00865378	Unwind@00865378
00865383	Unwind@00865383
0086538e	Unwind@0086538e
00865399	Unwind@00865399
008653a4	Unwind@008653a4
008653af	Unwind@008653af
008653ba	Unwind@008653ba
008653c5	Unwind@008653c5
008653d0	Unwind@008653d0
008653db	Unwind@008653db
008653e6	Unwind@008653e6
008653f1	Unwind@008653f1
008653fc	Unwind@008653fc
00865407	Unwind@00865407
00865412	Unwind@00865412
0086541d	Unwind@0086541d
00865428	Unwind@00865428
00865433	Unwind@00865433
0086543e	Unwind@0086543e
00865449	Unwind@00865449
00865454	Unwind@00865454
0086545f	Unwind@0086545f
0086546a	Unwind@0086546a
00865475	Unwind@00865475
00865480	Unwind@00865480
0086548b	Unwind@0086548b
00865496	Unwind@00865496
008654a1	Unwind@008654a1
008654ac	Unwind@008654ac
008654b7	Unwind@008654b7
008654c2	Unwind@008654c2
008654cd	Unwind@008654cd
008654d8	Unwind@008654d8
008654e3	Unwind@008654e3
008654ee	Unwind@008654ee
008654f9	Unwind@008654f9
00865504	Unwind@00865504
0086550f	Unwind@0086550f
0086551a	Unwind@0086551a
00865525	Unwind@00865525
00865530	Unwind@00865530
0086553b	Unwind@0086553b
00865546	Unwind@00865546
00865551	Unwind@00865551
0086555c	Unwind@0086555c
00865567	Unwind@00865567
00865572	Unwind@00865572
0086557d	Unwind@0086557d
00865588	Unwind@00865588
00865593	Unwind@00865593
0086559e	Unwind@0086559e
008655a9	Unwind@008655a9
008655b4	Unwind@008655b4
008655bf	Unwind@008655bf
008655ca	Unwind@008655ca
008655d5	Unwind@008655d5
008655e0	Unwind@008655e0
008655eb	Unwind@008655eb
008655f6	Unwind@008655f6
00865601	Unwind@00865601
0086560c	Unwind@0086560c
00865617	Unwind@00865617
00865622	Unwind@00865622
0086562d	Unwind@0086562d
00865638	Unwind@00865638
00865643	Unwind@00865643
0086564e	Unwind@0086564e
00865659	Unwind@00865659
00865664	Unwind@00865664
0086566f	Unwind@0086566f
0086567a	Unwind@0086567a
00865685	Unwind@00865685
0086569a	Unwind@0086569a
008656a2	Unwind@008656a2
008656aa	Unwind@008656aa
008656bc	Unwind@008656bc
008656c7	Unwind@008656c7
008656d2	Unwind@008656d2
008656dd	Unwind@008656dd
008656e8	Unwind@008656e8
008656f3	Unwind@008656f3
008656fe	Unwind@008656fe
00865709	Unwind@00865709
00865714	Unwind@00865714
0086571f	Unwind@0086571f
0086572a	Unwind@0086572a
00865735	Unwind@00865735
00865740	Unwind@00865740
0086574b	Unwind@0086574b
00865756	Unwind@00865756
00865761	Unwind@00865761
0086576c	Unwind@0086576c
00865777	Unwind@00865777
00865782	Unwind@00865782
0086578d	Unwind@0086578d
00865798	Unwind@00865798
008657a3	Unwind@008657a3
008657ae	Unwind@008657ae
008657b9	Unwind@008657b9
008657c4	Unwind@008657c4
008657cf	Unwind@008657cf
008657da	Unwind@008657da
008657e5	Unwind@008657e5
008657f0	Unwind@008657f0
008657fb	Unwind@008657fb
00865806	Unwind@00865806
00865811	Unwind@00865811
0086581c	Unwind@0086581c
00865827	Unwind@00865827
00865832	Unwind@00865832
0086583d	Unwind@0086583d
0086584b	Unwind@0086584b
00865859	Unwind@00865859
00865871	Unwind@00865871
0086587c	Unwind@0086587c
00865887	Unwind@00865887
00865892	Unwind@00865892
0086589d	Unwind@0086589d
008658a8	Unwind@008658a8
008658b3	Unwind@008658b3
008658be	Unwind@008658be
008658c9	Unwind@008658c9
008658d4	Unwind@008658d4
008658df	Unwind@008658df
008658ea	Unwind@008658ea
008658f5	Unwind@008658f5
00865900	Unwind@00865900
0086590b	Unwind@0086590b
00865916	Unwind@00865916
00865921	Unwind@00865921
0086592c	Unwind@0086592c
00865937	Unwind@00865937
00865942	Unwind@00865942
0086594d	Unwind@0086594d
00865958	Unwind@00865958
00865963	Unwind@00865963
0086596e	Unwind@0086596e
00865979	Unwind@00865979
00865984	Unwind@00865984
0086598f	Unwind@0086598f
0086599a	Unwind@0086599a
008659a5	Unwind@008659a5
008659b0	Unwind@008659b0
008659bb	Unwind@008659bb
008659c6	Unwind@008659c6
008659d1	Unwind@008659d1
008659dc	Unwind@008659dc
008659e7	Unwind@008659e7
008659f2	Unwind@008659f2
008659fd	Unwind@008659fd
00865a08	Unwind@00865a08
00865a16	Unwind@00865a16
00865a21	Unwind@00865a21
00865a2c	Unwind@00865a2c
00865a37	Unwind@00865a37
00865a42	Unwind@00865a42
00865a4d	Unwind@00865a4d
00865a58	Unwind@00865a58
00865a63	Unwind@00865a63
00865a6e	Unwind@00865a6e
00865a79	Unwind@00865a79
00865a87	Unwind@00865a87
00865a92	Unwind@00865a92
00865a9d	Unwind@00865a9d
00865aaf	Unwind@00865aaf
00865ab7	Unwind@00865ab7
00865ac9	Unwind@00865ac9
00865ad4	Unwind@00865ad4
00865adf	Unwind@00865adf
00865aea	Unwind@00865aea
00865af5	Unwind@00865af5
00865b00	Unwind@00865b00
00865b0b	Unwind@00865b0b
00865b20	Unwind@00865b20
00865b2b	Unwind@00865b2b
00865b36	Unwind@00865b36
00865b41	Unwind@00865b41
00865b4c	Unwind@00865b4c
00865b57	Unwind@00865b57
00865b62	Unwind@00865b62
00865b6d	Unwind@00865b6d
00865b78	Unwind@00865b78
00865b83	Unwind@00865b83
00865b8e	Unwind@00865b8e
00865b99	Unwind@00865b99
00865ba4	Unwind@00865ba4
00865baf	Unwind@00865baf
00865bba	Unwind@00865bba
00865bc5	Unwind@00865bc5
00865bd0	Unwind@00865bd0
00865bdb	Unwind@00865bdb
00865be6	Unwind@00865be6
00865bf1	Unwind@00865bf1
00865bfc	Unwind@00865bfc
00865c07	Unwind@00865c07
00865c12	Unwind@00865c12
00865c1d	Unwind@00865c1d
00865c28	Unwind@00865c28
00865c33	Unwind@00865c33
00865c3e	Unwind@00865c3e
00865c49	Unwind@00865c49
00865c54	Unwind@00865c54
00865c5f	Unwind@00865c5f
00865c6a	Unwind@00865c6a
00865c75	Unwind@00865c75
00865c80	Unwind@00865c80
00865c8b	Unwind@00865c8b
00865c96	Unwind@00865c96
00865ca1	Unwind@00865ca1
00865cac	Unwind@00865cac
00865cb7	Unwind@00865cb7
00865cc2	Unwind@00865cc2
00865ccd	Unwind@00865ccd
00865cd8	Unwind@00865cd8
00865ce3	Unwind@00865ce3
00865cee	Unwind@00865cee
00865cf9	Unwind@00865cf9
00865d04	Unwind@00865d04
00865d0f	Unwind@00865d0f
00865d1a	Unwind@00865d1a
00865d25	Unwind@00865d25
00865d30	Unwind@00865d30
00865d3b	Unwind@00865d3b
00865d46	Unwind@00865d46
00865d54	Unwind@00865d54
00865d62	Unwind@00865d62
00865d6d	Unwind@00865d6d
00865d78	Unwind@00865d78
00865d83	Unwind@00865d83
00865d8e	Unwind@00865d8e
00865d99	Unwind@00865d99
00865da4	Unwind@00865da4
00865daf	Unwind@00865daf
00865dba	Unwind@00865dba
00865dc5	Unwind@00865dc5
00865dd0	Unwind@00865dd0
00865ddb	Unwind@00865ddb
00865de6	Unwind@00865de6
00865df1	Unwind@00865df1
00865dfc	Unwind@00865dfc
00865e07	Unwind@00865e07
00865e12	Unwind@00865e12
00865e1d	Unwind@00865e1d
00865e28	Unwind@00865e28
00865e33	Unwind@00865e33
00865e3e	Unwind@00865e3e
00865e49	Unwind@00865e49
00865e54	Unwind@00865e54
00865e5f	Unwind@00865e5f
00865e6a	Unwind@00865e6a
00865e75	Unwind@00865e75
00865e80	Unwind@00865e80
00865e8b	Unwind@00865e8b
00865e96	Unwind@00865e96
00865ea1	Unwind@00865ea1
00865eac	Unwind@00865eac
00865eb7	Unwind@00865eb7
00865ec2	Unwind@00865ec2
00865ecd	Unwind@00865ecd
00865ed8	Unwind@00865ed8
00865ee3	Unwind@00865ee3
00865eee	Unwind@00865eee
00865ef9	Unwind@00865ef9
00865f04	Unwind@00865f04
00865f0f	Unwind@00865f0f
00865f1a	Unwind@00865f1a
00865f25	Unwind@00865f25
00865f30	Unwind@00865f30
00865f3b	Unwind@00865f3b
00865f46	Unwind@00865f46
00865f5b	Unwind@00865f5b
00865f6d	Unwind@00865f6d
00865f78	Unwind@00865f78
00865f83	Unwind@00865f83
00865f8e	Unwind@00865f8e
00865f98	Unwind@00865f98
00865fa3	Unwind@00865fa3
00865fb8	Unwind@00865fb8
00865fc3	Unwind@00865fc3
00865fce	Unwind@00865fce
00865fd9	Unwind@00865fd9
00865fe4	Unwind@00865fe4
00865fef	Unwind@00865fef
00865ffa	Unwind@00865ffa
00866005	Unwind@00866005
00866010	Unwind@00866010
00866022	Unwind@00866022
0086602d	Unwind@0086602d
00866038	Unwind@00866038
0086604d	Unwind@0086604d
0086605f	Unwind@0086605f
00866067	Unwind@00866067
0086606f	Unwind@0086606f
00866077	Unwind@00866077
00866089	Unwind@00866089
00866094	Unwind@00866094
0086609c	Unwind@0086609c
008660a4	Unwind@008660a4
008660ac	Unwind@008660ac
008660b7	Unwind@008660b7
008660c2	Unwind@008660c2
008660ca	Unwind@008660ca
008660dc	Unwind@008660dc
008660e4	Unwind@008660e4
008660ec	Unwind@008660ec
008660f4	Unwind@008660f4
008660fc	Unwind@008660fc
0086610e	Unwind@0086610e
00866119	Unwind@00866119
00866121	Unwind@00866121
00866129	Unwind@00866129
00866131	Unwind@00866131
00866139	Unwind@00866139
00866141	Unwind@00866141
00866149	Unwind@00866149
00866151	Unwind@00866151
00866159	Unwind@00866159
00866164	Unwind@00866164
00866179	Unwind@00866179
00866184	Unwind@00866184
0086618f	Unwind@0086618f
0086619a	Unwind@0086619a
008661af	Unwind@008661af
008661b7	Unwind@008661b7
008661bf	Unwind@008661bf
008661c7	Unwind@008661c7
008661cf	Unwind@008661cf
008661d7	Unwind@008661d7
008661df	Unwind@008661df
008661e7	Unwind@008661e7
008661f9	Unwind@008661f9
00866201	Unwind@00866201
00866213	Unwind@00866213
0086621b	Unwind@0086621b
00866226	Unwind@00866226
0086622e	Unwind@0086622e
00866239	Unwind@00866239
00866244	Unwind@00866244
0086624f	Unwind@0086624f
0086625a	Unwind@0086625a
00866265	Unwind@00866265
00866270	Unwind@00866270
0086627b	Unwind@0086627b
00866290	Unwind@00866290
0086629b	Unwind@0086629b
008662a6	Unwind@008662a6
008662b1	Unwind@008662b1
008662bc	Unwind@008662bc
008662c7	Unwind@008662c7
008662d2	Unwind@008662d2
008662dd	Unwind@008662dd
008662e8	Unwind@008662e8
008662f3	Unwind@008662f3
008662fe	Unwind@008662fe
00866306	Unwind@00866306
0086630e	Unwind@0086630e
00866316	Unwind@00866316
00866321	Unwind@00866321
0086632c	Unwind@0086632c
00866334	Unwind@00866334
00866346	Unwind@00866346
0086634e	Unwind@0086634e
00866356	Unwind@00866356
00866368	Unwind@00866368
00866373	Unwind@00866373
0086637e	Unwind@0086637e
00866389	Unwind@00866389
00866394	Unwind@00866394
0086639f	Unwind@0086639f
008663aa	Unwind@008663aa
008663b5	Unwind@008663b5
008663c0	Unwind@008663c0
008663cb	Unwind@008663cb
008663d3	Unwind@008663d3
008663db	Unwind@008663db
008663e3	Unwind@008663e3
008663f5	Unwind@008663f5
00866407	Unwind@00866407
00866420	Unwind@00866420
00866440	Unwind@00866440
00866448	Unwind@00866448
00866450	Unwind@00866450
00866458	Unwind@00866458
00866460	Unwind@00866460
00866468	Unwind@00866468
00866470	Unwind@00866470
00866490	Unwind@00866490
00866498	Unwind@00866498
008664b0	Unwind@008664b0
008664b8	Unwind@008664b8
008664d0	Unwind@008664d0
008664db	Unwind@008664db
008664e3	Unwind@008664e3
00866500	Unwind@00866500
00866508	Unwind@00866508
00866520	Unwind@00866520
00866528	Unwind@00866528
00866530	Unwind@00866530
00866550	Unwind@00866550
00866570	Unwind@00866570
00866590	Unwind@00866590
00866598	Unwind@00866598
008665a0	Unwind@008665a0
008665a8	Unwind@008665a8
008665b0	Unwind@008665b0
008665bb	Unwind@008665bb
008665d0	Unwind@008665d0
008665f0	Unwind@008665f0
00866630	Unwind@00866630
00866650	Unwind@00866650
00866661	Unwind@00866661
00866669	Unwind@00866669
00866674	Unwind@00866674
00866690	Unwind@00866690
00866698	Unwind@00866698
008666a0	Unwind@008666a0
008666a8	Unwind@008666a8
008666b0	Unwind@008666b0
008666b8	Unwind@008666b8
008666c0	Unwind@008666c0
008666c8	Unwind@008666c8
008666d0	Unwind@008666d0
008666db	Unwind@008666db
008666e3	Unwind@008666e3
008666eb	Unwind@008666eb
008666fd	Unwind@008666fd
00866705	Unwind@00866705
0086670d	Unwind@0086670d
00866715	Unwind@00866715
0086671d	Unwind@0086671d
00866725	Unwind@00866725
0086672d	Unwind@0086672d
00866735	Unwind@00866735
0086673d	Unwind@0086673d
00866745	Unwind@00866745
0086674d	Unwind@0086674d
00866755	Unwind@00866755
0086675d	Unwind@0086675d
00866765	Unwind@00866765
0086676d	Unwind@0086676d
00866775	Unwind@00866775
0086677d	Unwind@0086677d
0086678f	Unwind@0086678f
00866797	Unwind@00866797
0086679f	Unwind@0086679f
008667a7	Unwind@008667a7
008667af	Unwind@008667af
008667b7	Unwind@008667b7
008667bf	Unwind@008667bf
008667c7	Unwind@008667c7
008667d9	Unwind@008667d9
008667e1	Unwind@008667e1
008667e9	Unwind@008667e9
008667f1	Unwind@008667f1
008667f9	Unwind@008667f9
00866801	Unwind@00866801
00866809	Unwind@00866809
00866811	Unwind@00866811
00866819	Unwind@00866819
00866821	Unwind@00866821
00866829	Unwind@00866829
00866831	Unwind@00866831
00866839	Unwind@00866839
00866841	Unwind@00866841
00866849	Unwind@00866849
00866851	Unwind@00866851
00866863	Unwind@00866863
0086686b	Unwind@0086686b
00866873	Unwind@00866873
00866885	Unwind@00866885
0086688d	Unwind@0086688d
00866895	Unwind@00866895
0086689d	Unwind@0086689d
008668a5	Unwind@008668a5
008668ad	Unwind@008668ad
008668b5	Unwind@008668b5
008668bd	Unwind@008668bd
008668c5	Unwind@008668c5
008668cd	Unwind@008668cd
008668d5	Unwind@008668d5
008668dd	Unwind@008668dd
008668e5	Unwind@008668e5
008668ed	Unwind@008668ed
008668f5	Unwind@008668f5
008668fd	Unwind@008668fd
00866905	Unwind@00866905
0086690d	Unwind@0086690d
00866915	Unwind@00866915
0086691d	Unwind@0086691d
00866925	Unwind@00866925
0086692d	Unwind@0086692d
00866935	Unwind@00866935
0086693d	Unwind@0086693d
00866945	Unwind@00866945
0086694d	Unwind@0086694d
00866958	Unwind@00866958
00866960	Unwind@00866960
00866968	Unwind@00866968
00866970	Unwind@00866970
00866978	Unwind@00866978
00866980	Unwind@00866980
00866988	Unwind@00866988
00866990	Unwind@00866990
00866998	Unwind@00866998
008669a0	Unwind@008669a0
008669a8	Unwind@008669a8
008669b0	Unwind@008669b0
008669b8	Unwind@008669b8
008669c0	Unwind@008669c0
008669c8	Unwind@008669c8
008669d0	Unwind@008669d0
008669d8	Unwind@008669d8
008669e0	Unwind@008669e0
008669e8	Unwind@008669e8
008669f0	Unwind@008669f0
008669f8	Unwind@008669f8
00866a00	Unwind@00866a00
00866a08	Unwind@00866a08
00866a10	Unwind@00866a10
00866a18	Unwind@00866a18
00866a20	Unwind@00866a20
00866a28	Unwind@00866a28
00866a30	Unwind@00866a30
00866a38	Unwind@00866a38
00866a40	Unwind@00866a40
00866a48	Unwind@00866a48
00866a50	Unwind@00866a50
00866a58	Unwind@00866a58
00866a60	Unwind@00866a60
00866a72	Unwind@00866a72
00866a7d	Unwind@00866a7d
00866a85	Unwind@00866a85
00866a8d	Unwind@00866a8d
00866a95	Unwind@00866a95
00866aa0	Unwind@00866aa0
00866aab	Unwind@00866aab
00866ab3	Unwind@00866ab3
00866ac5	Unwind@00866ac5
00866ad0	Unwind@00866ad0
00866adb	Unwind@00866adb
00866ae3	Unwind@00866ae3
00866aee	Unwind@00866aee
00866af9	Unwind@00866af9
00866b04	Unwind@00866b04
00866b0f	Unwind@00866b0f
00866b1a	Unwind@00866b1a
00866b25	Unwind@00866b25
00866b30	Unwind@00866b30
00866b3b	Unwind@00866b3b
00866b46	Unwind@00866b46
00866b51	Unwind@00866b51
00866b5c	Unwind@00866b5c
00866b67	Unwind@00866b67
00866b72	Unwind@00866b72
00866b7d	Unwind@00866b7d
00866b88	Unwind@00866b88
00866b93	Unwind@00866b93
00866b9e	Unwind@00866b9e
00866ba9	Unwind@00866ba9
00866bb4	Unwind@00866bb4
00866bbf	Unwind@00866bbf
00866bca	Unwind@00866bca
00866bd5	Unwind@00866bd5
00866be0	Unwind@00866be0
00866beb	Unwind@00866beb
00866bf6	Unwind@00866bf6
00866c01	Unwind@00866c01
00866c0c	Unwind@00866c0c
00866c17	Unwind@00866c17
00866c22	Unwind@00866c22
00866c2d	Unwind@00866c2d
00866c38	Unwind@00866c38
00866c43	Unwind@00866c43
00866c4e	Unwind@00866c4e
00866c59	Unwind@00866c59
00866c64	Unwind@00866c64
00866c6f	Unwind@00866c6f
00866c7a	Unwind@00866c7a
00866c88	Unwind@00866c88
00866c93	Unwind@00866c93
00866c9e	Unwind@00866c9e
00866ca9	Unwind@00866ca9
00866cb4	Unwind@00866cb4
00866cbf	Unwind@00866cbf
00866cca	Unwind@00866cca
00866cd5	Unwind@00866cd5
00866cea	Unwind@00866cea
00866cf2	Unwind@00866cf2
00866cfa	Unwind@00866cfa
00866d02	Unwind@00866d02
00866d0a	Unwind@00866d0a
00866d12	Unwind@00866d12
00866d1a	Unwind@00866d1a
00866d22	Unwind@00866d22
00866d2a	Unwind@00866d2a
00866d32	Unwind@00866d32
00866d3a	Unwind@00866d3a
00866d42	Unwind@00866d42
00866d4a	Unwind@00866d4a
00866d5c	Unwind@00866d5c
00866d64	Unwind@00866d64
00866d6c	Unwind@00866d6c
00866d74	Unwind@00866d74
00866d7c	Unwind@00866d7c
00866d84	Unwind@00866d84
00866d8c	Unwind@00866d8c
00866d94	Unwind@00866d94
00866da6	Unwind@00866da6
00866db1	Unwind@00866db1
00866dd0	Unwind@00866dd0
00866dde	Unwind@00866dde
00866de6	Unwind@00866de6
00866df4	Unwind@00866df4
00866dfc	Unwind@00866dfc
00866e0a	Unwind@00866e0a
00866e12	Unwind@00866e12
00866e20	Unwind@00866e20
00866e38	Unwind@00866e38
00866e46	Unwind@00866e46
00866e54	Unwind@00866e54
00866e62	Unwind@00866e62
00866e6a	Unwind@00866e6a
00866e75	Unwind@00866e75
00866e80	Unwind@00866e80
00866e8b	Unwind@00866e8b
00866ea0	Unwind@00866ea0
00866eab	Unwind@00866eab
00866eb6	Unwind@00866eb6
00866ec1	Unwind@00866ec1
00866ecc	Unwind@00866ecc
00866ed7	Unwind@00866ed7
00866ee2	Unwind@00866ee2
00866eed	Unwind@00866eed
00866ef8	Unwind@00866ef8
00866f03	Unwind@00866f03
00866f18	Unwind@00866f18
00866f2d	Unwind@00866f2d
00866f38	Unwind@00866f38
00866f43	Unwind@00866f43
00866f4e	Unwind@00866f4e
00866f59	Unwind@00866f59
00866f64	Unwind@00866f64
00866f6f	Unwind@00866f6f
00866f7a	Unwind@00866f7a
00866f85	Unwind@00866f85
00866f90	Unwind@00866f90
00866f9b	Unwind@00866f9b
00866fa6	Unwind@00866fa6
00866fb1	Unwind@00866fb1
00866fc6	Unwind@00866fc6
00866fd1	Unwind@00866fd1
00866fdc	Unwind@00866fdc
00866fe7	Unwind@00866fe7
00866ff2	Unwind@00866ff2
00866ffd	Unwind@00866ffd
00867008	Unwind@00867008
00867013	Unwind@00867013
0086701e	Unwind@0086701e
00867029	Unwind@00867029
00867034	Unwind@00867034
0086703f	Unwind@0086703f
0086704a	Unwind@0086704a
00867055	Unwind@00867055
0086706a	Unwind@0086706a
00867072	Unwind@00867072
0086707a	Unwind@0086707a
00867082	Unwind@00867082
0086708a	Unwind@0086708a
00867092	Unwind@00867092
0086709a	Unwind@0086709a
008670a2	Unwind@008670a2
008670aa	Unwind@008670aa
008670bc	Unwind@008670bc
008670c7	Unwind@008670c7
008670d2	Unwind@008670d2
008670dd	Unwind@008670dd
008670e8	Unwind@008670e8
008670f3	Unwind@008670f3
008670fe	Unwind@008670fe
00867109	Unwind@00867109
00867114	Unwind@00867114
0086711f	Unwind@0086711f
0086712a	Unwind@0086712a
00867135	Unwind@00867135
00867140	Unwind@00867140
0086714b	Unwind@0086714b
00867156	Unwind@00867156
00867161	Unwind@00867161
0086716c	Unwind@0086716c
00867177	Unwind@00867177
00867182	Unwind@00867182
0086718d	Unwind@0086718d
00867198	Unwind@00867198
008671a3	Unwind@008671a3
008671ae	Unwind@008671ae
008671b9	Unwind@008671b9
008671c4	Unwind@008671c4
008671cf	Unwind@008671cf
008671da	Unwind@008671da
008671e5	Unwind@008671e5
008671f0	Unwind@008671f0
00867205	Unwind@00867205
0086721d	Unwind@0086721d
00867228	Unwind@00867228
00867233	Unwind@00867233
00867241	Unwind@00867241
00867259	Unwind@00867259
00867264	Unwind@00867264
0086726f	Unwind@0086726f
0086727d	Unwind@0086727d
00867295	Unwind@00867295
008672a0	Unwind@008672a0
008672ab	Unwind@008672ab
008672b9	Unwind@008672b9
008672c4	Unwind@008672c4
008672d2	Unwind@008672d2
008672e0	Unwind@008672e0
008672eb	Unwind@008672eb
008672f6	Unwind@008672f6
00867301	Unwind@00867301
00867316	Unwind@00867316
00867321	Unwind@00867321
00867329	Unwind@00867329
00867331	Unwind@00867331
00867339	Unwind@00867339
00867344	Unwind@00867344
0086734f	Unwind@0086734f
00867357	Unwind@00867357
0086735f	Unwind@0086735f
0086736a	Unwind@0086736a
00867375	Unwind@00867375
00867380	Unwind@00867380
0086738b	Unwind@0086738b
00867396	Unwind@00867396
008673a1	Unwind@008673a1
008673ac	Unwind@008673ac
008673b7	Unwind@008673b7
008673c2	Unwind@008673c2
008673cd	Unwind@008673cd
008673d8	Unwind@008673d8
008673e3	Unwind@008673e3
008673ee	Unwind@008673ee
008673f9	Unwind@008673f9
00867404	Unwind@00867404
0086740f	Unwind@0086740f
0086741a	Unwind@0086741a
0086742f	Unwind@0086742f
00867437	Unwind@00867437
0086743f	Unwind@0086743f
00867447	Unwind@00867447
0086744f	Unwind@0086744f
00867457	Unwind@00867457
0086745f	Unwind@0086745f
00867467	Unwind@00867467
00867479	Unwind@00867479
00867481	Unwind@00867481
00867489	Unwind@00867489
00867491	Unwind@00867491
00867499	Unwind@00867499
008674a1	Unwind@008674a1
008674a9	Unwind@008674a9
008674b1	Unwind@008674b1
008674c3	Unwind@008674c3
008674cb	Unwind@008674cb
008674d3	Unwind@008674d3
008674db	Unwind@008674db
008674e3	Unwind@008674e3
008674eb	Unwind@008674eb
008674f3	Unwind@008674f3
008674fb	Unwind@008674fb
0086750d	Unwind@0086750d
00867515	Unwind@00867515
00867520	Unwind@00867520
0086752b	Unwind@0086752b
00867533	Unwind@00867533
0086753b	Unwind@0086753b
00867553	Unwind@00867553
0086755b	Unwind@0086755b
00867566	Unwind@00867566
00867571	Unwind@00867571
00867579	Unwind@00867579
00867581	Unwind@00867581
00867599	Unwind@00867599
008675a1	Unwind@008675a1
008675b3	Unwind@008675b3
008675bb	Unwind@008675bb
008675c6	Unwind@008675c6
008675d1	Unwind@008675d1
008675d9	Unwind@008675d9
008675e1	Unwind@008675e1
008675f9	Unwind@008675f9
00867604	Unwind@00867604
0086760f	Unwind@0086760f
0086761a	Unwind@0086761a
00867625	Unwind@00867625
00867630	Unwind@00867630
0086763b	Unwind@0086763b
00867646	Unwind@00867646
00867651	Unwind@00867651
0086765c	Unwind@0086765c
00867667	Unwind@00867667
00867672	Unwind@00867672
0086767d	Unwind@0086767d
00867688	Unwind@00867688
00867693	Unwind@00867693
0086769e	Unwind@0086769e
008676a9	Unwind@008676a9
008676b4	Unwind@008676b4
008676bf	Unwind@008676bf
008676ca	Unwind@008676ca
008676d5	Unwind@008676d5
008676e3	Unwind@008676e3
008676f1	Unwind@008676f1
008676ff	Unwind@008676ff
0086770a	Unwind@0086770a
00867715	Unwind@00867715
00867723	Unwind@00867723
0086772e	Unwind@0086772e
0086773c	Unwind@0086773c
0086774a	Unwind@0086774a
00867758	Unwind@00867758
00867766	Unwind@00867766
00867774	Unwind@00867774
00867789	Unwind@00867789
00867794	Unwind@00867794
0086779f	Unwind@0086779f
008677aa	Unwind@008677aa
008677b5	Unwind@008677b5
008677c0	Unwind@008677c0
008677ce	Unwind@008677ce
008677d9	Unwind@008677d9
008677e4	Unwind@008677e4
008677ef	Unwind@008677ef
008677fd	Unwind@008677fd
00867808	Unwind@00867808
00867810	Unwind@00867810
00867818	Unwind@00867818
00867820	Unwind@00867820
0086782b	Unwind@0086782b
00867836	Unwind@00867836
0086783e	Unwind@0086783e
00867850	Unwind@00867850
0086785b	Unwind@0086785b
00867863	Unwind@00867863
0086786b	Unwind@0086786b
00867873	Unwind@00867873
0086787e	Unwind@0086787e
00867889	Unwind@00867889
00867891	Unwind@00867891
008678a3	Unwind@008678a3
008678ae	Unwind@008678ae
008678b9	Unwind@008678b9
008678c4	Unwind@008678c4
008678cf	Unwind@008678cf
008678da	Unwind@008678da
008678e5	Unwind@008678e5
008678f0	Unwind@008678f0
008678fb	Unwind@008678fb
00867906	Unwind@00867906
00867911	Unwind@00867911
0086791c	Unwind@0086791c
00867927	Unwind@00867927
00867932	Unwind@00867932
0086793d	Unwind@0086793d
00867948	Unwind@00867948
00867953	Unwind@00867953
0086795e	Unwind@0086795e
00867969	Unwind@00867969
00867974	Unwind@00867974
0086797f	Unwind@0086797f
00867994	Unwind@00867994
0086799f	Unwind@0086799f
008679aa	Unwind@008679aa
008679b2	Unwind@008679b2
008679bd	Unwind@008679bd
008679c5	Unwind@008679c5
008679cd	Unwind@008679cd
008679e0	Unwind@008679e0
00867a00	Unwind@00867a00
00867a20	Unwind@00867a20
00867a28	Unwind@00867a28
00867a33	Unwind@00867a33
00867a50	Unwind@00867a50
00867a70	Unwind@00867a70
00867aa0	Unwind@00867aa0
00867ab1	Unwind@00867ab1
00867ad0	Unwind@00867ad0
00867ad8	Unwind@00867ad8
00867ae0	Unwind@00867ae0
00867b00	Unwind@00867b00
00867b40	Unwind@00867b40
00867b48	Unwind@00867b48
00867b50	Unwind@00867b50
00867b58	Unwind@00867b58
00867b60	Unwind@00867b60
00867b68	Unwind@00867b68
00867b7f	Unwind@00867b7f
00867ba0	Unwind@00867ba0
00867bb1	Unwind@00867bb1
00867bb9	Unwind@00867bb9
00867bd0	Unwind@00867bd0
00867be1	Unwind@00867be1
00867be9	Unwind@00867be9
00867bf4	Unwind@00867bf4
00867bfc	Unwind@00867bfc
00867c20	Unwind@00867c20
00867c31	Unwind@00867c31
00867c39	Unwind@00867c39
00867c44	Unwind@00867c44
00867c4c	Unwind@00867c4c
00867c70	Unwind@00867c70
00867c78	Unwind@00867c78
00867ca0	Unwind@00867ca0
00867cab	Unwind@00867cab
00867cb6	Unwind@00867cb6
00867ccb	Unwind@00867ccb
00867cd6	Unwind@00867cd6
00867ce1	Unwind@00867ce1
00867cec	Unwind@00867cec
00867cf7	Unwind@00867cf7
00867d02	Unwind@00867d02
00867d0d	Unwind@00867d0d
00867d18	Unwind@00867d18
00867d23	Unwind@00867d23
00867d2e	Unwind@00867d2e
00867d39	Unwind@00867d39
00867d44	Unwind@00867d44
00867d4f	Unwind@00867d4f
00867d5a	Unwind@00867d5a
00867d65	Unwind@00867d65
00867d70	Unwind@00867d70
00867d7b	Unwind@00867d7b
00867d86	Unwind@00867d86
00867d91	Unwind@00867d91
00867d9c	Unwind@00867d9c
00867da7	Unwind@00867da7
00867db2	Unwind@00867db2
00867dbd	Unwind@00867dbd
00867dc8	Unwind@00867dc8
00867dd3	Unwind@00867dd3
00867dde	Unwind@00867dde
00867de9	Unwind@00867de9
00867df4	Unwind@00867df4
00867dff	Unwind@00867dff
00867e0a	Unwind@00867e0a
00867e15	Unwind@00867e15
00867e20	Unwind@00867e20
00867e2b	Unwind@00867e2b
00867e36	Unwind@00867e36
00867e41	Unwind@00867e41
00867e4c	Unwind@00867e4c
00867e57	Unwind@00867e57
00867e62	Unwind@00867e62
00867e6d	Unwind@00867e6d
00867e78	Unwind@00867e78
00867e83	Unwind@00867e83
00867e98	Unwind@00867e98
00867ea3	Unwind@00867ea3
00867eae	Unwind@00867eae
00867eb9	Unwind@00867eb9
00867ec4	Unwind@00867ec4
00867ecf	Unwind@00867ecf
00867eda	Unwind@00867eda
00867ee5	Unwind@00867ee5
00867ef0	Unwind@00867ef0
00867efb	Unwind@00867efb
00867f06	Unwind@00867f06
00867f11	Unwind@00867f11
00867f1c	Unwind@00867f1c
00867f27	Unwind@00867f27
00867f32	Unwind@00867f32
00867f3d	Unwind@00867f3d
00867f48	Unwind@00867f48
00867f53	Unwind@00867f53
00867f5e	Unwind@00867f5e
00867f69	Unwind@00867f69
00867f74	Unwind@00867f74
00867f7f	Unwind@00867f7f
00867f8a	Unwind@00867f8a
00867f95	Unwind@00867f95
00867fa0	Unwind@00867fa0
00867fab	Unwind@00867fab
00867fb6	Unwind@00867fb6
00867fc1	Unwind@00867fc1
00867fcc	Unwind@00867fcc
00867fd7	Unwind@00867fd7
00867fe2	Unwind@00867fe2
00867fed	Unwind@00867fed
00867ff8	Unwind@00867ff8
00868003	Unwind@00868003
0086800e	Unwind@0086800e
00868019	Unwind@00868019
00868024	Unwind@00868024
0086802f	Unwind@0086802f
0086803a	Unwind@0086803a
00868045	Unwind@00868045
00868050	Unwind@00868050
0086805b	Unwind@0086805b
00868066	Unwind@00868066
00868071	Unwind@00868071
0086807c	Unwind@0086807c
00868087	Unwind@00868087
00868092	Unwind@00868092
0086809d	Unwind@0086809d
008680a8	Unwind@008680a8
008680b3	Unwind@008680b3
008680be	Unwind@008680be
008680c9	Unwind@008680c9
008680d4	Unwind@008680d4
008680df	Unwind@008680df
008680ea	Unwind@008680ea
008680f5	Unwind@008680f5
00868100	Unwind@00868100
0086810b	Unwind@0086810b
00868116	Unwind@00868116
00868121	Unwind@00868121
0086812c	Unwind@0086812c
00868137	Unwind@00868137
00868142	Unwind@00868142
0086814d	Unwind@0086814d
00868158	Unwind@00868158
00868163	Unwind@00868163
0086816e	Unwind@0086816e
00868179	Unwind@00868179
00868184	Unwind@00868184
0086818f	Unwind@0086818f
0086819a	Unwind@0086819a
008681a5	Unwind@008681a5
008681b0	Unwind@008681b0
008681bb	Unwind@008681bb
008681c6	Unwind@008681c6
008681d1	Unwind@008681d1
008681dc	Unwind@008681dc
008681e7	Unwind@008681e7
008681f2	Unwind@008681f2
008681fd	Unwind@008681fd
00868208	Unwind@00868208
00868213	Unwind@00868213
0086821e	Unwind@0086821e
00868229	Unwind@00868229
00868234	Unwind@00868234
0086823f	Unwind@0086823f
0086824a	Unwind@0086824a
00868255	Unwind@00868255
00868260	Unwind@00868260
0086826b	Unwind@0086826b
00868276	Unwind@00868276
00868281	Unwind@00868281
0086828c	Unwind@0086828c
008682a1	Unwind@008682a1
008682a9	Unwind@008682a9
008682b1	Unwind@008682b1
008682b9	Unwind@008682b9
008682c1	Unwind@008682c1
008682c9	Unwind@008682c9
008682d1	Unwind@008682d1
008682d9	Unwind@008682d9
008682eb	Unwind@008682eb
00868300	Unwind@00868300
00868308	Unwind@00868308
00868320	Unwind@00868320
00868328	Unwind@00868328
00868336	Unwind@00868336
0086834b	Unwind@0086834b
00868356	Unwind@00868356
00868361	Unwind@00868361
0086836c	Unwind@0086836c
00868377	Unwind@00868377
00868382	Unwind@00868382
0086838d	Unwind@0086838d
00868398	Unwind@00868398
008683a3	Unwind@008683a3
008683ae	Unwind@008683ae
008683b9	Unwind@008683b9
008683c4	Unwind@008683c4
008683cf	Unwind@008683cf
008683da	Unwind@008683da
008683e5	Unwind@008683e5
008683f0	Unwind@008683f0
008683fb	Unwind@008683fb
00868406	Unwind@00868406
00868411	Unwind@00868411
0086841c	Unwind@0086841c
00868427	Unwind@00868427
00868432	Unwind@00868432
0086843d	Unwind@0086843d
00868448	Unwind@00868448
00868453	Unwind@00868453
0086845e	Unwind@0086845e
00868469	Unwind@00868469
00868474	Unwind@00868474
0086847f	Unwind@0086847f
0086848a	Unwind@0086848a
00868495	Unwind@00868495
008684a0	Unwind@008684a0
008684ab	Unwind@008684ab
008684b6	Unwind@008684b6
008684c1	Unwind@008684c1
008684cc	Unwind@008684cc
008684d7	Unwind@008684d7
008684e2	Unwind@008684e2
008684ed	Unwind@008684ed
008684f8	Unwind@008684f8
00868503	Unwind@00868503
0086850e	Unwind@0086850e
00868519	Unwind@00868519
00868524	Unwind@00868524
0086852f	Unwind@0086852f
0086853a	Unwind@0086853a
00868545	Unwind@00868545
00868550	Unwind@00868550
0086855b	Unwind@0086855b
00868566	Unwind@00868566
00868571	Unwind@00868571
0086857c	Unwind@0086857c
00868587	Unwind@00868587
00868592	Unwind@00868592
0086859d	Unwind@0086859d
008685a8	Unwind@008685a8
008685b3	Unwind@008685b3
008685be	Unwind@008685be
008685c9	Unwind@008685c9
008685d4	Unwind@008685d4
008685df	Unwind@008685df
008685ea	Unwind@008685ea
008685f5	Unwind@008685f5
00868600	Unwind@00868600
0086860b	Unwind@0086860b
00868616	Unwind@00868616
00868621	Unwind@00868621
0086862c	Unwind@0086862c
00868637	Unwind@00868637
00868642	Unwind@00868642
0086864d	Unwind@0086864d
00868658	Unwind@00868658
00868663	Unwind@00868663
0086866e	Unwind@0086866e
00868679	Unwind@00868679
00868684	Unwind@00868684
0086868f	Unwind@0086868f
0086869a	Unwind@0086869a
008686a5	Unwind@008686a5
008686b0	Unwind@008686b0
008686bb	Unwind@008686bb
008686c6	Unwind@008686c6
008686d1	Unwind@008686d1
008686dc	Unwind@008686dc
008686e7	Unwind@008686e7
008686f2	Unwind@008686f2
008686fd	Unwind@008686fd
00868708	Unwind@00868708
00868713	Unwind@00868713
0086871e	Unwind@0086871e
00868729	Unwind@00868729
00868734	Unwind@00868734
0086873f	Unwind@0086873f
0086874a	Unwind@0086874a
00868755	Unwind@00868755
00868760	Unwind@00868760
0086876b	Unwind@0086876b
00868776	Unwind@00868776
00868781	Unwind@00868781
0086878c	Unwind@0086878c
00868797	Unwind@00868797
008687a2	Unwind@008687a2
008687ad	Unwind@008687ad
008687b8	Unwind@008687b8
008687c3	Unwind@008687c3
008687ce	Unwind@008687ce
008687d9	Unwind@008687d9
008687e4	Unwind@008687e4
008687ef	Unwind@008687ef
008687fa	Unwind@008687fa
00868805	Unwind@00868805
00868810	Unwind@00868810
0086881b	Unwind@0086881b
00868826	Unwind@00868826
00868831	Unwind@00868831
0086883c	Unwind@0086883c
00868847	Unwind@00868847
00868852	Unwind@00868852
0086885d	Unwind@0086885d
00868868	Unwind@00868868
00868873	Unwind@00868873
0086887e	Unwind@0086887e
00868889	Unwind@00868889
00868894	Unwind@00868894
0086889f	Unwind@0086889f
008688aa	Unwind@008688aa
008688b5	Unwind@008688b5
008688c0	Unwind@008688c0
008688cb	Unwind@008688cb
008688d6	Unwind@008688d6
008688e1	Unwind@008688e1
008688ec	Unwind@008688ec
008688f7	Unwind@008688f7
00868902	Unwind@00868902
0086890d	Unwind@0086890d
00868918	Unwind@00868918
00868923	Unwind@00868923
0086892e	Unwind@0086892e
00868939	Unwind@00868939
00868944	Unwind@00868944
0086894f	Unwind@0086894f
0086895a	Unwind@0086895a
00868965	Unwind@00868965
00868970	Unwind@00868970
0086897b	Unwind@0086897b
00868986	Unwind@00868986
00868991	Unwind@00868991
0086899c	Unwind@0086899c
008689a7	Unwind@008689a7
008689b2	Unwind@008689b2
008689bd	Unwind@008689bd
008689c8	Unwind@008689c8
008689d3	Unwind@008689d3
008689de	Unwind@008689de
008689e9	Unwind@008689e9
008689f4	Unwind@008689f4
008689ff	Unwind@008689ff
00868a0a	Unwind@00868a0a
00868a15	Unwind@00868a15
00868a20	Unwind@00868a20
00868a2b	Unwind@00868a2b
00868a36	Unwind@00868a36
00868a41	Unwind@00868a41
00868a4c	Unwind@00868a4c
00868a57	Unwind@00868a57
00868a62	Unwind@00868a62
00868a6d	Unwind@00868a6d
00868a78	Unwind@00868a78
00868a83	Unwind@00868a83
00868a8e	Unwind@00868a8e
00868a99	Unwind@00868a99
00868aa4	Unwind@00868aa4
00868aaf	Unwind@00868aaf
00868aba	Unwind@00868aba
00868ac5	Unwind@00868ac5
00868ad0	Unwind@00868ad0
00868adb	Unwind@00868adb
00868ae6	Unwind@00868ae6
00868af1	Unwind@00868af1
00868afc	Unwind@00868afc
00868b07	Unwind@00868b07
00868b1c	Unwind@00868b1c
00868b27	Unwind@00868b27
00868b32	Unwind@00868b32
00868b3d	Unwind@00868b3d
00868b48	Unwind@00868b48
00868b53	Unwind@00868b53
00868b5e	Unwind@00868b5e
00868b69	Unwind@00868b69
00868b74	Unwind@00868b74
00868b7f	Unwind@00868b7f
00868b8a	Unwind@00868b8a
00868b95	Unwind@00868b95
00868ba0	Unwind@00868ba0
00868bab	Unwind@00868bab
00868bb6	Unwind@00868bb6
00868bc1	Unwind@00868bc1
00868bcc	Unwind@00868bcc
00868bd7	Unwind@00868bd7
00868be5	Unwind@00868be5
00868bf0	Unwind@00868bf0
00868c05	Unwind@00868c05
00868c10	Unwind@00868c10
00868c18	Unwind@00868c18
00868c20	Unwind@00868c20
00868c28	Unwind@00868c28
00868c30	Unwind@00868c30
00868c38	Unwind@00868c38
00868c40	Unwind@00868c40
00868c48	Unwind@00868c48
00868c50	Unwind@00868c50
00868c5e	Unwind@00868c5e
00868c6c	Unwind@00868c6c
00868c84	Unwind@00868c84
00868c8f	Unwind@00868c8f
00868c9a	Unwind@00868c9a
00868ca5	Unwind@00868ca5
00868cb0	Unwind@00868cb0
00868cbb	Unwind@00868cbb
00868cc6	Unwind@00868cc6
00868cd1	Unwind@00868cd1
00868cdc	Unwind@00868cdc
00868ce7	Unwind@00868ce7
00868cf2	Unwind@00868cf2
00868cfd	Unwind@00868cfd
00868d08	Unwind@00868d08
00868d13	Unwind@00868d13
00868d1e	Unwind@00868d1e
00868d29	Unwind@00868d29
00868d34	Unwind@00868d34
00868d3f	Unwind@00868d3f
00868d4a	Unwind@00868d4a
00868d55	Unwind@00868d55
00868d60	Unwind@00868d60
00868d6b	Unwind@00868d6b
00868d76	Unwind@00868d76
00868d81	Unwind@00868d81
00868d8c	Unwind@00868d8c
00868d97	Unwind@00868d97
00868da2	Unwind@00868da2
00868dad	Unwind@00868dad
00868db8	Unwind@00868db8
00868dc3	Unwind@00868dc3
00868dce	Unwind@00868dce
00868dd9	Unwind@00868dd9
00868de4	Unwind@00868de4
00868def	Unwind@00868def
00868df7	Unwind@00868df7
00868dff	Unwind@00868dff
00868e07	Unwind@00868e07
00868e12	Unwind@00868e12
00868e1d	Unwind@00868e1d
00868e25	Unwind@00868e25
00868e2d	Unwind@00868e2d
00868e38	Unwind@00868e38
00868e43	Unwind@00868e43
00868e4e	Unwind@00868e4e
00868e56	Unwind@00868e56
00868e5e	Unwind@00868e5e
00868e66	Unwind@00868e66
00868e71	Unwind@00868e71
00868e7c	Unwind@00868e7c
00868e84	Unwind@00868e84
00868e8c	Unwind@00868e8c
00868ea1	Unwind@00868ea1
00868eac	Unwind@00868eac
00868eb7	Unwind@00868eb7
00868ecc	Unwind@00868ecc
00868ed7	Unwind@00868ed7
00868ee2	Unwind@00868ee2
00868eed	Unwind@00868eed
00868ef8	Unwind@00868ef8
00868f0d	Unwind@00868f0d
00868f15	Unwind@00868f15
00868f1d	Unwind@00868f1d
00868f25	Unwind@00868f25
00868f2d	Unwind@00868f2d
00868f44	Unwind@00868f44
00868f4c	Unwind@00868f4c
00868f54	Unwind@00868f54
00868f5c	Unwind@00868f5c
00868f6e	Unwind@00868f6e
00868f76	Unwind@00868f76
00868f7e	Unwind@00868f7e
00868f86	Unwind@00868f86
00868f8e	Unwind@00868f8e
00868f99	Unwind@00868f99
00868fa1	Unwind@00868fa1
00868fb8	Unwind@00868fb8
00868fc0	Unwind@00868fc0
00868fd2	Unwind@00868fd2
00868fda	Unwind@00868fda
00868fe2	Unwind@00868fe2
00868fea	Unwind@00868fea
00868ff2	Unwind@00868ff2
00869009	Unwind@00869009
00869011	Unwind@00869011
00869019	Unwind@00869019
00869021	Unwind@00869021
00869033	Unwind@00869033
0086903b	Unwind@0086903b
00869046	Unwind@00869046
00869051	Unwind@00869051
0086905c	Unwind@0086905c
00869067	Unwind@00869067
00869072	Unwind@00869072
0086907d	Unwind@0086907d
00869088	Unwind@00869088
00869093	Unwind@00869093
0086909e	Unwind@0086909e
008690a9	Unwind@008690a9
008690b4	Unwind@008690b4
008690bf	Unwind@008690bf
008690ca	Unwind@008690ca
008690d5	Unwind@008690d5
008690e0	Unwind@008690e0
008690eb	Unwind@008690eb
008690f6	Unwind@008690f6
00869101	Unwind@00869101
0086910c	Unwind@0086910c
00869117	Unwind@00869117
00869122	Unwind@00869122
0086912d	Unwind@0086912d
00869138	Unwind@00869138
00869143	Unwind@00869143
0086914e	Unwind@0086914e
00869159	Unwind@00869159
00869164	Unwind@00869164
0086916f	Unwind@0086916f
0086917a	Unwind@0086917a
00869185	Unwind@00869185
00869190	Unwind@00869190
0086919b	Unwind@0086919b
008691a6	Unwind@008691a6
008691b1	Unwind@008691b1
008691bc	Unwind@008691bc
008691c7	Unwind@008691c7
008691d2	Unwind@008691d2
008691dd	Unwind@008691dd
008691e8	Unwind@008691e8
008691f3	Unwind@008691f3
008691fe	Unwind@008691fe
00869209	Unwind@00869209
00869214	Unwind@00869214
0086921f	Unwind@0086921f
0086922a	Unwind@0086922a
00869235	Unwind@00869235
00869240	Unwind@00869240
0086924b	Unwind@0086924b
00869256	Unwind@00869256
00869261	Unwind@00869261
0086926c	Unwind@0086926c
00869277	Unwind@00869277
00869282	Unwind@00869282
0086928d	Unwind@0086928d
00869298	Unwind@00869298
008692a3	Unwind@008692a3
008692ae	Unwind@008692ae
008692b9	Unwind@008692b9
008692c4	Unwind@008692c4
008692cf	Unwind@008692cf
008692da	Unwind@008692da
008692e5	Unwind@008692e5
008692f0	Unwind@008692f0
008692fb	Unwind@008692fb
00869306	Unwind@00869306
00869311	Unwind@00869311
0086931c	Unwind@0086931c
00869327	Unwind@00869327
00869332	Unwind@00869332
0086933d	Unwind@0086933d
00869348	Unwind@00869348
00869353	Unwind@00869353
0086935e	Unwind@0086935e
00869369	Unwind@00869369
00869374	Unwind@00869374
0086937f	Unwind@0086937f
0086938a	Unwind@0086938a
00869395	Unwind@00869395
008693a0	Unwind@008693a0
008693ab	Unwind@008693ab
008693b6	Unwind@008693b6
008693c1	Unwind@008693c1
008693cc	Unwind@008693cc
008693e1	Unwind@008693e1
008693ec	Unwind@008693ec
008693f7	Unwind@008693f7
00869402	Unwind@00869402
0086940d	Unwind@0086940d
00869418	Unwind@00869418
00869423	Unwind@00869423
0086942e	Unwind@0086942e
00869439	Unwind@00869439
00869444	Unwind@00869444
0086944f	Unwind@0086944f
0086945a	Unwind@0086945a
00869465	Unwind@00869465
00869470	Unwind@00869470
0086947b	Unwind@0086947b
00869486	Unwind@00869486
00869491	Unwind@00869491
0086949c	Unwind@0086949c
008694a7	Unwind@008694a7
008694b2	Unwind@008694b2
008694bd	Unwind@008694bd
008694c8	Unwind@008694c8
008694d3	Unwind@008694d3
008694de	Unwind@008694de
008694e9	Unwind@008694e9
008694f4	Unwind@008694f4
008694ff	Unwind@008694ff
0086950a	Unwind@0086950a
00869515	Unwind@00869515
00869520	Unwind@00869520
0086952b	Unwind@0086952b
00869536	Unwind@00869536
00869541	Unwind@00869541
0086954c	Unwind@0086954c
00869557	Unwind@00869557
00869562	Unwind@00869562
0086956d	Unwind@0086956d
00869578	Unwind@00869578
00869583	Unwind@00869583
0086958e	Unwind@0086958e
00869599	Unwind@00869599
008695a4	Unwind@008695a4
008695af	Unwind@008695af
008695ba	Unwind@008695ba
008695c5	Unwind@008695c5
008695d0	Unwind@008695d0
008695db	Unwind@008695db
008695f0	Unwind@008695f0
008695fb	Unwind@008695fb
00869603	Unwind@00869603
0086960b	Unwind@0086960b
00869613	Unwind@00869613
0086961b	Unwind@0086961b
00869623	Unwind@00869623
0086962b	Unwind@0086962b
00869633	Unwind@00869633
0086963b	Unwind@0086963b
00869650	Unwind@00869650
00869658	Unwind@00869658
00869670	Unwind@00869670
00869690	Unwind@00869690
008696b0	Unwind@008696b0
008696d0	Unwind@008696d0
008696f0	Unwind@008696f0
00869710	Unwind@00869710
00869730	Unwind@00869730
00869742	Unwind@00869742
00869754	Unwind@00869754
0086975c	Unwind@0086975c
00869764	Unwind@00869764
0086976c	Unwind@0086976c
0086977e	Unwind@0086977e
00869789	Unwind@00869789
0086979e	Unwind@0086979e
008697af	Unwind@008697af
008697c0	Unwind@008697c0
008697c8	Unwind@008697c8
008697d0	Unwind@008697d0
008697f0	Unwind@008697f0
00869820	Unwind@00869820
00869840	Unwind@00869840
00869860	Unwind@00869860
00869872	Unwind@00869872
00869884	Unwind@00869884
0086988f	Unwind@0086988f
008698a4	Unwind@008698a4
008698af	Unwind@008698af
008698ba	Unwind@008698ba
008698c5	Unwind@008698c5
008698d0	Unwind@008698d0
008698db	Unwind@008698db
008698e6	Unwind@008698e6
008698f1	Unwind@008698f1
00869910	Unwind@00869910
0086991b	Unwind@0086991b
00869926	Unwind@00869926
00869931	Unwind@00869931
0086993c	Unwind@0086993c
00869947	Unwind@00869947
00869952	Unwind@00869952
0086995d	Unwind@0086995d
00869968	Unwind@00869968
00869973	Unwind@00869973
0086997e	Unwind@0086997e
00869989	Unwind@00869989
00869994	Unwind@00869994
0086999f	Unwind@0086999f
008699aa	Unwind@008699aa
008699b5	Unwind@008699b5
008699c0	Unwind@008699c0
008699cb	Unwind@008699cb
008699d6	Unwind@008699d6
008699e1	Unwind@008699e1
008699ec	Unwind@008699ec
008699f7	Unwind@008699f7
00869a02	Unwind@00869a02
00869a0d	Unwind@00869a0d
00869a18	Unwind@00869a18
00869a23	Unwind@00869a23
00869a2e	Unwind@00869a2e
00869a39	Unwind@00869a39
00869a44	Unwind@00869a44
00869a4f	Unwind@00869a4f
00869a5a	Unwind@00869a5a
00869a65	Unwind@00869a65
00869a70	Unwind@00869a70
00869a7b	Unwind@00869a7b
00869a86	Unwind@00869a86
00869a91	Unwind@00869a91
00869a9c	Unwind@00869a9c
00869aa7	Unwind@00869aa7
00869ab2	Unwind@00869ab2
00869abd	Unwind@00869abd
00869ac8	Unwind@00869ac8
00869ad6	Unwind@00869ad6
00869ae4	Unwind@00869ae4
00869af2	Unwind@00869af2
00869b07	Unwind@00869b07
00869b12	Unwind@00869b12
00869b27	Unwind@00869b27
00869b32	Unwind@00869b32
00869b50	Unwind@00869b50
00869b58	Unwind@00869b58
00869b60	Unwind@00869b60
00869b6e	Unwind@00869b6e
00869b76	Unwind@00869b76
00869b84	Unwind@00869b84
00869b92	Unwind@00869b92
00869baa	Unwind@00869baa
00869bb2	Unwind@00869bb2
00869bc0	Unwind@00869bc0
00869bce	Unwind@00869bce
00869bdc	Unwind@00869bdc
00869bea	Unwind@00869bea
00869bf5	Unwind@00869bf5
00869c00	Unwind@00869c00
00869c0b	Unwind@00869c0b
00869c20	Unwind@00869c20
00869c35	Unwind@00869c35
00869c40	Unwind@00869c40
00869c48	Unwind@00869c48
00869c50	Unwind@00869c50
00869c58	Unwind@00869c58
00869c60	Unwind@00869c60
00869c68	Unwind@00869c68
00869c70	Unwind@00869c70
00869c78	Unwind@00869c78
00869c80	Unwind@00869c80
00869c8e	Unwind@00869c8e
00869c9c	Unwind@00869c9c
00869cb4	Unwind@00869cb4
00869cbf	Unwind@00869cbf
00869cca	Unwind@00869cca
00869cd5	Unwind@00869cd5
00869ce0	Unwind@00869ce0
00869ceb	Unwind@00869ceb
00869cf6	Unwind@00869cf6
00869d01	Unwind@00869d01
00869d0c	Unwind@00869d0c
00869d21	Unwind@00869d21
00869d2c	Unwind@00869d2c
00869d34	Unwind@00869d34
00869d3c	Unwind@00869d3c
00869d44	Unwind@00869d44
00869d4c	Unwind@00869d4c
00869d54	Unwind@00869d54
00869d5c	Unwind@00869d5c
00869d64	Unwind@00869d64
00869d6c	Unwind@00869d6c
00869d81	Unwind@00869d81
00869d8c	Unwind@00869d8c
00869d97	Unwind@00869d97
00869daf	Unwind@00869daf
00869dba	Unwind@00869dba
00869dc5	Unwind@00869dc5
00869dd3	Unwind@00869dd3
00869deb	Unwind@00869deb
00869df6	Unwind@00869df6
00869dfe	Unwind@00869dfe
00869e06	Unwind@00869e06
00869e0e	Unwind@00869e0e
00869e16	Unwind@00869e16
00869e1e	Unwind@00869e1e
00869e26	Unwind@00869e26
00869e2e	Unwind@00869e2e
00869e36	Unwind@00869e36
00869e4b	Unwind@00869e4b
00869e56	Unwind@00869e56
00869e61	Unwind@00869e61
00869e6c	Unwind@00869e6c
00869e77	Unwind@00869e77
00869e85	Unwind@00869e85
00869e93	Unwind@00869e93
00869ea1	Unwind@00869ea1
00869eaf	Unwind@00869eaf
00869ebd	Unwind@00869ebd
00869ed5	Unwind@00869ed5
00869ee0	Unwind@00869ee0
00869eeb	Unwind@00869eeb
00869ef6	Unwind@00869ef6
00869f01	Unwind@00869f01
00869f0c	Unwind@00869f0c
00869f17	Unwind@00869f17
00869f22	Unwind@00869f22
00869f2d	Unwind@00869f2d
00869f38	Unwind@00869f38
00869f4d	Unwind@00869f4d
00869f58	Unwind@00869f58
00869f60	Unwind@00869f60
00869f68	Unwind@00869f68
00869f70	Unwind@00869f70
00869f78	Unwind@00869f78
00869f80	Unwind@00869f80
00869f88	Unwind@00869f88
00869f90	Unwind@00869f90
00869f98	Unwind@00869f98
00869fad	Unwind@00869fad
00869fb8	Unwind@00869fb8
00869fc3	Unwind@00869fc3
00869fd1	Unwind@00869fd1
00869fe9	Unwind@00869fe9
00869ff4	Unwind@00869ff4
00869fff	Unwind@00869fff
0086a00a	Unwind@0086a00a
0086a015	Unwind@0086a015
0086a020	Unwind@0086a020
0086a02b	Unwind@0086a02b
0086a036	Unwind@0086a036
0086a044	Unwind@0086a044
0086a04f	Unwind@0086a04f
0086a070	Unwind@0086a070
0086a0a0	Unwind@0086a0a0
0086a0c0	Unwind@0086a0c0
0086a0c8	Unwind@0086a0c8
0086a0e0	Unwind@0086a0e0
0086a0e8	Unwind@0086a0e8
0086a0f0	Unwind@0086a0f0
0086a0f8	Unwind@0086a0f8
0086a100	Unwind@0086a100
0086a108	Unwind@0086a108
0086a11a	Unwind@0086a11a
0086a122	Unwind@0086a122
0086a12a	Unwind@0086a12a
0086a132	Unwind@0086a132
0086a13a	Unwind@0086a13a
0086a150	Unwind@0086a150
0086a158	Unwind@0086a158
0086a170	Unwind@0086a170
0086a17b	Unwind@0086a17b
0086a186	Unwind@0086a186
0086a191	Unwind@0086a191
0086a19c	Unwind@0086a19c
0086a1a4	Unwind@0086a1a4
0086a1af	Unwind@0086a1af
0086a1ba	Unwind@0086a1ba
0086a1c5	Unwind@0086a1c5
0086a1d0	Unwind@0086a1d0
0086a1db	Unwind@0086a1db
0086a1e6	Unwind@0086a1e6
0086a1f1	Unwind@0086a1f1
0086a1fc	Unwind@0086a1fc
0086a207	Unwind@0086a207
0086a212	Unwind@0086a212
0086a21d	Unwind@0086a21d
0086a228	Unwind@0086a228
0086a233	Unwind@0086a233
0086a23e	Unwind@0086a23e
0086a249	Unwind@0086a249
0086a260	Unwind@0086a260
0086a272	Unwind@0086a272
0086a27d	Unwind@0086a27d
0086a288	Unwind@0086a288
0086a293	Unwind@0086a293
0086a29e	Unwind@0086a29e
0086a2a9	Unwind@0086a2a9
0086a2b4	Unwind@0086a2b4
0086a2bf	Unwind@0086a2bf
0086a2e0	Unwind@0086a2e0
0086a2e8	Unwind@0086a2e8
0086a2f3	Unwind@0086a2f3
0086a2fe	Unwind@0086a2fe
0086a306	Unwind@0086a306
0086a30e	Unwind@0086a30e
0086a330	Unwind@0086a330
0086a342	Unwind@0086a342
0086a34d	Unwind@0086a34d
0086a358	Unwind@0086a358
0086a363	Unwind@0086a363
0086a36e	Unwind@0086a36e
0086a379	Unwind@0086a379
0086a384	Unwind@0086a384
0086a38f	Unwind@0086a38f
0086a3b0	Unwind@0086a3b0
0086a3bb	Unwind@0086a3bb
0086a3c6	Unwind@0086a3c6
0086a3d1	Unwind@0086a3d1
0086a3dc	Unwind@0086a3dc
0086a3e7	Unwind@0086a3e7
0086a400	Unwind@0086a400
0086a40b	Unwind@0086a40b
0086a416	Unwind@0086a416
0086a421	Unwind@0086a421
0086a42c	Unwind@0086a42c
0086a437	Unwind@0086a437
0086a442	Unwind@0086a442
0086a44d	Unwind@0086a44d
0086a458	Unwind@0086a458
0086a463	Unwind@0086a463
0086a46e	Unwind@0086a46e
0086a479	Unwind@0086a479
0086a484	Unwind@0086a484
0086a48f	Unwind@0086a48f
0086a49a	Unwind@0086a49a
0086a4a5	Unwind@0086a4a5
0086a4ba	Unwind@0086a4ba
0086a4c2	Unwind@0086a4c2
0086a4cd	Unwind@0086a4cd
0086a4d8	Unwind@0086a4d8
0086a4e0	Unwind@0086a4e0
0086a4e8	Unwind@0086a4e8
0086a500	Unwind@0086a500
0086a520	Unwind@0086a520
0086a528	Unwind@0086a528
0086a530	Unwind@0086a530
0086a538	Unwind@0086a538
0086a540	Unwind@0086a540
0086a548	Unwind@0086a548
0086a55f	Unwind@0086a55f
0086a580	Unwind@0086a580
0086a592	Unwind@0086a592
0086a5a4	Unwind@0086a5a4
0086a5b9	Unwind@0086a5b9
0086a5c4	Unwind@0086a5c4
0086a5cf	Unwind@0086a5cf
0086a5da	Unwind@0086a5da
0086a5e5	Unwind@0086a5e5
0086a5f0	Unwind@0086a5f0
0086a5fb	Unwind@0086a5fb
0086a606	Unwind@0086a606
0086a611	Unwind@0086a611
0086a61c	Unwind@0086a61c
0086a627	Unwind@0086a627
0086a632	Unwind@0086a632
0086a63d	Unwind@0086a63d
0086a648	Unwind@0086a648
0086a65d	Unwind@0086a65d
0086a668	Unwind@0086a668
0086a673	Unwind@0086a673
0086a67e	Unwind@0086a67e
0086a689	Unwind@0086a689
0086a694	Unwind@0086a694
0086a69f	Unwind@0086a69f
0086a6aa	Unwind@0086a6aa
0086a6c0	Unwind@0086a6c0
0086a6c8	Unwind@0086a6c8
0086a6e0	Unwind@0086a6e0
0086a6e8	Unwind@0086a6e8
0086a6f0	Unwind@0086a6f0
0086a6f8	Unwind@0086a6f8
0086a70a	Unwind@0086a70a
0086a715	Unwind@0086a715
0086a720	Unwind@0086a720
0086a72b	Unwind@0086a72b
0086a736	Unwind@0086a736
0086a741	Unwind@0086a741
0086a74c	Unwind@0086a74c
0086a757	Unwind@0086a757
0086a762	Unwind@0086a762
0086a76d	Unwind@0086a76d
0086a778	Unwind@0086a778
0086a783	Unwind@0086a783
0086a798	Unwind@0086a798
0086a7a0	Unwind@0086a7a0
0086a7a8	Unwind@0086a7a8
0086a7b9	Unwind@0086a7b9
0086a7ca	Unwind@0086a7ca
0086a7d2	Unwind@0086a7d2
0086a7da	Unwind@0086a7da
0086a7e2	Unwind@0086a7e2
0086a7f4	Unwind@0086a7f4
0086a7ff	Unwind@0086a7ff
0086a80a	Unwind@0086a80a
0086a818	Unwind@0086a818
0086a826	Unwind@0086a826
0086a834	Unwind@0086a834
0086a842	Unwind@0086a842
0086a850	Unwind@0086a850
0086a85e	Unwind@0086a85e
0086a876	Unwind@0086a876
0086a881	Unwind@0086a881
0086a88c	Unwind@0086a88c
0086a897	Unwind@0086a897
0086a8a2	Unwind@0086a8a2
0086a8ba	Unwind@0086a8ba
0086a8c5	Unwind@0086a8c5
0086a8d0	Unwind@0086a8d0
0086a8de	Unwind@0086a8de
0086a8ec	Unwind@0086a8ec
0086a904	Unwind@0086a904
0086a90c	Unwind@0086a90c
0086a917	Unwind@0086a917
0086a922	Unwind@0086a922
0086a92a	Unwind@0086a92a
0086a932	Unwind@0086a932
0086a93a	Unwind@0086a93a
0086a945	Unwind@0086a945
0086a950	Unwind@0086a950
0086a958	Unwind@0086a958
0086a960	Unwind@0086a960
0086a96e	Unwind@0086a96e
0086a97c	Unwind@0086a97c
0086a9a0	Unwind@0086a9a0
0086a9c0	Unwind@0086a9c0
0086a9c8	Unwind@0086a9c8
0086a9e0	Unwind@0086a9e0
0086aa10	Unwind@0086aa10
0086aa40	Unwind@0086aa40
0086aa60	Unwind@0086aa60
0086aa68	Unwind@0086aa68
0086aa73	Unwind@0086aa73
0086aa90	Unwind@0086aa90
0086aa98	Unwind@0086aa98
0086aaa0	Unwind@0086aaa0
0086aaa8	Unwind@0086aaa8
0086aab3	Unwind@0086aab3
0086aacb	Unwind@0086aacb
0086aae3	Unwind@0086aae3
0086aaeb	Unwind@0086aaeb
0086aaf6	Unwind@0086aaf6
0086ab0e	Unwind@0086ab0e
0086ab1c	Unwind@0086ab1c
0086ab27	Unwind@0086ab27
0086ab32	Unwind@0086ab32
0086ab47	Unwind@0086ab47
0086ab4f	Unwind@0086ab4f
0086ab57	Unwind@0086ab57
0086ab5f	Unwind@0086ab5f
0086ab67	Unwind@0086ab67
0086ab79	Unwind@0086ab79
0086ab81	Unwind@0086ab81
0086ab89	Unwind@0086ab89
0086ab91	Unwind@0086ab91
0086ab99	Unwind@0086ab99
0086aba1	Unwind@0086aba1
0086aba9	Unwind@0086aba9
0086abb1	Unwind@0086abb1
0086abc3	Unwind@0086abc3
0086abcb	Unwind@0086abcb
0086abd3	Unwind@0086abd3
0086abdb	Unwind@0086abdb
0086abe3	Unwind@0086abe3
0086abeb	Unwind@0086abeb
0086abf3	Unwind@0086abf3
0086abfb	Unwind@0086abfb
0086ac0d	Unwind@0086ac0d
0086ac15	Unwind@0086ac15
0086ac1d	Unwind@0086ac1d
0086ac25	Unwind@0086ac25
0086ac2d	Unwind@0086ac2d
0086ac35	Unwind@0086ac35
0086ac3d	Unwind@0086ac3d
0086ac45	Unwind@0086ac45
0086ac57	Unwind@0086ac57
0086ac5f	Unwind@0086ac5f
0086ac67	Unwind@0086ac67
0086ac6f	Unwind@0086ac6f
0086ac77	Unwind@0086ac77
0086ac7f	Unwind@0086ac7f
0086ac87	Unwind@0086ac87
0086ac8f	Unwind@0086ac8f
0086aca1	Unwind@0086aca1
0086aca9	Unwind@0086aca9
0086acb1	Unwind@0086acb1
0086acb9	Unwind@0086acb9
0086acc1	Unwind@0086acc1
0086acc9	Unwind@0086acc9
0086acd1	Unwind@0086acd1
0086acd9	Unwind@0086acd9
0086aceb	Unwind@0086aceb
0086acf3	Unwind@0086acf3
0086acfb	Unwind@0086acfb
0086ad03	Unwind@0086ad03
0086ad0b	Unwind@0086ad0b
0086ad13	Unwind@0086ad13
0086ad1b	Unwind@0086ad1b
0086ad23	Unwind@0086ad23
0086ad35	Unwind@0086ad35
0086ad40	Unwind@0086ad40
0086ad4b	Unwind@0086ad4b
0086ad56	Unwind@0086ad56
0086ad61	Unwind@0086ad61
0086ad6c	Unwind@0086ad6c
0086ad7e	Unwind@0086ad7e
0086ad86	Unwind@0086ad86
0086ad8e	Unwind@0086ad8e
0086ad96	Unwind@0086ad96
0086ad9e	Unwind@0086ad9e
0086ada6	Unwind@0086ada6
0086adae	Unwind@0086adae
0086adb6	Unwind@0086adb6
0086adc1	Unwind@0086adc1
0086add6	Unwind@0086add6
0086adde	Unwind@0086adde
0086ade6	Unwind@0086ade6
0086adee	Unwind@0086adee
0086adf6	Unwind@0086adf6
0086adfe	Unwind@0086adfe
0086ae06	Unwind@0086ae06
0086ae0e	Unwind@0086ae0e
0086ae20	Unwind@0086ae20
0086ae28	Unwind@0086ae28
0086ae30	Unwind@0086ae30
0086ae38	Unwind@0086ae38
0086ae4a	Unwind@0086ae4a
0086ae55	Unwind@0086ae55
0086ae60	Unwind@0086ae60
0086ae6b	Unwind@0086ae6b
0086ae76	Unwind@0086ae76
0086ae81	Unwind@0086ae81
0086ae96	Unwind@0086ae96
0086aea1	Unwind@0086aea1
0086aeac	Unwind@0086aeac
0086aec2	Unwind@0086aec2
0086aecd	Unwind@0086aecd
0086aed8	Unwind@0086aed8
0086aee3	Unwind@0086aee3
0086aeee	Unwind@0086aeee
0086aef9	Unwind@0086aef9
0086af04	Unwind@0086af04
0086af0f	Unwind@0086af0f
0086af1a	Unwind@0086af1a
0086af25	Unwind@0086af25
0086af30	Unwind@0086af30
0086af3e	Unwind@0086af3e
0086af4c	Unwind@0086af4c
0086af5a	Unwind@0086af5a
0086af6f	Unwind@0086af6f
0086af77	Unwind@0086af77
0086af7f	Unwind@0086af7f
0086af87	Unwind@0086af87
0086af8f	Unwind@0086af8f
0086af97	Unwind@0086af97
0086af9f	Unwind@0086af9f
0086afa7	Unwind@0086afa7
0086afb9	Unwind@0086afb9
0086afc1	Unwind@0086afc1
0086afd3	Unwind@0086afd3
0086afdb	Unwind@0086afdb
0086afed	Unwind@0086afed
0086aff5	Unwind@0086aff5
0086b007	Unwind@0086b007
0086b00f	Unwind@0086b00f
0086b021	Unwind@0086b021
0086b033	Unwind@0086b033
0086b03b	Unwind@0086b03b
0086b043	Unwind@0086b043
0086b055	Unwind@0086b055
0086b06a	Unwind@0086b06a
0086b075	Unwind@0086b075
0086b080	Unwind@0086b080
0086b088	Unwind@0086b088
0086b090	Unwind@0086b090
0086b098	Unwind@0086b098
0086b0a0	Unwind@0086b0a0
0086b0a8	Unwind@0086b0a8
0086b0b0	Unwind@0086b0b0
0086b0b8	Unwind@0086b0b8
0086b0c0	Unwind@0086b0c0
0086b0cb	Unwind@0086b0cb
0086b0d3	Unwind@0086b0d3
0086b0db	Unwind@0086b0db
0086b0e3	Unwind@0086b0e3
0086b100	Unwind@0086b100
0086b120	Unwind@0086b120
0086b140	Unwind@0086b140
0086b1a0	Unwind@0086b1a0
0086b1ae	Unwind@0086b1ae
0086b1bc	Unwind@0086b1bc
0086b1ca	Unwind@0086b1ca
0086b1d8	Unwind@0086b1d8
0086b1e6	Unwind@0086b1e6
0086b1ee	Unwind@0086b1ee
0086b1f9	Unwind@0086b1f9
0086b201	Unwind@0086b201
0086b209	Unwind@0086b209
0086b211	Unwind@0086b211
0086b219	Unwind@0086b219
0086b230	Unwind@0086b230
0086b238	Unwind@0086b238
0086b250	Unwind@0086b250
0086b25b	Unwind@0086b25b
0086b266	Unwind@0086b266
0086b271	Unwind@0086b271
0086b282	Unwind@0086b282
0086b28d	Unwind@0086b28d
0086b298	Unwind@0086b298
0086b2a3	Unwind@0086b2a3
0086b2b4	Unwind@0086b2b4
0086b2bf	Unwind@0086b2bf
0086b2ca	Unwind@0086b2ca
0086b2d5	Unwind@0086b2d5
0086b2e6	Unwind@0086b2e6
0086b2f1	Unwind@0086b2f1
0086b2fc	Unwind@0086b2fc
0086b307	Unwind@0086b307
0086b318	Unwind@0086b318
0086b329	Unwind@0086b329
0086b334	Unwind@0086b334
0086b33f	Unwind@0086b33f
0086b35a	Unwind@0086b35a
0086b365	Unwind@0086b365
0086b370	Unwind@0086b370
0086b37b	Unwind@0086b37b
0086b386	Unwind@0086b386
0086b391	Unwind@0086b391
0086b39c	Unwind@0086b39c
0086b3a7	Unwind@0086b3a7
0086b3b1	Unwind@0086b3b1
0086b3bc	Unwind@0086b3bc
0086b3c7	Unwind@0086b3c7
0086b3d2	Unwind@0086b3d2
0086b3dd	Unwind@0086b3dd
0086b3e8	Unwind@0086b3e8
0086b3f3	Unwind@0086b3f3
0086b3fd	Unwind@0086b3fd
0086b408	Unwind@0086b408
0086b413	Unwind@0086b413
0086b41e	Unwind@0086b41e
0086b429	Unwind@0086b429
0086b434	Unwind@0086b434
0086b43f	Unwind@0086b43f
0086b449	Unwind@0086b449
0086b454	Unwind@0086b454
0086b45f	Unwind@0086b45f
0086b46a	Unwind@0086b46a
0086b475	Unwind@0086b475
0086b480	Unwind@0086b480
0086b48b	Unwind@0086b48b
0086b495	Unwind@0086b495
0086b4a0	Unwind@0086b4a0
0086b4ab	Unwind@0086b4ab
0086b4b6	Unwind@0086b4b6
0086b4c1	Unwind@0086b4c1
0086b4cc	Unwind@0086b4cc
0086b4d7	Unwind@0086b4d7
0086b4e2	Unwind@0086b4e2
0086b4ed	Unwind@0086b4ed
0086b4f8	Unwind@0086b4f8
0086b503	Unwind@0086b503
0086b50e	Unwind@0086b50e
0086b519	Unwind@0086b519
0086b524	Unwind@0086b524
0086b52f	Unwind@0086b52f
0086b53a	Unwind@0086b53a
0086b545	Unwind@0086b545
0086b550	Unwind@0086b550
0086b558	Unwind@0086b558
0086b56a	Unwind@0086b56a
0086b575	Unwind@0086b575
0086b580	Unwind@0086b580
0086b58b	Unwind@0086b58b
0086b596	Unwind@0086b596
0086b5a1	Unwind@0086b5a1
0086b5ac	Unwind@0086b5ac
0086b5b7	Unwind@0086b5b7
0086b5c1	Unwind@0086b5c1
0086b5cc	Unwind@0086b5cc
0086b5d7	Unwind@0086b5d7
0086b5e2	Unwind@0086b5e2
0086b5ed	Unwind@0086b5ed
0086b5f8	Unwind@0086b5f8
0086b603	Unwind@0086b603
0086b60d	Unwind@0086b60d
0086b618	Unwind@0086b618
0086b623	Unwind@0086b623
0086b62e	Unwind@0086b62e
0086b639	Unwind@0086b639
0086b644	Unwind@0086b644
0086b64f	Unwind@0086b64f
0086b659	Unwind@0086b659
0086b664	Unwind@0086b664
0086b66f	Unwind@0086b66f
0086b67a	Unwind@0086b67a
0086b685	Unwind@0086b685
0086b690	Unwind@0086b690
0086b69b	Unwind@0086b69b
0086b6a5	Unwind@0086b6a5
0086b6b0	Unwind@0086b6b0
0086b6bb	Unwind@0086b6bb
0086b6c6	Unwind@0086b6c6
0086b6d1	Unwind@0086b6d1
0086b6dc	Unwind@0086b6dc
0086b6e7	Unwind@0086b6e7
0086b6f1	Unwind@0086b6f1
0086b6fc	Unwind@0086b6fc
0086b707	Unwind@0086b707
0086b712	Unwind@0086b712
0086b71d	Unwind@0086b71d
0086b728	Unwind@0086b728
0086b733	Unwind@0086b733
0086b73d	Unwind@0086b73d
0086b748	Unwind@0086b748
0086b753	Unwind@0086b753
0086b75e	Unwind@0086b75e
0086b769	Unwind@0086b769
0086b774	Unwind@0086b774
0086b77f	Unwind@0086b77f
0086b789	Unwind@0086b789
0086b794	Unwind@0086b794
0086b79f	Unwind@0086b79f
0086b7aa	Unwind@0086b7aa
0086b7b5	Unwind@0086b7b5
0086b7c0	Unwind@0086b7c0
0086b7cb	Unwind@0086b7cb
0086b7d6	Unwind@0086b7d6
0086b7e1	Unwind@0086b7e1
0086b7ec	Unwind@0086b7ec
0086b7f7	Unwind@0086b7f7
0086b802	Unwind@0086b802
0086b80d	Unwind@0086b80d
0086b818	Unwind@0086b818
0086b823	Unwind@0086b823
0086b82e	Unwind@0086b82e
0086b839	Unwind@0086b839
0086b844	Unwind@0086b844
0086b84f	Unwind@0086b84f
0086b85a	Unwind@0086b85a
0086b865	Unwind@0086b865
0086b870	Unwind@0086b870
0086b87b	Unwind@0086b87b
0086b886	Unwind@0086b886
0086b891	Unwind@0086b891
0086b89c	Unwind@0086b89c
0086b8a7	Unwind@0086b8a7
0086b8af	Unwind@0086b8af
0086b8c1	Unwind@0086b8c1
0086b8c9	Unwind@0086b8c9
0086b8d1	Unwind@0086b8d1
0086b8e3	Unwind@0086b8e3
0086b8ee	Unwind@0086b8ee
0086b8f9	Unwind@0086b8f9
0086b904	Unwind@0086b904
0086b90f	Unwind@0086b90f
0086b924	Unwind@0086b924
0086b92f	Unwind@0086b92f
0086b941	Unwind@0086b941
0086b94c	Unwind@0086b94c
0086b954	Unwind@0086b954
0086b95f	Unwind@0086b95f
0086b971	Unwind@0086b971
0086b97c	Unwind@0086b97c
0086b987	Unwind@0086b987
0086b992	Unwind@0086b992
0086b99d	Unwind@0086b99d
0086b9a8	Unwind@0086b9a8
0086b9b0	Unwind@0086b9b0
0086b9cd	Unwind@0086b9cd
0086b9d8	Unwind@0086b9d8
0086b9e3	Unwind@0086b9e3
0086b9ee	Unwind@0086b9ee
0086b9f9	Unwind@0086b9f9
0086ba04	Unwind@0086ba04
0086ba0f	Unwind@0086ba0f
0086ba1a	Unwind@0086ba1a
0086ba25	Unwind@0086ba25
0086ba30	Unwind@0086ba30
0086ba3b	Unwind@0086ba3b
0086ba46	Unwind@0086ba46
0086ba51	Unwind@0086ba51
0086ba5c	Unwind@0086ba5c
0086ba67	Unwind@0086ba67
0086ba72	Unwind@0086ba72
0086ba7d	Unwind@0086ba7d
0086ba88	Unwind@0086ba88
0086ba93	Unwind@0086ba93
0086ba9e	Unwind@0086ba9e
0086baa9	Unwind@0086baa9
0086bab4	Unwind@0086bab4
0086bad1	Unwind@0086bad1
0086badc	Unwind@0086badc
0086bae7	Unwind@0086bae7
0086baf2	Unwind@0086baf2
0086bafd	Unwind@0086bafd
0086bb08	Unwind@0086bb08
0086bb13	Unwind@0086bb13
0086bb1e	Unwind@0086bb1e
0086bb29	Unwind@0086bb29
0086bb34	Unwind@0086bb34
0086bb3f	Unwind@0086bb3f
0086bb4a	Unwind@0086bb4a
0086bb55	Unwind@0086bb55
0086bb60	Unwind@0086bb60
0086bb6b	Unwind@0086bb6b
0086bb76	Unwind@0086bb76
0086bb81	Unwind@0086bb81
0086bb8c	Unwind@0086bb8c
0086bb97	Unwind@0086bb97
0086bba2	Unwind@0086bba2
0086bbad	Unwind@0086bbad
0086bbb8	Unwind@0086bbb8
0086bbc3	Unwind@0086bbc3
0086bbd8	Unwind@0086bbd8
0086bbe0	Unwind@0086bbe0
0086bbe8	Unwind@0086bbe8
0086bbf0	Unwind@0086bbf0
0086bbf8	Unwind@0086bbf8
0086bc00	Unwind@0086bc00
0086bc20	Unwind@0086bc20
0086bc28	Unwind@0086bc28
0086bc40	Unwind@0086bc40
0086bc60	Unwind@0086bc60
0086bc80	Unwind@0086bc80
0086bca0	Unwind@0086bca0
0086bcc0	Unwind@0086bcc0
0086bce0	Unwind@0086bce0
0086bd00	Unwind@0086bd00
0086bd20	Unwind@0086bd20
0086bd40	Unwind@0086bd40
0086bd60	Unwind@0086bd60
0086bd80	Unwind@0086bd80
0086bda0	Unwind@0086bda0
0086bdc0	Unwind@0086bdc0
0086bde0	Unwind@0086bde0
0086be00	Unwind@0086be00
0086be20	Unwind@0086be20
0086be40	Unwind@0086be40
0086be60	Unwind@0086be60
0086be80	Unwind@0086be80
0086bea0	Unwind@0086bea0
0086bec0	Unwind@0086bec0
0086bee0	Unwind@0086bee0
0086bf00	Unwind@0086bf00
0086bf20	Unwind@0086bf20
0086bf40	Unwind@0086bf40
0086bf60	Unwind@0086bf60
0086bf80	Unwind@0086bf80
0086bfa0	Unwind@0086bfa0
0086bfc0	Unwind@0086bfc0
0086bfe0	Unwind@0086bfe0
0086c000	Unwind@0086c000
0086c020	Unwind@0086c020
0086c040	Unwind@0086c040
0086c060	Unwind@0086c060
0086c080	Unwind@0086c080
0086c088	Unwind@0086c088
0086c090	Unwind@0086c090
0086c098	Unwind@0086c098
0086c0a0	Unwind@0086c0a0
0086c0ab	Unwind@0086c0ab
0086c0c0	Unwind@0086c0c0
0086c0e0	Unwind@0086c0e0
0086c0e8	Unwind@0086c0e8
0086c0f0	Unwind@0086c0f0
0086c0f8	Unwind@0086c0f8
0086c100	Unwind@0086c100
0086c10b	Unwind@0086c10b
0086c120	Unwind@0086c120
0086c12e	Unwind@0086c12e
0086c140	Unwind@0086c140
0086c170	Unwind@0086c170
0086c190	Unwind@0086c190
0086c1b0	Unwind@0086c1b0
0086c1b8	Unwind@0086c1b8
0086c1c3	Unwind@0086c1c3
0086c1e0	Unwind@0086c1e0
0086c200	Unwind@0086c200
0086c220	Unwind@0086c220
0086c240	Unwind@0086c240
0086c25a	Unwind@0086c25a
0086c270	Unwind@0086c270
0086c290	Unwind@0086c290
0086c298	Unwind@0086c298
0086c2b0	Unwind@0086c2b0
0086c2d0	Unwind@0086c2d0
0086c2f0	Unwind@0086c2f0
0086c310	Unwind@0086c310
0086c318	Unwind@0086c318
0086c330	Unwind@0086c330
0086c338	Unwind@0086c338
0086c350	Unwind@0086c350
0086c358	Unwind@0086c358
0086c370	Unwind@0086c370
0086c378	Unwind@0086c378
0086c380	Unwind@0086c380
0086c388	Unwind@0086c388
0086c3b0	Unwind@0086c3b0
0086c3d0	Unwind@0086c3d0
0086c3f0	Unwind@0086c3f0
0086c410	Unwind@0086c410
0086c430	Unwind@0086c430
0086c450	Unwind@0086c450
0086c470	Unwind@0086c470
0086c490	Unwind@0086c490
0086c4b0	Unwind@0086c4b0
0086c4d0	Unwind@0086c4d0
0086c4f0	Unwind@0086c4f0
0086c501	Unwind@0086c501
0086c509	Unwind@0086c509
0086c514	Unwind@0086c514
0086c530	Unwind@0086c530
0086c550	Unwind@0086c550
0086c570	Unwind@0086c570
0086c590	Unwind@0086c590
0086c5b0	Unwind@0086c5b0
0086c5d0	Unwind@0086c5d0
0086c5f0	Unwind@0086c5f0
0086c610	Unwind@0086c610
0086c630	Unwind@0086c630
0086c650	Unwind@0086c650
0086c670	Unwind@0086c670
0086c690	Unwind@0086c690
0086c6b0	Unwind@0086c6b0
0086c6d0	Unwind@0086c6d0
0086c6f0	Unwind@0086c6f0
0086c702	Unwind@0086c702
0086c720	Unwind@0086c720
0086c728	Unwind@0086c728
0086c733	Unwind@0086c733
0086c73b	Unwind@0086c73b
0086c746	Unwind@0086c746
0086c74e	Unwind@0086c74e
0086c759	Unwind@0086c759
0086c761	Unwind@0086c761
0086c76c	Unwind@0086c76c
0086c777	Unwind@0086c777
0086c782	Unwind@0086c782
0086c794	Unwind@0086c794
0086c79f	Unwind@0086c79f
0086c7aa	Unwind@0086c7aa
0086c7b5	Unwind@0086c7b5
0086c7c0	Unwind@0086c7c0
0086c7cb	Unwind@0086c7cb
0086c7d6	Unwind@0086c7d6
0086c7de	Unwind@0086c7de
0086c7e9	Unwind@0086c7e9
0086c7f4	Unwind@0086c7f4
0086c7ff	Unwind@0086c7ff
0086c807	Unwind@0086c807
0086c812	Unwind@0086c812
0086c827	Unwind@0086c827
0086c832	Unwind@0086c832
0086c83d	Unwind@0086c83d
0086c852	Unwind@0086c852
0086c85a	Unwind@0086c85a
0086c865	Unwind@0086c865
0086c870	Unwind@0086c870
0086c87b	Unwind@0086c87b
0086c883	Unwind@0086c883
0086c88b	Unwind@0086c88b
0086c896	Unwind@0086c896
0086c8a1	Unwind@0086c8a1
0086c8ac	Unwind@0086c8ac
0086c8be	Unwind@0086c8be
0086c8c9	Unwind@0086c8c9
0086c8d1	Unwind@0086c8d1
0086c8d9	Unwind@0086c8d9
0086c8e1	Unwind@0086c8e1
0086c8ec	Unwind@0086c8ec
0086c8f7	Unwind@0086c8f7
0086c8ff	Unwind@0086c8ff
0086c907	Unwind@0086c907
0086c915	Unwind@0086c915
0086c923	Unwind@0086c923
0086c93b	Unwind@0086c93b
0086c946	Unwind@0086c946
0086c951	Unwind@0086c951
0086c95c	Unwind@0086c95c
0086c967	Unwind@0086c967
0086c96f	Unwind@0086c96f
0086c977	Unwind@0086c977
0086c97f	Unwind@0086c97f
0086c98a	Unwind@0086c98a
0086c995	Unwind@0086c995
0086c99d	Unwind@0086c99d
0086c9a5	Unwind@0086c9a5
0086c9b0	Unwind@0086c9b0
0086c9b8	Unwind@0086c9b8
0086c9c0	Unwind@0086c9c0
0086c9c8	Unwind@0086c9c8
0086c9d3	Unwind@0086c9d3
0086c9de	Unwind@0086c9de
0086c9e6	Unwind@0086c9e6
0086c9f8	Unwind@0086c9f8
0086ca0a	Unwind@0086ca0a
0086ca15	Unwind@0086ca15
0086ca20	Unwind@0086ca20
0086ca35	Unwind@0086ca35
0086ca47	Unwind@0086ca47
0086ca4f	Unwind@0086ca4f
0086ca57	Unwind@0086ca57
0086ca5f	Unwind@0086ca5f
0086ca71	Unwind@0086ca71
0086ca79	Unwind@0086ca79
0086ca81	Unwind@0086ca81
0086ca89	Unwind@0086ca89
0086ca94	Unwind@0086ca94
0086ca9c	Unwind@0086ca9c
0086cab3	Unwind@0086cab3
0086cac5	Unwind@0086cac5
0086cacd	Unwind@0086cacd
0086cad5	Unwind@0086cad5
0086cadd	Unwind@0086cadd
0086cae8	Unwind@0086cae8
0086caf0	Unwind@0086caf0
0086cb07	Unwind@0086cb07
0086cb19	Unwind@0086cb19
0086cb21	Unwind@0086cb21
0086cb29	Unwind@0086cb29
0086cb31	Unwind@0086cb31
0086cb3c	Unwind@0086cb3c
0086cb44	Unwind@0086cb44
0086cb5b	Unwind@0086cb5b
0086cb6d	Unwind@0086cb6d
0086cb75	Unwind@0086cb75
0086cb7d	Unwind@0086cb7d
0086cb85	Unwind@0086cb85
0086cb90	Unwind@0086cb90
0086cba7	Unwind@0086cba7
0086cbb9	Unwind@0086cbb9
0086cbc1	Unwind@0086cbc1
0086cbc9	Unwind@0086cbc9
0086cbd1	Unwind@0086cbd1
0086cbd9	Unwind@0086cbd9
0086cbe1	Unwind@0086cbe1
0086cbe9	Unwind@0086cbe9
0086cbf1	Unwind@0086cbf1
0086cc03	Unwind@0086cc03
0086cc0e	Unwind@0086cc0e
0086cc19	Unwind@0086cc19
0086cc24	Unwind@0086cc24
0086cc39	Unwind@0086cc39
0086cc4b	Unwind@0086cc4b
0086cc56	Unwind@0086cc56
0086cc61	Unwind@0086cc61
0086cc6c	Unwind@0086cc6c
0086cc77	Unwind@0086cc77
0086cc82	Unwind@0086cc82
0086cc8d	Unwind@0086cc8d
0086cc98	Unwind@0086cc98
0086cca3	Unwind@0086cca3
0086ccae	Unwind@0086ccae
0086ccb9	Unwind@0086ccb9
0086ccc4	Unwind@0086ccc4
0086cccf	Unwind@0086cccf
0086ccda	Unwind@0086ccda
0086cce5	Unwind@0086cce5
0086ccf0	Unwind@0086ccf0
0086ccfb	Unwind@0086ccfb
0086cd06	Unwind@0086cd06
0086cd11	Unwind@0086cd11
0086cd19	Unwind@0086cd19
0086cd24	Unwind@0086cd24
0086cd2f	Unwind@0086cd2f
0086cd3a	Unwind@0086cd3a
0086cd45	Unwind@0086cd45
0086cd50	Unwind@0086cd50
0086cd5b	Unwind@0086cd5b
0086cd66	Unwind@0086cd66
0086cd71	Unwind@0086cd71
0086cd79	Unwind@0086cd79
0086cd81	Unwind@0086cd81
0086cd89	Unwind@0086cd89
0086cd9b	Unwind@0086cd9b
0086cda3	Unwind@0086cda3
0086cdb8	Unwind@0086cdb8
0086cdc0	Unwind@0086cdc0
0086cdc8	Unwind@0086cdc8
0086cdda	Unwind@0086cdda
0086cdef	Unwind@0086cdef
0086cdfa	Unwind@0086cdfa
0086ce05	Unwind@0086ce05
0086ce10	Unwind@0086ce10
0086ce1b	Unwind@0086ce1b
0086ce26	Unwind@0086ce26
0086ce31	Unwind@0086ce31
0086ce3c	Unwind@0086ce3c
0086ce47	Unwind@0086ce47
0086ce52	Unwind@0086ce52
0086ce5d	Unwind@0086ce5d
0086ce68	Unwind@0086ce68
0086ce7d	Unwind@0086ce7d
0086ce88	Unwind@0086ce88
0086ce93	Unwind@0086ce93
0086cea8	Unwind@0086cea8
0086ceb3	Unwind@0086ceb3
0086cebe	Unwind@0086cebe
0086cec9	Unwind@0086cec9
0086ced4	Unwind@0086ced4
0086cedf	Unwind@0086cedf
0086ceea	Unwind@0086ceea
0086cef5	Unwind@0086cef5
0086cf00	Unwind@0086cf00
0086cf0b	Unwind@0086cf0b
0086cf16	Unwind@0086cf16
0086cf21	Unwind@0086cf21
0086cf2c	Unwind@0086cf2c
0086cf37	Unwind@0086cf37
0086cf4c	Unwind@0086cf4c
0086cf54	Unwind@0086cf54
0086cf5c	Unwind@0086cf5c
0086cf64	Unwind@0086cf64
0086cf6c	Unwind@0086cf6c
0086cf74	Unwind@0086cf74
0086cf90	Unwind@0086cf90
0086cfb0	Unwind@0086cfb0
0086cfb8	Unwind@0086cfb8
0086cfc3	Unwind@0086cfc3
0086cfe0	Unwind@0086cfe0
0086d000	Unwind@0086d000
0086d008	Unwind@0086d008
0086d013	Unwind@0086d013
0086d030	Unwind@0086d030
0086d050	Unwind@0086d050
0086d070	Unwind@0086d070
0086d078	Unwind@0086d078
0086d080	Unwind@0086d080
0086d0a0	Unwind@0086d0a0
0086d0c0	Unwind@0086d0c0
0086d0cb	Unwind@0086d0cb
0086d100	Unwind@0086d100
0086d10b	Unwind@0086d10b
0086d130	Unwind@0086d130
0086d141	Unwind@0086d141
0086d149	Unwind@0086d149
0086d151	Unwind@0086d151
0086d170	Unwind@0086d170
0086d181	Unwind@0086d181
0086d189	Unwind@0086d189
0086d194	Unwind@0086d194
0086d1c0	Unwind@0086d1c0
0086d1d1	Unwind@0086d1d1
0086d1d9	Unwind@0086d1d9
0086d1e4	Unwind@0086d1e4
0086d260	Unwind@0086d260
0086d271	Unwind@0086d271
0086d27c	Unwind@0086d27c
0086d28a	Unwind@0086d28a
0086d298	Unwind@0086d298
0086d2a6	Unwind@0086d2a6
0086d2b1	Unwind@0086d2b1
0086d2bc	Unwind@0086d2bc
0086d2c7	Unwind@0086d2c7
0086d2d2	Unwind@0086d2d2
0086d2dd	Unwind@0086d2dd
0086d2e8	Unwind@0086d2e8
0086d2f3	Unwind@0086d2f3
0086d2fe	Unwind@0086d2fe
0086d309	Unwind@0086d309
0086d314	Unwind@0086d314
0086d31f	Unwind@0086d31f
0086d32a	Unwind@0086d32a
0086d335	Unwind@0086d335
0086d340	Unwind@0086d340
0086d34b	Unwind@0086d34b
0086d356	Unwind@0086d356
0086d361	Unwind@0086d361
0086d36c	Unwind@0086d36c
0086d377	Unwind@0086d377
0086d382	Unwind@0086d382
0086d38d	Unwind@0086d38d
0086d398	Unwind@0086d398
0086d3a3	Unwind@0086d3a3
0086d3ae	Unwind@0086d3ae
0086d3b9	Unwind@0086d3b9
0086d3c4	Unwind@0086d3c4
0086d3cf	Unwind@0086d3cf
0086d3da	Unwind@0086d3da
0086d3ef	Unwind@0086d3ef
0086d407	Unwind@0086d407
0086d41c	Unwind@0086d41c
0086d427	Unwind@0086d427
0086d435	Unwind@0086d435
0086d440	Unwind@0086d440
0086d44b	Unwind@0086d44b
0086d456	Unwind@0086d456
0086d461	Unwind@0086d461
0086d46c	Unwind@0086d46c
0086d477	Unwind@0086d477
0086d482	Unwind@0086d482
0086d48d	Unwind@0086d48d
0086d49b	Unwind@0086d49b
0086d4a9	Unwind@0086d4a9
0086d4b7	Unwind@0086d4b7
0086d4c2	Unwind@0086d4c2
0086d4cd	Unwind@0086d4cd
0086d4d8	Unwind@0086d4d8
0086d4e3	Unwind@0086d4e3
0086d4ee	Unwind@0086d4ee
0086d4f9	Unwind@0086d4f9
0086d504	Unwind@0086d504
0086d512	Unwind@0086d512
0086d520	Unwind@0086d520
0086d538	Unwind@0086d538
0086d54a	Unwind@0086d54a
0086d555	Unwind@0086d555
0086d560	Unwind@0086d560
0086d575	Unwind@0086d575
0086d58a	Unwind@0086d58a
0086d595	Unwind@0086d595
0086d59d	Unwind@0086d59d
0086d5a8	Unwind@0086d5a8
0086d5b3	Unwind@0086d5b3
0086d5be	Unwind@0086d5be
0086d5c6	Unwind@0086d5c6
0086d5d8	Unwind@0086d5d8
0086d5e3	Unwind@0086d5e3
0086d5eb	Unwind@0086d5eb
0086d5f3	Unwind@0086d5f3
0086d5fe	Unwind@0086d5fe
0086d609	Unwind@0086d609
0086d614	Unwind@0086d614
0086d61f	Unwind@0086d61f
0086d627	Unwind@0086d627
0086d62f	Unwind@0086d62f
0086d63d	Unwind@0086d63d
0086d64b	Unwind@0086d64b
0086d663	Unwind@0086d663
0086d66e	Unwind@0086d66e
0086d679	Unwind@0086d679
0086d684	Unwind@0086d684
0086d699	Unwind@0086d699
0086d6a4	Unwind@0086d6a4
0086d6af	Unwind@0086d6af
0086d6ba	Unwind@0086d6ba
0086d6c2	Unwind@0086d6c2
0086d6ca	Unwind@0086d6ca
0086d6e0	Unwind@0086d6e0
0086d700	Unwind@0086d700
0086d720	Unwind@0086d720
0086d728	Unwind@0086d728
0086d733	Unwind@0086d733
0086d750	Unwind@0086d750
0086d770	Unwind@0086d770
0086d790	Unwind@0086d790
0086d7b0	Unwind@0086d7b0
0086d7bb	Unwind@0086d7bb
0086d7c6	Unwind@0086d7c6
0086d7d1	Unwind@0086d7d1
0086d7dc	Unwind@0086d7dc
0086d7e7	Unwind@0086d7e7
0086d7f2	Unwind@0086d7f2
0086d7fd	Unwind@0086d7fd
0086d808	Unwind@0086d808
0086d813	Unwind@0086d813
0086d81e	Unwind@0086d81e
0086d829	Unwind@0086d829
0086d834	Unwind@0086d834
0086d83f	Unwind@0086d83f
0086d84a	Unwind@0086d84a
0086d855	Unwind@0086d855
0086d860	Unwind@0086d860
0086d86b	Unwind@0086d86b
0086d876	Unwind@0086d876
0086d881	Unwind@0086d881
0086d88c	Unwind@0086d88c
0086d897	Unwind@0086d897
0086d8a2	Unwind@0086d8a2
0086d8ad	Unwind@0086d8ad
0086d8b8	Unwind@0086d8b8
0086d8c3	Unwind@0086d8c3
0086d8ce	Unwind@0086d8ce
0086d8d9	Unwind@0086d8d9
0086d8e4	Unwind@0086d8e4
0086d8ef	Unwind@0086d8ef
0086d8fa	Unwind@0086d8fa
0086d905	Unwind@0086d905
0086d91d	Unwind@0086d91d
0086d928	Unwind@0086d928
0086d933	Unwind@0086d933
0086d93e	Unwind@0086d93e
0086d949	Unwind@0086d949
0086d954	Unwind@0086d954
0086d95f	Unwind@0086d95f
0086d96a	Unwind@0086d96a
0086d975	Unwind@0086d975
0086d98d	Unwind@0086d98d
0086d998	Unwind@0086d998
0086d9a3	Unwind@0086d9a3
0086d9ae	Unwind@0086d9ae
0086d9b9	Unwind@0086d9b9
0086d9c4	Unwind@0086d9c4
0086d9d2	Unwind@0086d9d2
0086d9dd	Unwind@0086d9dd
0086d9e8	Unwind@0086d9e8
0086d9f3	Unwind@0086d9f3
0086da01	Unwind@0086da01
0086da0c	Unwind@0086da0c
0086da24	Unwind@0086da24
0086da2f	Unwind@0086da2f
0086da3a	Unwind@0086da3a
0086da45	Unwind@0086da45
0086da50	Unwind@0086da50
0086da5b	Unwind@0086da5b
0086da66	Unwind@0086da66
0086da71	Unwind@0086da71
0086da7c	Unwind@0086da7c
0086da87	Unwind@0086da87
0086da92	Unwind@0086da92
0086da9d	Unwind@0086da9d
0086daa8	Unwind@0086daa8
0086dab3	Unwind@0086dab3
0086dabe	Unwind@0086dabe
0086dae0	Unwind@0086dae0
0086dae8	Unwind@0086dae8
0086daf0	Unwind@0086daf0
0086db07	Unwind@0086db07
0086db0f	Unwind@0086db0f
0086db17	Unwind@0086db17
0086db1f	Unwind@0086db1f
0086db27	Unwind@0086db27
0086db2f	Unwind@0086db2f
0086db50	Unwind@0086db50
0086db5b	Unwind@0086db5b
0086db66	Unwind@0086db66
0086db71	Unwind@0086db71
0086db7c	Unwind@0086db7c
0086db87	Unwind@0086db87
0086db92	Unwind@0086db92
0086db9d	Unwind@0086db9d
0086dba8	Unwind@0086dba8
0086dbb3	Unwind@0086dbb3
0086dbbe	Unwind@0086dbbe
0086dbc9	Unwind@0086dbc9
0086dbdb	Unwind@0086dbdb
0086dbe6	Unwind@0086dbe6
0086dbf1	Unwind@0086dbf1
0086dbfc	Unwind@0086dbfc
0086dc07	Unwind@0086dc07
0086dc12	Unwind@0086dc12
0086dc1d	Unwind@0086dc1d
0086dc28	Unwind@0086dc28
0086dc33	Unwind@0086dc33
0086dc3e	Unwind@0086dc3e
0086dc4c	Unwind@0086dc4c
0086dc57	Unwind@0086dc57
0086dc62	Unwind@0086dc62
0086dc6d	Unwind@0086dc6d
0086dc7b	Unwind@0086dc7b
0086dc86	Unwind@0086dc86
0086dc91	Unwind@0086dc91
0086dc9c	Unwind@0086dc9c
0086dca7	Unwind@0086dca7
0086dcb2	Unwind@0086dcb2
0086dcc0	Unwind@0086dcc0
0086dccb	Unwind@0086dccb
0086dcd6	Unwind@0086dcd6
0086dce1	Unwind@0086dce1
0086dcec	Unwind@0086dcec
0086dcfa	Unwind@0086dcfa
0086dd05	Unwind@0086dd05
0086dd10	Unwind@0086dd10
0086dd1b	Unwind@0086dd1b
0086dd26	Unwind@0086dd26
0086dd40	Unwind@0086dd40
0086dd4b	Unwind@0086dd4b
0086dd56	Unwind@0086dd56
0086dd61	Unwind@0086dd61
0086dd6c	Unwind@0086dd6c
0086dd77	Unwind@0086dd77
0086dd82	Unwind@0086dd82
0086dd8d	Unwind@0086dd8d
0086dd98	Unwind@0086dd98
0086dda3	Unwind@0086dda3
0086ddae	Unwind@0086ddae
0086ddb9	Unwind@0086ddb9
0086ddc4	Unwind@0086ddc4
0086ddcf	Unwind@0086ddcf
0086ddda	Unwind@0086ddda
0086dde5	Unwind@0086dde5
0086ddf0	Unwind@0086ddf0
0086ddfb	Unwind@0086ddfb
0086de06	Unwind@0086de06
0086de11	Unwind@0086de11
0086de1c	Unwind@0086de1c
0086de27	Unwind@0086de27
0086de32	Unwind@0086de32
0086de3d	Unwind@0086de3d
0086de48	Unwind@0086de48
0086de53	Unwind@0086de53
0086de5e	Unwind@0086de5e
0086de69	Unwind@0086de69
0086de74	Unwind@0086de74
0086de7f	Unwind@0086de7f
0086de8a	Unwind@0086de8a
0086de95	Unwind@0086de95
0086dea0	Unwind@0086dea0
0086deab	Unwind@0086deab
0086deb6	Unwind@0086deb6
0086dec1	Unwind@0086dec1
0086decc	Unwind@0086decc
0086ded7	Unwind@0086ded7
0086dee2	Unwind@0086dee2
0086deed	Unwind@0086deed
0086def8	Unwind@0086def8
0086df03	Unwind@0086df03
0086df0e	Unwind@0086df0e
0086df1c	Unwind@0086df1c
0086df2a	Unwind@0086df2a
0086df38	Unwind@0086df38
0086df4d	Unwind@0086df4d
0086df58	Unwind@0086df58
0086df63	Unwind@0086df63
0086df6e	Unwind@0086df6e
0086df79	Unwind@0086df79
0086df84	Unwind@0086df84
0086df8f	Unwind@0086df8f
0086df9d	Unwind@0086df9d
0086dfa8	Unwind@0086dfa8
0086dfb3	Unwind@0086dfb3
0086dfbe	Unwind@0086dfbe
0086dfc9	Unwind@0086dfc9
0086dfd4	Unwind@0086dfd4
0086dfe2	Unwind@0086dfe2
0086dfed	Unwind@0086dfed
0086dff8	Unwind@0086dff8
0086e003	Unwind@0086e003
0086e00e	Unwind@0086e00e
0086e019	Unwind@0086e019
0086e027	Unwind@0086e027
0086e032	Unwind@0086e032
0086e03d	Unwind@0086e03d
0086e048	Unwind@0086e048
0086e053	Unwind@0086e053
0086e05e	Unwind@0086e05e
0086e06c	Unwind@0086e06c
0086e077	Unwind@0086e077
0086e082	Unwind@0086e082
0086e08d	Unwind@0086e08d
0086e098	Unwind@0086e098
0086e0a3	Unwind@0086e0a3
0086e0b1	Unwind@0086e0b1
0086e0bc	Unwind@0086e0bc
0086e0c7	Unwind@0086e0c7
0086e0d2	Unwind@0086e0d2
0086e0dd	Unwind@0086e0dd
0086e0e8	Unwind@0086e0e8
0086e0f3	Unwind@0086e0f3
0086e108	Unwind@0086e108
0086e113	Unwind@0086e113
0086e11e	Unwind@0086e11e
0086e126	Unwind@0086e126
0086e12e	Unwind@0086e12e
0086e136	Unwind@0086e136
0086e13e	Unwind@0086e13e
0086e146	Unwind@0086e146
0086e14e	Unwind@0086e14e
0086e156	Unwind@0086e156
0086e15e	Unwind@0086e15e
0086e169	Unwind@0086e169
0086e174	Unwind@0086e174
0086e17f	Unwind@0086e17f
0086e18a	Unwind@0086e18a
0086e195	Unwind@0086e195
0086e19d	Unwind@0086e19d
0086e1b2	Unwind@0086e1b2
0086e1ba	Unwind@0086e1ba
0086e1c2	Unwind@0086e1c2
0086e1ca	Unwind@0086e1ca
0086e1d2	Unwind@0086e1d2
0086e1da	Unwind@0086e1da
0086e1e2	Unwind@0086e1e2
0086e1ea	Unwind@0086e1ea
0086e200	Unwind@0086e200
0086e215	Unwind@0086e215
0086e220	Unwind@0086e220
0086e228	Unwind@0086e228
0086e230	Unwind@0086e230
0086e238	Unwind@0086e238
0086e240	Unwind@0086e240
0086e248	Unwind@0086e248
0086e250	Unwind@0086e250
0086e258	Unwind@0086e258
0086e26a	Unwind@0086e26a
0086e272	Unwind@0086e272
0086e27a	Unwind@0086e27a
0086e282	Unwind@0086e282
0086e28a	Unwind@0086e28a
0086e292	Unwind@0086e292
0086e29a	Unwind@0086e29a
0086e2a2	Unwind@0086e2a2
0086e2b4	Unwind@0086e2b4
0086e2bc	Unwind@0086e2bc
0086e2c4	Unwind@0086e2c4
0086e2cc	Unwind@0086e2cc
0086e2d4	Unwind@0086e2d4
0086e2dc	Unwind@0086e2dc
0086e2e4	Unwind@0086e2e4
0086e2ec	Unwind@0086e2ec
0086e2fe	Unwind@0086e2fe
0086e306	Unwind@0086e306
0086e30e	Unwind@0086e30e
0086e316	Unwind@0086e316
0086e31e	Unwind@0086e31e
0086e326	Unwind@0086e326
0086e32e	Unwind@0086e32e
0086e336	Unwind@0086e336
0086e350	Unwind@0086e350
0086e358	Unwind@0086e358
0086e360	Unwind@0086e360
0086e368	Unwind@0086e368
0086e373	Unwind@0086e373
0086e37b	Unwind@0086e37b
0086e386	Unwind@0086e386
0086e38e	Unwind@0086e38e
0086e396	Unwind@0086e396
0086e39e	Unwind@0086e39e
0086e3af	Unwind@0086e3af
0086e3b7	Unwind@0086e3b7
0086e3bf	Unwind@0086e3bf
0086e3c7	Unwind@0086e3c7
0086e3cf	Unwind@0086e3cf
0086e3d7	Unwind@0086e3d7
0086e3df	Unwind@0086e3df
0086e3f1	Unwind@0086e3f1
0086e3fc	Unwind@0086e3fc
0086e407	Unwind@0086e407
0086e412	Unwind@0086e412
0086e429	Unwind@0086e429
0086e434	Unwind@0086e434
0086e43c	Unwind@0086e43c
0086e450	Unwind@0086e450
0086e458	Unwind@0086e458
0086e463	Unwind@0086e463
0086e46e	Unwind@0086e46e
0086e479	Unwind@0086e479
0086e484	Unwind@0086e484
0086e48f	Unwind@0086e48f
0086e4b0	Unwind@0086e4b0
0086e4bb	Unwind@0086e4bb
0086e4c6	Unwind@0086e4c6
0086e4e0	Unwind@0086e4e0
0086e4e8	Unwind@0086e4e8
0086e4f3	Unwind@0086e4f3
0086e4fe	Unwind@0086e4fe
0086e509	Unwind@0086e509
0086e511	Unwind@0086e511
0086e519	Unwind@0086e519
0086e524	Unwind@0086e524
0086e52f	Unwind@0086e52f
0086e550	Unwind@0086e550
0086e558	Unwind@0086e558
0086e563	Unwind@0086e563
0086e580	Unwind@0086e580
0086e58b	Unwind@0086e58b
0086e596	Unwind@0086e596
0086e5b0	Unwind@0086e5b0
0086e5b8	Unwind@0086e5b8
0086e5c3	Unwind@0086e5c3
0086e5e0	Unwind@0086e5e0
0086e5eb	Unwind@0086e5eb
0086e5f6	Unwind@0086e5f6
0086e610	Unwind@0086e610
0086e618	Unwind@0086e618
0086e620	Unwind@0086e620
0086e62b	Unwind@0086e62b
0086e636	Unwind@0086e636
0086e641	Unwind@0086e641
0086e64c	Unwind@0086e64c
0086e670	Unwind@0086e670
0086e690	Unwind@0086e690
0086e69b	Unwind@0086e69b
0086e6b0	Unwind@0086e6b0
0086e6d0	Unwind@0086e6d0
0086e6f0	Unwind@0086e6f0
0086e701	Unwind@0086e701
0086e709	Unwind@0086e709
0086e711	Unwind@0086e711
0086e719	Unwind@0086e719
0086e724	Unwind@0086e724
0086e740	Unwind@0086e740
0086e770	Unwind@0086e770
0086e778	Unwind@0086e778
0086e780	Unwind@0086e780
0086e788	Unwind@0086e788
0086e7a0	Unwind@0086e7a0
0086e7c0	Unwind@0086e7c0
0086e7c8	Unwind@0086e7c8
0086e7d0	Unwind@0086e7d0
0086e7d8	Unwind@0086e7d8
0086e7f0	Unwind@0086e7f0
0086e810	Unwind@0086e810
0086e821	Unwind@0086e821
0086e829	Unwind@0086e829
0086e834	Unwind@0086e834
0086e83f	Unwind@0086e83f
0086e847	Unwind@0086e847
0086e84f	Unwind@0086e84f
0086e85a	Unwind@0086e85a
0086e870	Unwind@0086e870
0086e881	Unwind@0086e881
0086e889	Unwind@0086e889
0086e894	Unwind@0086e894
0086e89f	Unwind@0086e89f
0086e8a7	Unwind@0086e8a7
0086e8af	Unwind@0086e8af
0086e8ba	Unwind@0086e8ba
0086e8c5	Unwind@0086e8c5
0086e8d0	Unwind@0086e8d0
0086e8f0	Unwind@0086e8f0
0086e901	Unwind@0086e901
0086e90c	Unwind@0086e90c
0086e917	Unwind@0086e917
0086e91f	Unwind@0086e91f
0086e927	Unwind@0086e927
0086e932	Unwind@0086e932
0086e93d	Unwind@0086e93d
0086e948	Unwind@0086e948
0086e960	Unwind@0086e960
0086e968	Unwind@0086e968
0086e973	Unwind@0086e973
0086e97e	Unwind@0086e97e
0086e986	Unwind@0086e986
0086e991	Unwind@0086e991
0086e9b0	Unwind@0086e9b0
0086e9bb	Unwind@0086e9bb
0086e9d0	Unwind@0086e9d0
0086e9db	Unwind@0086e9db
0086e9f0	Unwind@0086e9f0
0086e9fb	Unwind@0086e9fb
0086ea10	Unwind@0086ea10
0086ea30	Unwind@0086ea30
0086ea70	Unwind@0086ea70
0086ea7e	Unwind@0086ea7e
0086ea96	Unwind@0086ea96
0086eaa4	Unwind@0086eaa4
0086eaaf	Unwind@0086eaaf
0086ead0	Unwind@0086ead0
0086eb00	Unwind@0086eb00
0086eb08	Unwind@0086eb08
0086eb10	Unwind@0086eb10
0086eb1e	Unwind@0086eb1e
0086eb26	Unwind@0086eb26
0086eb34	Unwind@0086eb34
0086eb3c	Unwind@0086eb3c
0086eb4a	Unwind@0086eb4a
0086eb62	Unwind@0086eb62
0086eb70	Unwind@0086eb70
0086eb78	Unwind@0086eb78
0086eb86	Unwind@0086eb86
0086eb9e	Unwind@0086eb9e
0086eba6	Unwind@0086eba6
0086ebb4	Unwind@0086ebb4
0086ebc2	Unwind@0086ebc2
0086ebd0	Unwind@0086ebd0
0086ebe8	Unwind@0086ebe8
0086ebf6	Unwind@0086ebf6
0086ec04	Unwind@0086ec04
0086ec12	Unwind@0086ec12
0086ec1d	Unwind@0086ec1d
0086ec28	Unwind@0086ec28
0086ec33	Unwind@0086ec33
0086ec3e	Unwind@0086ec3e
0086ec53	Unwind@0086ec53
0086ec5e	Unwind@0086ec5e
0086ec69	Unwind@0086ec69
0086ec71	Unwind@0086ec71
0086ec79	Unwind@0086ec79
0086ec84	Unwind@0086ec84
0086ec8f	Unwind@0086ec8f
0086eca4	Unwind@0086eca4
0086ecb6	Unwind@0086ecb6
0086ecc8	Unwind@0086ecc8
0086ecd3	Unwind@0086ecd3
0086ecde	Unwind@0086ecde
0086ece9	Unwind@0086ece9
0086ecf4	Unwind@0086ecf4
0086ecff	Unwind@0086ecff
0086ed0a	Unwind@0086ed0a
0086ed15	Unwind@0086ed15
0086ed2a	Unwind@0086ed2a
0086ed3d	Unwind@0086ed3d
0086ed58	Unwind@0086ed58
0086ed63	Unwind@0086ed63
0086ed6e	Unwind@0086ed6e
0086ed79	Unwind@0086ed79
0086ed84	Unwind@0086ed84
0086ed8f	Unwind@0086ed8f
0086ed9a	Unwind@0086ed9a
0086eda5	Unwind@0086eda5
0086edb0	Unwind@0086edb0
0086edbb	Unwind@0086edbb
0086ede0	Unwind@0086ede0
0086ee00	Unwind@0086ee00
0086ee20	Unwind@0086ee20
0086ee90	Unwind@0086ee90
0086ee98	Unwind@0086ee98
0086eea0	Unwind@0086eea0
0086eeab	Unwind@0086eeab
0086eeb9	Unwind@0086eeb9
0086eec1	Unwind@0086eec1
0086eecf	Unwind@0086eecf
0086eed7	Unwind@0086eed7
0086eee5	Unwind@0086eee5
0086eeed	Unwind@0086eeed
0086eefb	Unwind@0086eefb
0086ef03	Unwind@0086ef03
0086ef11	Unwind@0086ef11
0086ef19	Unwind@0086ef19
0086ef27	Unwind@0086ef27
0086ef2f	Unwind@0086ef2f
0086ef37	Unwind@0086ef37
0086ef45	Unwind@0086ef45
0086ef4d	Unwind@0086ef4d
0086ef55	Unwind@0086ef55
0086ef63	Unwind@0086ef63
0086ef78	Unwind@0086ef78
0086ef80	Unwind@0086ef80
0086ef8b	Unwind@0086ef8b
0086ef99	Unwind@0086ef99
0086efa7	Unwind@0086efa7
0086efb5	Unwind@0086efb5
0086efc3	Unwind@0086efc3
0086efd1	Unwind@0086efd1
0086efdf	Unwind@0086efdf
0086efed	Unwind@0086efed
0086effb	Unwind@0086effb
0086f003	Unwind@0086f003
0086f00b	Unwind@0086f00b
0086f016	Unwind@0086f016
0086f021	Unwind@0086f021
0086f02c	Unwind@0086f02c
0086f041	Unwind@0086f041
0086f059	Unwind@0086f059
0086f071	Unwind@0086f071
0086f079	Unwind@0086f079
0086f081	Unwind@0086f081
0086f089	Unwind@0086f089
0086f091	Unwind@0086f091
0086f099	Unwind@0086f099
0086f0a1	Unwind@0086f0a1
0086f0a9	Unwind@0086f0a9
0086f0bb	Unwind@0086f0bb
0086f0c6	Unwind@0086f0c6
0086f0d1	Unwind@0086f0d1
0086f0dc	Unwind@0086f0dc
0086f0e7	Unwind@0086f0e7
0086f0f2	Unwind@0086f0f2
0086f0fd	Unwind@0086f0fd
0086f108	Unwind@0086f108
0086f11d	Unwind@0086f11d
0086f128	Unwind@0086f128
0086f133	Unwind@0086f133
0086f13e	Unwind@0086f13e
0086f149	Unwind@0086f149
0086f154	Unwind@0086f154
0086f15f	Unwind@0086f15f
0086f16a	Unwind@0086f16a
0086f175	Unwind@0086f175
0086f18a	Unwind@0086f18a
0086f195	Unwind@0086f195
0086f1a0	Unwind@0086f1a0
0086f1ab	Unwind@0086f1ab
0086f1b6	Unwind@0086f1b6
0086f1c1	Unwind@0086f1c1
0086f1cc	Unwind@0086f1cc
0086f1d7	Unwind@0086f1d7
0086f1ec	Unwind@0086f1ec
0086f1f7	Unwind@0086f1f7
0086f1ff	Unwind@0086f1ff
0086f207	Unwind@0086f207
0086f20f	Unwind@0086f20f
0086f21a	Unwind@0086f21a
0086f225	Unwind@0086f225
0086f22d	Unwind@0086f22d
0086f235	Unwind@0086f235
0086f240	Unwind@0086f240
0086f248	Unwind@0086f248
0086f250	Unwind@0086f250
0086f258	Unwind@0086f258
0086f270	Unwind@0086f270
0086f278	Unwind@0086f278
0086f290	Unwind@0086f290
0086f298	Unwind@0086f298
0086f2b0	Unwind@0086f2b0
0086f2d0	Unwind@0086f2d0
0086f2f0	Unwind@0086f2f0
0086f310	Unwind@0086f310
0086f330	Unwind@0086f330
0086f350	Unwind@0086f350
0086f380	Unwind@0086f380
0086f3a0	Unwind@0086f3a0
0086f3d0	Unwind@0086f3d0
0086f3f0	Unwind@0086f3f0
0086f420	Unwind@0086f420
0086f440	Unwind@0086f440
0086f460	Unwind@0086f460
0086f4c0	Unwind@0086f4c0
0086f4cb	Unwind@0086f4cb
0086f4d6	Unwind@0086f4d6
0086f4e1	Unwind@0086f4e1
0086f4f6	Unwind@0086f4f6
0086f501	Unwind@0086f501
0086f50c	Unwind@0086f50c
0086f517	Unwind@0086f517
0086f522	Unwind@0086f522
0086f52d	Unwind@0086f52d
0086f542	Unwind@0086f542
0086f560	Unwind@0086f560
0086f5a0	Unwind@0086f5a0
0086f5b5	Unwind@0086f5b5
0086f5ca	Unwind@0086f5ca
0086f5df	Unwind@0086f5df
0086f5ea	Unwind@0086f5ea
0086f602	Unwind@0086f602
0086f60d	Unwind@0086f60d
0086f630	Unwind@0086f630
0086f638	Unwind@0086f638
0086f640	Unwind@0086f640
0086f648	Unwind@0086f648
0086f65a	Unwind@0086f65a
0086f662	Unwind@0086f662
0086f66a	Unwind@0086f66a
0086f672	Unwind@0086f672
0086f684	Unwind@0086f684
0086f696	Unwind@0086f696
0086f6a8	Unwind@0086f6a8
0086f6b0	Unwind@0086f6b0
0086f6c2	Unwind@0086f6c2
0086f6ca	Unwind@0086f6ca
0086f6dc	Unwind@0086f6dc
0086f6e4	Unwind@0086f6e4
0086f6ec	Unwind@0086f6ec
0086f6f4	Unwind@0086f6f4
0086f706	Unwind@0086f706
0086f70e	Unwind@0086f70e
0086f716	Unwind@0086f716
0086f71e	Unwind@0086f71e
0086f729	Unwind@0086f729
0086f73e	Unwind@0086f73e
0086f746	Unwind@0086f746
0086f751	Unwind@0086f751
0086f75c	Unwind@0086f75c
0086f764	Unwind@0086f764
0086f76f	Unwind@0086f76f
0086f77a	Unwind@0086f77a
0086f78f	Unwind@0086f78f
0086f7a4	Unwind@0086f7a4
0086f7af	Unwind@0086f7af
0086f7ba	Unwind@0086f7ba
0086f7c5	Unwind@0086f7c5
0086f7d0	Unwind@0086f7d0
0086f7db	Unwind@0086f7db
0086f7f2	Unwind@0086f7f2
0086f7fd	Unwind@0086f7fd
0086f808	Unwind@0086f808
0086f813	Unwind@0086f813
0086f81e	Unwind@0086f81e
0086f829	Unwind@0086f829
0086f840	Unwind@0086f840
0086f860	Unwind@0086f860
0086f880	Unwind@0086f880
0086f8b0	Unwind@0086f8b0
0086f8c1	Unwind@0086f8c1
0086f8c9	Unwind@0086f8c9
0086f8d1	Unwind@0086f8d1
0086f8f0	Unwind@0086f8f0
0086f8f8	Unwind@0086f8f8
0086f900	Unwind@0086f900
0086f920	Unwind@0086f920
0086f931	Unwind@0086f931
0086f950	Unwind@0086f950
0086f961	Unwind@0086f961
0086f969	Unwind@0086f969
0086f980	Unwind@0086f980
0086f991	Unwind@0086f991
0086f999	Unwind@0086f999
0086f9b0	Unwind@0086f9b0
0086f9d0	Unwind@0086f9d0
0086f9d8	Unwind@0086f9d8
0086f9e0	Unwind@0086f9e0
0086f9ee	Unwind@0086f9ee
0086fa06	Unwind@0086fa06
0086fa0e	Unwind@0086fa0e
0086fa1c	Unwind@0086fa1c
0086fa2a	Unwind@0086fa2a
0086fa35	Unwind@0086fa35
0086fa4a	Unwind@0086fa4a
0086fa5f	Unwind@0086fa5f
0086fa67	Unwind@0086fa67
0086fa79	Unwind@0086fa79
0086fa81	Unwind@0086fa81
0086fa89	Unwind@0086fa89
0086fa91	Unwind@0086fa91
0086faa3	Unwind@0086faa3
0086faab	Unwind@0086faab
0086fab3	Unwind@0086fab3
0086fabb	Unwind@0086fabb
0086facd	Unwind@0086facd
0086fad5	Unwind@0086fad5
0086fadd	Unwind@0086fadd
0086faf0	Unwind@0086faf0
0086fb10	Unwind@0086fb10
0086fb60	Unwind@0086fb60
0086fb68	Unwind@0086fb68
0086fb70	Unwind@0086fb70
0086fb7e	Unwind@0086fb7e
0086fb86	Unwind@0086fb86
0086fb94	Unwind@0086fb94
0086fb9c	Unwind@0086fb9c
0086fbaa	Unwind@0086fbaa
0086fbc2	Unwind@0086fbc2
0086fbca	Unwind@0086fbca
0086fbd8	Unwind@0086fbd8
0086fbe6	Unwind@0086fbe6
0086fbf4	Unwind@0086fbf4
0086fc02	Unwind@0086fc02
0086fc0d	Unwind@0086fc0d
0086fc18	Unwind@0086fc18
0086fc23	Unwind@0086fc23
0086fc38	Unwind@0086fc38
0086fc40	Unwind@0086fc40
0086fc52	Unwind@0086fc52
0086fc5a	Unwind@0086fc5a
0086fc6c	Unwind@0086fc6c
0086fc74	Unwind@0086fc74
0086fc7c	Unwind@0086fc7c
0086fc84	Unwind@0086fc84
0086fc8c	Unwind@0086fc8c
0086fc94	Unwind@0086fc94
0086fc9c	Unwind@0086fc9c
0086fcb3	Unwind@0086fcb3
0086fcbb	Unwind@0086fcbb
0086fcc3	Unwind@0086fcc3
0086fccb	Unwind@0086fccb
0086fcd3	Unwind@0086fcd3
0086fcdb	Unwind@0086fcdb
0086fce3	Unwind@0086fce3
0086fd00	Unwind@0086fd00
0086fd20	Unwind@0086fd20
0086fd40	Unwind@0086fd40
0086fd60	Unwind@0086fd60
0086fdc0	Unwind@0086fdc0
0086fdcb	Unwind@0086fdcb
0086fdd3	Unwind@0086fdd3
0086fdde	Unwind@0086fdde
0086fde9	Unwind@0086fde9
0086fdf4	Unwind@0086fdf4
0086fe09	Unwind@0086fe09
0086fe14	Unwind@0086fe14
0086fe1f	Unwind@0086fe1f
0086fe27	Unwind@0086fe27
0086fe32	Unwind@0086fe32
0086fe47	Unwind@0086fe47
0086fe5c	Unwind@0086fe5c
0086fe80	Unwind@0086fe80
0086fe88	Unwind@0086fe88
0086fe93	Unwind@0086fe93
0086feb0	Unwind@0086feb0
0086febb	Unwind@0086febb
0086fef0	Unwind@0086fef0
0086ff01	Unwind@0086ff01
0086ff1c	Unwind@0086ff1c
0086ff2a	Unwind@0086ff2a
0086ff3f	Unwind@0086ff3f
0086ff54	Unwind@0086ff54
0086ff5f	Unwind@0086ff5f
0086ff74	Unwind@0086ff74
0086ff7f	Unwind@0086ff7f
0086ff8a	Unwind@0086ff8a
0086ff95	Unwind@0086ff95
0086ffb0	Unwind@0086ffb0
0086ffd0	Unwind@0086ffd0
00870000	Unwind@00870000
0087000b	Unwind@0087000b
00870016	Unwind@00870016
00870021	Unwind@00870021
00870040	Unwind@00870040
00870048	Unwind@00870048
00870050	Unwind@00870050
00870058	Unwind@00870058
00870060	Unwind@00870060
00870068	Unwind@00870068
0087007a	Unwind@0087007a
00870082	Unwind@00870082
0087008a	Unwind@0087008a
00870092	Unwind@00870092
0087009a	Unwind@0087009a
008700a2	Unwind@008700a2
008700aa	Unwind@008700aa
008700b2	Unwind@008700b2
008700ba	Unwind@008700ba
008700c2	Unwind@008700c2
008700e3	Unwind@008700e3
008700f5	Unwind@008700f5
00870107	Unwind@00870107
0087010f	Unwind@0087010f
00870117	Unwind@00870117
0087011f	Unwind@0087011f
00870127	Unwind@00870127
0087012f	Unwind@0087012f
00870146	Unwind@00870146
00870158	Unwind@00870158
00870160	Unwind@00870160
00870168	Unwind@00870168
00870170	Unwind@00870170
00870178	Unwind@00870178
00870180	Unwind@00870180
00870188	Unwind@00870188
00870190	Unwind@00870190
008701a2	Unwind@008701a2
008701b4	Unwind@008701b4
008701c6	Unwind@008701c6
008701ce	Unwind@008701ce
008701d6	Unwind@008701d6
008701de	Unwind@008701de
008701e6	Unwind@008701e6
008701ee	Unwind@008701ee
008701f6	Unwind@008701f6
008701fe	Unwind@008701fe
00870206	Unwind@00870206
0087020e	Unwind@0087020e
0087022f	Unwind@0087022f
00870237	Unwind@00870237
00870250	Unwind@00870250
00870270	Unwind@00870270
00870278	Unwind@00870278
00870283	Unwind@00870283
008702a0	Unwind@008702a0
008702c0	Unwind@008702c0
008702d1	Unwind@008702d1
008702d9	Unwind@008702d9
008702e1	Unwind@008702e1
00870300	Unwind@00870300
00870320	Unwind@00870320
00870340	Unwind@00870340
00870351	Unwind@00870351
00870359	Unwind@00870359
00870370	Unwind@00870370
00870381	Unwind@00870381
00870389	Unwind@00870389
008703a0	Unwind@008703a0
008703b1	Unwind@008703b1
008703d0	Unwind@008703d0
008703e1	Unwind@008703e1
008703e9	Unwind@008703e9
00870400	Unwind@00870400
00870411	Unwind@00870411
00870419	Unwind@00870419
00870440	Unwind@00870440
00870470	Unwind@00870470
0087047b	Unwind@0087047b
00870486	Unwind@00870486
0087048e	Unwind@0087048e
00870499	Unwind@00870499
008704ae	Unwind@008704ae
008704b9	Unwind@008704b9
008704c4	Unwind@008704c4
008704cc	Unwind@008704cc
008704d7	Unwind@008704d7
008704f0	Unwind@008704f0
008704fb	Unwind@008704fb
00870530	Unwind@00870530
00870542	Unwind@00870542
00870560	Unwind@00870560
00870572	Unwind@00870572
0087057a	Unwind@0087057a
00870582	Unwind@00870582
0087058a	Unwind@0087058a
00870592	Unwind@00870592
0087059a	Unwind@0087059a
008705ac	Unwind@008705ac
008705be	Unwind@008705be
008705c6	Unwind@008705c6
008705ce	Unwind@008705ce
008705d6	Unwind@008705d6
008705de	Unwind@008705de
008705e6	Unwind@008705e6
008705fd	Unwind@008705fd
00870612	Unwind@00870612
0087061a	Unwind@0087061a
00870622	Unwind@00870622
0087062a	Unwind@0087062a
00870632	Unwind@00870632
0087063a	Unwind@0087063a
0087064c	Unwind@0087064c
00870654	Unwind@00870654
0087065e	Unwind@0087065e
00870666	Unwind@00870666
0087066e	Unwind@0087066e
00870676	Unwind@00870676
0087067e	Unwind@0087067e
00870686	Unwind@00870686
008706a0	Unwind@008706a0
008706a8	Unwind@008706a8
008706b0	Unwind@008706b0
008706b8	Unwind@008706b8
008706d0	Unwind@008706d0
00870710	Unwind@00870710
0087071b	Unwind@0087071b
00870730	Unwind@00870730
00870750	Unwind@00870750
00870790	Unwind@00870790
00870798	Unwind@00870798
008707a0	Unwind@008707a0
008707a8	Unwind@008707a8
008707ba	Unwind@008707ba
008707c5	Unwind@008707c5
008707d0	Unwind@008707d0
008707db	Unwind@008707db
008707e6	Unwind@008707e6
008707f1	Unwind@008707f1
008707fc	Unwind@008707fc
00870807	Unwind@00870807
00870812	Unwind@00870812
0087081d	Unwind@0087081d
00870828	Unwind@00870828
00870833	Unwind@00870833
0087083e	Unwind@0087083e
00870849	Unwind@00870849
00870854	Unwind@00870854
0087085f	Unwind@0087085f
0087086a	Unwind@0087086a
0087087f	Unwind@0087087f
00870887	Unwind@00870887
0087088f	Unwind@0087088f
00870897	Unwind@00870897
0087089f	Unwind@0087089f
008708a7	Unwind@008708a7
008708af	Unwind@008708af
008708b7	Unwind@008708b7
008708bf	Unwind@008708bf
008708c7	Unwind@008708c7
008708cf	Unwind@008708cf
008708d7	Unwind@008708d7
008708e9	Unwind@008708e9
008708f1	Unwind@008708f1
008708f9	Unwind@008708f9
00870901	Unwind@00870901
0087090c	Unwind@0087090c
0087091e	Unwind@0087091e
00870926	Unwind@00870926
0087092e	Unwind@0087092e
00870936	Unwind@00870936
0087093e	Unwind@0087093e
00870946	Unwind@00870946
0087094e	Unwind@0087094e
00870956	Unwind@00870956
0087095e	Unwind@0087095e
00870966	Unwind@00870966
00870978	Unwind@00870978
00870980	Unwind@00870980
00870988	Unwind@00870988
00870990	Unwind@00870990
00870998	Unwind@00870998
008709a0	Unwind@008709a0
008709a8	Unwind@008709a8
008709ba	Unwind@008709ba
008709c2	Unwind@008709c2
008709ca	Unwind@008709ca
008709db	Unwind@008709db
008709e3	Unwind@008709e3
008709ee	Unwind@008709ee
008709f6	Unwind@008709f6
00870a0d	Unwind@00870a0d
00870a15	Unwind@00870a15
00870a27	Unwind@00870a27
00870a2f	Unwind@00870a2f
00870a37	Unwind@00870a37
00870a3f	Unwind@00870a3f
00870a47	Unwind@00870a47
00870a4f	Unwind@00870a4f
00870a70	Unwind@00870a70
00870a78	Unwind@00870a78
00870a83	Unwind@00870a83
00870aa0	Unwind@00870aa0
00870ab1	Unwind@00870ab1
00870ab9	Unwind@00870ab9
00870ac1	Unwind@00870ac1
00870ae0	Unwind@00870ae0
00870b00	Unwind@00870b00
00870b0b	Unwind@00870b0b
00870b13	Unwind@00870b13
00870b1b	Unwind@00870b1b
00870b23	Unwind@00870b23
00870b2b	Unwind@00870b2b
00870b33	Unwind@00870b33
00870b3b	Unwind@00870b3b
00870b52	Unwind@00870b52
00870b64	Unwind@00870b64
00870b6f	Unwind@00870b6f
00870b7a	Unwind@00870b7a
00870b85	Unwind@00870b85
00870b90	Unwind@00870b90
00870b9b	Unwind@00870b9b
00870ba6	Unwind@00870ba6
00870bb1	Unwind@00870bb1
00870bd0	Unwind@00870bd0
00870be5	Unwind@00870be5
00870bed	Unwind@00870bed
00870c02	Unwind@00870c02
00870c0a	Unwind@00870c0a
00870c20	Unwind@00870c20
00870c40	Unwind@00870c40
00870c48	Unwind@00870c48
00870c50	Unwind@00870c50
00870c5b	Unwind@00870c5b
00870c63	Unwind@00870c63
00870c6b	Unwind@00870c6b
00870c73	Unwind@00870c73
00870c7e	Unwind@00870c7e
00870c93	Unwind@00870c93
00870c9b	Unwind@00870c9b
00870ca3	Unwind@00870ca3
00870cab	Unwind@00870cab
00870cb3	Unwind@00870cb3
00870cbb	Unwind@00870cbb
00870cc3	Unwind@00870cc3
00870ccb	Unwind@00870ccb
00870cd3	Unwind@00870cd3
00870cdb	Unwind@00870cdb
00870ce3	Unwind@00870ce3
00870ceb	Unwind@00870ceb
00870cf3	Unwind@00870cf3
00870cfb	Unwind@00870cfb
00870d03	Unwind@00870d03
00870d0b	Unwind@00870d0b
00870d13	Unwind@00870d13
00870d1b	Unwind@00870d1b
00870d23	Unwind@00870d23
00870d2b	Unwind@00870d2b
00870d33	Unwind@00870d33
00870d3b	Unwind@00870d3b
00870d43	Unwind@00870d43
00870d4b	Unwind@00870d4b
00870d53	Unwind@00870d53
00870d5b	Unwind@00870d5b
00870d63	Unwind@00870d63
00870d6b	Unwind@00870d6b
00870d73	Unwind@00870d73
00870d7b	Unwind@00870d7b
00870d83	Unwind@00870d83
00870d8b	Unwind@00870d8b
00870d93	Unwind@00870d93
00870d9b	Unwind@00870d9b
00870dad	Unwind@00870dad
00870db8	Unwind@00870db8
00870dc6	Unwind@00870dc6
00870dd1	Unwind@00870dd1
00870ddf	Unwind@00870ddf
00870dea	Unwind@00870dea
00870e02	Unwind@00870e02
00870e0d	Unwind@00870e0d
00870e18	Unwind@00870e18
00870e23	Unwind@00870e23
00870e2e	Unwind@00870e2e
00870e39	Unwind@00870e39
00870e47	Unwind@00870e47
00870e52	Unwind@00870e52
00870e5d	Unwind@00870e5d
00870e68	Unwind@00870e68
00870e73	Unwind@00870e73
00870e7e	Unwind@00870e7e
00870e86	Unwind@00870e86
00870e8e	Unwind@00870e8e
00870e96	Unwind@00870e96
00870ea1	Unwind@00870ea1
00870eac	Unwind@00870eac
00870eb7	Unwind@00870eb7
00870ecc	Unwind@00870ecc
00870ed7	Unwind@00870ed7
00870edf	Unwind@00870edf
00870ee7	Unwind@00870ee7
00870eef	Unwind@00870eef
00870efa	Unwind@00870efa
00870f02	Unwind@00870f02
00870f0a	Unwind@00870f0a
00870f12	Unwind@00870f12
00870f1a	Unwind@00870f1a
00870f28	Unwind@00870f28
00870f33	Unwind@00870f33
00870f4b	Unwind@00870f4b
00870f53	Unwind@00870f53
00870f5b	Unwind@00870f5b
00870f63	Unwind@00870f63
00870f6b	Unwind@00870f6b
00870f73	Unwind@00870f73
00870f7e	Unwind@00870f7e
00870f89	Unwind@00870f89
00870f9e	Unwind@00870f9e
00870fa6	Unwind@00870fa6
00870fae	Unwind@00870fae
00870fb6	Unwind@00870fb6
00870fbe	Unwind@00870fbe
00870fc6	Unwind@00870fc6
00870fce	Unwind@00870fce
00870fd6	Unwind@00870fd6
00870fde	Unwind@00870fde
00870fe6	Unwind@00870fe6
00870ff1	Unwind@00870ff1
00870ffc	Unwind@00870ffc
00871007	Unwind@00871007
00871030	Unwind@00871030
00871038	Unwind@00871038
00871040	Unwind@00871040
00871048	Unwind@00871048
00871053	Unwind@00871053
00871068	Unwind@00871068
00871070	Unwind@00871070
0087107b	Unwind@0087107b
00871086	Unwind@00871086
00871091	Unwind@00871091
0087109c	Unwind@0087109c
008710b1	Unwind@008710b1
008710bc	Unwind@008710bc
008710c4	Unwind@008710c4
008710cc	Unwind@008710cc
008710d4	Unwind@008710d4
008710df	Unwind@008710df
008710f4	Unwind@008710f4
008710fc	Unwind@008710fc
00871104	Unwind@00871104
0087110c	Unwind@0087110c
00871114	Unwind@00871114
0087111c	Unwind@0087111c
00871124	Unwind@00871124
00871136	Unwind@00871136
0087113e	Unwind@0087113e
00871146	Unwind@00871146
00871158	Unwind@00871158
00871160	Unwind@00871160
00871168	Unwind@00871168
00871180	Unwind@00871180
008711a0	Unwind@008711a0
008711c0	Unwind@008711c0
008711c8	Unwind@008711c8
008711d0	Unwind@008711d0
008711e1	Unwind@008711e1
008711f6	Unwind@008711f6
008711fe	Unwind@008711fe
00871209	Unwind@00871209
00871214	Unwind@00871214
0087121f	Unwind@0087121f
0087122a	Unwind@0087122a
00871232	Unwind@00871232
0087123a	Unwind@0087123a
00871242	Unwind@00871242
0087124a	Unwind@0087124a
00871252	Unwind@00871252
0087125a	Unwind@0087125a
00871262	Unwind@00871262
0087126a	Unwind@0087126a
00871272	Unwind@00871272
0087127a	Unwind@0087127a
00871282	Unwind@00871282
00871294	Unwind@00871294
0087129c	Unwind@0087129c
008712a4	Unwind@008712a4
008712ac	Unwind@008712ac
008712b7	Unwind@008712b7
008712bf	Unwind@008712bf
008712c7	Unwind@008712c7
008712d2	Unwind@008712d2
008712dd	Unwind@008712dd
008712e5	Unwind@008712e5
008712ed	Unwind@008712ed
008712f8	Unwind@008712f8
00871300	Unwind@00871300
00871308	Unwind@00871308
00871310	Unwind@00871310
00871318	Unwind@00871318
00871320	Unwind@00871320
00871332	Unwind@00871332
0087133a	Unwind@0087133a
00871345	Unwind@00871345
00871350	Unwind@00871350
0087135b	Unwind@0087135b
00871366	Unwind@00871366
00871371	Unwind@00871371
0087137c	Unwind@0087137c
00871391	Unwind@00871391
00871399	Unwind@00871399
008713a1	Unwind@008713a1
008713a9	Unwind@008713a9
008713b1	Unwind@008713b1
008713c3	Unwind@008713c3
008713cb	Unwind@008713cb
008713dd	Unwind@008713dd
008713ef	Unwind@008713ef
008713f7	Unwind@008713f7
00871409	Unwind@00871409
00871411	Unwind@00871411
00871419	Unwind@00871419
00871421	Unwind@00871421
00871429	Unwind@00871429
00871431	Unwind@00871431
00871439	Unwind@00871439
00871441	Unwind@00871441
00871449	Unwind@00871449
00871451	Unwind@00871451
00871459	Unwind@00871459
00871461	Unwind@00871461
00871480	Unwind@00871480
008714a0	Unwind@008714a0
008714c0	Unwind@008714c0
008714c8	Unwind@008714c8
008714d3	Unwind@008714d3
008714f0	Unwind@008714f0
00871501	Unwind@00871501
00871520	Unwind@00871520
00871540	Unwind@00871540
00871560	Unwind@00871560
00871571	Unwind@00871571
00871579	Unwind@00871579
00871584	Unwind@00871584
0087158c	Unwind@0087158c
008715b0	Unwind@008715b0
008715c1	Unwind@008715c1
008715c9	Unwind@008715c9
008715d4	Unwind@008715d4
008715dc	Unwind@008715dc
00871600	Unwind@00871600
00871608	Unwind@00871608
00871613	Unwind@00871613
00871650	Unwind@00871650
0087165b	Unwind@0087165b
00871669	Unwind@00871669
00871677	Unwind@00871677
00871682	Unwind@00871682
00871693	Unwind@00871693
0087169e	Unwind@0087169e
008716af	Unwind@008716af
008716ba	Unwind@008716ba
008716cb	Unwind@008716cb
008716d6	Unwind@008716d6
008716e7	Unwind@008716e7
008716f2	Unwind@008716f2
00871703	Unwind@00871703
0087170e	Unwind@0087170e
0087171f	Unwind@0087171f
0087172a	Unwind@0087172a
0087173b	Unwind@0087173b
00871746	Unwind@00871746
00871757	Unwind@00871757
00871762	Unwind@00871762
00871773	Unwind@00871773
0087177e	Unwind@0087177e
0087178f	Unwind@0087178f
0087179a	Unwind@0087179a
008717ab	Unwind@008717ab
008717bc	Unwind@008717bc
008717cd	Unwind@008717cd
008717de	Unwind@008717de
008717e9	Unwind@008717e9
008717fe	Unwind@008717fe
00871809	Unwind@00871809
00871814	Unwind@00871814
00871822	Unwind@00871822
00871830	Unwind@00871830
0087183e	Unwind@0087183e
0087184c	Unwind@0087184c
0087185a	Unwind@0087185a
00871868	Unwind@00871868
00871876	Unwind@00871876
00871884	Unwind@00871884
00871892	Unwind@00871892
008718a0	Unwind@008718a0
008718ae	Unwind@008718ae
008718bc	Unwind@008718bc
008718ca	Unwind@008718ca
008718d8	Unwind@008718d8
008718e0	Unwind@008718e0
008718e8	Unwind@008718e8
008718f0	Unwind@008718f0
008718f8	Unwind@008718f8
00871900	Unwind@00871900
00871908	Unwind@00871908
00871910	Unwind@00871910
00871918	Unwind@00871918
00871920	Unwind@00871920
00871928	Unwind@00871928
00871930	Unwind@00871930
0087193b	Unwind@0087193b
00871943	Unwind@00871943
0087194b	Unwind@0087194b
00871953	Unwind@00871953
0087195b	Unwind@0087195b
00871963	Unwind@00871963
00871975	Unwind@00871975
0087197d	Unwind@0087197d
0087198f	Unwind@0087198f
008719a1	Unwind@008719a1
008719b6	Unwind@008719b6
008719c8	Unwind@008719c8
008719da	Unwind@008719da
008719e2	Unwind@008719e2
008719ea	Unwind@008719ea
008719fc	Unwind@008719fc
00871a04	Unwind@00871a04
00871a0c	Unwind@00871a0c
00871a14	Unwind@00871a14
00871a26	Unwind@00871a26
00871a2e	Unwind@00871a2e
00871a36	Unwind@00871a36
00871a3e	Unwind@00871a3e
00871a46	Unwind@00871a46
00871a4e	Unwind@00871a4e
00871a60	Unwind@00871a60
00871a68	Unwind@00871a68
00871a70	Unwind@00871a70
00871a82	Unwind@00871a82
00871a8a	Unwind@00871a8a
00871a92	Unwind@00871a92
00871aa4	Unwind@00871aa4
00871ac0	Unwind@00871ac0
00871ac8	Unwind@00871ac8
00871ad0	Unwind@00871ad0
00871adb	Unwind@00871adb
00871ae6	Unwind@00871ae6
00871aee	Unwind@00871aee
00871b00	Unwind@00871b00
00871b08	Unwind@00871b08
00871b13	Unwind@00871b13
00871b30	Unwind@00871b30
00871b38	Unwind@00871b38
00871b50	Unwind@00871b50
00871b58	Unwind@00871b58
00871b70	Unwind@00871b70
00871b78	Unwind@00871b78
00871b83	Unwind@00871b83
00871ba0	Unwind@00871ba0
00871ba8	Unwind@00871ba8
00871bb3	Unwind@00871bb3
00871bd0	Unwind@00871bd0
00871bf0	Unwind@00871bf0
00871c10	Unwind@00871c10
00871c1b	Unwind@00871c1b
00871c50	Unwind@00871c50
00871c70	Unwind@00871c70
00871c7b	Unwind@00871c7b
00871c86	Unwind@00871c86
00871c8e	Unwind@00871c8e
00871c99	Unwind@00871c99
00871ca4	Unwind@00871ca4
00871caf	Unwind@00871caf
00871cba	Unwind@00871cba
00871cc2	Unwind@00871cc2
00871ccd	Unwind@00871ccd
00871cdf	Unwind@00871cdf
00871ce7	Unwind@00871ce7
00871cef	Unwind@00871cef
00871cf7	Unwind@00871cf7
00871cff	Unwind@00871cff
00871d0a	Unwind@00871d0a
00871d12	Unwind@00871d12
00871d1a	Unwind@00871d1a
00871d22	Unwind@00871d22
00871d2a	Unwind@00871d2a
00871d32	Unwind@00871d32
00871d3a	Unwind@00871d3a
00871d42	Unwind@00871d42
00871d54	Unwind@00871d54
00871d5c	Unwind@00871d5c
00871d67	Unwind@00871d67
00871d6f	Unwind@00871d6f
00871d77	Unwind@00871d77
00871d82	Unwind@00871d82
00871d8a	Unwind@00871d8a
00871d92	Unwind@00871d92
00871d9a	Unwind@00871d9a
00871da2	Unwind@00871da2
00871dad	Unwind@00871dad
00871db5	Unwind@00871db5
00871dbd	Unwind@00871dbd
00871dc5	Unwind@00871dc5
00871dd0	Unwind@00871dd0
00871dd8	Unwind@00871dd8
00871de0	Unwind@00871de0
00871df2	Unwind@00871df2
00871dfa	Unwind@00871dfa
00871e02	Unwind@00871e02
00871e0a	Unwind@00871e0a
00871e12	Unwind@00871e12
00871e24	Unwind@00871e24
00871e36	Unwind@00871e36
00871e48	Unwind@00871e48
00871e60	Unwind@00871e60
00871e75	Unwind@00871e75
00871e80	Unwind@00871e80
00871e8b	Unwind@00871e8b
00871e96	Unwind@00871e96
00871ea1	Unwind@00871ea1
00871eac	Unwind@00871eac
00871ec1	Unwind@00871ec1
00871ed3	Unwind@00871ed3
00871ee5	Unwind@00871ee5
00871f00	Unwind@00871f00
00871f12	Unwind@00871f12
00871f1a	Unwind@00871f1a
00871f22	Unwind@00871f22
00871f2a	Unwind@00871f2a
00871f32	Unwind@00871f32
00871f3a	Unwind@00871f3a
00871f42	Unwind@00871f42
00871f4a	Unwind@00871f4a
00871f52	Unwind@00871f52
00871f5a	Unwind@00871f5a
00871f62	Unwind@00871f62
00871f74	Unwind@00871f74
00871f7c	Unwind@00871f7c
00871f84	Unwind@00871f84
00871f8c	Unwind@00871f8c
00871f94	Unwind@00871f94
00871f9c	Unwind@00871f9c
00871fa4	Unwind@00871fa4
00871fac	Unwind@00871fac
00871fb4	Unwind@00871fb4
00871fbc	Unwind@00871fbc
00871fc4	Unwind@00871fc4
00871fcc	Unwind@00871fcc
00871fd4	Unwind@00871fd4
00871fdc	Unwind@00871fdc
00871fe4	Unwind@00871fe4
00871fec	Unwind@00871fec
00871ff4	Unwind@00871ff4
00871ffc	Unwind@00871ffc
00872004	Unwind@00872004
0087200c	Unwind@0087200c
00872014	Unwind@00872014
00872026	Unwind@00872026
0087202e	Unwind@0087202e
00872036	Unwind@00872036
0087203e	Unwind@0087203e
00872046	Unwind@00872046
0087204e	Unwind@0087204e
00872056	Unwind@00872056
0087205e	Unwind@0087205e
00872070	Unwind@00872070
00872078	Unwind@00872078
00872080	Unwind@00872080
00872088	Unwind@00872088
00872090	Unwind@00872090
00872098	Unwind@00872098
008720a0	Unwind@008720a0
008720a8	Unwind@008720a8
008720b0	Unwind@008720b0
008720b8	Unwind@008720b8
008720c0	Unwind@008720c0
008720d2	Unwind@008720d2
008720da	Unwind@008720da
008720e2	Unwind@008720e2
008720ea	Unwind@008720ea
008720fc	Unwind@008720fc
0087210e	Unwind@0087210e
00872120	Unwind@00872120
00872128	Unwind@00872128
00872130	Unwind@00872130
00872142	Unwind@00872142
00872160	Unwind@00872160
00872168	Unwind@00872168
00872170	Unwind@00872170
00872178	Unwind@00872178
00872180	Unwind@00872180
00872188	Unwind@00872188
00872190	Unwind@00872190
00872198	Unwind@00872198
008721a0	Unwind@008721a0
008721a8	Unwind@008721a8
008721b0	Unwind@008721b0
008721b8	Unwind@008721b8
008721c0	Unwind@008721c0
008721c8	Unwind@008721c8
008721d0	Unwind@008721d0
008721d8	Unwind@008721d8
008721e0	Unwind@008721e0
008721e8	Unwind@008721e8
008721f0	Unwind@008721f0
008721f8	Unwind@008721f8
00872200	Unwind@00872200
00872208	Unwind@00872208
00872210	Unwind@00872210
00872218	Unwind@00872218
00872220	Unwind@00872220
00872228	Unwind@00872228
00872230	Unwind@00872230
00872238	Unwind@00872238
00872240	Unwind@00872240
00872248	Unwind@00872248
00872250	Unwind@00872250
00872258	Unwind@00872258
00872260	Unwind@00872260
00872268	Unwind@00872268
00872270	Unwind@00872270
00872278	Unwind@00872278
00872280	Unwind@00872280
00872288	Unwind@00872288
00872290	Unwind@00872290
00872298	Unwind@00872298
008722a0	Unwind@008722a0
008722a8	Unwind@008722a8
008722b0	Unwind@008722b0
008722b8	Unwind@008722b8
008722c0	Unwind@008722c0
008722c8	Unwind@008722c8
008722d0	Unwind@008722d0
008722d8	Unwind@008722d8
008722e0	Unwind@008722e0
008722e8	Unwind@008722e8
008722f0	Unwind@008722f0
008722f8	Unwind@008722f8
00872300	Unwind@00872300
00872308	Unwind@00872308
00872310	Unwind@00872310
00872318	Unwind@00872318
00872320	Unwind@00872320
00872328	Unwind@00872328
00872330	Unwind@00872330
00872338	Unwind@00872338
00872340	Unwind@00872340
00872348	Unwind@00872348
00872350	Unwind@00872350
00872358	Unwind@00872358
00872360	Unwind@00872360
00872368	Unwind@00872368
00872370	Unwind@00872370
00872378	Unwind@00872378
00872380	Unwind@00872380
00872388	Unwind@00872388
00872390	Unwind@00872390
00872398	Unwind@00872398
008723a0	Unwind@008723a0
008723a8	Unwind@008723a8
008723b0	Unwind@008723b0
008723b8	Unwind@008723b8
008723c0	Unwind@008723c0
008723c8	Unwind@008723c8
008723d0	Unwind@008723d0
008723d8	Unwind@008723d8
008723e0	Unwind@008723e0
008723e8	Unwind@008723e8
008723f0	Unwind@008723f0
008723f8	Unwind@008723f8
00872400	Unwind@00872400
00872408	Unwind@00872408
00872410	Unwind@00872410
00872418	Unwind@00872418
00872420	Unwind@00872420
00872428	Unwind@00872428
00872430	Unwind@00872430
00872438	Unwind@00872438
00872440	Unwind@00872440
00872448	Unwind@00872448
00872450	Unwind@00872450
00872458	Unwind@00872458
00872460	Unwind@00872460
00872468	Unwind@00872468
00872470	Unwind@00872470
00872478	Unwind@00872478
00872480	Unwind@00872480
00872488	Unwind@00872488
00872490	Unwind@00872490
00872498	Unwind@00872498
008724a0	Unwind@008724a0
008724a8	Unwind@008724a8
008724b0	Unwind@008724b0
008724b8	Unwind@008724b8
008724c0	Unwind@008724c0
008724c8	Unwind@008724c8
008724d0	Unwind@008724d0
008724d8	Unwind@008724d8
008724e0	Unwind@008724e0
008724e8	Unwind@008724e8
008724f0	Unwind@008724f0
008724f8	Unwind@008724f8
00872500	Unwind@00872500
00872508	Unwind@00872508
00872510	Unwind@00872510
00872518	Unwind@00872518
00872520	Unwind@00872520
00872528	Unwind@00872528
00872530	Unwind@00872530
00872538	Unwind@00872538
00872540	Unwind@00872540
00872548	Unwind@00872548
00872550	Unwind@00872550
00872558	Unwind@00872558
00872560	Unwind@00872560
00872568	Unwind@00872568
00872570	Unwind@00872570
00872578	Unwind@00872578
00872580	Unwind@00872580
00872588	Unwind@00872588
00872590	Unwind@00872590
00872598	Unwind@00872598
008725a0	Unwind@008725a0
008725a8	Unwind@008725a8
008725b0	Unwind@008725b0
008725b8	Unwind@008725b8
008725c0	Unwind@008725c0
008725c8	Unwind@008725c8
008725d0	Unwind@008725d0
008725f0	Unwind@008725f0
00872601	Unwind@00872601
00872609	Unwind@00872609
00872620	Unwind@00872620
00872631	Unwind@00872631
00872639	Unwind@00872639
0087264a	Unwind@0087264a
00872652	Unwind@00872652
0087265a	Unwind@0087265a
00872662	Unwind@00872662
00872680	Unwind@00872680
00872691	Unwind@00872691
00872699	Unwind@00872699
008726b0	Unwind@008726b0
008726c1	Unwind@008726c1
008726c9	Unwind@008726c9
008726e0	Unwind@008726e0
008726f1	Unwind@008726f1
008726f9	Unwind@008726f9
00872710	Unwind@00872710
00872718	Unwind@00872718
00872723	Unwind@00872723
0087272b	Unwind@0087272b
00872733	Unwind@00872733
0087273b	Unwind@0087273b
00872746	Unwind@00872746
0087274e	Unwind@0087274e
00872756	Unwind@00872756
00872761	Unwind@00872761
00872780	Unwind@00872780
00872788	Unwind@00872788
00872790	Unwind@00872790
00872798	Unwind@00872798
008727b0	Unwind@008727b0
008727bb	Unwind@008727bb
008727c6	Unwind@008727c6
008727d1	Unwind@008727d1
008727dc	Unwind@008727dc
008727e7	Unwind@008727e7
008727f2	Unwind@008727f2
008727fd	Unwind@008727fd
00872820	Unwind@00872820
00872828	Unwind@00872828
00872836	Unwind@00872836
0087284e	Unwind@0087284e
0087285c	Unwind@0087285c
00872877	Unwind@00872877
0087288c	Unwind@0087288c
00872894	Unwind@00872894
008728a2	Unwind@008728a2
008728ba	Unwind@008728ba
008728c8	Unwind@008728c8
008728ed	Unwind@008728ed
00872902	Unwind@00872902
0087291a	Unwind@0087291a
00872922	Unwind@00872922
0087292a	Unwind@0087292a
0087293c	Unwind@0087293c
00872944	Unwind@00872944
0087294c	Unwind@0087294c
00872957	Unwind@00872957
0087295f	Unwind@0087295f
00872967	Unwind@00872967
00872972	Unwind@00872972
0087297a	Unwind@0087297a
00872982	Unwind@00872982
0087298a	Unwind@0087298a
00872992	Unwind@00872992
0087299d	Unwind@0087299d
008729a5	Unwind@008729a5
008729ad	Unwind@008729ad
008729bf	Unwind@008729bf
008729c7	Unwind@008729c7
008729cf	Unwind@008729cf
008729e1	Unwind@008729e1
008729ec	Unwind@008729ec
008729f7	Unwind@008729f7
008729ff	Unwind@008729ff
00872a14	Unwind@00872a14
00872a1f	Unwind@00872a1f
00872a2a	Unwind@00872a2a
00872a35	Unwind@00872a35
00872a40	Unwind@00872a40
00872a4b	Unwind@00872a4b
00872a60	Unwind@00872a60
00872a80	Unwind@00872a80
00872a88	Unwind@00872a88
00872a90	Unwind@00872a90
00872a98	Unwind@00872a98
00872aa0	Unwind@00872aa0
00872aa8	Unwind@00872aa8
00872ab0	Unwind@00872ab0
00872ad0	Unwind@00872ad0
00872ad8	Unwind@00872ad8
00872af0	Unwind@00872af0
00872af8	Unwind@00872af8
00872b00	Unwind@00872b00
00872b08	Unwind@00872b08
00872b10	Unwind@00872b10
00872b18	Unwind@00872b18
00872b30	Unwind@00872b30
00872b50	Unwind@00872b50
00872b58	Unwind@00872b58
00872b66	Unwind@00872b66
00872b74	Unwind@00872b74
00872b8f	Unwind@00872b8f
00872baa	Unwind@00872baa
00872bb8	Unwind@00872bb8
00872bd0	Unwind@00872bd0
00872bd8	Unwind@00872bd8
00872be6	Unwind@00872be6
00872bf4	Unwind@00872bf4
00872c0f	Unwind@00872c0f
00872c2a	Unwind@00872c2a
00872c42	Unwind@00872c42
00872c4a	Unwind@00872c4a
00872c55	Unwind@00872c55
00872c60	Unwind@00872c60
00872c68	Unwind@00872c68
00872c70	Unwind@00872c70
00872c88	Unwind@00872c88
00872c90	Unwind@00872c90
00872c98	Unwind@00872c98
00872caa	Unwind@00872caa
00872cbc	Unwind@00872cbc
00872cc4	Unwind@00872cc4
00872ccc	Unwind@00872ccc
00872cd4	Unwind@00872cd4
00872cdc	Unwind@00872cdc
00872ce4	Unwind@00872ce4
00872cec	Unwind@00872cec
00872cf4	Unwind@00872cf4
00872cfc	Unwind@00872cfc
00872d04	Unwind@00872d04
00872d0c	Unwind@00872d0c
00872d14	Unwind@00872d14
00872d1c	Unwind@00872d1c
00872d24	Unwind@00872d24
00872d36	Unwind@00872d36
00872d3e	Unwind@00872d3e
00872d50	Unwind@00872d50
00872d58	Unwind@00872d58
00872d6a	Unwind@00872d6a
00872d75	Unwind@00872d75
00872d7d	Unwind@00872d7d
00872d85	Unwind@00872d85
00872d8d	Unwind@00872d8d
00872d98	Unwind@00872d98
00872da3	Unwind@00872da3
00872dae	Unwind@00872dae
00872db9	Unwind@00872db9
00872dc1	Unwind@00872dc1
00872dc9	Unwind@00872dc9
00872dd1	Unwind@00872dd1
00872ddc	Unwind@00872ddc
00872de4	Unwind@00872de4
00872df9	Unwind@00872df9
00872e04	Unwind@00872e04
00872e0f	Unwind@00872e0f
00872e30	Unwind@00872e30
00872e42	Unwind@00872e42
00872e4a	Unwind@00872e4a
00872e52	Unwind@00872e52
00872e64	Unwind@00872e64
00872e6c	Unwind@00872e6c
00872e74	Unwind@00872e74
00872e7c	Unwind@00872e7c
00872e84	Unwind@00872e84
00872e8c	Unwind@00872e8c
00872e94	Unwind@00872e94
00872e9c	Unwind@00872e9c
00872ea4	Unwind@00872ea4
00872eb6	Unwind@00872eb6
00872ebe	Unwind@00872ebe
00872ec6	Unwind@00872ec6
00872ece	Unwind@00872ece
00872ed6	Unwind@00872ed6
00872ede	Unwind@00872ede
00872ee6	Unwind@00872ee6
00872ef4	Unwind@00872ef4
00872f0c	Unwind@00872f0c
00872f17	Unwind@00872f17
00872f22	Unwind@00872f22
00872f40	Unwind@00872f40
00872f48	Unwind@00872f48
00872f5d	Unwind@00872f5d
00872f6f	Unwind@00872f6f
00872f81	Unwind@00872f81
00872f8c	Unwind@00872f8c
00872fb0	Unwind@00872fb0
00872fd0	Unwind@00872fd0
00872fd8	Unwind@00872fd8
00872ff0	Unwind@00872ff0
00873008	Unwind@00873008
00873016	Unwind@00873016
0087302e	Unwind@0087302e
00873036	Unwind@00873036
0087304e	Unwind@0087304e
00873066	Unwind@00873066
00873074	Unwind@00873074
00873082	Unwind@00873082
00873097	Unwind@00873097
0087309f	Unwind@0087309f
008730a7	Unwind@008730a7
008730af	Unwind@008730af
008730b7	Unwind@008730b7
008730bf	Unwind@008730bf
008730c7	Unwind@008730c7
008730cf	Unwind@008730cf
008730d7	Unwind@008730d7
008730e9	Unwind@008730e9
008730f4	Unwind@008730f4
008730ff	Unwind@008730ff
0087310a	Unwind@0087310a
00873115	Unwind@00873115
00873120	Unwind@00873120
0087312b	Unwind@0087312b
00873140	Unwind@00873140
00873160	Unwind@00873160
00873168	Unwind@00873168
00873183	Unwind@00873183
0087319e	Unwind@0087319e
008731b6	Unwind@008731b6
008731d8	Unwind@008731d8
008731e0	Unwind@008731e0
008731fb	Unwind@008731fb
00873216	Unwind@00873216
00873238	Unwind@00873238
00873243	Unwind@00873243
0087324e	Unwind@0087324e
00873259	Unwind@00873259
00873264	Unwind@00873264
0087326f	Unwind@0087326f
0087327a	Unwind@0087327a
00873285	Unwind@00873285
0087329a	Unwind@0087329a
008732a5	Unwind@008732a5
008732b0	Unwind@008732b0
008732bb	Unwind@008732bb
008732c6	Unwind@008732c6
008732e0	Unwind@008732e0
008732e8	Unwind@008732e8
008732f3	Unwind@008732f3
00873310	Unwind@00873310
00873318	Unwind@00873318
00873320	Unwind@00873320
00873328	Unwind@00873328
00873339	Unwind@00873339
00873350	Unwind@00873350
00873370	Unwind@00873370
00873390	Unwind@00873390
008733b0	Unwind@008733b0
008733e0	Unwind@008733e0
008733e8	Unwind@008733e8
008733f0	Unwind@008733f0
00873410	Unwind@00873410
00873430	Unwind@00873430
00873460	Unwind@00873460
00873471	Unwind@00873471
00873490	Unwind@00873490
008734a1	Unwind@008734a1
008734a9	Unwind@008734a9
008734b4	Unwind@008734b4
008734bc	Unwind@008734bc
008734e0	Unwind@008734e0
008734f1	Unwind@008734f1
008734f9	Unwind@008734f9
00873504	Unwind@00873504
0087350c	Unwind@0087350c
00873530	Unwind@00873530
00873538	Unwind@00873538
00873543	Unwind@00873543
00873560	Unwind@00873560
00873568	Unwind@00873568
00873573	Unwind@00873573
008735a0	Unwind@008735a0
008735a8	Unwind@008735a8
008735b6	Unwind@008735b6
008735ce	Unwind@008735ce
008735d6	Unwind@008735d6
008735e4	Unwind@008735e4
008735fc	Unwind@008735fc
00873607	Unwind@00873607
00873612	Unwind@00873612
0087361d	Unwind@0087361d
00873628	Unwind@00873628
00873633	Unwind@00873633
0087363e	Unwind@0087363e
00873649	Unwind@00873649
00873657	Unwind@00873657
00873662	Unwind@00873662
0087366d	Unwind@0087366d
00873678	Unwind@00873678
00873683	Unwind@00873683
0087368e	Unwind@0087368e
0087369c	Unwind@0087369c
008736aa	Unwind@008736aa
008736b8	Unwind@008736b8
008736c3	Unwind@008736c3
008736ce	Unwind@008736ce
008736d9	Unwind@008736d9
008736e4	Unwind@008736e4
008736ef	Unwind@008736ef
008736fd	Unwind@008736fd
00873705	Unwind@00873705
00873710	Unwind@00873710
0087371b	Unwind@0087371b
00873723	Unwind@00873723
0087372b	Unwind@0087372b
00873739	Unwind@00873739
00873741	Unwind@00873741
0087374c	Unwind@0087374c
00873757	Unwind@00873757
0087375f	Unwind@0087375f
00873767	Unwind@00873767
0087377f	Unwind@0087377f
00873787	Unwind@00873787
0087378f	Unwind@0087378f
00873797	Unwind@00873797
0087379f	Unwind@0087379f
008737a7	Unwind@008737a7
008737af	Unwind@008737af
008737b7	Unwind@008737b7
008737bf	Unwind@008737bf
008737c7	Unwind@008737c7
008737cf	Unwind@008737cf
008737e1	Unwind@008737e1
008737ec	Unwind@008737ec
008737f7	Unwind@008737f7
00873802	Unwind@00873802
0087380d	Unwind@0087380d
00873818	Unwind@00873818
00873823	Unwind@00873823
0087382e	Unwind@0087382e
00873839	Unwind@00873839
00873844	Unwind@00873844
0087384f	Unwind@0087384f
00873864	Unwind@00873864
0087386f	Unwind@0087386f
0087387a	Unwind@0087387a
00873885	Unwind@00873885
00873890	Unwind@00873890
0087389b	Unwind@0087389b
008738a6	Unwind@008738a6
008738b1	Unwind@008738b1
008738bc	Unwind@008738bc
008738c7	Unwind@008738c7
008738d2	Unwind@008738d2
008738dd	Unwind@008738dd
008738e8	Unwind@008738e8
008738fd	Unwind@008738fd
00873908	Unwind@00873908
00873913	Unwind@00873913
0087391e	Unwind@0087391e
00873929	Unwind@00873929
00873934	Unwind@00873934
0087393f	Unwind@0087393f
0087394a	Unwind@0087394a
00873955	Unwind@00873955
00873960	Unwind@00873960
0087396b	Unwind@0087396b
00873976	Unwind@00873976
00873981	Unwind@00873981
00873996	Unwind@00873996
008739a1	Unwind@008739a1
008739ac	Unwind@008739ac
008739b7	Unwind@008739b7
008739c2	Unwind@008739c2
008739cd	Unwind@008739cd
008739d8	Unwind@008739d8
008739e3	Unwind@008739e3
008739ee	Unwind@008739ee
008739f9	Unwind@008739f9
00873a0e	Unwind@00873a0e
00873a19	Unwind@00873a19
00873a24	Unwind@00873a24
00873a2f	Unwind@00873a2f
00873a3a	Unwind@00873a3a
00873a45	Unwind@00873a45
00873a50	Unwind@00873a50
00873a5b	Unwind@00873a5b
00873a66	Unwind@00873a66
00873a71	Unwind@00873a71
00873a7c	Unwind@00873a7c
00873a87	Unwind@00873a87
00873a92	Unwind@00873a92
00873aa7	Unwind@00873aa7
00873ab2	Unwind@00873ab2
00873abd	Unwind@00873abd
00873ac8	Unwind@00873ac8
00873ad3	Unwind@00873ad3
00873ade	Unwind@00873ade
00873ae9	Unwind@00873ae9
00873af4	Unwind@00873af4
00873aff	Unwind@00873aff
00873b0a	Unwind@00873b0a
00873b15	Unwind@00873b15
00873b20	Unwind@00873b20
00873b2b	Unwind@00873b2b
00873b40	Unwind@00873b40
00873b4b	Unwind@00873b4b
00873b56	Unwind@00873b56
00873b70	Unwind@00873b70
00873b78	Unwind@00873b78
00873b86	Unwind@00873b86
00873b9e	Unwind@00873b9e
00873ba6	Unwind@00873ba6
00873bb4	Unwind@00873bb4
00873bc2	Unwind@00873bc2
00873bd7	Unwind@00873bd7
00873be2	Unwind@00873be2
00873bea	Unwind@00873bea
00873bf2	Unwind@00873bf2
00873bfa	Unwind@00873bfa
00873c05	Unwind@00873c05
00873c10	Unwind@00873c10
00873c25	Unwind@00873c25
00873c33	Unwind@00873c33
00873c3e	Unwind@00873c3e
00873c5b	Unwind@00873c5b
00873c66	Unwind@00873c66
00873c83	Unwind@00873c83
00873c8b	Unwind@00873c8b
00873ca5	Unwind@00873ca5
00873cad	Unwind@00873cad
00873cb8	Unwind@00873cb8
00873cc3	Unwind@00873cc3
00873cd1	Unwind@00873cd1
00873cdc	Unwind@00873cdc
00873cf9	Unwind@00873cf9
00873d01	Unwind@00873d01
00873d1b	Unwind@00873d1b
00873d26	Unwind@00873d26
00873d43	Unwind@00873d43
00873d4e	Unwind@00873d4e
00873d56	Unwind@00873d56
00873d61	Unwind@00873d61
00873d6f	Unwind@00873d6f
00873d7a	Unwind@00873d7a
00873d97	Unwind@00873d97
00873da2	Unwind@00873da2
00873db0	Unwind@00873db0
00873dbb	Unwind@00873dbb
00873dda	Unwind@00873dda
00873de5	Unwind@00873de5
00873df3	Unwind@00873df3
00873dfe	Unwind@00873dfe
00873e1d	Unwind@00873e1d
00873e28	Unwind@00873e28
00873e47	Unwind@00873e47
00873e52	Unwind@00873e52
00873e5d	Unwind@00873e5d
00873e6b	Unwind@00873e6b
00873e79	Unwind@00873e79
00873e87	Unwind@00873e87
00873e95	Unwind@00873e95
00873ead	Unwind@00873ead
00873eb8	Unwind@00873eb8
00873ec3	Unwind@00873ec3
00873ece	Unwind@00873ece
00873ed9	Unwind@00873ed9
00873ee4	Unwind@00873ee4
00873eef	Unwind@00873eef
00873f04	Unwind@00873f04
00873f20	Unwind@00873f20
00873f40	Unwind@00873f40
00873f48	Unwind@00873f48
00873f63	Unwind@00873f63
00873f7b	Unwind@00873f7b
00873f83	Unwind@00873f83
00873fa8	Unwind@00873fa8
00873fb3	Unwind@00873fb3
00873fbb	Unwind@00873fbb
00873fd0	Unwind@00873fd0
00873ff0	Unwind@00873ff0
00874002	Unwind@00874002
00874014	Unwind@00874014
0087401f	Unwind@0087401f
00874027	Unwind@00874027
0087402f	Unwind@0087402f
00874041	Unwind@00874041
0087404c	Unwind@0087404c
00874054	Unwind@00874054
0087405c	Unwind@0087405c
0087406e	Unwind@0087406e
00874079	Unwind@00874079
00874084	Unwind@00874084
0087408f	Unwind@0087408f
0087409a	Unwind@0087409a
008740a5	Unwind@008740a5
008740b0	Unwind@008740b0
008740bb	Unwind@008740bb
008740d0	Unwind@008740d0
008740db	Unwind@008740db
008740f0	Unwind@008740f0
00874102	Unwind@00874102
0087410a	Unwind@0087410a
00874112	Unwind@00874112
0087411a	Unwind@0087411a
00874125	Unwind@00874125
00874133	Unwind@00874133
00874141	Unwind@00874141
0087414c	Unwind@0087414c
00874157	Unwind@00874157
00874162	Unwind@00874162
0087416d	Unwind@0087416d
00874178	Unwind@00874178
00874183	Unwind@00874183
0087418e	Unwind@0087418e
00874199	Unwind@00874199
008741a4	Unwind@008741a4
008741af	Unwind@008741af
008741ba	Unwind@008741ba
008741c5	Unwind@008741c5
008741d3	Unwind@008741d3
008741de	Unwind@008741de
008741e9	Unwind@008741e9
008741f4	Unwind@008741f4
008741ff	Unwind@008741ff
0087420a	Unwind@0087420a
00874218	Unwind@00874218
00874223	Unwind@00874223
0087422e	Unwind@0087422e
00874239	Unwind@00874239
00874244	Unwind@00874244
0087424f	Unwind@0087424f
0087425a	Unwind@0087425a
00874265	Unwind@00874265
00874273	Unwind@00874273
0087427e	Unwind@0087427e
00874289	Unwind@00874289
00874294	Unwind@00874294
008742a9	Unwind@008742a9
008742b1	Unwind@008742b1
008742b9	Unwind@008742b9
008742c1	Unwind@008742c1
008742e0	Unwind@008742e0
008742e8	Unwind@008742e8
00874300	Unwind@00874300
00874318	Unwind@00874318
00874320	Unwind@00874320
00874338	Unwind@00874338
0087434d	Unwind@0087434d
00874355	Unwind@00874355
0087435d	Unwind@0087435d
00874365	Unwind@00874365
0087436d	Unwind@0087436d
00874375	Unwind@00874375
0087437d	Unwind@0087437d
00874395	Unwind@00874395
0087439d	Unwind@0087439d
008743a5	Unwind@008743a5
008743ad	Unwind@008743ad
008743b5	Unwind@008743b5
008743bd	Unwind@008743bd
008743e0	Unwind@008743e0
00874410	Unwind@00874410
00874418	Unwind@00874418
00874430	Unwind@00874430
00874438	Unwind@00874438
00874450	Unwind@00874450
0087445b	Unwind@0087445b
00874466	Unwind@00874466
00874471	Unwind@00874471
0087447c	Unwind@0087447c
00874487	Unwind@00874487
00874492	Unwind@00874492
0087449d	Unwind@0087449d
008744a8	Unwind@008744a8
008744b3	Unwind@008744b3
008744be	Unwind@008744be
008744c9	Unwind@008744c9
008744d4	Unwind@008744d4
008744df	Unwind@008744df
008744ea	Unwind@008744ea
008744f5	Unwind@008744f5
00874500	Unwind@00874500
0087450b	Unwind@0087450b
00874516	Unwind@00874516
00874521	Unwind@00874521
0087452c	Unwind@0087452c
00874537	Unwind@00874537
00874542	Unwind@00874542
0087454d	Unwind@0087454d
00874558	Unwind@00874558
00874563	Unwind@00874563
0087456e	Unwind@0087456e
00874579	Unwind@00874579
00874584	Unwind@00874584
0087458f	Unwind@0087458f
0087459a	Unwind@0087459a
008745a5	Unwind@008745a5
008745b0	Unwind@008745b0
008745bb	Unwind@008745bb
008745cd	Unwind@008745cd
008745d8	Unwind@008745d8
008745e3	Unwind@008745e3
008745ee	Unwind@008745ee
008745f9	Unwind@008745f9
00874604	Unwind@00874604
0087460f	Unwind@0087460f
00874630	Unwind@00874630
00874638	Unwind@00874638
00874640	Unwind@00874640
00874648	Unwind@00874648
00874650	Unwind@00874650
00874658	Unwind@00874658
00874660	Unwind@00874660
00874668	Unwind@00874668
00874670	Unwind@00874670
00874678	Unwind@00874678
00874680	Unwind@00874680
00874692	Unwind@00874692
0087469d	Unwind@0087469d
008746a8	Unwind@008746a8
008746b3	Unwind@008746b3
008746c8	Unwind@008746c8
008746d0	Unwind@008746d0
008746d8	Unwind@008746d8
008746e0	Unwind@008746e0
008746e8	Unwind@008746e8
008746f0	Unwind@008746f0
008746f8	Unwind@008746f8
00874700	Unwind@00874700
00874708	Unwind@00874708
00874710	Unwind@00874710
00874722	Unwind@00874722
0087472a	Unwind@0087472a
00874738	Unwind@00874738
00874746	Unwind@00874746
00874754	Unwind@00874754
0087476c	Unwind@0087476c
00874774	Unwind@00874774
00874782	Unwind@00874782
00874790	Unwind@00874790
008747a8	Unwind@008747a8
008747b6	Unwind@008747b6
008747c1	Unwind@008747c1
008747cc	Unwind@008747cc
008747d7	Unwind@008747d7
008747e2	Unwind@008747e2
008747ed	Unwind@008747ed
008747f8	Unwind@008747f8
00874803	Unwind@00874803
0087480e	Unwind@0087480e
00874819	Unwind@00874819
00874821	Unwind@00874821
0087482c	Unwind@0087482c
00874837	Unwind@00874837
00874842	Unwind@00874842
0087484d	Unwind@0087484d
0087485f	Unwind@0087485f
00874867	Unwind@00874867
0087486f	Unwind@0087486f
00874877	Unwind@00874877
00874882	Unwind@00874882
00874897	Unwind@00874897
008748a2	Unwind@008748a2
008748aa	Unwind@008748aa
008748b2	Unwind@008748b2
008748bd	Unwind@008748bd
008748c5	Unwind@008748c5
008748d7	Unwind@008748d7
008748e2	Unwind@008748e2
008748ed	Unwind@008748ed
00874902	Unwind@00874902
0087490d	Unwind@0087490d
00874930	Unwind@00874930
00874938	Unwind@00874938
00874943	Unwind@00874943
00874958	Unwind@00874958
00874960	Unwind@00874960
00874968	Unwind@00874968
00874979	Unwind@00874979
00874990	Unwind@00874990
008749b0	Unwind@008749b0
008749c1	Unwind@008749c1
008749e0	Unwind@008749e0
00874a00	Unwind@00874a00
00874a20	Unwind@00874a20
00874a31	Unwind@00874a31
00874a39	Unwind@00874a39
00874a44	Unwind@00874a44
00874a4c	Unwind@00874a4c
00874a70	Unwind@00874a70
00874a81	Unwind@00874a81
00874a89	Unwind@00874a89
00874a94	Unwind@00874a94
00874a9c	Unwind@00874a9c
00874ac0	Unwind@00874ac0
00874ac8	Unwind@00874ac8
00874ad3	Unwind@00874ad3
00874af0	Unwind@00874af0
00874afb	Unwind@00874afb
00874b06	Unwind@00874b06
00874b11	Unwind@00874b11
00874b1c	Unwind@00874b1c
00874b27	Unwind@00874b27
00874b32	Unwind@00874b32
00874b3d	Unwind@00874b3d
00874b48	Unwind@00874b48
00874b53	Unwind@00874b53
00874b5e	Unwind@00874b5e
00874b69	Unwind@00874b69
00874b74	Unwind@00874b74
00874b7f	Unwind@00874b7f
00874b94	Unwind@00874b94
00874b9f	Unwind@00874b9f
00874baa	Unwind@00874baa
00874bb5	Unwind@00874bb5
00874bc0	Unwind@00874bc0
00874bcb	Unwind@00874bcb
00874bd6	Unwind@00874bd6
00874be1	Unwind@00874be1
00874c00	Unwind@00874c00
00874c20	Unwind@00874c20
00874c60	Unwind@00874c60
00874c68	Unwind@00874c68
00874c80	Unwind@00874c80
00874c88	Unwind@00874c88
00874ca0	Unwind@00874ca0
00874cab	Unwind@00874cab
00874cb6	Unwind@00874cb6
00874cc1	Unwind@00874cc1
00874ccc	Unwind@00874ccc
00874cd7	Unwind@00874cd7
00874ce2	Unwind@00874ce2
00874ced	Unwind@00874ced
00874cf8	Unwind@00874cf8
00874d03	Unwind@00874d03
00874d20	Unwind@00874d20
00874d28	Unwind@00874d28
00874d43	Unwind@00874d43
00874d51	Unwind@00874d51
00874d5f	Unwind@00874d5f
00874d6d	Unwind@00874d6d
00874d85	Unwind@00874d85
00874d8d	Unwind@00874d8d
00874da8	Unwind@00874da8
00874db6	Unwind@00874db6
00874dc4	Unwind@00874dc4
00874ddc	Unwind@00874ddc
00874de7	Unwind@00874de7
00874df2	Unwind@00874df2
00874dfd	Unwind@00874dfd
00874e0b	Unwind@00874e0b
00874e13	Unwind@00874e13
00874e1b	Unwind@00874e1b
00874e23	Unwind@00874e23
00874e3b	Unwind@00874e3b
00874e43	Unwind@00874e43
00874e4b	Unwind@00874e4b
00874e53	Unwind@00874e53
00874e5b	Unwind@00874e5b
00874e63	Unwind@00874e63
00874e6b	Unwind@00874e6b
00874e79	Unwind@00874e79
00874e87	Unwind@00874e87
00874e8f	Unwind@00874e8f
00874e9a	Unwind@00874e9a
00874ea2	Unwind@00874ea2
00874eaa	Unwind@00874eaa
00874ec2	Unwind@00874ec2
00874eca	Unwind@00874eca
00874ed2	Unwind@00874ed2
00874eda	Unwind@00874eda
00874ee2	Unwind@00874ee2
00874eea	Unwind@00874eea
00874ef2	Unwind@00874ef2
00874efa	Unwind@00874efa
00874f02	Unwind@00874f02
00874f0a	Unwind@00874f0a
00874f12	Unwind@00874f12
00874f1a	Unwind@00874f1a
00874f22	Unwind@00874f22
00874f2a	Unwind@00874f2a
00874f32	Unwind@00874f32
00874f3a	Unwind@00874f3a
00874f42	Unwind@00874f42
00874f4a	Unwind@00874f4a
00874f60	Unwind@00874f60
00874f68	Unwind@00874f68
00874f80	Unwind@00874f80
00874f88	Unwind@00874f88
00874fa0	Unwind@00874fa0
00874fa8	Unwind@00874fa8
00874fc3	Unwind@00874fc3
00874fdb	Unwind@00874fdb
00874fe3	Unwind@00874fe3
00874ff1	Unwind@00874ff1
00874fff	Unwind@00874fff
00875017	Unwind@00875017
0087501f	Unwind@0087501f
0087503a	Unwind@0087503a
00875052	Unwind@00875052
00875060	Unwind@00875060
0087506e	Unwind@0087506e
00875079	Unwind@00875079
0087508b	Unwind@0087508b
00875093	Unwind@00875093
0087509b	Unwind@0087509b
008750ad	Unwind@008750ad
008750b5	Unwind@008750b5
008750bd	Unwind@008750bd
008750c5	Unwind@008750c5
008750d7	Unwind@008750d7
008750df	Unwind@008750df
008750e7	Unwind@008750e7
008750f9	Unwind@008750f9
00875101	Unwind@00875101
00875109	Unwind@00875109
00875111	Unwind@00875111
00875119	Unwind@00875119
00875121	Unwind@00875121
00875129	Unwind@00875129
00875131	Unwind@00875131
00875139	Unwind@00875139
00875141	Unwind@00875141
00875153	Unwind@00875153
0087515b	Unwind@0087515b
00875163	Unwind@00875163
0087516b	Unwind@0087516b
00875183	Unwind@00875183
0087518e	Unwind@0087518e
008751b0	Unwind@008751b0
008751d0	Unwind@008751d0
008751f0	Unwind@008751f0
008751fb	Unwind@008751fb
00875210	Unwind@00875210
00875218	Unwind@00875218
0087523d	Unwind@0087523d
00875245	Unwind@00875245
0087526a	Unwind@0087526a
00875272	Unwind@00875272
00875284	Unwind@00875284
0087528f	Unwind@0087528f
0087529a	Unwind@0087529a
008752a5	Unwind@008752a5
008752b0	Unwind@008752b0
008752bb	Unwind@008752bb
008752c6	Unwind@008752c6
008752d1	Unwind@008752d1
008752dc	Unwind@008752dc
008752e7	Unwind@008752e7
008752f2	Unwind@008752f2
008752fd	Unwind@008752fd
00875308	Unwind@00875308
00875313	Unwind@00875313
0087531e	Unwind@0087531e
00875329	Unwind@00875329
00875331	Unwind@00875331
0087533c	Unwind@0087533c
00875347	Unwind@00875347
0087534f	Unwind@0087534f
00875357	Unwind@00875357
0087536f	Unwind@0087536f
0087537a	Unwind@0087537a
00875385	Unwind@00875385
00875390	Unwind@00875390
0087539b	Unwind@0087539b
008753a6	Unwind@008753a6
008753bb	Unwind@008753bb
008753c3	Unwind@008753c3
008753e8	Unwind@008753e8
008753fa	Unwind@008753fa
00875402	Unwind@00875402
0087540a	Unwind@0087540a
0087541c	Unwind@0087541c
00875424	Unwind@00875424
0087542c	Unwind@0087542c
00875434	Unwind@00875434
00875450	Unwind@00875450
0087545b	Unwind@0087545b
00875480	Unwind@00875480
0087548b	Unwind@0087548b
008754b0	Unwind@008754b0
008754bb	Unwind@008754bb
008754c9	Unwind@008754c9
008754f0	Unwind@008754f0
008754fb	Unwind@008754fb
00875509	Unwind@00875509
00875530	Unwind@00875530
00875542	Unwind@00875542
00875554	Unwind@00875554
0087555f	Unwind@0087555f
00875567	Unwind@00875567
0087556f	Unwind@0087556f
00875577	Unwind@00875577
0087557f	Unwind@0087557f
00875587	Unwind@00875587
0087558f	Unwind@0087558f
00875597	Unwind@00875597
0087559f	Unwind@0087559f
008755b7	Unwind@008755b7
008755bf	Unwind@008755bf
008755c7	Unwind@008755c7
008755d2	Unwind@008755d2
008755da	Unwind@008755da
008755ec	Unwind@008755ec
008755f4	Unwind@008755f4
008755fc	Unwind@008755fc
00875604	Unwind@00875604
0087560c	Unwind@0087560c
00875614	Unwind@00875614
0087561c	Unwind@0087561c
00875624	Unwind@00875624
00875636	Unwind@00875636
0087563e	Unwind@0087563e
00875646	Unwind@00875646
0087564e	Unwind@0087564e
00875660	Unwind@00875660
00875668	Unwind@00875668
0087567a	Unwind@0087567a
00875685	Unwind@00875685
00875690	Unwind@00875690
0087569b	Unwind@0087569b
008756a6	Unwind@008756a6
008756b1	Unwind@008756b1
008756bc	Unwind@008756bc
008756c7	Unwind@008756c7
008756d2	Unwind@008756d2
008756dd	Unwind@008756dd
008756e8	Unwind@008756e8
008756f3	Unwind@008756f3
008756fe	Unwind@008756fe
00875706	Unwind@00875706
0087570e	Unwind@0087570e
00875720	Unwind@00875720
00875735	Unwind@00875735
0087573d	Unwind@0087573d
00875755	Unwind@00875755
0087575d	Unwind@0087575d
00875775	Unwind@00875775
0087577d	Unwind@0087577d
00875788	Unwind@00875788
00875793	Unwind@00875793
0087579b	Unwind@0087579b
008757a3	Unwind@008757a3
008757bb	Unwind@008757bb
008757c3	Unwind@008757c3
008757ce	Unwind@008757ce
008757d9	Unwind@008757d9
008757e1	Unwind@008757e1
008757e9	Unwind@008757e9
00875801	Unwind@00875801
0087580c	Unwind@0087580c
00875817	Unwind@00875817
00875822	Unwind@00875822
0087582d	Unwind@0087582d
00875838	Unwind@00875838
00875843	Unwind@00875843
0087584e	Unwind@0087584e
00875859	Unwind@00875859
00875864	Unwind@00875864
00875880	Unwind@00875880
00875888	Unwind@00875888
00875893	Unwind@00875893
008758b0	Unwind@008758b0
008758c2	Unwind@008758c2
008758ca	Unwind@008758ca
008758dc	Unwind@008758dc
008758e4	Unwind@008758e4
008758ec	Unwind@008758ec
008758f4	Unwind@008758f4
008758fc	Unwind@008758fc
00875904	Unwind@00875904
0087590c	Unwind@0087590c
00875914	Unwind@00875914
0087591c	Unwind@0087591c
0087592e	Unwind@0087592e
00875936	Unwind@00875936
0087593e	Unwind@0087593e
00875946	Unwind@00875946
0087594e	Unwind@0087594e
00875956	Unwind@00875956
0087595e	Unwind@0087595e
00875966	Unwind@00875966
0087596e	Unwind@0087596e
00875980	Unwind@00875980
00875988	Unwind@00875988
0087599d	Unwind@0087599d
008759a5	Unwind@008759a5
008759b7	Unwind@008759b7
008759c2	Unwind@008759c2
008759d7	Unwind@008759d7
008759df	Unwind@008759df
008759e7	Unwind@008759e7
008759ef	Unwind@008759ef
00875a01	Unwind@00875a01
00875a09	Unwind@00875a09
00875a1b	Unwind@00875a1b
00875a30	Unwind@00875a30
00875a38	Unwind@00875a38
00875a46	Unwind@00875a46
00875a54	Unwind@00875a54
00875a6f	Unwind@00875a6f
00875a8a	Unwind@00875a8a
00875a98	Unwind@00875a98
00875ab0	Unwind@00875ab0
00875ab8	Unwind@00875ab8
00875ac6	Unwind@00875ac6
00875ad4	Unwind@00875ad4
00875aef	Unwind@00875aef
00875b0a	Unwind@00875b0a
00875b18	Unwind@00875b18
00875b26	Unwind@00875b26
00875b3b	Unwind@00875b3b
00875b46	Unwind@00875b46
00875b51	Unwind@00875b51
00875b5c	Unwind@00875b5c
00875b71	Unwind@00875b71
00875b7c	Unwind@00875b7c
00875b87	Unwind@00875b87
00875b92	Unwind@00875b92
00875b9d	Unwind@00875b9d
00875ba8	Unwind@00875ba8
00875bc0	Unwind@00875bc0
00875bd2	Unwind@00875bd2
00875bda	Unwind@00875bda
00875be2	Unwind@00875be2
00875bea	Unwind@00875bea
00875bf8	Unwind@00875bf8
00875c0d	Unwind@00875c0d
00875c18	Unwind@00875c18
00875c2d	Unwind@00875c2d
00875c42	Unwind@00875c42
00875c4a	Unwind@00875c4a
00875c52	Unwind@00875c52
00875c5a	Unwind@00875c5a
00875c6c	Unwind@00875c6c
00875c7a	Unwind@00875c7a
00875c88	Unwind@00875c88
00875c96	Unwind@00875c96
00875ca4	Unwind@00875ca4
00875cb2	Unwind@00875cb2
00875cc0	Unwind@00875cc0
00875cce	Unwind@00875cce
00875cd9	Unwind@00875cd9
00875cf6	Unwind@00875cf6
00875d01	Unwind@00875d01
00875d0f	Unwind@00875d0f
00875d1a	Unwind@00875d1a
00875d37	Unwind@00875d37
00875d42	Unwind@00875d42
00875d50	Unwind@00875d50
00875d5e	Unwind@00875d5e
00875d69	Unwind@00875d69
00875d86	Unwind@00875d86
00875d91	Unwind@00875d91
00875d9f	Unwind@00875d9f
00875daa	Unwind@00875daa
00875dc7	Unwind@00875dc7
00875dd2	Unwind@00875dd2
00875de0	Unwind@00875de0
00875dee	Unwind@00875dee
00875df9	Unwind@00875df9
00875e16	Unwind@00875e16
00875e21	Unwind@00875e21
00875e2f	Unwind@00875e2f
00875e3a	Unwind@00875e3a
00875e57	Unwind@00875e57
00875e62	Unwind@00875e62
00875e70	Unwind@00875e70
00875e7e	Unwind@00875e7e
00875e9b	Unwind@00875e9b
00875ea9	Unwind@00875ea9
00875eb7	Unwind@00875eb7
00875ec2	Unwind@00875ec2
00875ee1	Unwind@00875ee1
00875eec	Unwind@00875eec
00875efa	Unwind@00875efa
00875f05	Unwind@00875f05
00875f24	Unwind@00875f24
00875f2f	Unwind@00875f2f
00875f3d	Unwind@00875f3d
00875f45	Unwind@00875f45
00875f50	Unwind@00875f50
00875f58	Unwind@00875f58
00875f60	Unwind@00875f60
00875f80	Unwind@00875f80
00875fa0	Unwind@00875fa0
00875fa8	Unwind@00875fa8
00875fb0	Unwind@00875fb0
00875fb8	Unwind@00875fb8
00875fc6	Unwind@00875fc6
00875fce	Unwind@00875fce
00875fd6	Unwind@00875fd6
00875fee	Unwind@00875fee
00875ff6	Unwind@00875ff6
00876004	Unwind@00876004
0087600f	Unwind@0087600f
00876024	Unwind@00876024
0087602c	Unwind@0087602c
00876034	Unwind@00876034
00876046	Unwind@00876046
0087604e	Unwind@0087604e
00876056	Unwind@00876056
0087605e	Unwind@0087605e
00876070	Unwind@00876070
00876078	Unwind@00876078
00876080	Unwind@00876080
00876088	Unwind@00876088
0087609a	Unwind@0087609a
008760af	Unwind@008760af
008760d0	Unwind@008760d0
008760f0	Unwind@008760f0
008760f8	Unwind@008760f8
00876110	Unwind@00876110
00876122	Unwind@00876122
0087612d	Unwind@0087612d
00876138	Unwind@00876138
00876143	Unwind@00876143
00876160	Unwind@00876160
00876168	Unwind@00876168
00876176	Unwind@00876176
00876184	Unwind@00876184
00876192	Unwind@00876192
008761a0	Unwind@008761a0
008761ae	Unwind@008761ae
008761bc	Unwind@008761bc
008761ca	Unwind@008761ca
008761d8	Unwind@008761d8
008761e6	Unwind@008761e6
008761f4	Unwind@008761f4
00876209	Unwind@00876209
00876211	Unwind@00876211
0087621f	Unwind@0087621f
0087622d	Unwind@0087622d
0087623b	Unwind@0087623b
00876249	Unwind@00876249
00876257	Unwind@00876257
00876265	Unwind@00876265
00876273	Unwind@00876273
00876281	Unwind@00876281
0087628f	Unwind@0087628f
0087629d	Unwind@0087629d
008762a5	Unwind@008762a5
008762bd	Unwind@008762bd
008762c5	Unwind@008762c5
008762d7	Unwind@008762d7
008762df	Unwind@008762df
008762e7	Unwind@008762e7
008762ef	Unwind@008762ef
008762f7	Unwind@008762f7
008762ff	Unwind@008762ff
00876311	Unwind@00876311
0087631c	Unwind@0087631c
00876327	Unwind@00876327
00876332	Unwind@00876332
0087633d	Unwind@0087633d
00876345	Unwind@00876345
0087634d	Unwind@0087634d
00876355	Unwind@00876355
0087635d	Unwind@0087635d
00876365	Unwind@00876365
0087636d	Unwind@0087636d
00876375	Unwind@00876375
0087637d	Unwind@0087637d
00876388	Unwind@00876388
00876393	Unwind@00876393
0087639e	Unwind@0087639e
008763a9	Unwind@008763a9
008763b4	Unwind@008763b4
008763bf	Unwind@008763bf
008763ca	Unwind@008763ca
008763d5	Unwind@008763d5
008763e0	Unwind@008763e0
008763eb	Unwind@008763eb
008763f6	Unwind@008763f6
00876401	Unwind@00876401
0087640c	Unwind@0087640c
00876417	Unwind@00876417
00876422	Unwind@00876422
0087642d	Unwind@0087642d
00876438	Unwind@00876438
00876443	Unwind@00876443
0087644e	Unwind@0087644e
00876459	Unwind@00876459
00876464	Unwind@00876464
00876479	Unwind@00876479
00876484	Unwind@00876484
00876499	Unwind@00876499
008764a1	Unwind@008764a1
008764a9	Unwind@008764a9
008764b1	Unwind@008764b1
008764c3	Unwind@008764c3
008764ce	Unwind@008764ce
008764d9	Unwind@008764d9
008764e4	Unwind@008764e4
008764ef	Unwind@008764ef
008764f7	Unwind@008764f7
008764ff	Unwind@008764ff
00876507	Unwind@00876507
0087650f	Unwind@0087650f
00876517	Unwind@00876517
0087651f	Unwind@0087651f
00876527	Unwind@00876527
0087652f	Unwind@0087652f
0087653a	Unwind@0087653a
00876545	Unwind@00876545
0087654d	Unwind@0087654d
00876558	Unwind@00876558
00876563	Unwind@00876563
0087656e	Unwind@0087656e
00876576	Unwind@00876576
00876581	Unwind@00876581
0087658c	Unwind@0087658c
00876597	Unwind@00876597
008765a2	Unwind@008765a2
008765ad	Unwind@008765ad
008765b8	Unwind@008765b8
008765c3	Unwind@008765c3
008765d8	Unwind@008765d8
008765e3	Unwind@008765e3
008765ee	Unwind@008765ee
008765f9	Unwind@008765f9
0087660e	Unwind@0087660e
00876616	Unwind@00876616
0087661e	Unwind@0087661e
00876630	Unwind@00876630
0087663b	Unwind@0087663b
00876646	Unwind@00876646
0087664e	Unwind@0087664e
00876656	Unwind@00876656
0087665e	Unwind@0087665e
00876666	Unwind@00876666
0087666e	Unwind@0087666e
00876676	Unwind@00876676
0087667e	Unwind@0087667e
00876686	Unwind@00876686
00876698	Unwind@00876698
008766a0	Unwind@008766a0
008766a8	Unwind@008766a8
008766b3	Unwind@008766b3
008766be	Unwind@008766be
008766c9	Unwind@008766c9
008766d4	Unwind@008766d4
008766df	Unwind@008766df
008766ea	Unwind@008766ea
008766fc	Unwind@008766fc
00876704	Unwind@00876704
0087670f	Unwind@0087670f
0087671a	Unwind@0087671a
00876722	Unwind@00876722
0087672a	Unwind@0087672a
00876742	Unwind@00876742
0087674d	Unwind@0087674d
00876758	Unwind@00876758
00876760	Unwind@00876760
00876768	Unwind@00876768
00876770	Unwind@00876770
00876778	Unwind@00876778
00876780	Unwind@00876780
00876788	Unwind@00876788
00876790	Unwind@00876790
00876798	Unwind@00876798
008767aa	Unwind@008767aa
008767b5	Unwind@008767b5
008767c0	Unwind@008767c0
008767c8	Unwind@008767c8
008767d0	Unwind@008767d0
008767d8	Unwind@008767d8
008767e0	Unwind@008767e0
008767e8	Unwind@008767e8
008767f0	Unwind@008767f0
008767f8	Unwind@008767f8
00876800	Unwind@00876800
00876812	Unwind@00876812
0087681d	Unwind@0087681d
00876828	Unwind@00876828
00876833	Unwind@00876833
0087683e	Unwind@0087683e
00876849	Unwind@00876849
00876854	Unwind@00876854
0087685f	Unwind@0087685f
0087686a	Unwind@0087686a
00876875	Unwind@00876875
0087687d	Unwind@0087687d
00876885	Unwind@00876885
008768a0	Unwind@008768a0
008768a8	Unwind@008768a8
008768c0	Unwind@008768c0
008768c8	Unwind@008768c8
008768d6	Unwind@008768d6
008768e4	Unwind@008768e4
008768f2	Unwind@008768f2
00876900	Unwind@00876900
0087690e	Unwind@0087690e
0087691c	Unwind@0087691c
0087692a	Unwind@0087692a
00876942	Unwind@00876942
0087694a	Unwind@0087694a
00876958	Unwind@00876958
00876966	Unwind@00876966
00876974	Unwind@00876974
00876982	Unwind@00876982
00876990	Unwind@00876990
0087699e	Unwind@0087699e
008769b6	Unwind@008769b6
008769be	Unwind@008769be
008769c6	Unwind@008769c6
008769d8	Unwind@008769d8
008769e0	Unwind@008769e0
008769eb	Unwind@008769eb
008769f6	Unwind@008769f6
00876a01	Unwind@00876a01
00876a0c	Unwind@00876a0c
00876a17	Unwind@00876a17
00876a22	Unwind@00876a22
00876a2d	Unwind@00876a2d
00876a38	Unwind@00876a38
00876a43	Unwind@00876a43
00876a4e	Unwind@00876a4e
00876a59	Unwind@00876a59
00876a64	Unwind@00876a64
00876a6f	Unwind@00876a6f
00876a7a	Unwind@00876a7a
00876a85	Unwind@00876a85
00876a90	Unwind@00876a90
00876a9b	Unwind@00876a9b
00876aa6	Unwind@00876aa6
00876ab1	Unwind@00876ab1
00876abc	Unwind@00876abc
00876ac7	Unwind@00876ac7
00876ad2	Unwind@00876ad2
00876add	Unwind@00876add
00876ae8	Unwind@00876ae8
00876af3	Unwind@00876af3
00876afe	Unwind@00876afe
00876b09	Unwind@00876b09
00876b14	Unwind@00876b14
00876b1f	Unwind@00876b1f
00876b2a	Unwind@00876b2a
00876b35	Unwind@00876b35
00876b40	Unwind@00876b40
00876b4b	Unwind@00876b4b
00876b56	Unwind@00876b56
00876b61	Unwind@00876b61
00876b6c	Unwind@00876b6c
00876b77	Unwind@00876b77
00876b90	Unwind@00876b90
00876b98	Unwind@00876b98
00876bb0	Unwind@00876bb0
00876bb8	Unwind@00876bb8
00876bc0	Unwind@00876bc0
00876bc8	Unwind@00876bc8
00876bd0	Unwind@00876bd0
00876bd8	Unwind@00876bd8
00876bef	Unwind@00876bef
00876c10	Unwind@00876c10
00876c1b	Unwind@00876c1b
00876c26	Unwind@00876c26
00876c2e	Unwind@00876c2e
00876c36	Unwind@00876c36
00876c3e	Unwind@00876c3e
00876c49	Unwind@00876c49
00876c51	Unwind@00876c51
00876c59	Unwind@00876c59
00876c61	Unwind@00876c61
00876c6c	Unwind@00876c6c
00876c74	Unwind@00876c74
00876c7f	Unwind@00876c7f
00876c8a	Unwind@00876c8a
00876c95	Unwind@00876c95
00876ca0	Unwind@00876ca0
00876ca8	Unwind@00876ca8
00876cb0	Unwind@00876cb0
00876cb8	Unwind@00876cb8
00876cc0	Unwind@00876cc0
00876cc8	Unwind@00876cc8
00876cd0	Unwind@00876cd0
00876cdb	Unwind@00876cdb
00876ce3	Unwind@00876ce3
00876ceb	Unwind@00876ceb
00876cf3	Unwind@00876cf3
00876cfb	Unwind@00876cfb
00876d06	Unwind@00876d06
00876d0e	Unwind@00876d0e
00876d16	Unwind@00876d16
00876d21	Unwind@00876d21
00876d29	Unwind@00876d29
00876d31	Unwind@00876d31
00876d39	Unwind@00876d39
00876d41	Unwind@00876d41
00876d49	Unwind@00876d49
00876d54	Unwind@00876d54
00876d5c	Unwind@00876d5c
00876d67	Unwind@00876d67
00876d6f	Unwind@00876d6f
00876d77	Unwind@00876d77
00876d7f	Unwind@00876d7f
00876d8a	Unwind@00876d8a
00876d92	Unwind@00876d92
00876d9a	Unwind@00876d9a
00876da2	Unwind@00876da2
00876dad	Unwind@00876dad
00876db5	Unwind@00876db5
00876dbd	Unwind@00876dbd
00876dc5	Unwind@00876dc5
00876dcd	Unwind@00876dcd
00876dd5	Unwind@00876dd5
00876ddd	Unwind@00876ddd
00876de8	Unwind@00876de8
00876df3	Unwind@00876df3
00876dfe	Unwind@00876dfe
00876e09	Unwind@00876e09
00876e14	Unwind@00876e14
00876e29	Unwind@00876e29
00876e31	Unwind@00876e31
00876e39	Unwind@00876e39
00876e41	Unwind@00876e41
00876e49	Unwind@00876e49
00876e51	Unwind@00876e51
00876e59	Unwind@00876e59
00876e61	Unwind@00876e61
00876e69	Unwind@00876e69
00876e71	Unwind@00876e71
00876e79	Unwind@00876e79
00876e81	Unwind@00876e81
00876e89	Unwind@00876e89
00876e91	Unwind@00876e91
00876e99	Unwind@00876e99
00876ea1	Unwind@00876ea1
00876ea9	Unwind@00876ea9
00876eb1	Unwind@00876eb1
00876eb9	Unwind@00876eb9
00876ec1	Unwind@00876ec1
00876ec9	Unwind@00876ec9
00876ed1	Unwind@00876ed1
00876ed9	Unwind@00876ed9
00876ee1	Unwind@00876ee1
00876ee9	Unwind@00876ee9
00876ef1	Unwind@00876ef1
00876f03	Unwind@00876f03
00876f0b	Unwind@00876f0b
00876f13	Unwind@00876f13
00876f1b	Unwind@00876f1b
00876f23	Unwind@00876f23
00876f2b	Unwind@00876f2b
00876f33	Unwind@00876f33
00876f3b	Unwind@00876f3b
00876f43	Unwind@00876f43
00876f55	Unwind@00876f55
00876f5d	Unwind@00876f5d
00876f65	Unwind@00876f65
00876f6d	Unwind@00876f6d
00876f75	Unwind@00876f75
00876f7d	Unwind@00876f7d
00876f85	Unwind@00876f85
00876f8d	Unwind@00876f8d
00876f95	Unwind@00876f95
00876fa7	Unwind@00876fa7
00876faf	Unwind@00876faf
00876fb7	Unwind@00876fb7
00876fbf	Unwind@00876fbf
00876fc7	Unwind@00876fc7
00876fcf	Unwind@00876fcf
00876fd7	Unwind@00876fd7
00876fdf	Unwind@00876fdf
00876fe7	Unwind@00876fe7
00876ff9	Unwind@00876ff9
00877001	Unwind@00877001
00877009	Unwind@00877009
00877011	Unwind@00877011
00877019	Unwind@00877019
00877021	Unwind@00877021
00877029	Unwind@00877029
00877031	Unwind@00877031
00877039	Unwind@00877039
00877050	Unwind@00877050
00877070	Unwind@00877070
00877078	Unwind@00877078
00877080	Unwind@00877080
00877097	Unwind@00877097
0087709f	Unwind@0087709f
008770a7	Unwind@008770a7
008770af	Unwind@008770af
008770b7	Unwind@008770b7
008770bf	Unwind@008770bf
008770e0	Unwind@008770e0
008770e8	Unwind@008770e8
00877100	Unwind@00877100
00877108	Unwind@00877108
00877120	Unwind@00877120
00877128	Unwind@00877128
00877133	Unwind@00877133
0087714a	Unwind@0087714a
00877158	Unwind@00877158
0087716a	Unwind@0087716a
00877172	Unwind@00877172
0087717a	Unwind@0087717a
00877182	Unwind@00877182
0087718a	Unwind@0087718a
00877192	Unwind@00877192
008771a4	Unwind@008771a4
008771b2	Unwind@008771b2
008771bd	Unwind@008771bd
008771cb	Unwind@008771cb
008771d6	Unwind@008771d6
008771e4	Unwind@008771e4
008771ef	Unwind@008771ef
008771fd	Unwind@008771fd
00877208	Unwind@00877208
00877216	Unwind@00877216
00877221	Unwind@00877221
0087722f	Unwind@0087722f
0087723a	Unwind@0087723a
00877248	Unwind@00877248
0087725d	Unwind@0087725d
00877268	Unwind@00877268
00877273	Unwind@00877273
0087727e	Unwind@0087727e
00877289	Unwind@00877289
008772a0	Unwind@008772a0
008772a8	Unwind@008772a8
008772b0	Unwind@008772b0
008772b8	Unwind@008772b8
008772c3	Unwind@008772c3
008772e0	Unwind@008772e0
00877300	Unwind@00877300
00877308	Unwind@00877308
00877313	Unwind@00877313
00877330	Unwind@00877330
00877350	Unwind@00877350
00877361	Unwind@00877361
00877380	Unwind@00877380
00877388	Unwind@00877388
00877393	Unwind@00877393
008773b0	Unwind@008773b0
008773d0	Unwind@008773d0
008773e1	Unwind@008773e1
008773e9	Unwind@008773e9
00877400	Unwind@00877400
00877411	Unwind@00877411
00877419	Unwind@00877419
00877430	Unwind@00877430
00877450	Unwind@00877450
00877458	Unwind@00877458
00877470	Unwind@00877470
00877488	Unwind@00877488
00877490	Unwind@00877490
008774a8	Unwind@008774a8
008774c0	Unwind@008774c0
008774d5	Unwind@008774d5
008774dd	Unwind@008774dd
008774e5	Unwind@008774e5
008774ed	Unwind@008774ed
008774fb	Unwind@008774fb
00877506	Unwind@00877506
00877511	Unwind@00877511
0087751c	Unwind@0087751c
00877534	Unwind@00877534
0087753c	Unwind@0087753c
00877547	Unwind@00877547
0087754f	Unwind@0087754f
00877557	Unwind@00877557
0087755f	Unwind@0087755f
00877567	Unwind@00877567
0087756f	Unwind@0087756f
00877577	Unwind@00877577
0087758c	Unwind@0087758c
00877597	Unwind@00877597
008775a2	Unwind@008775a2
008775ad	Unwind@008775ad
008775b8	Unwind@008775b8
008775c0	Unwind@008775c0
008775c8	Unwind@008775c8
008775d0	Unwind@008775d0
008775d8	Unwind@008775d8
008775e0	Unwind@008775e0
008775e8	Unwind@008775e8
008775f0	Unwind@008775f0
008775f8	Unwind@008775f8
00877600	Unwind@00877600
00877608	Unwind@00877608
00877610	Unwind@00877610
00877618	Unwind@00877618
00877620	Unwind@00877620
00877628	Unwind@00877628
00877630	Unwind@00877630
00877638	Unwind@00877638
00877643	Unwind@00877643
0087764e	Unwind@0087764e
00877659	Unwind@00877659
00877664	Unwind@00877664
0087766f	Unwind@0087766f
0087767a	Unwind@0087767a
00877685	Unwind@00877685
0087768d	Unwind@0087768d
008776a2	Unwind@008776a2
008776aa	Unwind@008776aa
008776b2	Unwind@008776b2
008776ba	Unwind@008776ba
008776c2	Unwind@008776c2
008776ca	Unwind@008776ca
008776d2	Unwind@008776d2
008776da	Unwind@008776da
008776e2	Unwind@008776e2
008776ea	Unwind@008776ea
008776f2	Unwind@008776f2
008776fa	Unwind@008776fa
00877702	Unwind@00877702
0087770a	Unwind@0087770a
00877712	Unwind@00877712
00877730	Unwind@00877730
00877738	Unwind@00877738
00877753	Unwind@00877753
00877761	Unwind@00877761
0087776f	Unwind@0087776f
0087777d	Unwind@0087777d
0087778b	Unwind@0087778b
00877799	Unwind@00877799
008777a7	Unwind@008777a7
008777b5	Unwind@008777b5
008777c3	Unwind@008777c3
008777d1	Unwind@008777d1
008777df	Unwind@008777df
008777ed	Unwind@008777ed
008777fb	Unwind@008777fb
00877809	Unwind@00877809
00877817	Unwind@00877817
00877825	Unwind@00877825
0087783d	Unwind@0087783d
00877845	Unwind@00877845
00877860	Unwind@00877860
0087786e	Unwind@0087786e
0087787c	Unwind@0087787c
0087788a	Unwind@0087788a
00877898	Unwind@00877898
008778a6	Unwind@008778a6
008778b4	Unwind@008778b4
008778c2	Unwind@008778c2
008778d0	Unwind@008778d0
008778de	Unwind@008778de
008778ec	Unwind@008778ec
008778fa	Unwind@008778fa
00877908	Unwind@00877908
00877916	Unwind@00877916
00877924	Unwind@00877924
00877932	Unwind@00877932
00877940	Unwind@00877940
00877948	Unwind@00877948
00877960	Unwind@00877960
00877968	Unwind@00877968
00877970	Unwind@00877970
00877978	Unwind@00877978
0087798f	Unwind@0087798f
00877997	Unwind@00877997
0087799f	Unwind@0087799f
008779a7	Unwind@008779a7
008779af	Unwind@008779af
008779b7	Unwind@008779b7
008779bf	Unwind@008779bf
008779c7	Unwind@008779c7
008779d9	Unwind@008779d9
008779e1	Unwind@008779e1
008779e9	Unwind@008779e9
008779f4	Unwind@008779f4
008779ff	Unwind@008779ff
00877a0a	Unwind@00877a0a
00877a15	Unwind@00877a15
00877a20	Unwind@00877a20
00877a2b	Unwind@00877a2b
00877a3d	Unwind@00877a3d
00877a45	Unwind@00877a45
00877a4d	Unwind@00877a4d
00877a55	Unwind@00877a55
00877a5d	Unwind@00877a5d
00877a65	Unwind@00877a65
00877a6d	Unwind@00877a6d
00877a75	Unwind@00877a75
00877a7d	Unwind@00877a7d
00877a85	Unwind@00877a85
00877a8d	Unwind@00877a8d
00877aa2	Unwind@00877aa2
00877aaa	Unwind@00877aaa
00877ab2	Unwind@00877ab2
00877aba	Unwind@00877aba
00877ac2	Unwind@00877ac2
00877aca	Unwind@00877aca
00877ad2	Unwind@00877ad2
00877ada	Unwind@00877ada
00877ae2	Unwind@00877ae2
00877aea	Unwind@00877aea
00877af2	Unwind@00877af2
00877afa	Unwind@00877afa
00877b02	Unwind@00877b02
00877b0a	Unwind@00877b0a
00877b12	Unwind@00877b12
00877b24	Unwind@00877b24
00877b2f	Unwind@00877b2f
00877b3a	Unwind@00877b3a
00877b45	Unwind@00877b45
00877b50	Unwind@00877b50
00877b5b	Unwind@00877b5b
00877b66	Unwind@00877b66
00877b71	Unwind@00877b71
00877b7c	Unwind@00877b7c
00877b87	Unwind@00877b87
00877b92	Unwind@00877b92
00877b9d	Unwind@00877b9d
00877bb5	Unwind@00877bb5
00877bc0	Unwind@00877bc0
00877bcb	Unwind@00877bcb
00877bd6	Unwind@00877bd6
00877be1	Unwind@00877be1
00877bec	Unwind@00877bec
00877bf7	Unwind@00877bf7
00877c02	Unwind@00877c02
00877c0d	Unwind@00877c0d
00877c18	Unwind@00877c18
00877c23	Unwind@00877c23
00877c2e	Unwind@00877c2e
00877c39	Unwind@00877c39
00877c44	Unwind@00877c44
00877c4c	Unwind@00877c4c
00877c54	Unwind@00877c54
00877c5c	Unwind@00877c5c
00877c67	Unwind@00877c67
00877c72	Unwind@00877c72
00877c7d	Unwind@00877c7d
00877c88	Unwind@00877c88
00877c93	Unwind@00877c93
00877c9e	Unwind@00877c9e
00877ca9	Unwind@00877ca9
00877cb4	Unwind@00877cb4
00877cbf	Unwind@00877cbf
00877cca	Unwind@00877cca
00877cd5	Unwind@00877cd5
00877ce0	Unwind@00877ce0
00877ceb	Unwind@00877ceb
00877cf6	Unwind@00877cf6
00877d01	Unwind@00877d01
00877d0c	Unwind@00877d0c
00877d17	Unwind@00877d17
00877d22	Unwind@00877d22
00877d2d	Unwind@00877d2d
00877d38	Unwind@00877d38
00877d43	Unwind@00877d43
00877d4e	Unwind@00877d4e
00877d59	Unwind@00877d59
00877d64	Unwind@00877d64
00877d6f	Unwind@00877d6f
00877d84	Unwind@00877d84
00877d96	Unwind@00877d96
00877da1	Unwind@00877da1
00877da9	Unwind@00877da9
00877db1	Unwind@00877db1
00877db9	Unwind@00877db9
00877dc4	Unwind@00877dc4
00877dcf	Unwind@00877dcf
00877dd7	Unwind@00877dd7
00877ddf	Unwind@00877ddf
00877dea	Unwind@00877dea
00877df5	Unwind@00877df5
00877e00	Unwind@00877e00
00877e0e	Unwind@00877e0e
00877e19	Unwind@00877e19
00877e24	Unwind@00877e24
00877e2f	Unwind@00877e2f
00877e3d	Unwind@00877e3d
00877e48	Unwind@00877e48
00877e50	Unwind@00877e50
00877e58	Unwind@00877e58
00877e60	Unwind@00877e60
00877e6b	Unwind@00877e6b
00877e76	Unwind@00877e76
00877e81	Unwind@00877e81
00877e8c	Unwind@00877e8c
00877e94	Unwind@00877e94
00877e9c	Unwind@00877e9c
00877eaa	Unwind@00877eaa
00877eb8	Unwind@00877eb8
00877ed0	Unwind@00877ed0
00877ede	Unwind@00877ede
00877ef6	Unwind@00877ef6
00877efe	Unwind@00877efe
00877f06	Unwind@00877f06
00877f0e	Unwind@00877f0e
00877f16	Unwind@00877f16
00877f1e	Unwind@00877f1e
00877f26	Unwind@00877f26
00877f2e	Unwind@00877f2e
00877f36	Unwind@00877f36
00877f3e	Unwind@00877f3e
00877f46	Unwind@00877f46
00877f4e	Unwind@00877f4e
00877f56	Unwind@00877f56
00877f5e	Unwind@00877f5e
00877f66	Unwind@00877f66
00877f6e	Unwind@00877f6e
00877f76	Unwind@00877f76
00877f90	Unwind@00877f90
00877fb0	Unwind@00877fb0
00877fd0	Unwind@00877fd0
00877fd8	Unwind@00877fd8
00877fe0	Unwind@00877fe0
00877fe8	Unwind@00877fe8
00877ff0	Unwind@00877ff0
00877ff8	Unwind@00877ff8
00878010	Unwind@00878010
00878018	Unwind@00878018
00878020	Unwind@00878020
00878028	Unwind@00878028
00878030	Unwind@00878030
0087803b	Unwind@0087803b
00878050	Unwind@00878050
0087805b	Unwind@0087805b
00878063	Unwind@00878063
00878080	Unwind@00878080
00878088	Unwind@00878088
008780a0	Unwind@008780a0
008780a8	Unwind@008780a8
008780b0	Unwind@008780b0
008780b8	Unwind@008780b8
008780c0	Unwind@008780c0
008780d7	Unwind@008780d7
008780f0	Unwind@008780f0
00878110	Unwind@00878110
00878130	Unwind@00878130
00878138	Unwind@00878138
00878146	Unwind@00878146
00878154	Unwind@00878154
00878162	Unwind@00878162
00878170	Unwind@00878170
0087818b	Unwind@0087818b
00878199	Unwind@00878199
008781a7	Unwind@008781a7
008781b5	Unwind@008781b5
008781c3	Unwind@008781c3
008781d1	Unwind@008781d1
008781df	Unwind@008781df
008781ed	Unwind@008781ed
008781fb	Unwind@008781fb
00878209	Unwind@00878209
00878217	Unwind@00878217
00878225	Unwind@00878225
00878233	Unwind@00878233
00878241	Unwind@00878241
0087824f	Unwind@0087824f
0087825d	Unwind@0087825d
0087826b	Unwind@0087826b
00878279	Unwind@00878279
00878287	Unwind@00878287
00878295	Unwind@00878295
0087829d	Unwind@0087829d
008782ab	Unwind@008782ab
008782b9	Unwind@008782b9
008782c7	Unwind@008782c7
008782d5	Unwind@008782d5
008782e3	Unwind@008782e3
008782f1	Unwind@008782f1
008782ff	Unwind@008782ff
0087830d	Unwind@0087830d
00878325	Unwind@00878325
0087832d	Unwind@0087832d
0087833b	Unwind@0087833b
00878349	Unwind@00878349
00878357	Unwind@00878357
00878365	Unwind@00878365
00878380	Unwind@00878380
0087838e	Unwind@0087838e
0087839c	Unwind@0087839c
008783aa	Unwind@008783aa
008783b8	Unwind@008783b8
008783c6	Unwind@008783c6
008783d4	Unwind@008783d4
008783e2	Unwind@008783e2
008783f0	Unwind@008783f0
008783fe	Unwind@008783fe
0087840c	Unwind@0087840c
0087841a	Unwind@0087841a
00878428	Unwind@00878428
00878436	Unwind@00878436
00878444	Unwind@00878444
00878452	Unwind@00878452
00878460	Unwind@00878460
0087846e	Unwind@0087846e
0087847c	Unwind@0087847c
0087848a	Unwind@0087848a
00878498	Unwind@00878498
008784a0	Unwind@008784a0
008784ae	Unwind@008784ae
008784bc	Unwind@008784bc
008784ca	Unwind@008784ca
008784d8	Unwind@008784d8
008784e6	Unwind@008784e6
008784f4	Unwind@008784f4
00878502	Unwind@00878502
00878510	Unwind@00878510
00878518	Unwind@00878518
00878530	Unwind@00878530
00878538	Unwind@00878538
00878540	Unwind@00878540
00878548	Unwind@00878548
00878550	Unwind@00878550
00878562	Unwind@00878562
0087856a	Unwind@0087856a
00878572	Unwind@00878572
0087857a	Unwind@0087857a
00878591	Unwind@00878591
00878599	Unwind@00878599
008785a1	Unwind@008785a1
008785a9	Unwind@008785a9
008785b1	Unwind@008785b1
008785b9	Unwind@008785b9
008785c1	Unwind@008785c1
008785c9	Unwind@008785c9
008785db	Unwind@008785db
008785e3	Unwind@008785e3
008785eb	Unwind@008785eb
008785f3	Unwind@008785f3
0087860a	Unwind@0087860a
00878612	Unwind@00878612
0087861a	Unwind@0087861a
00878622	Unwind@00878622
0087862a	Unwind@0087862a
00878632	Unwind@00878632
0087863a	Unwind@0087863a
00878642	Unwind@00878642
00878654	Unwind@00878654
0087865c	Unwind@0087865c
00878664	Unwind@00878664
0087866f	Unwind@0087866f
0087867a	Unwind@0087867a
00878685	Unwind@00878685
00878690	Unwind@00878690
0087869b	Unwind@0087869b
008786a6	Unwind@008786a6
008786b8	Unwind@008786b8
008786c0	Unwind@008786c0
008786c8	Unwind@008786c8
008786d0	Unwind@008786d0
008786d8	Unwind@008786d8
008786e0	Unwind@008786e0
008786e8	Unwind@008786e8
008786f0	Unwind@008786f0
008786f8	Unwind@008786f8
00878700	Unwind@00878700
0087870b	Unwind@0087870b
00878713	Unwind@00878713
0087871b	Unwind@0087871b
0087872d	Unwind@0087872d
00878735	Unwind@00878735
0087873d	Unwind@0087873d
00878745	Unwind@00878745
0087874d	Unwind@0087874d
00878755	Unwind@00878755
0087875d	Unwind@0087875d
00878765	Unwind@00878765
0087876d	Unwind@0087876d
00878775	Unwind@00878775
0087877d	Unwind@0087877d
00878785	Unwind@00878785
0087878d	Unwind@0087878d
00878795	Unwind@00878795
0087879d	Unwind@0087879d
008787a5	Unwind@008787a5
008787ad	Unwind@008787ad
008787b5	Unwind@008787b5
008787bd	Unwind@008787bd
008787cf	Unwind@008787cf
008787d7	Unwind@008787d7
008787df	Unwind@008787df
008787ea	Unwind@008787ea
008787f5	Unwind@008787f5
008787fd	Unwind@008787fd
00878815	Unwind@00878815
00878820	Unwind@00878820
0087882b	Unwind@0087882b
00878836	Unwind@00878836
00878841	Unwind@00878841
0087884c	Unwind@0087884c
00878857	Unwind@00878857
00878862	Unwind@00878862
0087886d	Unwind@0087886d
00878878	Unwind@00878878
00878883	Unwind@00878883
0087888e	Unwind@0087888e
00878899	Unwind@00878899
008788a4	Unwind@008788a4
008788af	Unwind@008788af
008788ba	Unwind@008788ba
008788c5	Unwind@008788c5
008788d0	Unwind@008788d0
008788db	Unwind@008788db
008788e6	Unwind@008788e6
008788f1	Unwind@008788f1
008788fc	Unwind@008788fc
00878907	Unwind@00878907
00878912	Unwind@00878912
0087891d	Unwind@0087891d
00878928	Unwind@00878928
00878933	Unwind@00878933
0087893e	Unwind@0087893e
00878949	Unwind@00878949
00878954	Unwind@00878954
0087895f	Unwind@0087895f
0087896a	Unwind@0087896a
00878975	Unwind@00878975
00878980	Unwind@00878980
0087898b	Unwind@0087898b
00878996	Unwind@00878996
008789a1	Unwind@008789a1
008789ac	Unwind@008789ac
008789b7	Unwind@008789b7
008789c2	Unwind@008789c2
008789cd	Unwind@008789cd
008789d8	Unwind@008789d8
008789e3	Unwind@008789e3
008789ee	Unwind@008789ee
008789f9	Unwind@008789f9
00878a04	Unwind@00878a04
00878a0f	Unwind@00878a0f
00878a1a	Unwind@00878a1a
00878a25	Unwind@00878a25
00878a30	Unwind@00878a30
00878a3b	Unwind@00878a3b
00878a46	Unwind@00878a46
00878a51	Unwind@00878a51
00878a5c	Unwind@00878a5c
00878a67	Unwind@00878a67
00878a72	Unwind@00878a72
00878a7d	Unwind@00878a7d
00878a88	Unwind@00878a88
00878a9e	Unwind@00878a9e
00878aa9	Unwind@00878aa9
00878ab1	Unwind@00878ab1
00878abc	Unwind@00878abc
00878ac4	Unwind@00878ac4
00878acf	Unwind@00878acf
00878ad7	Unwind@00878ad7
00878adf	Unwind@00878adf
00878ae7	Unwind@00878ae7
00878af2	Unwind@00878af2
00878afd	Unwind@00878afd
00878b08	Unwind@00878b08
00878b13	Unwind@00878b13
00878b1e	Unwind@00878b1e
00878b29	Unwind@00878b29
00878b34	Unwind@00878b34
00878b3f	Unwind@00878b3f
00878b4a	Unwind@00878b4a
00878b55	Unwind@00878b55
00878b60	Unwind@00878b60
00878b6b	Unwind@00878b6b
00878b76	Unwind@00878b76
00878b81	Unwind@00878b81
00878b8c	Unwind@00878b8c
00878b97	Unwind@00878b97
00878ba2	Unwind@00878ba2
00878bad	Unwind@00878bad
00878bb8	Unwind@00878bb8
00878bc3	Unwind@00878bc3
00878bce	Unwind@00878bce
00878bd9	Unwind@00878bd9
00878be4	Unwind@00878be4
00878bef	Unwind@00878bef
00878bfa	Unwind@00878bfa
00878c05	Unwind@00878c05
00878c10	Unwind@00878c10
00878c1b	Unwind@00878c1b
00878c26	Unwind@00878c26
00878c31	Unwind@00878c31
00878c3c	Unwind@00878c3c
00878c47	Unwind@00878c47
00878c52	Unwind@00878c52
00878c5d	Unwind@00878c5d
00878c68	Unwind@00878c68
00878c73	Unwind@00878c73
00878c7e	Unwind@00878c7e
00878c89	Unwind@00878c89
00878c94	Unwind@00878c94
00878c9f	Unwind@00878c9f
00878caa	Unwind@00878caa
00878cb5	Unwind@00878cb5
00878cc0	Unwind@00878cc0
00878ccb	Unwind@00878ccb
00878cd6	Unwind@00878cd6
00878ce1	Unwind@00878ce1
00878ce9	Unwind@00878ce9
00878cf1	Unwind@00878cf1
00878cf9	Unwind@00878cf9
00878d0e	Unwind@00878d0e
00878d16	Unwind@00878d16
00878d1e	Unwind@00878d1e
00878d26	Unwind@00878d26
00878d31	Unwind@00878d31
00878d3c	Unwind@00878d3c
00878d51	Unwind@00878d51
00878d5c	Unwind@00878d5c
00878d67	Unwind@00878d67
00878d72	Unwind@00878d72
00878d7d	Unwind@00878d7d
00878d88	Unwind@00878d88
00878d93	Unwind@00878d93
00878d9e	Unwind@00878d9e
00878da9	Unwind@00878da9
00878db4	Unwind@00878db4
00878dbf	Unwind@00878dbf
00878dca	Unwind@00878dca
00878dd5	Unwind@00878dd5
00878de0	Unwind@00878de0
00878de8	Unwind@00878de8
00878df0	Unwind@00878df0
00878df8	Unwind@00878df8
00878e03	Unwind@00878e03
00878e0e	Unwind@00878e0e
00878e16	Unwind@00878e16
00878e1e	Unwind@00878e1e
00878e29	Unwind@00878e29
00878e34	Unwind@00878e34
00878e3f	Unwind@00878e3f
00878e4a	Unwind@00878e4a
00878e55	Unwind@00878e55
00878e63	Unwind@00878e63
00878e6e	Unwind@00878e6e
00878e79	Unwind@00878e79
00878e84	Unwind@00878e84
00878e8f	Unwind@00878e8f
00878e9a	Unwind@00878e9a
00878ea8	Unwind@00878ea8
00878eb3	Unwind@00878eb3
00878ebb	Unwind@00878ebb
00878ec3	Unwind@00878ec3
00878ecb	Unwind@00878ecb
00878ed6	Unwind@00878ed6
00878ee1	Unwind@00878ee1
00878eec	Unwind@00878eec
00878ef7	Unwind@00878ef7
00878eff	Unwind@00878eff
00878f07	Unwind@00878f07
00878f15	Unwind@00878f15
00878f23	Unwind@00878f23
00878f3b	Unwind@00878f3b
00878f43	Unwind@00878f43
00878f4b	Unwind@00878f4b
00878f53	Unwind@00878f53
00878f5b	Unwind@00878f5b
00878f63	Unwind@00878f63
00878f6b	Unwind@00878f6b
00878f73	Unwind@00878f73
00878f7b	Unwind@00878f7b
00878f83	Unwind@00878f83
00878f8b	Unwind@00878f8b
00878f93	Unwind@00878f93
00878fa5	Unwind@00878fa5
00878fb3	Unwind@00878fb3
00878fc8	Unwind@00878fc8
00878fd0	Unwind@00878fd0
00878fd8	Unwind@00878fd8
00878fe0	Unwind@00878fe0
00878fe8	Unwind@00878fe8
00878ff0	Unwind@00878ff0
00879002	Unwind@00879002
0087900a	Unwind@0087900a
00879012	Unwind@00879012
0087901a	Unwind@0087901a
00879022	Unwind@00879022
0087902a	Unwind@0087902a
00879032	Unwind@00879032
0087903a	Unwind@0087903a
00879042	Unwind@00879042
0087904a	Unwind@0087904a
00879052	Unwind@00879052
0087905a	Unwind@0087905a
00879062	Unwind@00879062
0087906a	Unwind@0087906a
00879072	Unwind@00879072
0087907a	Unwind@0087907a
00879082	Unwind@00879082
008790a0	Unwind@008790a0
008790a8	Unwind@008790a8
008790b6	Unwind@008790b6
008790c4	Unwind@008790c4
008790d2	Unwind@008790d2
008790e0	Unwind@008790e0
008790ee	Unwind@008790ee
008790fc	Unwind@008790fc
0087910a	Unwind@0087910a
00879130	Unwind@00879130
00879138	Unwind@00879138
00879143	Unwind@00879143
0087914e	Unwind@0087914e
00879159	Unwind@00879159
00879164	Unwind@00879164
0087916f	Unwind@0087916f
0087917a	Unwind@0087917a
00879185	Unwind@00879185
00879190	Unwind@00879190
0087919b	Unwind@0087919b
008791a6	Unwind@008791a6
008791b1	Unwind@008791b1
008791bc	Unwind@008791bc
008791c7	Unwind@008791c7
008791d2	Unwind@008791d2
008791dd	Unwind@008791dd
008791e8	Unwind@008791e8
00879200	Unwind@00879200
00879220	Unwind@00879220
00879228	Unwind@00879228
00879240	Unwind@00879240
00879248	Unwind@00879248
00879256	Unwind@00879256
00879264	Unwind@00879264
00879272	Unwind@00879272
00879280	Unwind@00879280
008792a5	Unwind@008792a5
008792ad	Unwind@008792ad
008792bb	Unwind@008792bb
008792c9	Unwind@008792c9
008792d7	Unwind@008792d7
008792ef	Unwind@008792ef
008792f7	Unwind@008792f7
0087930e	Unwind@0087930e
00879320	Unwind@00879320
00879328	Unwind@00879328
0087933f	Unwind@0087933f
00879351	Unwind@00879351
00879359	Unwind@00879359
00879361	Unwind@00879361
00879369	Unwind@00879369
00879377	Unwind@00879377
0087937f	Unwind@0087937f
00879387	Unwind@00879387
0087938f	Unwind@0087938f
008793a7	Unwind@008793a7
008793af	Unwind@008793af
008793b7	Unwind@008793b7
008793bf	Unwind@008793bf
008793c7	Unwind@008793c7
008793d9	Unwind@008793d9
008793e4	Unwind@008793e4
008793ef	Unwind@008793ef
008793fa	Unwind@008793fa
00879405	Unwind@00879405
00879410	Unwind@00879410
0087941b	Unwind@0087941b
00879426	Unwind@00879426
00879431	Unwind@00879431
0087943c	Unwind@0087943c
00879447	Unwind@00879447
00879452	Unwind@00879452
0087945d	Unwind@0087945d
00879468	Unwind@00879468
00879473	Unwind@00879473
0087947b	Unwind@0087947b
00879483	Unwind@00879483
0087948b	Unwind@0087948b
00879496	Unwind@00879496
008794a1	Unwind@008794a1
008794ac	Unwind@008794ac
008794b7	Unwind@008794b7
008794c2	Unwind@008794c2
008794cd	Unwind@008794cd
008794d8	Unwind@008794d8
008794e3	Unwind@008794e3
008794ee	Unwind@008794ee
008794f9	Unwind@008794f9
00879504	Unwind@00879504
0087950f	Unwind@0087950f
0087951a	Unwind@0087951a
00879525	Unwind@00879525
00879530	Unwind@00879530
0087953b	Unwind@0087953b
00879546	Unwind@00879546
00879551	Unwind@00879551
0087955c	Unwind@0087955c
00879567	Unwind@00879567
00879572	Unwind@00879572
0087957d	Unwind@0087957d
00879588	Unwind@00879588
00879593	Unwind@00879593
0087959e	Unwind@0087959e
008795a9	Unwind@008795a9
008795b4	Unwind@008795b4
008795bf	Unwind@008795bf
008795ca	Unwind@008795ca
008795d5	Unwind@008795d5
008795e0	Unwind@008795e0
008795eb	Unwind@008795eb
008795f6	Unwind@008795f6
00879610	Unwind@00879610
00879618	Unwind@00879618
00879620	Unwind@00879620
00879628	Unwind@00879628
00879630	Unwind@00879630
00879638	Unwind@00879638
00879640	Unwind@00879640
00879648	Unwind@00879648
00879650	Unwind@00879650
00879658	Unwind@00879658
0087966f	Unwind@0087966f
00879677	Unwind@00879677
0087967f	Unwind@0087967f
008796a0	Unwind@008796a0
008796c0	Unwind@008796c0
008796e0	Unwind@008796e0
00879700	Unwind@00879700
00879708	Unwind@00879708
00879716	Unwind@00879716
00879724	Unwind@00879724
00879732	Unwind@00879732
00879740	Unwind@00879740
0087974e	Unwind@0087974e
00879766	Unwind@00879766
0087976e	Unwind@0087976e
0087977c	Unwind@0087977c
0087978a	Unwind@0087978a
00879798	Unwind@00879798
008797a6	Unwind@008797a6
008797be	Unwind@008797be
008797c6	Unwind@008797c6
008797d1	Unwind@008797d1
008797dc	Unwind@008797dc
008797e4	Unwind@008797e4
008797ec	Unwind@008797ec
00879810	Unwind@00879810
00879818	Unwind@00879818
00879826	Unwind@00879826
00879841	Unwind@00879841
0087984f	Unwind@0087984f
00879867	Unwind@00879867
0087986f	Unwind@0087986f
0087987d	Unwind@0087987d
00879898	Unwind@00879898
008798b0	Unwind@008798b0
008798b8	Unwind@008798b8
008798c0	Unwind@008798c0
008798c8	Unwind@008798c8
008798d0	Unwind@008798d0
008798d8	Unwind@008798d8
008798e0	Unwind@008798e0
008798e8	Unwind@008798e8
008798f0	Unwind@008798f0
00879910	Unwind@00879910
00879922	Unwind@00879922
00879934	Unwind@00879934
0087993c	Unwind@0087993c
00879947	Unwind@00879947
00879952	Unwind@00879952
0087995a	Unwind@0087995a
00879962	Unwind@00879962
0087997a	Unwind@0087997a
00879985	Unwind@00879985
00879990	Unwind@00879990
0087999b	Unwind@0087999b
008799a6	Unwind@008799a6
008799b1	Unwind@008799b1
008799bc	Unwind@008799bc
008799c7	Unwind@008799c7
008799dc	Unwind@008799dc
008799f1	Unwind@008799f1
008799fc	Unwind@008799fc
00879a07	Unwind@00879a07
00879a12	Unwind@00879a12
00879a1d	Unwind@00879a1d
00879a28	Unwind@00879a28
00879a33	Unwind@00879a33
00879a50	Unwind@00879a50
00879a58	Unwind@00879a58
00879a70	Unwind@00879a70
00879a92	Unwind@00879a92
00879a9a	Unwind@00879a9a
00879ab2	Unwind@00879ab2
00879ad4	Unwind@00879ad4
00879adf	Unwind@00879adf
00879aea	Unwind@00879aea
00879af5	Unwind@00879af5
00879b0a	Unwind@00879b0a
00879b12	Unwind@00879b12
00879b24	Unwind@00879b24
00879b2c	Unwind@00879b2c
00879b34	Unwind@00879b34
00879b3c	Unwind@00879b3c
00879b4e	Unwind@00879b4e
00879b56	Unwind@00879b56
00879b5e	Unwind@00879b5e
00879b69	Unwind@00879b69
00879b74	Unwind@00879b74
00879b7f	Unwind@00879b7f
00879b8a	Unwind@00879b8a
00879b95	Unwind@00879b95
00879ba0	Unwind@00879ba0
00879bab	Unwind@00879bab
00879bb6	Unwind@00879bb6
00879bc1	Unwind@00879bc1
00879bcc	Unwind@00879bcc
00879bd7	Unwind@00879bd7
00879be2	Unwind@00879be2
00879bed	Unwind@00879bed
00879bf8	Unwind@00879bf8
00879c03	Unwind@00879c03
00879c0e	Unwind@00879c0e
00879c19	Unwind@00879c19
00879c24	Unwind@00879c24
00879c2f	Unwind@00879c2f
00879c3d	Unwind@00879c3d
00879c48	Unwind@00879c48
00879c53	Unwind@00879c53
00879c5e	Unwind@00879c5e
00879c6c	Unwind@00879c6c
00879c74	Unwind@00879c74
00879c8c	Unwind@00879c8c
00879c97	Unwind@00879c97
00879ca2	Unwind@00879ca2
00879cad	Unwind@00879cad
00879cb8	Unwind@00879cb8
00879cc3	Unwind@00879cc3
00879cce	Unwind@00879cce
00879cd9	Unwind@00879cd9
00879ce4	Unwind@00879ce4
00879cef	Unwind@00879cef
00879cfa	Unwind@00879cfa
00879d05	Unwind@00879d05
00879d10	Unwind@00879d10
00879d1b	Unwind@00879d1b
00879d26	Unwind@00879d26
00879d31	Unwind@00879d31
00879d3c	Unwind@00879d3c
00879d47	Unwind@00879d47
00879d52	Unwind@00879d52
00879d5d	Unwind@00879d5d
00879d68	Unwind@00879d68
00879d73	Unwind@00879d73
00879d7e	Unwind@00879d7e
00879d89	Unwind@00879d89
00879d94	Unwind@00879d94
00879d9f	Unwind@00879d9f
00879daa	Unwind@00879daa
00879db5	Unwind@00879db5
00879dc0	Unwind@00879dc0
00879dcb	Unwind@00879dcb
00879dd6	Unwind@00879dd6
00879de1	Unwind@00879de1
00879dec	Unwind@00879dec
00879df7	Unwind@00879df7
00879e02	Unwind@00879e02
00879e0d	Unwind@00879e0d
00879e18	Unwind@00879e18
00879e23	Unwind@00879e23
00879e2e	Unwind@00879e2e
00879e39	Unwind@00879e39
00879e44	Unwind@00879e44
00879e59	Unwind@00879e59
00879e61	Unwind@00879e61
00879e73	Unwind@00879e73
00879e7b	Unwind@00879e7b
00879e83	Unwind@00879e83
00879e95	Unwind@00879e95
00879e9d	Unwind@00879e9d
00879ea8	Unwind@00879ea8
00879eb0	Unwind@00879eb0
00879eb8	Unwind@00879eb8
00879ec6	Unwind@00879ec6
00879ece	Unwind@00879ece
00879ed9	Unwind@00879ed9
00879ee1	Unwind@00879ee1
00879ee9	Unwind@00879ee9
00879f01	Unwind@00879f01
00879f0c	Unwind@00879f0c
00879f1a	Unwind@00879f1a
00879f34	Unwind@00879f34
00879f4e	Unwind@00879f4e
00879f56	Unwind@00879f56
00879f64	Unwind@00879f64
00879f72	Unwind@00879f72
00879f80	Unwind@00879f80
00879f8e	Unwind@00879f8e
00879f9c	Unwind@00879f9c
00879faa	Unwind@00879faa
00879fb8	Unwind@00879fb8
00879fc6	Unwind@00879fc6
00879fd4	Unwind@00879fd4
00879fe2	Unwind@00879fe2
00879ff0	Unwind@00879ff0
00879ffe	Unwind@00879ffe
0087a020	Unwind@0087a020
0087a040	Unwind@0087a040
0087a048	Unwind@0087a048
0087a050	Unwind@0087a050
0087a058	Unwind@0087a058
0087a060	Unwind@0087a060
0087a077	Unwind@0087a077
0087a090	Unwind@0087a090
0087a098	Unwind@0087a098
0087a0b0	Unwind@0087a0b0
0087a0b8	Unwind@0087a0b8
0087a0d0	Unwind@0087a0d0
0087a0d8	Unwind@0087a0d8
0087a0e0	Unwind@0087a0e0
0087a0ee	Unwind@0087a0ee
0087a0f6	Unwind@0087a0f6
0087a104	Unwind@0087a104
0087a112	Unwind@0087a112
0087a120	Unwind@0087a120
0087a138	Unwind@0087a138
0087a140	Unwind@0087a140
0087a14e	Unwind@0087a14e
0087a15c	Unwind@0087a15c
0087a16a	Unwind@0087a16a
0087a178	Unwind@0087a178
0087a186	Unwind@0087a186
0087a18e	Unwind@0087a18e
0087a199	Unwind@0087a199
0087a1a4	Unwind@0087a1a4
0087a1af	Unwind@0087a1af
0087a1c4	Unwind@0087a1c4
0087a1cc	Unwind@0087a1cc
0087a1d7	Unwind@0087a1d7
0087a1df	Unwind@0087a1df
0087a1f1	Unwind@0087a1f1
0087a1fc	Unwind@0087a1fc
0087a207	Unwind@0087a207
0087a21c	Unwind@0087a21c
0087a227	Unwind@0087a227
0087a232	Unwind@0087a232
0087a23d	Unwind@0087a23d
0087a248	Unwind@0087a248
0087a253	Unwind@0087a253
0087a25e	Unwind@0087a25e
0087a269	Unwind@0087a269
0087a274	Unwind@0087a274
0087a27f	Unwind@0087a27f
0087a287	Unwind@0087a287
0087a28f	Unwind@0087a28f
0087a29a	Unwind@0087a29a
0087a2a5	Unwind@0087a2a5
0087a2b0	Unwind@0087a2b0
0087a2bb	Unwind@0087a2bb
0087a2c6	Unwind@0087a2c6
0087a2d1	Unwind@0087a2d1
0087a2dc	Unwind@0087a2dc
0087a2e7	Unwind@0087a2e7
0087a2f2	Unwind@0087a2f2
0087a2fd	Unwind@0087a2fd
0087a308	Unwind@0087a308
0087a313	Unwind@0087a313
0087a31e	Unwind@0087a31e
0087a329	Unwind@0087a329
0087a334	Unwind@0087a334
0087a33f	Unwind@0087a33f
0087a34a	Unwind@0087a34a
0087a355	Unwind@0087a355
0087a360	Unwind@0087a360
0087a36b	Unwind@0087a36b
0087a376	Unwind@0087a376
0087a381	Unwind@0087a381
0087a38c	Unwind@0087a38c
0087a397	Unwind@0087a397
0087a39f	Unwind@0087a39f
0087a3aa	Unwind@0087a3aa
0087a3bf	Unwind@0087a3bf
0087a3cd	Unwind@0087a3cd
0087a3db	Unwind@0087a3db
0087a3e9	Unwind@0087a3e9
0087a3f7	Unwind@0087a3f7
0087a402	Unwind@0087a402
0087a41f	Unwind@0087a41f
0087a42a	Unwind@0087a42a
0087a447	Unwind@0087a447
0087a452	Unwind@0087a452
0087a45d	Unwind@0087a45d
0087a46b	Unwind@0087a46b
0087a479	Unwind@0087a479
0087a484	Unwind@0087a484
0087a4a1	Unwind@0087a4a1
0087a4ac	Unwind@0087a4ac
0087a4c9	Unwind@0087a4c9
0087a4d4	Unwind@0087a4d4
0087a4df	Unwind@0087a4df
0087a4ed	Unwind@0087a4ed
0087a4fb	Unwind@0087a4fb
0087a506	Unwind@0087a506
0087a523	Unwind@0087a523
0087a52e	Unwind@0087a52e
0087a53c	Unwind@0087a53c
0087a54a	Unwind@0087a54a
0087a555	Unwind@0087a555
0087a572	Unwind@0087a572
0087a57d	Unwind@0087a57d
0087a59a	Unwind@0087a59a
0087a5a5	Unwind@0087a5a5
0087a5b0	Unwind@0087a5b0
0087a5be	Unwind@0087a5be
0087a5c9	Unwind@0087a5c9
0087a5e8	Unwind@0087a5e8
0087a5f3	Unwind@0087a5f3
0087a612	Unwind@0087a612
0087a61d	Unwind@0087a61d
0087a628	Unwind@0087a628
0087a636	Unwind@0087a636
0087a644	Unwind@0087a644
0087a652	Unwind@0087a652
0087a65d	Unwind@0087a65d
0087a67c	Unwind@0087a67c
0087a687	Unwind@0087a687
0087a695	Unwind@0087a695
0087a6a3	Unwind@0087a6a3
0087a6b1	Unwind@0087a6b1
0087a6bc	Unwind@0087a6bc
0087a6db	Unwind@0087a6db
0087a6e6	Unwind@0087a6e6
0087a6f4	Unwind@0087a6f4
0087a702	Unwind@0087a702
0087a70d	Unwind@0087a70d
0087a72c	Unwind@0087a72c
0087a737	Unwind@0087a737
0087a745	Unwind@0087a745
0087a753	Unwind@0087a753
0087a75e	Unwind@0087a75e
0087a77d	Unwind@0087a77d
0087a788	Unwind@0087a788
0087a796	Unwind@0087a796
0087a7a4	Unwind@0087a7a4
0087a7af	Unwind@0087a7af
0087a7ce	Unwind@0087a7ce
0087a7d9	Unwind@0087a7d9
0087a7f8	Unwind@0087a7f8
0087a803	Unwind@0087a803
0087a80e	Unwind@0087a80e
0087a81c	Unwind@0087a81c
0087a82a	Unwind@0087a82a
0087a835	Unwind@0087a835
0087a854	Unwind@0087a854
0087a85f	Unwind@0087a85f
0087a86d	Unwind@0087a86d
0087a87b	Unwind@0087a87b
0087a886	Unwind@0087a886
0087a8a5	Unwind@0087a8a5
0087a8b0	Unwind@0087a8b0
0087a8be	Unwind@0087a8be
0087a8cc	Unwind@0087a8cc
0087a8d7	Unwind@0087a8d7
0087a8f6	Unwind@0087a8f6
0087a901	Unwind@0087a901
0087a90f	Unwind@0087a90f
0087a91d	Unwind@0087a91d
0087a928	Unwind@0087a928
0087a947	Unwind@0087a947
0087a952	Unwind@0087a952
0087a960	Unwind@0087a960
0087a96e	Unwind@0087a96e
0087a979	Unwind@0087a979
0087a998	Unwind@0087a998
0087a9a3	Unwind@0087a9a3
0087a9b1	Unwind@0087a9b1
0087a9bf	Unwind@0087a9bf
0087a9ca	Unwind@0087a9ca
0087a9e9	Unwind@0087a9e9
0087a9f4	Unwind@0087a9f4
0087aa13	Unwind@0087aa13
0087aa1e	Unwind@0087aa1e
0087aa33	Unwind@0087aa33
0087aa3e	Unwind@0087aa3e
0087aa49	Unwind@0087aa49
0087aa54	Unwind@0087aa54
0087aa5f	Unwind@0087aa5f
0087aa6a	Unwind@0087aa6a
0087aa72	Unwind@0087aa72
0087aa7d	Unwind@0087aa7d
0087aa85	Unwind@0087aa85
0087aa8d	Unwind@0087aa8d
0087aa95	Unwind@0087aa95
0087aaa0	Unwind@0087aaa0
0087aaa8	Unwind@0087aaa8
0087aab0	Unwind@0087aab0
0087aab8	Unwind@0087aab8
0087aac3	Unwind@0087aac3
0087aae0	Unwind@0087aae0
0087ab00	Unwind@0087ab00
0087ab20	Unwind@0087ab20
0087ab28	Unwind@0087ab28
0087ab33	Unwind@0087ab33
0087ab50	Unwind@0087ab50
0087ab61	Unwind@0087ab61
0087ab80	Unwind@0087ab80
0087aba0	Unwind@0087aba0
0087abb1	Unwind@0087abb1
0087abd0	Unwind@0087abd0
0087abe1	Unwind@0087abe1
0087abe9	Unwind@0087abe9
0087abf1	Unwind@0087abf1
0087ac10	Unwind@0087ac10
0087ac21	Unwind@0087ac21
0087ac29	Unwind@0087ac29
0087ac31	Unwind@0087ac31
0087ac50	Unwind@0087ac50
0087ac58	Unwind@0087ac58
0087ac60	Unwind@0087ac60
0087ac68	Unwind@0087ac68
0087ac80	Unwind@0087ac80
0087ac92	Unwind@0087ac92
0087aca4	Unwind@0087aca4
0087acac	Unwind@0087acac
0087acb4	Unwind@0087acb4
0087acbc	Unwind@0087acbc
0087acce	Unwind@0087acce
0087acd6	Unwind@0087acd6
0087ace8	Unwind@0087ace8
0087acf0	Unwind@0087acf0
0087acfb	Unwind@0087acfb
0087ad06	Unwind@0087ad06
0087ad0e	Unwind@0087ad0e
0087ad16	Unwind@0087ad16
0087ad2e	Unwind@0087ad2e
0087ad36	Unwind@0087ad36
0087ad41	Unwind@0087ad41
0087ad4c	Unwind@0087ad4c
0087ad54	Unwind@0087ad54
0087ad5c	Unwind@0087ad5c
0087ad6a	Unwind@0087ad6a
0087ad72	Unwind@0087ad72
0087ad7d	Unwind@0087ad7d
0087ad88	Unwind@0087ad88
0087ad90	Unwind@0087ad90
0087ad98	Unwind@0087ad98
0087ada6	Unwind@0087ada6
0087adae	Unwind@0087adae
0087adb9	Unwind@0087adb9
0087adc4	Unwind@0087adc4
0087adcc	Unwind@0087adcc
0087add4	Unwind@0087add4
0087ade2	Unwind@0087ade2
0087adea	Unwind@0087adea
0087adf5	Unwind@0087adf5
0087ae00	Unwind@0087ae00
0087ae08	Unwind@0087ae08
0087ae10	Unwind@0087ae10
0087ae28	Unwind@0087ae28
0087ae30	Unwind@0087ae30
0087ae38	Unwind@0087ae38
0087ae40	Unwind@0087ae40
0087ae48	Unwind@0087ae48
0087ae50	Unwind@0087ae50
0087ae58	Unwind@0087ae58
0087ae60	Unwind@0087ae60
0087ae68	Unwind@0087ae68
0087ae70	Unwind@0087ae70
0087ae78	Unwind@0087ae78
0087ae80	Unwind@0087ae80
0087ae88	Unwind@0087ae88
0087ae90	Unwind@0087ae90
0087ae98	Unwind@0087ae98
0087aea0	Unwind@0087aea0
0087aea8	Unwind@0087aea8
0087aeb0	Unwind@0087aeb0
0087aeb8	Unwind@0087aeb8
0087aec0	Unwind@0087aec0
0087aec8	Unwind@0087aec8
0087aed0	Unwind@0087aed0
0087aed8	Unwind@0087aed8
0087aee0	Unwind@0087aee0
0087aee8	Unwind@0087aee8
0087aef0	Unwind@0087aef0
0087aef8	Unwind@0087aef8
0087af00	Unwind@0087af00
0087af08	Unwind@0087af08
0087af10	Unwind@0087af10
0087af18	Unwind@0087af18
0087af20	Unwind@0087af20
0087af28	Unwind@0087af28
0087af30	Unwind@0087af30
0087af38	Unwind@0087af38
0087af40	Unwind@0087af40
0087af48	Unwind@0087af48
0087af50	Unwind@0087af50
0087af58	Unwind@0087af58
0087af60	Unwind@0087af60
0087af68	Unwind@0087af68
0087af70	Unwind@0087af70
0087af78	Unwind@0087af78
0087af80	Unwind@0087af80
0087af88	Unwind@0087af88
0087af90	Unwind@0087af90
0087af98	Unwind@0087af98
0087afa0	Unwind@0087afa0
0087afa8	Unwind@0087afa8
0087afb0	Unwind@0087afb0
0087afb8	Unwind@0087afb8
0087afc0	Unwind@0087afc0
0087afc8	Unwind@0087afc8
0087afd0	Unwind@0087afd0
0087afd8	Unwind@0087afd8
0087afe0	Unwind@0087afe0
0087afe8	Unwind@0087afe8
0087aff0	Unwind@0087aff0
0087aff8	Unwind@0087aff8
0087b000	Unwind@0087b000
0087b008	Unwind@0087b008
0087b010	Unwind@0087b010
0087b018	Unwind@0087b018
0087b020	Unwind@0087b020
0087b028	Unwind@0087b028
0087b030	Unwind@0087b030
0087b038	Unwind@0087b038
0087b040	Unwind@0087b040
0087b048	Unwind@0087b048
0087b050	Unwind@0087b050
0087b058	Unwind@0087b058
0087b060	Unwind@0087b060
0087b068	Unwind@0087b068
0087b070	Unwind@0087b070
0087b078	Unwind@0087b078
0087b080	Unwind@0087b080
0087b088	Unwind@0087b088
0087b090	Unwind@0087b090
0087b098	Unwind@0087b098
0087b0a0	Unwind@0087b0a0
0087b0a8	Unwind@0087b0a8
0087b0b0	Unwind@0087b0b0
0087b0b8	Unwind@0087b0b8
0087b0c0	Unwind@0087b0c0
0087b0c8	Unwind@0087b0c8
0087b0d0	Unwind@0087b0d0
0087b0d8	Unwind@0087b0d8
0087b0e0	Unwind@0087b0e0
0087b0f2	Unwind@0087b0f2
0087b0fa	Unwind@0087b0fa
0087b102	Unwind@0087b102
0087b10a	Unwind@0087b10a
0087b112	Unwind@0087b112
0087b11a	Unwind@0087b11a
0087b122	Unwind@0087b122
0087b12a	Unwind@0087b12a
0087b132	Unwind@0087b132
0087b13a	Unwind@0087b13a
0087b142	Unwind@0087b142
0087b14a	Unwind@0087b14a
0087b152	Unwind@0087b152
0087b15a	Unwind@0087b15a
0087b162	Unwind@0087b162
0087b16a	Unwind@0087b16a
0087b172	Unwind@0087b172
0087b17a	Unwind@0087b17a
0087b182	Unwind@0087b182
0087b18a	Unwind@0087b18a
0087b192	Unwind@0087b192
0087b19a	Unwind@0087b19a
0087b1a2	Unwind@0087b1a2
0087b1aa	Unwind@0087b1aa
0087b1b2	Unwind@0087b1b2
0087b1ba	Unwind@0087b1ba
0087b1c2	Unwind@0087b1c2
0087b1ca	Unwind@0087b1ca
0087b1d2	Unwind@0087b1d2
0087b1da	Unwind@0087b1da
0087b1ec	Unwind@0087b1ec
0087b1fa	Unwind@0087b1fa
0087b208	Unwind@0087b208
0087b216	Unwind@0087b216
0087b224	Unwind@0087b224
0087b232	Unwind@0087b232
0087b240	Unwind@0087b240
0087b24e	Unwind@0087b24e
0087b25c	Unwind@0087b25c
0087b26a	Unwind@0087b26a
0087b278	Unwind@0087b278
0087b286	Unwind@0087b286
0087b294	Unwind@0087b294
0087b2a2	Unwind@0087b2a2
0087b2b0	Unwind@0087b2b0
0087b2be	Unwind@0087b2be
0087b2cc	Unwind@0087b2cc
0087b2da	Unwind@0087b2da
0087b2e8	Unwind@0087b2e8
0087b2f6	Unwind@0087b2f6
0087b304	Unwind@0087b304
0087b312	Unwind@0087b312
0087b320	Unwind@0087b320
0087b32e	Unwind@0087b32e
0087b33c	Unwind@0087b33c
0087b34a	Unwind@0087b34a
0087b358	Unwind@0087b358
0087b366	Unwind@0087b366
0087b374	Unwind@0087b374
0087b382	Unwind@0087b382
0087b390	Unwind@0087b390
0087b39e	Unwind@0087b39e
0087b3ac	Unwind@0087b3ac
0087b3ba	Unwind@0087b3ba
0087b3c8	Unwind@0087b3c8
0087b3d6	Unwind@0087b3d6
0087b3e4	Unwind@0087b3e4
0087b3f2	Unwind@0087b3f2
0087b400	Unwind@0087b400
0087b420	Unwind@0087b420
0087b428	Unwind@0087b428
0087b436	Unwind@0087b436
0087b444	Unwind@0087b444
0087b452	Unwind@0087b452
0087b460	Unwind@0087b460
0087b46e	Unwind@0087b46e
0087b47c	Unwind@0087b47c
0087b48a	Unwind@0087b48a
0087b4a5	Unwind@0087b4a5
0087b4c0	Unwind@0087b4c0
0087b4d8	Unwind@0087b4d8
0087b4e0	Unwind@0087b4e0
0087b4e8	Unwind@0087b4e8
0087b4f0	Unwind@0087b4f0
0087b4f8	Unwind@0087b4f8
0087b500	Unwind@0087b500
0087b518	Unwind@0087b518
0087b523	Unwind@0087b523
0087b534	Unwind@0087b534
0087b545	Unwind@0087b545
0087b556	Unwind@0087b556
0087b567	Unwind@0087b567
0087b578	Unwind@0087b578
0087b589	Unwind@0087b589
0087b59a	Unwind@0087b59a
0087b5b8	Unwind@0087b5b8
0087b5d6	Unwind@0087b5d6
0087b5f1	Unwind@0087b5f1
0087b602	Unwind@0087b602
0087b60d	Unwind@0087b60d
0087b618	Unwind@0087b618
0087b626	Unwind@0087b626
0087b634	Unwind@0087b634
0087b64c	Unwind@0087b64c
0087b654	Unwind@0087b654
0087b65c	Unwind@0087b65c
0087b667	Unwind@0087b667
0087b672	Unwind@0087b672
0087b67d	Unwind@0087b67d
0087b688	Unwind@0087b688
0087b693	Unwind@0087b693
0087b69e	Unwind@0087b69e
0087b6a9	Unwind@0087b6a9
0087b6b4	Unwind@0087b6b4
0087b6bf	Unwind@0087b6bf
0087b6ca	Unwind@0087b6ca
0087b6d5	Unwind@0087b6d5
0087b6e0	Unwind@0087b6e0
0087b6eb	Unwind@0087b6eb
0087b6f6	Unwind@0087b6f6
0087b701	Unwind@0087b701
0087b709	Unwind@0087b709
0087b71e	Unwind@0087b71e
0087b729	Unwind@0087b729
0087b734	Unwind@0087b734
0087b73f	Unwind@0087b73f
0087b74a	Unwind@0087b74a
0087b755	Unwind@0087b755
0087b760	Unwind@0087b760
0087b76b	Unwind@0087b76b
0087b776	Unwind@0087b776
0087b781	Unwind@0087b781
0087b78c	Unwind@0087b78c
0087b797	Unwind@0087b797
0087b7a2	Unwind@0087b7a2
0087b7ad	Unwind@0087b7ad
0087b7b8	Unwind@0087b7b8
0087b7c3	Unwind@0087b7c3
0087b7ce	Unwind@0087b7ce
0087b7d9	Unwind@0087b7d9
0087b7e4	Unwind@0087b7e4
0087b7ef	Unwind@0087b7ef
0087b7fa	Unwind@0087b7fa
0087b805	Unwind@0087b805
0087b81a	Unwind@0087b81a
0087b825	Unwind@0087b825
0087b83a	Unwind@0087b83a
0087b845	Unwind@0087b845
0087b850	Unwind@0087b850
0087b85b	Unwind@0087b85b
0087b870	Unwind@0087b870
0087b87b	Unwind@0087b87b
0087b886	Unwind@0087b886
0087b891	Unwind@0087b891
0087b8a6	Unwind@0087b8a6
0087b8c0	Unwind@0087b8c0
0087b8c8	Unwind@0087b8c8
0087b8d3	Unwind@0087b8d3
0087b8f0	Unwind@0087b8f0
0087b910	Unwind@0087b910
0087b91b	Unwind@0087b91b
0087b940	Unwind@0087b940
0087b948	Unwind@0087b948
0087b960	Unwind@0087b960
0087b980	Unwind@0087b980
0087b988	Unwind@0087b988
0087b996	Unwind@0087b996
0087b9a4	Unwind@0087b9a4
0087b9b2	Unwind@0087b9b2
0087b9ca	Unwind@0087b9ca
0087b9d2	Unwind@0087b9d2
0087b9e0	Unwind@0087b9e0
0087b9ee	Unwind@0087b9ee
0087b9fc	Unwind@0087b9fc
0087ba14	Unwind@0087ba14
0087ba1c	Unwind@0087ba1c
0087ba2a	Unwind@0087ba2a
0087ba38	Unwind@0087ba38
0087ba50	Unwind@0087ba50
0087ba5b	Unwind@0087ba5b
0087ba66	Unwind@0087ba66
0087ba71	Unwind@0087ba71
0087ba7c	Unwind@0087ba7c
0087ba87	Unwind@0087ba87
0087ba92	Unwind@0087ba92
0087ba9d	Unwind@0087ba9d
0087baa8	Unwind@0087baa8
0087bab3	Unwind@0087bab3
0087babe	Unwind@0087babe
0087bac9	Unwind@0087bac9
0087bad4	Unwind@0087bad4
0087badf	Unwind@0087badf
0087baea	Unwind@0087baea
0087baf5	Unwind@0087baf5
0087bb00	Unwind@0087bb00
0087bb0b	Unwind@0087bb0b
0087bb16	Unwind@0087bb16
0087bb21	Unwind@0087bb21
0087bb2c	Unwind@0087bb2c
0087bb34	Unwind@0087bb34
0087bb46	Unwind@0087bb46
0087bb51	Unwind@0087bb51
0087bb5c	Unwind@0087bb5c
0087bb67	Unwind@0087bb67
0087bb75	Unwind@0087bb75
0087bb7d	Unwind@0087bb7d
0087bb85	Unwind@0087bb85
0087bb8d	Unwind@0087bb8d
0087bba5	Unwind@0087bba5
0087bbad	Unwind@0087bbad
0087bbb5	Unwind@0087bbb5
0087bbc7	Unwind@0087bbc7
0087bbcf	Unwind@0087bbcf
0087bbd7	Unwind@0087bbd7
0087bbdf	Unwind@0087bbdf
0087bbe7	Unwind@0087bbe7
0087bbef	Unwind@0087bbef
0087bbf7	Unwind@0087bbf7
0087bbff	Unwind@0087bbff
0087bc11	Unwind@0087bc11
0087bc1c	Unwind@0087bc1c
0087bc27	Unwind@0087bc27
0087bc40	Unwind@0087bc40
0087bc48	Unwind@0087bc48
0087bc56	Unwind@0087bc56
0087bc6e	Unwind@0087bc6e
0087bc76	Unwind@0087bc76
0087bc84	Unwind@0087bc84
0087bc8c	Unwind@0087bc8c
0087bc97	Unwind@0087bc97
0087bca2	Unwind@0087bca2
0087bcaa	Unwind@0087bcaa
0087bcb5	Unwind@0087bcb5
0087bcca	Unwind@0087bcca
0087bcdc	Unwind@0087bcdc
0087bce4	Unwind@0087bce4
0087bcef	Unwind@0087bcef
0087bcfa	Unwind@0087bcfa
0087bd02	Unwind@0087bd02
0087bd0a	Unwind@0087bd0a
0087bd12	Unwind@0087bd12
0087bd1a	Unwind@0087bd1a
0087bd22	Unwind@0087bd22
0087bd2a	Unwind@0087bd2a
0087bd50	Unwind@0087bd50
0087bd70	Unwind@0087bd70
0087bd78	Unwind@0087bd78
0087bd83	Unwind@0087bd83
0087bda0	Unwind@0087bda0
0087bdb1	Unwind@0087bdb1
0087bdd0	Unwind@0087bdd0
0087bdf0	Unwind@0087bdf0
0087be01	Unwind@0087be01
0087be20	Unwind@0087be20
0087be31	Unwind@0087be31
0087be39	Unwind@0087be39
0087be41	Unwind@0087be41
0087be60	Unwind@0087be60
0087be71	Unwind@0087be71
0087be79	Unwind@0087be79
0087be81	Unwind@0087be81
0087bea0	Unwind@0087bea0
0087bec0	Unwind@0087bec0
0087bec8	Unwind@0087bec8
0087beda	Unwind@0087beda
0087bee2	Unwind@0087bee2
0087bef4	Unwind@0087bef4
0087befc	Unwind@0087befc
0087bf07	Unwind@0087bf07
0087bf15	Unwind@0087bf15
0087bf23	Unwind@0087bf23
0087bf2e	Unwind@0087bf2e
0087bf39	Unwind@0087bf39
0087bf4e	Unwind@0087bf4e
0087bf63	Unwind@0087bf63
0087bf78	Unwind@0087bf78
0087bf80	Unwind@0087bf80
0087bf8b	Unwind@0087bf8b
0087bfa2	Unwind@0087bfa2
0087bfb9	Unwind@0087bfb9
0087bfc1	Unwind@0087bfc1
0087bfc9	Unwind@0087bfc9
0087bfdb	Unwind@0087bfdb
0087bff0	Unwind@0087bff0
0087c005	Unwind@0087c005
0087c00d	Unwind@0087c00d
0087c018	Unwind@0087c018
0087c02f	Unwind@0087c02f
0087c046	Unwind@0087c046
0087c04e	Unwind@0087c04e
0087c056	Unwind@0087c056
0087c068	Unwind@0087c068
0087c073	Unwind@0087c073
0087c07e	Unwind@0087c07e
0087c089	Unwind@0087c089
0087c094	Unwind@0087c094
0087c09f	Unwind@0087c09f
0087c0aa	Unwind@0087c0aa
0087c0b5	Unwind@0087c0b5
0087c0c0	Unwind@0087c0c0
0087c0cb	Unwind@0087c0cb
0087c0d6	Unwind@0087c0d6
0087c0e1	Unwind@0087c0e1
0087c0ec	Unwind@0087c0ec
0087c0f7	Unwind@0087c0f7
0087c102	Unwind@0087c102
0087c10d	Unwind@0087c10d
0087c118	Unwind@0087c118
0087c123	Unwind@0087c123
0087c12e	Unwind@0087c12e
0087c139	Unwind@0087c139
0087c14e	Unwind@0087c14e
0087c156	Unwind@0087c156
0087c161	Unwind@0087c161
0087c16c	Unwind@0087c16c
0087c174	Unwind@0087c174
0087c17c	Unwind@0087c17c
0087c194	Unwind@0087c194
0087c1a9	Unwind@0087c1a9
0087c1b1	Unwind@0087c1b1
0087c1c6	Unwind@0087c1c6
0087c1ce	Unwind@0087c1ce
0087c1d9	Unwind@0087c1d9
0087c1ee	Unwind@0087c1ee
0087c203	Unwind@0087c203
0087c218	Unwind@0087c218
0087c220	Unwind@0087c220
0087c235	Unwind@0087c235
0087c247	Unwind@0087c247
0087c24f	Unwind@0087c24f
0087c257	Unwind@0087c257
0087c25f	Unwind@0087c25f
0087c280	Unwind@0087c280
0087c2b0	Unwind@0087c2b0
0087c2b8	Unwind@0087c2b8
0087c2c0	Unwind@0087c2c0
0087c2c8	Unwind@0087c2c8
0087c2d0	Unwind@0087c2d0
0087c2d8	Unwind@0087c2d8
0087c2f0	Unwind@0087c2f0
0087c2f8	Unwind@0087c2f8
0087c300	Unwind@0087c300
0087c308	Unwind@0087c308
0087c310	Unwind@0087c310
0087c318	Unwind@0087c318
0087c330	Unwind@0087c330
0087c338	Unwind@0087c338
0087c350	Unwind@0087c350
0087c358	Unwind@0087c358
0087c370	Unwind@0087c370
0087c390	Unwind@0087c390
0087c398	Unwind@0087c398
0087c3a0	Unwind@0087c3a0
0087c3a8	Unwind@0087c3a8
0087c3b0	Unwind@0087c3b0
0087c3b8	Unwind@0087c3b8
0087c3c0	Unwind@0087c3c0
0087c3cb	Unwind@0087c3cb
0087c3e0	Unwind@0087c3e0
0087c3e8	Unwind@0087c3e8
0087c3f0	Unwind@0087c3f0
0087c3fb	Unwind@0087c3fb
0087c406	Unwind@0087c406
0087c420	Unwind@0087c420
0087c440	Unwind@0087c440
0087c460	Unwind@0087c460
0087c480	Unwind@0087c480
0087c492	Unwind@0087c492
0087c4a4	Unwind@0087c4a4
0087c4b6	Unwind@0087c4b6
0087c4c1	Unwind@0087c4c1
0087c4c9	Unwind@0087c4c9
0087c4d4	Unwind@0087c4d4
0087c4df	Unwind@0087c4df
0087c4ea	Unwind@0087c4ea
0087c4f2	Unwind@0087c4f2
0087c4fd	Unwind@0087c4fd
0087c508	Unwind@0087c508
0087c510	Unwind@0087c510
0087c518	Unwind@0087c518
0087c520	Unwind@0087c520
0087c52b	Unwind@0087c52b
0087c536	Unwind@0087c536
0087c53e	Unwind@0087c53e
0087c546	Unwind@0087c546
0087c551	Unwind@0087c551
0087c55c	Unwind@0087c55c
0087c564	Unwind@0087c564
0087c56c	Unwind@0087c56c
0087c574	Unwind@0087c574
0087c57c	Unwind@0087c57c
0087c584	Unwind@0087c584
0087c58f	Unwind@0087c58f
0087c59a	Unwind@0087c59a
0087c5a2	Unwind@0087c5a2
0087c5aa	Unwind@0087c5aa
0087c5b5	Unwind@0087c5b5
0087c5c0	Unwind@0087c5c0
0087c5c8	Unwind@0087c5c8
0087c5d0	Unwind@0087c5d0
0087c5d8	Unwind@0087c5d8
0087c5e0	Unwind@0087c5e0
0087c5e8	Unwind@0087c5e8
0087c5f3	Unwind@0087c5f3
0087c5fe	Unwind@0087c5fe
0087c606	Unwind@0087c606
0087c60e	Unwind@0087c60e
0087c619	Unwind@0087c619
0087c624	Unwind@0087c624
0087c62c	Unwind@0087c62c
0087c634	Unwind@0087c634
0087c63c	Unwind@0087c63c
0087c644	Unwind@0087c644
0087c64c	Unwind@0087c64c
0087c657	Unwind@0087c657
0087c662	Unwind@0087c662
0087c66a	Unwind@0087c66a
0087c672	Unwind@0087c672
0087c67d	Unwind@0087c67d
0087c688	Unwind@0087c688
0087c690	Unwind@0087c690
0087c69b	Unwind@0087c69b
0087c6a6	Unwind@0087c6a6
0087c6ae	Unwind@0087c6ae
0087c6b9	Unwind@0087c6b9
0087c6c4	Unwind@0087c6c4
0087c6cc	Unwind@0087c6cc
0087c6d7	Unwind@0087c6d7
0087c6e2	Unwind@0087c6e2
0087c6ea	Unwind@0087c6ea
0087c6f2	Unwind@0087c6f2
0087c6fa	Unwind@0087c6fa
0087c70c	Unwind@0087c70c
0087c714	Unwind@0087c714
0087c72c	Unwind@0087c72c
0087c734	Unwind@0087c734
0087c742	Unwind@0087c742
0087c757	Unwind@0087c757
0087c75f	Unwind@0087c75f
0087c767	Unwind@0087c767
0087c779	Unwind@0087c779
0087c781	Unwind@0087c781
0087c78c	Unwind@0087c78c
0087c797	Unwind@0087c797
0087c79f	Unwind@0087c79f
0087c7a7	Unwind@0087c7a7
0087c7c0	Unwind@0087c7c0
0087c7c8	Unwind@0087c7c8
0087c7d3	Unwind@0087c7d3
0087c7f0	Unwind@0087c7f0
0087c7f8	Unwind@0087c7f8
0087c800	Unwind@0087c800
0087c808	Unwind@0087c808
0087c820	Unwind@0087c820
0087c840	Unwind@0087c840
0087c851	Unwind@0087c851
0087c859	Unwind@0087c859
0087c861	Unwind@0087c861
0087c880	Unwind@0087c880
0087c891	Unwind@0087c891
0087c899	Unwind@0087c899
0087c8a1	Unwind@0087c8a1
0087c8a9	Unwind@0087c8a9
0087c8c0	Unwind@0087c8c0
0087c8d1	Unwind@0087c8d1
0087c8d9	Unwind@0087c8d9
0087c8e1	Unwind@0087c8e1
0087c8e9	Unwind@0087c8e9
0087c8f1	Unwind@0087c8f1
0087c8f9	Unwind@0087c8f9
0087c901	Unwind@0087c901
0087c90c	Unwind@0087c90c
0087c930	Unwind@0087c930
0087c941	Unwind@0087c941
0087c949	Unwind@0087c949
0087c951	Unwind@0087c951
0087c959	Unwind@0087c959
0087c961	Unwind@0087c961
0087c969	Unwind@0087c969
0087c971	Unwind@0087c971
0087c97c	Unwind@0087c97c
0087c9a0	Unwind@0087c9a0
0087c9b1	Unwind@0087c9b1
0087c9d0	Unwind@0087c9d0
0087c9d8	Unwind@0087c9d8
0087c9e0	Unwind@0087c9e0
0087ca00	Unwind@0087ca00
0087ca08	Unwind@0087ca08
0087ca10	Unwind@0087ca10
0087ca18	Unwind@0087ca18
0087ca2f	Unwind@0087ca2f
0087ca50	Unwind@0087ca50
0087ca58	Unwind@0087ca58
0087ca60	Unwind@0087ca60
0087ca68	Unwind@0087ca68
0087ca7f	Unwind@0087ca7f
0087caa0	Unwind@0087caa0
0087caa8	Unwind@0087caa8
0087cab0	Unwind@0087cab0
0087cab8	Unwind@0087cab8
0087cacf	Unwind@0087cacf
0087caf0	Unwind@0087caf0
0087caf8	Unwind@0087caf8
0087cb00	Unwind@0087cb00
0087cb08	Unwind@0087cb08
0087cb1f	Unwind@0087cb1f
0087cb40	Unwind@0087cb40
0087cb48	Unwind@0087cb48
0087cb50	Unwind@0087cb50
0087cb58	Unwind@0087cb58
0087cb6f	Unwind@0087cb6f
0087cb90	Unwind@0087cb90
0087cb98	Unwind@0087cb98
0087cba0	Unwind@0087cba0
0087cba8	Unwind@0087cba8
0087cbbf	Unwind@0087cbbf
0087cbe0	Unwind@0087cbe0
0087cbe8	Unwind@0087cbe8
0087cbf0	Unwind@0087cbf0
0087cbf8	Unwind@0087cbf8
0087cc0f	Unwind@0087cc0f
0087cc30	Unwind@0087cc30
0087cc38	Unwind@0087cc38
0087cc40	Unwind@0087cc40
0087cc48	Unwind@0087cc48
0087cc50	Unwind@0087cc50
0087cc58	Unwind@0087cc58
0087cc70	Unwind@0087cc70
0087cc78	Unwind@0087cc78
0087cc80	Unwind@0087cc80
0087cc88	Unwind@0087cc88
0087cc9f	Unwind@0087cc9f
0087ccc0	Unwind@0087ccc0
0087ccc8	Unwind@0087ccc8
0087ccd0	Unwind@0087ccd0
0087ccd8	Unwind@0087ccd8
0087ccef	Unwind@0087ccef
0087cd10	Unwind@0087cd10
0087cd18	Unwind@0087cd18
0087cd20	Unwind@0087cd20
0087cd28	Unwind@0087cd28
0087cd30	Unwind@0087cd30
0087cd38	Unwind@0087cd38
0087cd50	Unwind@0087cd50
0087cd58	Unwind@0087cd58
0087cd60	Unwind@0087cd60
0087cd68	Unwind@0087cd68
0087cd70	Unwind@0087cd70
0087cd78	Unwind@0087cd78
0087cd90	Unwind@0087cd90
0087cd98	Unwind@0087cd98
0087cda6	Unwind@0087cda6
0087cdb4	Unwind@0087cdb4
0087cdc2	Unwind@0087cdc2
0087cdda	Unwind@0087cdda
0087cde2	Unwind@0087cde2
0087cdf0	Unwind@0087cdf0
0087cdfe	Unwind@0087cdfe
0087ce0c	Unwind@0087ce0c
0087ce24	Unwind@0087ce24
0087ce2c	Unwind@0087ce2c
0087ce3a	Unwind@0087ce3a
0087ce48	Unwind@0087ce48
0087ce60	Unwind@0087ce60
0087ce68	Unwind@0087ce68
0087ce70	Unwind@0087ce70
0087ce78	Unwind@0087ce78
0087ce80	Unwind@0087ce80
0087ce88	Unwind@0087ce88
0087ce90	Unwind@0087ce90
0087ce98	Unwind@0087ce98
0087cea0	Unwind@0087cea0
0087cea8	Unwind@0087cea8
0087ceb0	Unwind@0087ceb0
0087ceb8	Unwind@0087ceb8
0087cec0	Unwind@0087cec0
0087ced2	Unwind@0087ced2
0087ceda	Unwind@0087ceda
0087cee2	Unwind@0087cee2
0087ceea	Unwind@0087ceea
0087cef2	Unwind@0087cef2
0087cefa	Unwind@0087cefa
0087cf02	Unwind@0087cf02
0087cf0a	Unwind@0087cf0a
0087cf12	Unwind@0087cf12
0087cf33	Unwind@0087cf33
0087cf50	Unwind@0087cf50
0087cf58	Unwind@0087cf58
0087cf63	Unwind@0087cf63
0087cf7b	Unwind@0087cf7b
0087cf83	Unwind@0087cf83
0087cf98	Unwind@0087cf98
0087cfa0	Unwind@0087cfa0
0087cfab	Unwind@0087cfab
0087cfb9	Unwind@0087cfb9
0087cfc4	Unwind@0087cfc4
0087cfcc	Unwind@0087cfcc
0087cfd7	Unwind@0087cfd7
0087cfec	Unwind@0087cfec
0087cff7	Unwind@0087cff7
0087d002	Unwind@0087d002
0087d00d	Unwind@0087d00d
0087d018	Unwind@0087d018
0087d023	Unwind@0087d023
0087d02e	Unwind@0087d02e
0087d039	Unwind@0087d039
0087d044	Unwind@0087d044
0087d059	Unwind@0087d059
0087d061	Unwind@0087d061
0087d072	Unwind@0087d072
0087d090	Unwind@0087d090
0087d0b0	Unwind@0087d0b0
0087d0b8	Unwind@0087d0b8
0087d0c3	Unwind@0087d0c3
0087d0e0	Unwind@0087d0e0
0087d0f1	Unwind@0087d0f1
0087d110	Unwind@0087d110
0087d130	Unwind@0087d130
0087d141	Unwind@0087d141
0087d160	Unwind@0087d160
0087d171	Unwind@0087d171
0087d179	Unwind@0087d179
0087d181	Unwind@0087d181
0087d1a0	Unwind@0087d1a0
0087d1b1	Unwind@0087d1b1
0087d1b9	Unwind@0087d1b9
0087d1c1	Unwind@0087d1c1
0087d1e0	Unwind@0087d1e0
0087d1e8	Unwind@0087d1e8
0087d1f0	Unwind@0087d1f0
0087d1f8	Unwind@0087d1f8
0087d200	Unwind@0087d200
0087d208	Unwind@0087d208
0087d220	Unwind@0087d220
0087d228	Unwind@0087d228
0087d23a	Unwind@0087d23a
0087d242	Unwind@0087d242
0087d254	Unwind@0087d254
0087d25c	Unwind@0087d25c
0087d271	Unwind@0087d271
0087d279	Unwind@0087d279
0087d281	Unwind@0087d281
0087d293	Unwind@0087d293
0087d29e	Unwind@0087d29e
0087d2a6	Unwind@0087d2a6
0087d2ae	Unwind@0087d2ae
0087d2b6	Unwind@0087d2b6
0087d2be	Unwind@0087d2be
0087d2c9	Unwind@0087d2c9
0087d2d1	Unwind@0087d2d1
0087d2dc	Unwind@0087d2dc
0087d2e7	Unwind@0087d2e7
0087d2f2	Unwind@0087d2f2
0087d2fa	Unwind@0087d2fa
0087d305	Unwind@0087d305
0087d310	Unwind@0087d310
0087d31b	Unwind@0087d31b
0087d326	Unwind@0087d326
0087d331	Unwind@0087d331
0087d33c	Unwind@0087d33c
0087d347	Unwind@0087d347
0087d34f	Unwind@0087d34f
0087d357	Unwind@0087d357
0087d362	Unwind@0087d362
0087d36d	Unwind@0087d36d
0087d375	Unwind@0087d375
0087d37d	Unwind@0087d37d
0087d388	Unwind@0087d388
0087d393	Unwind@0087d393
0087d39e	Unwind@0087d39e
0087d3a9	Unwind@0087d3a9
0087d3b4	Unwind@0087d3b4
0087d3bc	Unwind@0087d3bc
0087d3c4	Unwind@0087d3c4
0087d3cf	Unwind@0087d3cf
0087d3da	Unwind@0087d3da
0087d3e2	Unwind@0087d3e2
0087d3ea	Unwind@0087d3ea
0087d3f5	Unwind@0087d3f5
0087d400	Unwind@0087d400
0087d40b	Unwind@0087d40b
0087d416	Unwind@0087d416
0087d421	Unwind@0087d421
0087d429	Unwind@0087d429
0087d431	Unwind@0087d431
0087d43c	Unwind@0087d43c
0087d447	Unwind@0087d447
0087d44f	Unwind@0087d44f
0087d457	Unwind@0087d457
0087d462	Unwind@0087d462
0087d46d	Unwind@0087d46d
0087d478	Unwind@0087d478
0087d483	Unwind@0087d483
0087d48e	Unwind@0087d48e
0087d496	Unwind@0087d496
0087d49e	Unwind@0087d49e
0087d4a9	Unwind@0087d4a9
0087d4b4	Unwind@0087d4b4
0087d4bc	Unwind@0087d4bc
0087d4c4	Unwind@0087d4c4
0087d4cf	Unwind@0087d4cf
0087d4da	Unwind@0087d4da
0087d4e5	Unwind@0087d4e5
0087d4f0	Unwind@0087d4f0
0087d4fb	Unwind@0087d4fb
0087d506	Unwind@0087d506
0087d511	Unwind@0087d511
0087d51c	Unwind@0087d51c
0087d527	Unwind@0087d527
0087d532	Unwind@0087d532
0087d53d	Unwind@0087d53d
0087d548	Unwind@0087d548
0087d553	Unwind@0087d553
0087d55e	Unwind@0087d55e
0087d569	Unwind@0087d569
0087d574	Unwind@0087d574
0087d57f	Unwind@0087d57f
0087d58a	Unwind@0087d58a
0087d595	Unwind@0087d595
0087d5a0	Unwind@0087d5a0
0087d5a8	Unwind@0087d5a8
0087d5b0	Unwind@0087d5b0
0087d5c2	Unwind@0087d5c2
0087d5ca	Unwind@0087d5ca
0087d5d2	Unwind@0087d5d2
0087d5da	Unwind@0087d5da
0087d5e2	Unwind@0087d5e2
0087d5ea	Unwind@0087d5ea
0087d601	Unwind@0087d601
0087d613	Unwind@0087d613
0087d61b	Unwind@0087d61b
0087d623	Unwind@0087d623
0087d62b	Unwind@0087d62b
0087d633	Unwind@0087d633
0087d63b	Unwind@0087d63b
0087d643	Unwind@0087d643
0087d64b	Unwind@0087d64b
0087d65d	Unwind@0087d65d
0087d665	Unwind@0087d665
0087d66d	Unwind@0087d66d
0087d675	Unwind@0087d675
0087d67d	Unwind@0087d67d
0087d685	Unwind@0087d685
0087d69c	Unwind@0087d69c
0087d6ae	Unwind@0087d6ae
0087d6b6	Unwind@0087d6b6
0087d6be	Unwind@0087d6be
0087d6c6	Unwind@0087d6c6
0087d6ce	Unwind@0087d6ce
0087d6d6	Unwind@0087d6d6
0087d6de	Unwind@0087d6de
0087d6e6	Unwind@0087d6e6
0087d700	Unwind@0087d700
0087d708	Unwind@0087d708
0087d710	Unwind@0087d710
0087d718	Unwind@0087d718
0087d720	Unwind@0087d720
0087d728	Unwind@0087d728
0087d730	Unwind@0087d730
0087d738	Unwind@0087d738
0087d740	Unwind@0087d740
0087d748	Unwind@0087d748
0087d760	Unwind@0087d760
0087d768	Unwind@0087d768
0087d780	Unwind@0087d780
0087d788	Unwind@0087d788
0087d790	Unwind@0087d790
0087d7b0	Unwind@0087d7b0
0087d7d0	Unwind@0087d7d0
0087d7d8	Unwind@0087d7d8
0087d7e0	Unwind@0087d7e0
0087d7e8	Unwind@0087d7e8
0087d7f0	Unwind@0087d7f0
0087d7f8	Unwind@0087d7f8
0087d803	Unwind@0087d803
0087d820	Unwind@0087d820
0087d828	Unwind@0087d828
0087d833	Unwind@0087d833
0087d850	Unwind@0087d850
0087d858	Unwind@0087d858
0087d860	Unwind@0087d860
0087d880	Unwind@0087d880
0087d8a0	Unwind@0087d8a0
0087d8b1	Unwind@0087d8b1
0087d8b9	Unwind@0087d8b9
0087d8c1	Unwind@0087d8c1
0087d8c9	Unwind@0087d8c9
0087d8d1	Unwind@0087d8d1
0087d8d9	Unwind@0087d8d9
0087d8e1	Unwind@0087d8e1
0087d8ec	Unwind@0087d8ec
0087d920	Unwind@0087d920
0087d928	Unwind@0087d928
0087d930	Unwind@0087d930
0087d950	Unwind@0087d950
0087d961	Unwind@0087d961
0087d969	Unwind@0087d969
0087d971	Unwind@0087d971
0087d990	Unwind@0087d990
0087d998	Unwind@0087d998
0087d9a0	Unwind@0087d9a0
0087d9c0	Unwind@0087d9c0
0087d9c8	Unwind@0087d9c8
0087d9d0	Unwind@0087d9d0
0087d9d8	Unwind@0087d9d8
0087d9ef	Unwind@0087d9ef
0087da10	Unwind@0087da10
0087da18	Unwind@0087da18
0087da20	Unwind@0087da20
0087da28	Unwind@0087da28
0087da3f	Unwind@0087da3f
0087da60	Unwind@0087da60
0087da68	Unwind@0087da68
0087da70	Unwind@0087da70
0087da78	Unwind@0087da78
0087da80	Unwind@0087da80
0087da88	Unwind@0087da88
0087daa0	Unwind@0087daa0
0087daa8	Unwind@0087daa8
0087dab0	Unwind@0087dab0
0087dab8	Unwind@0087dab8
0087dacf	Unwind@0087dacf
0087daf0	Unwind@0087daf0
0087daf8	Unwind@0087daf8
0087db00	Unwind@0087db00
0087db08	Unwind@0087db08
0087db1f	Unwind@0087db1f
0087db40	Unwind@0087db40
0087db48	Unwind@0087db48
0087db50	Unwind@0087db50
0087db58	Unwind@0087db58
0087db6f	Unwind@0087db6f
0087db90	Unwind@0087db90
0087db98	Unwind@0087db98
0087dba0	Unwind@0087dba0
0087dba8	Unwind@0087dba8
0087dbbf	Unwind@0087dbbf
0087dbe0	Unwind@0087dbe0
0087dbe8	Unwind@0087dbe8
0087dbf0	Unwind@0087dbf0
0087dbf8	Unwind@0087dbf8
0087dc00	Unwind@0087dc00
0087dc08	Unwind@0087dc08
0087dc20	Unwind@0087dc20
0087dc28	Unwind@0087dc28
0087dc30	Unwind@0087dc30
0087dc38	Unwind@0087dc38
0087dc4f	Unwind@0087dc4f
0087dc70	Unwind@0087dc70
0087dc78	Unwind@0087dc78
0087dc80	Unwind@0087dc80
0087dc88	Unwind@0087dc88
0087dc9f	Unwind@0087dc9f
0087dcc0	Unwind@0087dcc0
0087dcc8	Unwind@0087dcc8
0087dcd6	Unwind@0087dcd6
0087dce4	Unwind@0087dce4
0087dcec	Unwind@0087dcec
0087dcf4	Unwind@0087dcf4
0087dcfc	Unwind@0087dcfc
0087dd04	Unwind@0087dd04
0087dd0c	Unwind@0087dd0c
0087dd1e	Unwind@0087dd1e
0087dd26	Unwind@0087dd26
0087dd2e	Unwind@0087dd2e
0087dd36	Unwind@0087dd36
0087dd3e	Unwind@0087dd3e
0087dd46	Unwind@0087dd46
0087dd4e	Unwind@0087dd4e
0087dd56	Unwind@0087dd56
0087dd5e	Unwind@0087dd5e
0087dd66	Unwind@0087dd66
0087dd6e	Unwind@0087dd6e
0087dd76	Unwind@0087dd76
0087dd7e	Unwind@0087dd7e
0087dd86	Unwind@0087dd86
0087dd8e	Unwind@0087dd8e
0087dd96	Unwind@0087dd96
0087dd9e	Unwind@0087dd9e
0087dda6	Unwind@0087dda6
0087ddae	Unwind@0087ddae
0087ddb6	Unwind@0087ddb6
0087ddbe	Unwind@0087ddbe
0087ddd0	Unwind@0087ddd0
0087ddd8	Unwind@0087ddd8
0087dde0	Unwind@0087dde0
0087ddf2	Unwind@0087ddf2
0087de10	Unwind@0087de10
0087de18	Unwind@0087de18
0087de20	Unwind@0087de20
0087de28	Unwind@0087de28
0087de30	Unwind@0087de30
0087de38	Unwind@0087de38
0087de50	Unwind@0087de50
0087de58	Unwind@0087de58
0087de66	Unwind@0087de66
0087de78	Unwind@0087de78
0087de80	Unwind@0087de80
0087de88	Unwind@0087de88
0087de96	Unwind@0087de96
0087de9e	Unwind@0087de9e
0087deb0	Unwind@0087deb0
0087deb8	Unwind@0087deb8
0087dec6	Unwind@0087dec6
0087ded8	Unwind@0087ded8
0087dee0	Unwind@0087dee0
0087deee	Unwind@0087deee
0087defc	Unwind@0087defc
0087df07	Unwind@0087df07
0087df0f	Unwind@0087df0f
0087df1a	Unwind@0087df1a
0087df2f	Unwind@0087df2f
0087df3a	Unwind@0087df3a
0087df42	Unwind@0087df42
0087df4a	Unwind@0087df4a
0087df52	Unwind@0087df52
0087df5d	Unwind@0087df5d
0087df65	Unwind@0087df65
0087df6d	Unwind@0087df6d
0087df75	Unwind@0087df75
0087df80	Unwind@0087df80
0087df8b	Unwind@0087df8b
0087df96	Unwind@0087df96
0087dfa1	Unwind@0087dfa1
0087dfa9	Unwind@0087dfa9
0087dfb1	Unwind@0087dfb1
0087dfb9	Unwind@0087dfb9
0087dfc4	Unwind@0087dfc4
0087dfcc	Unwind@0087dfcc
0087dfd4	Unwind@0087dfd4
0087dfdc	Unwind@0087dfdc
0087dfe7	Unwind@0087dfe7
0087dff2	Unwind@0087dff2
0087dffa	Unwind@0087dffa
0087e002	Unwind@0087e002
0087e014	Unwind@0087e014
0087e01c	Unwind@0087e01c
0087e024	Unwind@0087e024
0087e02c	Unwind@0087e02c
0087e034	Unwind@0087e034
0087e046	Unwind@0087e046
0087e04e	Unwind@0087e04e
0087e056	Unwind@0087e056
0087e05e	Unwind@0087e05e
0087e066	Unwind@0087e066
0087e06e	Unwind@0087e06e
0087e076	Unwind@0087e076
0087e088	Unwind@0087e088
0087e090	Unwind@0087e090
0087e0a2	Unwind@0087e0a2
0087e0aa	Unwind@0087e0aa
0087e0b2	Unwind@0087e0b2
0087e0c4	Unwind@0087e0c4
0087e0cc	Unwind@0087e0cc
0087e0de	Unwind@0087e0de
0087e0e6	Unwind@0087e0e6
0087e0ee	Unwind@0087e0ee
0087e0f6	Unwind@0087e0f6
0087e108	Unwind@0087e108
0087e110	Unwind@0087e110
0087e118	Unwind@0087e118
0087e120	Unwind@0087e120
0087e128	Unwind@0087e128
0087e140	Unwind@0087e140
0087e148	Unwind@0087e148
0087e153	Unwind@0087e153
0087e170	Unwind@0087e170
0087e190	Unwind@0087e190
0087e1a1	Unwind@0087e1a1
0087e1a9	Unwind@0087e1a9
0087e1d0	Unwind@0087e1d0
0087e1d8	Unwind@0087e1d8
0087e1e0	Unwind@0087e1e0
0087e1e8	Unwind@0087e1e8
0087e1ff	Unwind@0087e1ff
0087e220	Unwind@0087e220
0087e228	Unwind@0087e228
0087e230	Unwind@0087e230
0087e238	Unwind@0087e238
0087e24f	Unwind@0087e24f
0087e270	Unwind@0087e270
0087e278	Unwind@0087e278
0087e280	Unwind@0087e280
0087e288	Unwind@0087e288
0087e29f	Unwind@0087e29f
0087e2c0	Unwind@0087e2c0
0087e2c8	Unwind@0087e2c8
0087e2d0	Unwind@0087e2d0
0087e2d8	Unwind@0087e2d8
0087e2e0	Unwind@0087e2e0
0087e2e8	Unwind@0087e2e8
0087e300	Unwind@0087e300
0087e308	Unwind@0087e308
0087e320	Unwind@0087e320
0087e328	Unwind@0087e328
0087e340	Unwind@0087e340
0087e348	Unwind@0087e348
0087e356	Unwind@0087e356
0087e36b	Unwind@0087e36b
0087e376	Unwind@0087e376
0087e37e	Unwind@0087e37e
0087e386	Unwind@0087e386
0087e38e	Unwind@0087e38e
0087e399	Unwind@0087e399
0087e3a1	Unwind@0087e3a1
0087e3a9	Unwind@0087e3a9
0087e3b1	Unwind@0087e3b1
0087e3b9	Unwind@0087e3b9
0087e3c1	Unwind@0087e3c1
0087e3c9	Unwind@0087e3c9
0087e3d4	Unwind@0087e3d4
0087e3dc	Unwind@0087e3dc
0087e3e4	Unwind@0087e3e4
0087e3ec	Unwind@0087e3ec
0087e3f7	Unwind@0087e3f7
0087e3ff	Unwind@0087e3ff
0087e407	Unwind@0087e407
0087e40f	Unwind@0087e40f
0087e417	Unwind@0087e417
0087e41f	Unwind@0087e41f
0087e431	Unwind@0087e431
0087e43c	Unwind@0087e43c
0087e447	Unwind@0087e447
0087e452	Unwind@0087e452
0087e45d	Unwind@0087e45d
0087e468	Unwind@0087e468
0087e473	Unwind@0087e473
0087e47e	Unwind@0087e47e
0087e489	Unwind@0087e489
0087e494	Unwind@0087e494
0087e49f	Unwind@0087e49f
0087e4aa	Unwind@0087e4aa
0087e4b5	Unwind@0087e4b5
0087e4c0	Unwind@0087e4c0
0087e4cb	Unwind@0087e4cb
0087e4d6	Unwind@0087e4d6
0087e4e1	Unwind@0087e4e1
0087e4ec	Unwind@0087e4ec
0087e4f7	Unwind@0087e4f7
0087e502	Unwind@0087e502
0087e50d	Unwind@0087e50d
0087e518	Unwind@0087e518
0087e523	Unwind@0087e523
0087e52e	Unwind@0087e52e
0087e539	Unwind@0087e539
0087e544	Unwind@0087e544
0087e54f	Unwind@0087e54f
0087e55a	Unwind@0087e55a
0087e565	Unwind@0087e565
0087e570	Unwind@0087e570
0087e585	Unwind@0087e585
0087e58d	Unwind@0087e58d
0087e595	Unwind@0087e595
0087e5ac	Unwind@0087e5ac
0087e5be	Unwind@0087e5be
0087e5c6	Unwind@0087e5c6
0087e5ce	Unwind@0087e5ce
0087e5d6	Unwind@0087e5d6
0087e5de	Unwind@0087e5de
0087e5e6	Unwind@0087e5e6
0087e5ee	Unwind@0087e5ee
0087e5f6	Unwind@0087e5f6
0087e5fe	Unwind@0087e5fe
0087e609	Unwind@0087e609
0087e61b	Unwind@0087e61b
0087e623	Unwind@0087e623
0087e62b	Unwind@0087e62b
0087e633	Unwind@0087e633
0087e63b	Unwind@0087e63b
0087e643	Unwind@0087e643
0087e65a	Unwind@0087e65a
0087e66c	Unwind@0087e66c
0087e674	Unwind@0087e674
0087e67c	Unwind@0087e67c
0087e684	Unwind@0087e684
0087e68c	Unwind@0087e68c
0087e694	Unwind@0087e694
0087e69c	Unwind@0087e69c
0087e6a4	Unwind@0087e6a4
0087e6ac	Unwind@0087e6ac
0087e6b7	Unwind@0087e6b7
0087e6d0	Unwind@0087e6d0
0087e6d8	Unwind@0087e6d8
0087e6e0	Unwind@0087e6e0
0087e6e8	Unwind@0087e6e8
0087e6f0	Unwind@0087e6f0
0087e6f8	Unwind@0087e6f8
0087e710	Unwind@0087e710
0087e718	Unwind@0087e718
0087e720	Unwind@0087e720
0087e728	Unwind@0087e728
0087e730	Unwind@0087e730
0087e738	Unwind@0087e738
0087e750	Unwind@0087e750
0087e770	Unwind@0087e770
0087e778	Unwind@0087e778
0087e780	Unwind@0087e780
0087e78b	Unwind@0087e78b
0087e793	Unwind@0087e793
0087e79b	Unwind@0087e79b
0087e7a3	Unwind@0087e7a3
0087e7ab	Unwind@0087e7ab
0087e7b3	Unwind@0087e7b3
0087e7c5	Unwind@0087e7c5
0087e7cd	Unwind@0087e7cd
0087e7d5	Unwind@0087e7d5
0087e7dd	Unwind@0087e7dd
0087e7e5	Unwind@0087e7e5
0087e7ed	Unwind@0087e7ed
0087e7f5	Unwind@0087e7f5
0087e807	Unwind@0087e807
0087e80f	Unwind@0087e80f
0087e817	Unwind@0087e817
0087e81f	Unwind@0087e81f
0087e827	Unwind@0087e827
0087e82f	Unwind@0087e82f
0087e837	Unwind@0087e837
0087e83f	Unwind@0087e83f
0087e847	Unwind@0087e847
0087e859	Unwind@0087e859
0087e861	Unwind@0087e861
0087e869	Unwind@0087e869
0087e871	Unwind@0087e871
0087e879	Unwind@0087e879
0087e881	Unwind@0087e881
0087e889	Unwind@0087e889
0087e89b	Unwind@0087e89b
0087e8a3	Unwind@0087e8a3
0087e8ab	Unwind@0087e8ab
0087e8b3	Unwind@0087e8b3
0087e8bb	Unwind@0087e8bb
0087e8c3	Unwind@0087e8c3
0087e8cb	Unwind@0087e8cb
0087e8d3	Unwind@0087e8d3
0087e8db	Unwind@0087e8db
0087e8e3	Unwind@0087e8e3
0087e8eb	Unwind@0087e8eb
0087e8f3	Unwind@0087e8f3
0087e8fb	Unwind@0087e8fb
0087e903	Unwind@0087e903
0087e90b	Unwind@0087e90b
0087e913	Unwind@0087e913
0087e91b	Unwind@0087e91b
0087e923	Unwind@0087e923
0087e92b	Unwind@0087e92b
0087e933	Unwind@0087e933
0087e93b	Unwind@0087e93b
0087e943	Unwind@0087e943
0087e94b	Unwind@0087e94b
0087e953	Unwind@0087e953
0087e95b	Unwind@0087e95b
0087e963	Unwind@0087e963
0087e96b	Unwind@0087e96b
0087e973	Unwind@0087e973
0087e97b	Unwind@0087e97b
0087e983	Unwind@0087e983
0087e98b	Unwind@0087e98b
0087e993	Unwind@0087e993
0087e99b	Unwind@0087e99b
0087e9a3	Unwind@0087e9a3
0087e9ab	Unwind@0087e9ab
0087e9b3	Unwind@0087e9b3
0087e9bb	Unwind@0087e9bb
0087e9c3	Unwind@0087e9c3
0087e9cb	Unwind@0087e9cb
0087e9d3	Unwind@0087e9d3
0087e9db	Unwind@0087e9db
0087e9e3	Unwind@0087e9e3
0087e9eb	Unwind@0087e9eb
0087e9f3	Unwind@0087e9f3
0087e9fb	Unwind@0087e9fb
0087ea03	Unwind@0087ea03
0087ea0b	Unwind@0087ea0b
0087ea13	Unwind@0087ea13
0087ea1b	Unwind@0087ea1b
0087ea23	Unwind@0087ea23
0087ea2b	Unwind@0087ea2b
0087ea33	Unwind@0087ea33
0087ea3b	Unwind@0087ea3b
0087ea43	Unwind@0087ea43
0087ea4b	Unwind@0087ea4b
0087ea53	Unwind@0087ea53
0087ea5b	Unwind@0087ea5b
0087ea63	Unwind@0087ea63
0087ea6b	Unwind@0087ea6b
0087ea73	Unwind@0087ea73
0087ea7b	Unwind@0087ea7b
0087ea83	Unwind@0087ea83
0087ea8b	Unwind@0087ea8b
0087ea93	Unwind@0087ea93
0087ea9b	Unwind@0087ea9b
0087eaa3	Unwind@0087eaa3
0087eaab	Unwind@0087eaab
0087eab3	Unwind@0087eab3
0087eabb	Unwind@0087eabb
0087eac3	Unwind@0087eac3
0087eacb	Unwind@0087eacb
0087ead3	Unwind@0087ead3
0087eadb	Unwind@0087eadb
0087eae3	Unwind@0087eae3
0087eaeb	Unwind@0087eaeb
0087eaf3	Unwind@0087eaf3
0087eafb	Unwind@0087eafb
0087eb03	Unwind@0087eb03
0087eb0b	Unwind@0087eb0b
0087eb13	Unwind@0087eb13
0087eb1b	Unwind@0087eb1b
0087eb23	Unwind@0087eb23
0087eb2b	Unwind@0087eb2b
0087eb33	Unwind@0087eb33
0087eb3b	Unwind@0087eb3b
0087eb43	Unwind@0087eb43
0087eb4b	Unwind@0087eb4b
0087eb53	Unwind@0087eb53
0087eb5b	Unwind@0087eb5b
0087eb63	Unwind@0087eb63
0087eb6b	Unwind@0087eb6b
0087eb73	Unwind@0087eb73
0087eb7b	Unwind@0087eb7b
0087eb83	Unwind@0087eb83
0087eb8b	Unwind@0087eb8b
0087eb93	Unwind@0087eb93
0087eb9b	Unwind@0087eb9b
0087eba3	Unwind@0087eba3
0087ebab	Unwind@0087ebab
0087ebb3	Unwind@0087ebb3
0087ebbb	Unwind@0087ebbb
0087ebc3	Unwind@0087ebc3
0087ebcb	Unwind@0087ebcb
0087ebd3	Unwind@0087ebd3
0087ebdb	Unwind@0087ebdb
0087ebe3	Unwind@0087ebe3
0087ebeb	Unwind@0087ebeb
0087ebf3	Unwind@0087ebf3
0087ebfb	Unwind@0087ebfb
0087ec03	Unwind@0087ec03
0087ec0b	Unwind@0087ec0b
0087ec13	Unwind@0087ec13
0087ec1b	Unwind@0087ec1b
0087ec23	Unwind@0087ec23
0087ec2b	Unwind@0087ec2b
0087ec33	Unwind@0087ec33
0087ec3b	Unwind@0087ec3b
0087ec43	Unwind@0087ec43
0087ec4b	Unwind@0087ec4b
0087ec53	Unwind@0087ec53
0087ec5b	Unwind@0087ec5b
0087ec63	Unwind@0087ec63
0087ec6b	Unwind@0087ec6b
0087ec73	Unwind@0087ec73
0087ec7b	Unwind@0087ec7b
0087ec83	Unwind@0087ec83
0087ec8b	Unwind@0087ec8b
0087ec93	Unwind@0087ec93
0087ec9b	Unwind@0087ec9b
0087eca3	Unwind@0087eca3
0087ecab	Unwind@0087ecab
0087ecb3	Unwind@0087ecb3
0087ecbb	Unwind@0087ecbb
0087ecc3	Unwind@0087ecc3
0087eccb	Unwind@0087eccb
0087ecd3	Unwind@0087ecd3
0087ecdb	Unwind@0087ecdb
0087ece3	Unwind@0087ece3
0087eceb	Unwind@0087eceb
0087ecf3	Unwind@0087ecf3
0087ecfb	Unwind@0087ecfb
0087ed03	Unwind@0087ed03
0087ed0b	Unwind@0087ed0b
0087ed13	Unwind@0087ed13
0087ed1b	Unwind@0087ed1b
0087ed23	Unwind@0087ed23
0087ed2b	Unwind@0087ed2b
0087ed33	Unwind@0087ed33
0087ed3b	Unwind@0087ed3b
0087ed43	Unwind@0087ed43
0087ed4b	Unwind@0087ed4b
0087ed53	Unwind@0087ed53
0087ed5b	Unwind@0087ed5b
0087ed63	Unwind@0087ed63
0087ed6b	Unwind@0087ed6b
0087ed73	Unwind@0087ed73
0087ed7b	Unwind@0087ed7b
0087ed83	Unwind@0087ed83
0087ed8b	Unwind@0087ed8b
0087ed93	Unwind@0087ed93
0087ed9b	Unwind@0087ed9b
0087eda3	Unwind@0087eda3
0087edab	Unwind@0087edab
0087edb3	Unwind@0087edb3
0087edbb	Unwind@0087edbb
0087edc3	Unwind@0087edc3
0087edcb	Unwind@0087edcb
0087edd3	Unwind@0087edd3
0087eddb	Unwind@0087eddb
0087ede3	Unwind@0087ede3
0087edeb	Unwind@0087edeb
0087edf3	Unwind@0087edf3
0087edfb	Unwind@0087edfb
0087ee03	Unwind@0087ee03
0087ee0b	Unwind@0087ee0b
0087ee13	Unwind@0087ee13
0087ee1b	Unwind@0087ee1b
0087ee23	Unwind@0087ee23
0087ee2b	Unwind@0087ee2b
0087ee33	Unwind@0087ee33
0087ee3b	Unwind@0087ee3b
0087ee43	Unwind@0087ee43
0087ee4b	Unwind@0087ee4b
0087ee53	Unwind@0087ee53
0087ee5b	Unwind@0087ee5b
0087ee63	Unwind@0087ee63
0087ee6b	Unwind@0087ee6b
0087ee73	Unwind@0087ee73
0087ee7b	Unwind@0087ee7b
0087ee83	Unwind@0087ee83
0087ee8b	Unwind@0087ee8b
0087ee93	Unwind@0087ee93
0087ee9b	Unwind@0087ee9b
0087eea3	Unwind@0087eea3
0087eeab	Unwind@0087eeab
0087eeb3	Unwind@0087eeb3
0087eebb	Unwind@0087eebb
0087eec3	Unwind@0087eec3
0087eecb	Unwind@0087eecb
0087eed3	Unwind@0087eed3
0087eedb	Unwind@0087eedb
0087eee3	Unwind@0087eee3
0087eeeb	Unwind@0087eeeb
0087eef3	Unwind@0087eef3
0087eefb	Unwind@0087eefb
0087ef03	Unwind@0087ef03
0087ef0b	Unwind@0087ef0b
0087ef13	Unwind@0087ef13
0087ef1b	Unwind@0087ef1b
0087ef23	Unwind@0087ef23
0087ef2b	Unwind@0087ef2b
0087ef33	Unwind@0087ef33
0087ef3b	Unwind@0087ef3b
0087ef43	Unwind@0087ef43
0087ef4b	Unwind@0087ef4b
0087ef53	Unwind@0087ef53
0087ef5b	Unwind@0087ef5b
0087ef63	Unwind@0087ef63
0087ef6b	Unwind@0087ef6b
0087ef73	Unwind@0087ef73
0087ef7b	Unwind@0087ef7b
0087ef83	Unwind@0087ef83
0087ef8b	Unwind@0087ef8b
0087ef93	Unwind@0087ef93
0087ef9b	Unwind@0087ef9b
0087efa3	Unwind@0087efa3
0087efab	Unwind@0087efab
0087efb3	Unwind@0087efb3
0087efbb	Unwind@0087efbb
0087efc3	Unwind@0087efc3
0087efcb	Unwind@0087efcb
0087efd3	Unwind@0087efd3
0087efdb	Unwind@0087efdb
0087efe3	Unwind@0087efe3
0087efeb	Unwind@0087efeb
0087eff3	Unwind@0087eff3
0087effb	Unwind@0087effb
0087f003	Unwind@0087f003
0087f00b	Unwind@0087f00b
0087f013	Unwind@0087f013
0087f01b	Unwind@0087f01b
0087f02d	Unwind@0087f02d
0087f035	Unwind@0087f035
0087f03d	Unwind@0087f03d
0087f045	Unwind@0087f045
0087f04d	Unwind@0087f04d
0087f055	Unwind@0087f055
0087f05d	Unwind@0087f05d
0087f065	Unwind@0087f065
0087f06d	Unwind@0087f06d
0087f075	Unwind@0087f075
0087f07d	Unwind@0087f07d
0087f085	Unwind@0087f085
0087f08d	Unwind@0087f08d
0087f095	Unwind@0087f095
0087f0b6	Unwind@0087f0b6
0087f0be	Unwind@0087f0be
0087f0c6	Unwind@0087f0c6
0087f0ce	Unwind@0087f0ce
0087f0d6	Unwind@0087f0d6
0087f0de	Unwind@0087f0de
0087f0e6	Unwind@0087f0e6
0087f0ee	Unwind@0087f0ee
0087f0f6	Unwind@0087f0f6
0087f0fe	Unwind@0087f0fe
0087f106	Unwind@0087f106
0087f118	Unwind@0087f118
0087f120	Unwind@0087f120
0087f128	Unwind@0087f128
0087f130	Unwind@0087f130
0087f138	Unwind@0087f138
0087f140	Unwind@0087f140
0087f148	Unwind@0087f148
0087f15a	Unwind@0087f15a
0087f162	Unwind@0087f162
0087f16a	Unwind@0087f16a
0087f172	Unwind@0087f172
0087f17a	Unwind@0087f17a
0087f182	Unwind@0087f182
0087f18a	Unwind@0087f18a
0087f192	Unwind@0087f192
0087f19a	Unwind@0087f19a
0087f1a2	Unwind@0087f1a2
0087f1aa	Unwind@0087f1aa
0087f1b2	Unwind@0087f1b2
0087f1ba	Unwind@0087f1ba
0087f1c2	Unwind@0087f1c2
0087f1ca	Unwind@0087f1ca
0087f1d2	Unwind@0087f1d2
0087f1da	Unwind@0087f1da
0087f1e2	Unwind@0087f1e2
0087f1ea	Unwind@0087f1ea
0087f1f2	Unwind@0087f1f2
0087f1fa	Unwind@0087f1fa
0087f202	Unwind@0087f202
0087f20a	Unwind@0087f20a
0087f212	Unwind@0087f212
0087f21a	Unwind@0087f21a
0087f222	Unwind@0087f222
0087f22a	Unwind@0087f22a
0087f232	Unwind@0087f232
0087f23a	Unwind@0087f23a
0087f242	Unwind@0087f242
0087f24a	Unwind@0087f24a
0087f252	Unwind@0087f252
0087f25a	Unwind@0087f25a
0087f262	Unwind@0087f262
0087f26a	Unwind@0087f26a
0087f272	Unwind@0087f272
0087f27a	Unwind@0087f27a
0087f282	Unwind@0087f282
0087f28a	Unwind@0087f28a
0087f292	Unwind@0087f292
0087f29a	Unwind@0087f29a
0087f2a2	Unwind@0087f2a2
0087f2aa	Unwind@0087f2aa
0087f2b2	Unwind@0087f2b2
0087f2ba	Unwind@0087f2ba
0087f2c2	Unwind@0087f2c2
0087f2ca	Unwind@0087f2ca
0087f2d2	Unwind@0087f2d2
0087f2da	Unwind@0087f2da
0087f2e2	Unwind@0087f2e2
0087f2ea	Unwind@0087f2ea
0087f2f2	Unwind@0087f2f2
0087f2fa	Unwind@0087f2fa
0087f302	Unwind@0087f302
0087f30a	Unwind@0087f30a
0087f312	Unwind@0087f312
0087f31a	Unwind@0087f31a
0087f322	Unwind@0087f322
0087f32a	Unwind@0087f32a
0087f332	Unwind@0087f332
0087f33a	Unwind@0087f33a
0087f342	Unwind@0087f342
0087f34a	Unwind@0087f34a
0087f352	Unwind@0087f352
0087f35a	Unwind@0087f35a
0087f362	Unwind@0087f362
0087f36a	Unwind@0087f36a
0087f372	Unwind@0087f372
0087f37a	Unwind@0087f37a
0087f382	Unwind@0087f382
0087f38a	Unwind@0087f38a
0087f392	Unwind@0087f392
0087f39a	Unwind@0087f39a
0087f3a2	Unwind@0087f3a2
0087f3aa	Unwind@0087f3aa
0087f3b2	Unwind@0087f3b2
0087f3ba	Unwind@0087f3ba
0087f3c2	Unwind@0087f3c2
0087f3ca	Unwind@0087f3ca
0087f3d2	Unwind@0087f3d2
0087f3da	Unwind@0087f3da
0087f3e2	Unwind@0087f3e2
0087f3ea	Unwind@0087f3ea
0087f3f2	Unwind@0087f3f2
0087f3fa	Unwind@0087f3fa
0087f402	Unwind@0087f402
0087f40a	Unwind@0087f40a
0087f412	Unwind@0087f412
0087f41a	Unwind@0087f41a
0087f422	Unwind@0087f422
0087f42a	Unwind@0087f42a
0087f432	Unwind@0087f432
0087f43a	Unwind@0087f43a
0087f442	Unwind@0087f442
0087f44a	Unwind@0087f44a
0087f452	Unwind@0087f452
0087f45a	Unwind@0087f45a
0087f462	Unwind@0087f462
0087f46a	Unwind@0087f46a
0087f472	Unwind@0087f472
0087f47a	Unwind@0087f47a
0087f482	Unwind@0087f482
0087f48a	Unwind@0087f48a
0087f492	Unwind@0087f492
0087f49a	Unwind@0087f49a
0087f4a2	Unwind@0087f4a2
0087f4b4	Unwind@0087f4b4
0087f4c6	Unwind@0087f4c6
0087f4ce	Unwind@0087f4ce
0087f4d6	Unwind@0087f4d6
0087f4de	Unwind@0087f4de
0087f4e6	Unwind@0087f4e6
0087f4ee	Unwind@0087f4ee
0087f4f6	Unwind@0087f4f6
0087f4fe	Unwind@0087f4fe
0087f506	Unwind@0087f506
0087f50e	Unwind@0087f50e
0087f516	Unwind@0087f516
0087f51e	Unwind@0087f51e
0087f526	Unwind@0087f526
0087f52e	Unwind@0087f52e
0087f536	Unwind@0087f536
0087f53e	Unwind@0087f53e
0087f546	Unwind@0087f546
0087f54e	Unwind@0087f54e
0087f556	Unwind@0087f556
0087f55e	Unwind@0087f55e
0087f566	Unwind@0087f566
0087f56e	Unwind@0087f56e
0087f576	Unwind@0087f576
0087f57e	Unwind@0087f57e
0087f586	Unwind@0087f586
0087f58e	Unwind@0087f58e
0087f596	Unwind@0087f596
0087f59e	Unwind@0087f59e
0087f5a6	Unwind@0087f5a6
0087f5b8	Unwind@0087f5b8
0087f5c3	Unwind@0087f5c3
0087f5ce	Unwind@0087f5ce
0087f5d9	Unwind@0087f5d9
0087f5e4	Unwind@0087f5e4
0087f5ef	Unwind@0087f5ef
0087f5fa	Unwind@0087f5fa
0087f605	Unwind@0087f605
0087f610	Unwind@0087f610
0087f61b	Unwind@0087f61b
0087f626	Unwind@0087f626
0087f631	Unwind@0087f631
0087f63c	Unwind@0087f63c
0087f647	Unwind@0087f647
0087f652	Unwind@0087f652
0087f65d	Unwind@0087f65d
0087f668	Unwind@0087f668
0087f673	Unwind@0087f673
0087f67e	Unwind@0087f67e
0087f689	Unwind@0087f689
0087f694	Unwind@0087f694
0087f69f	Unwind@0087f69f
0087f6aa	Unwind@0087f6aa
0087f6b5	Unwind@0087f6b5
0087f6c0	Unwind@0087f6c0
0087f6cb	Unwind@0087f6cb
0087f6d6	Unwind@0087f6d6
0087f6e1	Unwind@0087f6e1
0087f6ec	Unwind@0087f6ec
0087f6f7	Unwind@0087f6f7
0087f702	Unwind@0087f702
0087f70d	Unwind@0087f70d
0087f718	Unwind@0087f718
0087f723	Unwind@0087f723
0087f72e	Unwind@0087f72e
0087f739	Unwind@0087f739
0087f744	Unwind@0087f744
0087f74f	Unwind@0087f74f
0087f75a	Unwind@0087f75a
0087f765	Unwind@0087f765
0087f770	Unwind@0087f770
0087f77b	Unwind@0087f77b
0087f786	Unwind@0087f786
0087f791	Unwind@0087f791
0087f79c	Unwind@0087f79c
0087f7a7	Unwind@0087f7a7
0087f7b2	Unwind@0087f7b2
0087f7bd	Unwind@0087f7bd
0087f7c8	Unwind@0087f7c8
0087f7d3	Unwind@0087f7d3
0087f7de	Unwind@0087f7de
0087f7e9	Unwind@0087f7e9
0087f7f4	Unwind@0087f7f4
0087f7ff	Unwind@0087f7ff
0087f80a	Unwind@0087f80a
0087f815	Unwind@0087f815
0087f820	Unwind@0087f820
0087f82b	Unwind@0087f82b
0087f836	Unwind@0087f836
0087f841	Unwind@0087f841
0087f84c	Unwind@0087f84c
0087f857	Unwind@0087f857
0087f862	Unwind@0087f862
0087f86d	Unwind@0087f86d
0087f878	Unwind@0087f878
0087f883	Unwind@0087f883
0087f88e	Unwind@0087f88e
0087f899	Unwind@0087f899
0087f8a4	Unwind@0087f8a4
0087f8af	Unwind@0087f8af
0087f8ba	Unwind@0087f8ba
0087f8c5	Unwind@0087f8c5
0087f8d0	Unwind@0087f8d0
0087f8db	Unwind@0087f8db
0087f8e6	Unwind@0087f8e6
0087f8f1	Unwind@0087f8f1
0087f8fc	Unwind@0087f8fc
0087f907	Unwind@0087f907
0087f912	Unwind@0087f912
0087f91d	Unwind@0087f91d
0087f928	Unwind@0087f928
0087f933	Unwind@0087f933
0087f93e	Unwind@0087f93e
0087f949	Unwind@0087f949
0087f954	Unwind@0087f954
0087f95f	Unwind@0087f95f
0087f96a	Unwind@0087f96a
0087f975	Unwind@0087f975
0087f980	Unwind@0087f980
0087f98b	Unwind@0087f98b
0087f996	Unwind@0087f996
0087f9a1	Unwind@0087f9a1
0087f9ac	Unwind@0087f9ac
0087f9b7	Unwind@0087f9b7
0087f9c2	Unwind@0087f9c2
0087f9cd	Unwind@0087f9cd
0087f9d8	Unwind@0087f9d8
0087f9e3	Unwind@0087f9e3
0087f9ee	Unwind@0087f9ee
0087f9f9	Unwind@0087f9f9
0087fa04	Unwind@0087fa04
0087fa0f	Unwind@0087fa0f
0087fa1a	Unwind@0087fa1a
0087fa25	Unwind@0087fa25
0087fa30	Unwind@0087fa30
0087fa3b	Unwind@0087fa3b
0087fa46	Unwind@0087fa46
0087fa51	Unwind@0087fa51
0087fa5c	Unwind@0087fa5c
0087fa67	Unwind@0087fa67
0087fa72	Unwind@0087fa72
0087fa7d	Unwind@0087fa7d
0087fa88	Unwind@0087fa88
0087fa93	Unwind@0087fa93
0087fa9e	Unwind@0087fa9e
0087faa9	Unwind@0087faa9
0087fab4	Unwind@0087fab4
0087fabf	Unwind@0087fabf
0087faca	Unwind@0087faca
0087fad5	Unwind@0087fad5
0087fae0	Unwind@0087fae0
0087faeb	Unwind@0087faeb
0087faf6	Unwind@0087faf6
0087fb01	Unwind@0087fb01
0087fb0c	Unwind@0087fb0c
0087fb17	Unwind@0087fb17
0087fb22	Unwind@0087fb22
0087fb2d	Unwind@0087fb2d
0087fb38	Unwind@0087fb38
0087fb43	Unwind@0087fb43
0087fb4e	Unwind@0087fb4e
0087fb59	Unwind@0087fb59
0087fb64	Unwind@0087fb64
0087fb6f	Unwind@0087fb6f
0087fb7a	Unwind@0087fb7a
0087fb85	Unwind@0087fb85
0087fb90	Unwind@0087fb90
0087fb9b	Unwind@0087fb9b
0087fba6	Unwind@0087fba6
0087fbb1	Unwind@0087fbb1
0087fbbc	Unwind@0087fbbc
0087fbc7	Unwind@0087fbc7
0087fbd2	Unwind@0087fbd2
0087fbdd	Unwind@0087fbdd
0087fbe8	Unwind@0087fbe8
0087fbf3	Unwind@0087fbf3
0087fbfe	Unwind@0087fbfe
0087fc09	Unwind@0087fc09
0087fc14	Unwind@0087fc14
0087fc1f	Unwind@0087fc1f
0087fc2a	Unwind@0087fc2a
0087fc35	Unwind@0087fc35
0087fc40	Unwind@0087fc40
0087fc4b	Unwind@0087fc4b
0087fc56	Unwind@0087fc56
0087fc61	Unwind@0087fc61
0087fc6c	Unwind@0087fc6c
0087fc77	Unwind@0087fc77
0087fc82	Unwind@0087fc82
0087fc8d	Unwind@0087fc8d
0087fc98	Unwind@0087fc98
0087fca3	Unwind@0087fca3
0087fcae	Unwind@0087fcae
0087fcb9	Unwind@0087fcb9
0087fcc4	Unwind@0087fcc4
0087fccf	Unwind@0087fccf
0087fcda	Unwind@0087fcda
0087fce5	Unwind@0087fce5
0087fcf0	Unwind@0087fcf0
0087fcfb	Unwind@0087fcfb
0087fd06	Unwind@0087fd06
0087fd11	Unwind@0087fd11
0087fd19	Unwind@0087fd19
0087fd24	Unwind@0087fd24
0087fd2f	Unwind@0087fd2f
0087fd37	Unwind@0087fd37
0087fd42	Unwind@0087fd42
0087fd4d	Unwind@0087fd4d
0087fd58	Unwind@0087fd58
0087fd63	Unwind@0087fd63
0087fd6e	Unwind@0087fd6e
0087fd79	Unwind@0087fd79
0087fd84	Unwind@0087fd84
0087fd8c	Unwind@0087fd8c
0087fd97	Unwind@0087fd97
0087fda2	Unwind@0087fda2
0087fdad	Unwind@0087fdad
0087fdb8	Unwind@0087fdb8
0087fdc3	Unwind@0087fdc3
0087fdce	Unwind@0087fdce
0087fdd9	Unwind@0087fdd9
0087fde4	Unwind@0087fde4
0087fdef	Unwind@0087fdef
0087fdfa	Unwind@0087fdfa
0087fe05	Unwind@0087fe05
0087fe10	Unwind@0087fe10
0087fe1b	Unwind@0087fe1b
0087fe26	Unwind@0087fe26
0087fe31	Unwind@0087fe31
0087fe3c	Unwind@0087fe3c
0087fe47	Unwind@0087fe47
0087fe52	Unwind@0087fe52
0087fe5d	Unwind@0087fe5d
0087fe68	Unwind@0087fe68
0087fe73	Unwind@0087fe73
0087fe7e	Unwind@0087fe7e
0087fe89	Unwind@0087fe89
0087fe94	Unwind@0087fe94
0087fe9f	Unwind@0087fe9f
0087feaa	Unwind@0087feaa
0087feb5	Unwind@0087feb5
0087fec0	Unwind@0087fec0
0087fecb	Unwind@0087fecb
0087fed6	Unwind@0087fed6
0087fee1	Unwind@0087fee1
0087feec	Unwind@0087feec
0087fef7	Unwind@0087fef7
0087ff02	Unwind@0087ff02
0087ff0d	Unwind@0087ff0d
0087ff18	Unwind@0087ff18
0087ff23	Unwind@0087ff23
0087ff2e	Unwind@0087ff2e
0087ff39	Unwind@0087ff39
0087ff44	Unwind@0087ff44
0087ff4f	Unwind@0087ff4f
0087ff5a	Unwind@0087ff5a
0087ff65	Unwind@0087ff65
0087ff70	Unwind@0087ff70
0087ff7b	Unwind@0087ff7b
0087ff86	Unwind@0087ff86
0087ff91	Unwind@0087ff91
0087ff9c	Unwind@0087ff9c
0087ffa7	Unwind@0087ffa7
0087ffb2	Unwind@0087ffb2
0087ffbd	Unwind@0087ffbd
0087ffc8	Unwind@0087ffc8
0087ffd3	Unwind@0087ffd3
0087ffde	Unwind@0087ffde
0087ffe9	Unwind@0087ffe9
0087fff4	Unwind@0087fff4
0087ffff	Unwind@0087ffff
0088000a	Unwind@0088000a
00880020	Unwind@00880020
00880028	Unwind@00880028
00880040	Unwind@00880040
00880048	Unwind@00880048
00880050	Unwind@00880050
0088005b	Unwind@0088005b
00880069	Unwind@00880069
00880077	Unwind@00880077
0088008f	Unwind@0088008f
00880097	Unwind@00880097
008800b0	Unwind@008800b0
008800b8	Unwind@008800b8
008800c3	Unwind@008800c3
008800d1	Unwind@008800d1
008800df	Unwind@008800df
00880100	Unwind@00880100
00880130	Unwind@00880130
00880138	Unwind@00880138
00880140	Unwind@00880140
00880148	Unwind@00880148
00880150	Unwind@00880150
00880158	Unwind@00880158
00880170	Unwind@00880170
00880178	Unwind@00880178
0088018d	Unwind@0088018d
00880195	Unwind@00880195
008801aa	Unwind@008801aa
008801b2	Unwind@008801b2
008801ba	Unwind@008801ba
008801c2	Unwind@008801c2
008801cd	Unwind@008801cd
008801d8	Unwind@008801d8
008801ed	Unwind@008801ed
008801f5	Unwind@008801f5
00880200	Unwind@00880200
0088020b	Unwind@0088020b
00880216	Unwind@00880216
00880221	Unwind@00880221
00880233	Unwind@00880233
0088023b	Unwind@0088023b
00880243	Unwind@00880243
0088024b	Unwind@0088024b
0088025d	Unwind@0088025d
00880265	Unwind@00880265
00880270	Unwind@00880270
0088027b	Unwind@0088027b
00880283	Unwind@00880283
0088028e	Unwind@0088028e
00880299	Unwind@00880299
008802a4	Unwind@008802a4
008802ac	Unwind@008802ac
008802b7	Unwind@008802b7
008802bf	Unwind@008802bf
008802c7	Unwind@008802c7
008802d2	Unwind@008802d2
008802dd	Unwind@008802dd
008802e5	Unwind@008802e5
008802ed	Unwind@008802ed
008802f8	Unwind@008802f8
00880300	Unwind@00880300
00880308	Unwind@00880308
0088031a	Unwind@0088031a
00880322	Unwind@00880322
0088032a	Unwind@0088032a
00880332	Unwind@00880332
0088033a	Unwind@0088033a
00880342	Unwind@00880342
0088034a	Unwind@0088034a
00880352	Unwind@00880352
0088035a	Unwind@0088035a
0088036c	Unwind@0088036c
00880374	Unwind@00880374
0088037c	Unwind@0088037c
00880384	Unwind@00880384
0088038c	Unwind@0088038c
00880394	Unwind@00880394
0088039c	Unwind@0088039c
008803a4	Unwind@008803a4
008803ac	Unwind@008803ac
008803be	Unwind@008803be
008803c6	Unwind@008803c6
008803ce	Unwind@008803ce
008803d6	Unwind@008803d6
008803de	Unwind@008803de
008803e6	Unwind@008803e6
008803ee	Unwind@008803ee
00880400	Unwind@00880400
00880408	Unwind@00880408
00880410	Unwind@00880410
00880418	Unwind@00880418
00880420	Unwind@00880420
00880428	Unwind@00880428
00880430	Unwind@00880430
00880438	Unwind@00880438
00880440	Unwind@00880440
00880461	Unwind@00880461
00880469	Unwind@00880469
00880471	Unwind@00880471
00880479	Unwind@00880479
0088048b	Unwind@0088048b
00880496	Unwind@00880496
008804a1	Unwind@008804a1
008804ac	Unwind@008804ac
008804b7	Unwind@008804b7
008804c2	Unwind@008804c2
008804cd	Unwind@008804cd
008804d8	Unwind@008804d8
008804ed	Unwind@008804ed
008804f5	Unwind@008804f5
008804fd	Unwind@008804fd
00880505	Unwind@00880505
0088050d	Unwind@0088050d
00880515	Unwind@00880515
00880527	Unwind@00880527
0088052f	Unwind@0088052f
00880550	Unwind@00880550
00880558	Unwind@00880558
00880563	Unwind@00880563
00880580	Unwind@00880580
008805a0	Unwind@008805a0
008805a8	Unwind@008805a8
008805b0	Unwind@008805b0
008805bb	Unwind@008805bb
008805c6	Unwind@008805c6
008805f0	Unwind@008805f0
00880610	Unwind@00880610
00880621	Unwind@00880621
00880629	Unwind@00880629
00880631	Unwind@00880631
00880650	Unwind@00880650
00880658	Unwind@00880658
00880660	Unwind@00880660
00880668	Unwind@00880668
00880670	Unwind@00880670
0088067b	Unwind@0088067b
00880690	Unwind@00880690
008806b0	Unwind@008806b0
008806c1	Unwind@008806c1
008806c9	Unwind@008806c9
008806d1	Unwind@008806d1
008806d9	Unwind@008806d9
008806e4	Unwind@008806e4
00880700	Unwind@00880700
00880711	Unwind@00880711
00880719	Unwind@00880719
00880721	Unwind@00880721
00880729	Unwind@00880729
00880731	Unwind@00880731
00880739	Unwind@00880739
00880741	Unwind@00880741
0088074c	Unwind@0088074c
00880770	Unwind@00880770
00880781	Unwind@00880781
00880789	Unwind@00880789
00880791	Unwind@00880791
00880799	Unwind@00880799
008807a1	Unwind@008807a1
008807a9	Unwind@008807a9
008807b1	Unwind@008807b1
008807bc	Unwind@008807bc
008807e0	Unwind@008807e0
008807e8	Unwind@008807e8
008807f0	Unwind@008807f0
008807f8	Unwind@008807f8
00880803	Unwind@00880803
00880820	Unwind@00880820
00880828	Unwind@00880828
00880833	Unwind@00880833
00880850	Unwind@00880850
00880880	Unwind@00880880
008808a0	Unwind@008808a0
008808a8	Unwind@008808a8
008808b0	Unwind@008808b0
008808b8	Unwind@008808b8
008808c3	Unwind@008808c3
008808e0	Unwind@008808e0
008808e8	Unwind@008808e8
008808f0	Unwind@008808f0
008808f8	Unwind@008808f8
00880900	Unwind@00880900
00880908	Unwind@00880908
00880920	Unwind@00880920
00880928	Unwind@00880928
00880940	Unwind@00880940
0088094e	Unwind@0088094e
00880966	Unwind@00880966
0088096e	Unwind@0088096e
00880986	Unwind@00880986
0088099e	Unwind@0088099e
008809a6	Unwind@008809a6
008809be	Unwind@008809be
008809d6	Unwind@008809d6
008809de	Unwind@008809de
008809e6	Unwind@008809e6
008809ee	Unwind@008809ee
008809f6	Unwind@008809f6
008809fe	Unwind@008809fe
00880a06	Unwind@00880a06
00880a0e	Unwind@00880a0e
00880a16	Unwind@00880a16
00880a1e	Unwind@00880a1e
00880a26	Unwind@00880a26
00880a2e	Unwind@00880a2e
00880a36	Unwind@00880a36
00880a50	Unwind@00880a50
00880a58	Unwind@00880a58
00880a60	Unwind@00880a60
00880a68	Unwind@00880a68
00880a7f	Unwind@00880a7f
00880aa0	Unwind@00880aa0
00880aa8	Unwind@00880aa8
00880ab0	Unwind@00880ab0
00880ab8	Unwind@00880ab8
00880ac0	Unwind@00880ac0
00880ac8	Unwind@00880ac8
00880ae0	Unwind@00880ae0
00880ae8	Unwind@00880ae8
00880afa	Unwind@00880afa
00880b02	Unwind@00880b02
00880b14	Unwind@00880b14
00880b1f	Unwind@00880b1f
00880b27	Unwind@00880b27
00880b32	Unwind@00880b32
00880b3d	Unwind@00880b3d
00880b48	Unwind@00880b48
00880b50	Unwind@00880b50
00880b5b	Unwind@00880b5b
00880b66	Unwind@00880b66
00880b6e	Unwind@00880b6e
00880b76	Unwind@00880b76
00880b7e	Unwind@00880b7e
00880b89	Unwind@00880b89
00880b94	Unwind@00880b94
00880b9c	Unwind@00880b9c
00880ba4	Unwind@00880ba4
00880baf	Unwind@00880baf
00880bba	Unwind@00880bba
00880bc2	Unwind@00880bc2
00880bca	Unwind@00880bca
00880bd2	Unwind@00880bd2
00880bda	Unwind@00880bda
00880be5	Unwind@00880be5
00880bf0	Unwind@00880bf0
00880bf8	Unwind@00880bf8
00880c00	Unwind@00880c00
00880c08	Unwind@00880c08
00880c1a	Unwind@00880c1a
00880c22	Unwind@00880c22
00880c30	Unwind@00880c30
00880c45	Unwind@00880c45
00880c4d	Unwind@00880c4d
00880c55	Unwind@00880c55
00880c5d	Unwind@00880c5d
00880c65	Unwind@00880c65
00880c77	Unwind@00880c77
00880c89	Unwind@00880c89
00880c94	Unwind@00880c94
00880c9c	Unwind@00880c9c
00880ca4	Unwind@00880ca4
00880cac	Unwind@00880cac
00880cb7	Unwind@00880cb7
00880cbf	Unwind@00880cbf
00880cc7	Unwind@00880cc7
00880ccf	Unwind@00880ccf
00880cda	Unwind@00880cda
00880ce5	Unwind@00880ce5
00880cf0	Unwind@00880cf0
00880cfb	Unwind@00880cfb
00880d03	Unwind@00880d03
00880d0b	Unwind@00880d0b
00880d13	Unwind@00880d13
00880d1e	Unwind@00880d1e
00880d26	Unwind@00880d26
00880d2e	Unwind@00880d2e
00880d36	Unwind@00880d36
00880d41	Unwind@00880d41
00880d4c	Unwind@00880d4c
00880d54	Unwind@00880d54
00880d5c	Unwind@00880d5c
00880d6e	Unwind@00880d6e
00880d76	Unwind@00880d76
00880d7e	Unwind@00880d7e
00880d86	Unwind@00880d86
00880da0	Unwind@00880da0
00880da8	Unwind@00880da8
00880db0	Unwind@00880db0
00880db8	Unwind@00880db8
00880dc0	Unwind@00880dc0
00880dc8	Unwind@00880dc8
00880de0	Unwind@00880de0
00880de8	Unwind@00880de8
00880df0	Unwind@00880df0
00880df8	Unwind@00880df8
00880e00	Unwind@00880e00
00880e08	Unwind@00880e08
00880e20	Unwind@00880e20
00880e28	Unwind@00880e28
00880e30	Unwind@00880e30
00880e38	Unwind@00880e38
00880e40	Unwind@00880e40
00880e48	Unwind@00880e48
00880e60	Unwind@00880e60
00880e68	Unwind@00880e68
00880e70	Unwind@00880e70
00880e78	Unwind@00880e78
00880e80	Unwind@00880e80
00880e88	Unwind@00880e88
00880ea0	Unwind@00880ea0
00880ea8	Unwind@00880ea8
00880eb0	Unwind@00880eb0
00880eb8	Unwind@00880eb8
00880ecf	Unwind@00880ecf
00880ef0	Unwind@00880ef0
00880ef8	Unwind@00880ef8
00880f00	Unwind@00880f00
00880f08	Unwind@00880f08
00880f10	Unwind@00880f10
00880f18	Unwind@00880f18
00880f30	Unwind@00880f30
00880f38	Unwind@00880f38
00880f40	Unwind@00880f40
00880f48	Unwind@00880f48
00880f50	Unwind@00880f50
00880f58	Unwind@00880f58
00880f70	Unwind@00880f70
00880f78	Unwind@00880f78
00880f80	Unwind@00880f80
00880f88	Unwind@00880f88
00880f9f	Unwind@00880f9f
00880fc0	Unwind@00880fc0
00880fc8	Unwind@00880fc8
00880fd0	Unwind@00880fd0
00880fd8	Unwind@00880fd8
00880fef	Unwind@00880fef
00881010	Unwind@00881010
00881018	Unwind@00881018
00881020	Unwind@00881020
00881028	Unwind@00881028
00881030	Unwind@00881030
00881038	Unwind@00881038
00881050	Unwind@00881050
00881062	Unwind@00881062
00881074	Unwind@00881074
0088107c	Unwind@0088107c
00881084	Unwind@00881084
0088108f	Unwind@0088108f
008810a1	Unwind@008810a1
008810a9	Unwind@008810a9
008810b1	Unwind@008810b1
008810c6	Unwind@008810c6
008810ce	Unwind@008810ce
008810d9	Unwind@008810d9
008810f0	Unwind@008810f0
00881110	Unwind@00881110
0088111b	Unwind@0088111b
00881126	Unwind@00881126
00881131	Unwind@00881131
00881139	Unwind@00881139
00881141	Unwind@00881141
0088114c	Unwind@0088114c
00881157	Unwind@00881157
00881162	Unwind@00881162
0088116d	Unwind@0088116d
00881178	Unwind@00881178
00881183	Unwind@00881183
0088118e	Unwind@0088118e
00881199	Unwind@00881199
008811ab	Unwind@008811ab
008811b3	Unwind@008811b3
008811be	Unwind@008811be
008811c9	Unwind@008811c9
008811d1	Unwind@008811d1
008811d9	Unwind@008811d9
008811f1	Unwind@008811f1
008811f9	Unwind@008811f9
00881204	Unwind@00881204
0088120f	Unwind@0088120f
00881217	Unwind@00881217
0088121f	Unwind@0088121f
00881240	Unwind@00881240
0088124b	Unwind@0088124b
00881253	Unwind@00881253
00881261	Unwind@00881261
0088126f	Unwind@0088126f
00881277	Unwind@00881277
0088127f	Unwind@0088127f
0088128d	Unwind@0088128d
00881298	Unwind@00881298
008812ad	Unwind@008812ad
008812b8	Unwind@008812b8
008812c6	Unwind@008812c6
008812d4	Unwind@008812d4
008812e2	Unwind@008812e2
008812ed	Unwind@008812ed
00881302	Unwind@00881302
00881317	Unwind@00881317
00881322	Unwind@00881322
0088132d	Unwind@0088132d
00881338	Unwind@00881338
00881343	Unwind@00881343
0088134e	Unwind@0088134e
00881359	Unwind@00881359
00881364	Unwind@00881364
0088136f	Unwind@0088136f
0088137a	Unwind@0088137a
00881385	Unwind@00881385
00881390	Unwind@00881390
0088139b	Unwind@0088139b
008813a6	Unwind@008813a6
008813b1	Unwind@008813b1
008813b9	Unwind@008813b9
008813c4	Unwind@008813c4
008813cf	Unwind@008813cf
008813e4	Unwind@008813e4
008813f2	Unwind@008813f2
008813fd	Unwind@008813fd
00881408	Unwind@00881408
00881413	Unwind@00881413
0088141e	Unwind@0088141e
00881429	Unwind@00881429
00881434	Unwind@00881434
0088143f	Unwind@0088143f
0088144a	Unwind@0088144a
00881455	Unwind@00881455
00881460	Unwind@00881460
0088146b	Unwind@0088146b
00881476	Unwind@00881476
00881481	Unwind@00881481
0088148c	Unwind@0088148c
00881497	Unwind@00881497
0088149f	Unwind@0088149f
008814a7	Unwind@008814a7
008814af	Unwind@008814af
008814ba	Unwind@008814ba
008814c5	Unwind@008814c5
008814d0	Unwind@008814d0
008814de	Unwind@008814de
008814e9	Unwind@008814e9
008814f4	Unwind@008814f4
008814ff	Unwind@008814ff
0088150d	Unwind@0088150d
00881518	Unwind@00881518
00881523	Unwind@00881523
0088152e	Unwind@0088152e
0088153c	Unwind@0088153c
00881547	Unwind@00881547
00881552	Unwind@00881552
0088155d	Unwind@0088155d
0088156b	Unwind@0088156b
00881576	Unwind@00881576
00881581	Unwind@00881581
0088158c	Unwind@0088158c
00881597	Unwind@00881597
008815a2	Unwind@008815a2
008815ba	Unwind@008815ba
008815c5	Unwind@008815c5
008815d0	Unwind@008815d0
008815db	Unwind@008815db
008815e6	Unwind@008815e6
008815fb	Unwind@008815fb
00881606	Unwind@00881606
00881611	Unwind@00881611
0088161c	Unwind@0088161c
00881627	Unwind@00881627
00881632	Unwind@00881632
0088163d	Unwind@0088163d
00881648	Unwind@00881648
00881653	Unwind@00881653
0088165e	Unwind@0088165e
00881669	Unwind@00881669
00881674	Unwind@00881674
0088167f	Unwind@0088167f
0088168a	Unwind@0088168a
00881695	Unwind@00881695
008816a0	Unwind@008816a0
008816ab	Unwind@008816ab
008816b6	Unwind@008816b6
008816c1	Unwind@008816c1
008816cc	Unwind@008816cc
008816d7	Unwind@008816d7
008816e2	Unwind@008816e2
008816ed	Unwind@008816ed
00881702	Unwind@00881702
0088170d	Unwind@0088170d
00881718	Unwind@00881718
00881723	Unwind@00881723
0088172e	Unwind@0088172e
00881743	Unwind@00881743
0088174e	Unwind@0088174e
00881763	Unwind@00881763
0088176b	Unwind@0088176b
00881773	Unwind@00881773
0088177b	Unwind@0088177b
0088178d	Unwind@0088178d
00881795	Unwind@00881795
0088179d	Unwind@0088179d
008817a5	Unwind@008817a5
008817c0	Unwind@008817c0
008817e0	Unwind@008817e0
008817f8	Unwind@008817f8
0088180d	Unwind@0088180d
00881818	Unwind@00881818
00881830	Unwind@00881830
00881860	Unwind@00881860
0088186b	Unwind@0088186b
00881880	Unwind@00881880
0088188b	Unwind@0088188b
008818a0	Unwind@008818a0
008818c0	Unwind@008818c0
008818c8	Unwind@008818c8
008818e0	Unwind@008818e0
00881900	Unwind@00881900
00881912	Unwind@00881912
00881924	Unwind@00881924
00881936	Unwind@00881936
00881948	Unwind@00881948
0088195a	Unwind@0088195a
0088196c	Unwind@0088196c
0088197e	Unwind@0088197e
00881990	Unwind@00881990
008819a2	Unwind@008819a2
008819b4	Unwind@008819b4
008819c6	Unwind@008819c6
008819d8	Unwind@008819d8
008819ea	Unwind@008819ea
008819fc	Unwind@008819fc
00881a0e	Unwind@00881a0e
00881a20	Unwind@00881a20
00881a32	Unwind@00881a32
00881a44	Unwind@00881a44
00881a56	Unwind@00881a56
00881a68	Unwind@00881a68
00881a7a	Unwind@00881a7a
00881a8c	Unwind@00881a8c
00881a9e	Unwind@00881a9e
00881ab0	Unwind@00881ab0
00881ac2	Unwind@00881ac2
00881ad4	Unwind@00881ad4
00881ae6	Unwind@00881ae6
00881af8	Unwind@00881af8
00881b0a	Unwind@00881b0a
00881b1c	Unwind@00881b1c
00881b2e	Unwind@00881b2e
00881b40	Unwind@00881b40
00881b52	Unwind@00881b52
00881b64	Unwind@00881b64
00881b76	Unwind@00881b76
00881b88	Unwind@00881b88
00881b9a	Unwind@00881b9a
00881bac	Unwind@00881bac
00881bbe	Unwind@00881bbe
00881bd0	Unwind@00881bd0
00881be2	Unwind@00881be2
00881bf4	Unwind@00881bf4
00881c06	Unwind@00881c06
00881c18	Unwind@00881c18
00881c2a	Unwind@00881c2a
00881c3c	Unwind@00881c3c
00881c4e	Unwind@00881c4e
00881c60	Unwind@00881c60
00881c72	Unwind@00881c72
00881c84	Unwind@00881c84
00881c96	Unwind@00881c96
00881ca8	Unwind@00881ca8
00881cba	Unwind@00881cba
00881ccc	Unwind@00881ccc
00881ce1	Unwind@00881ce1
00881cf3	Unwind@00881cf3
00881d05	Unwind@00881d05
00881d17	Unwind@00881d17
00881d29	Unwind@00881d29
00881d3b	Unwind@00881d3b
00881d4d	Unwind@00881d4d
00881d5f	Unwind@00881d5f
00881d71	Unwind@00881d71
00881d83	Unwind@00881d83
00881d95	Unwind@00881d95
00881da7	Unwind@00881da7
00881db9	Unwind@00881db9
00881dcb	Unwind@00881dcb
00881ddd	Unwind@00881ddd
00881def	Unwind@00881def
00881e01	Unwind@00881e01
00881e13	Unwind@00881e13
00881e25	Unwind@00881e25
00881e37	Unwind@00881e37
00881e49	Unwind@00881e49
00881e5b	Unwind@00881e5b
00881e6d	Unwind@00881e6d
00881e7f	Unwind@00881e7f
00881e91	Unwind@00881e91
00881ea3	Unwind@00881ea3
00881eb5	Unwind@00881eb5
00881ebd	Unwind@00881ebd
00881ec5	Unwind@00881ec5
00881ecd	Unwind@00881ecd
00881ed5	Unwind@00881ed5
00881ee7	Unwind@00881ee7
00881ef9	Unwind@00881ef9
00881f01	Unwind@00881f01
00881f09	Unwind@00881f09
00881f11	Unwind@00881f11
00881f19	Unwind@00881f19
00881f21	Unwind@00881f21
00881f29	Unwind@00881f29
00881f31	Unwind@00881f31
00881f39	Unwind@00881f39
00881f41	Unwind@00881f41
00881f49	Unwind@00881f49
00881f51	Unwind@00881f51
00881f59	Unwind@00881f59
00881f61	Unwind@00881f61
00881f69	Unwind@00881f69
00881f71	Unwind@00881f71
00881f79	Unwind@00881f79
00881f81	Unwind@00881f81
00881f89	Unwind@00881f89
00881f91	Unwind@00881f91
00881f99	Unwind@00881f99
00881fa1	Unwind@00881fa1
00881fa9	Unwind@00881fa9
00881fb1	Unwind@00881fb1
00881fb9	Unwind@00881fb9
00881fc1	Unwind@00881fc1
00881fc9	Unwind@00881fc9
00881fd1	Unwind@00881fd1
00881fd9	Unwind@00881fd9
00881fe1	Unwind@00881fe1
00881fe9	Unwind@00881fe9
00881ff1	Unwind@00881ff1
00882003	Unwind@00882003
00882015	Unwind@00882015
00882027	Unwind@00882027
00882039	Unwind@00882039
0088204b	Unwind@0088204b
0088205d	Unwind@0088205d
0088206f	Unwind@0088206f
00882077	Unwind@00882077
0088207f	Unwind@0088207f
00882087	Unwind@00882087
0088208f	Unwind@0088208f
008820a1	Unwind@008820a1
008820b3	Unwind@008820b3
008820c5	Unwind@008820c5
008820d7	Unwind@008820d7
008820e9	Unwind@008820e9
008820fb	Unwind@008820fb
0088210d	Unwind@0088210d
0088211f	Unwind@0088211f
00882131	Unwind@00882131
00882143	Unwind@00882143
00882155	Unwind@00882155
00882167	Unwind@00882167
00882179	Unwind@00882179
0088218b	Unwind@0088218b
0088219d	Unwind@0088219d
008821af	Unwind@008821af
008821c1	Unwind@008821c1
008821d3	Unwind@008821d3
008821e5	Unwind@008821e5
008821f7	Unwind@008821f7
00882209	Unwind@00882209
0088221b	Unwind@0088221b
0088222d	Unwind@0088222d
0088223f	Unwind@0088223f
00882251	Unwind@00882251
00882263	Unwind@00882263
00882275	Unwind@00882275
00882287	Unwind@00882287
00882299	Unwind@00882299
008822ab	Unwind@008822ab
008822bd	Unwind@008822bd
008822cf	Unwind@008822cf
008822e1	Unwind@008822e1
008822f3	Unwind@008822f3
00882305	Unwind@00882305
00882317	Unwind@00882317
00882329	Unwind@00882329
0088233b	Unwind@0088233b
0088234d	Unwind@0088234d
0088235f	Unwind@0088235f
00882371	Unwind@00882371
00882383	Unwind@00882383
00882395	Unwind@00882395
008823a7	Unwind@008823a7
008823b9	Unwind@008823b9
008823cb	Unwind@008823cb
008823dd	Unwind@008823dd
008823ef	Unwind@008823ef
00882401	Unwind@00882401
00882413	Unwind@00882413
00882430	Unwind@00882430
00882442	Unwind@00882442
00882454	Unwind@00882454
00882466	Unwind@00882466
00882478	Unwind@00882478
0088248a	Unwind@0088248a
0088249c	Unwind@0088249c
008824ae	Unwind@008824ae
008824c0	Unwind@008824c0
008824d2	Unwind@008824d2
008824e4	Unwind@008824e4
008824f6	Unwind@008824f6
00882508	Unwind@00882508
0088251d	Unwind@0088251d
0088252f	Unwind@0088252f
00882541	Unwind@00882541
00882553	Unwind@00882553
00882565	Unwind@00882565
00882577	Unwind@00882577
0088257f	Unwind@0088257f
00882587	Unwind@00882587
0088258f	Unwind@0088258f
00882597	Unwind@00882597
0088259f	Unwind@0088259f
008825a7	Unwind@008825a7
008825af	Unwind@008825af
008825b7	Unwind@008825b7
008825bf	Unwind@008825bf
008825c7	Unwind@008825c7
008825cf	Unwind@008825cf
008825d7	Unwind@008825d7
008825df	Unwind@008825df
008825e7	Unwind@008825e7
008825ef	Unwind@008825ef
008825f7	Unwind@008825f7
008825ff	Unwind@008825ff
00882607	Unwind@00882607
0088260f	Unwind@0088260f
00882617	Unwind@00882617
0088261f	Unwind@0088261f
00882627	Unwind@00882627
0088262f	Unwind@0088262f
00882637	Unwind@00882637
0088263f	Unwind@0088263f
00882647	Unwind@00882647
0088264f	Unwind@0088264f
00882657	Unwind@00882657
0088265f	Unwind@0088265f
00882667	Unwind@00882667
00882679	Unwind@00882679
0088268b	Unwind@0088268b
0088269d	Unwind@0088269d
008826af	Unwind@008826af
008826c1	Unwind@008826c1
008826d3	Unwind@008826d3
008826e5	Unwind@008826e5
008826f7	Unwind@008826f7
00882709	Unwind@00882709
0088271b	Unwind@0088271b
0088272d	Unwind@0088272d
0088273f	Unwind@0088273f
00882751	Unwind@00882751
00882763	Unwind@00882763
00882775	Unwind@00882775
00882787	Unwind@00882787
00882799	Unwind@00882799
008827ab	Unwind@008827ab
008827bd	Unwind@008827bd
008827cf	Unwind@008827cf
008827e1	Unwind@008827e1
008827f3	Unwind@008827f3
00882805	Unwind@00882805
00882817	Unwind@00882817
00882829	Unwind@00882829
0088283b	Unwind@0088283b
0088284d	Unwind@0088284d
0088285f	Unwind@0088285f
00882871	Unwind@00882871
00882883	Unwind@00882883
00882895	Unwind@00882895
008828a7	Unwind@008828a7
008828b9	Unwind@008828b9
008828cb	Unwind@008828cb
008828dd	Unwind@008828dd
008828ef	Unwind@008828ef
00882901	Unwind@00882901
00882913	Unwind@00882913
00882925	Unwind@00882925
00882937	Unwind@00882937
00882950	Unwind@00882950
00882958	Unwind@00882958
0088296d	Unwind@0088296d
00882975	Unwind@00882975
00882980	Unwind@00882980
00882995	Unwind@00882995
008829a0	Unwind@008829a0
008829ab	Unwind@008829ab
008829b6	Unwind@008829b6
008829c1	Unwind@008829c1
008829cc	Unwind@008829cc
008829d7	Unwind@008829d7
008829e2	Unwind@008829e2
008829ed	Unwind@008829ed
008829f8	Unwind@008829f8
00882a03	Unwind@00882a03
00882a0e	Unwind@00882a0e
00882a19	Unwind@00882a19
00882a24	Unwind@00882a24
00882a2f	Unwind@00882a2f
00882a3a	Unwind@00882a3a
00882a45	Unwind@00882a45
00882a50	Unwind@00882a50
00882a5b	Unwind@00882a5b
00882a66	Unwind@00882a66
00882a71	Unwind@00882a71
00882a7c	Unwind@00882a7c
00882a87	Unwind@00882a87
00882a92	Unwind@00882a92
00882a9d	Unwind@00882a9d
00882aa8	Unwind@00882aa8
00882ab3	Unwind@00882ab3
00882abe	Unwind@00882abe
00882ac9	Unwind@00882ac9
00882ad4	Unwind@00882ad4
00882adf	Unwind@00882adf
00882aea	Unwind@00882aea
00882af5	Unwind@00882af5
00882b00	Unwind@00882b00
00882b0b	Unwind@00882b0b
00882b16	Unwind@00882b16
00882b21	Unwind@00882b21
00882b2c	Unwind@00882b2c
00882b37	Unwind@00882b37
00882b42	Unwind@00882b42
00882b4d	Unwind@00882b4d
00882b58	Unwind@00882b58
00882b63	Unwind@00882b63
00882b6e	Unwind@00882b6e
00882b79	Unwind@00882b79
00882b84	Unwind@00882b84
00882b8f	Unwind@00882b8f
00882b9a	Unwind@00882b9a
00882ba5	Unwind@00882ba5
00882bb0	Unwind@00882bb0
00882bbb	Unwind@00882bbb
00882bc6	Unwind@00882bc6
00882bd1	Unwind@00882bd1
00882bdc	Unwind@00882bdc
00882be7	Unwind@00882be7
00882bf2	Unwind@00882bf2
00882bfd	Unwind@00882bfd
00882c08	Unwind@00882c08
00882c13	Unwind@00882c13
00882c1e	Unwind@00882c1e
00882c29	Unwind@00882c29
00882c34	Unwind@00882c34
00882c3f	Unwind@00882c3f
00882c4a	Unwind@00882c4a
00882c55	Unwind@00882c55
00882c60	Unwind@00882c60
00882c6b	Unwind@00882c6b
00882c76	Unwind@00882c76
00882c81	Unwind@00882c81
00882c8c	Unwind@00882c8c
00882c97	Unwind@00882c97
00882ca2	Unwind@00882ca2
00882cad	Unwind@00882cad
00882cb8	Unwind@00882cb8
00882cc3	Unwind@00882cc3
00882cce	Unwind@00882cce
00882cd9	Unwind@00882cd9
00882ce4	Unwind@00882ce4
00882cef	Unwind@00882cef
00882cfa	Unwind@00882cfa
00882d05	Unwind@00882d05
00882d10	Unwind@00882d10
00882d1b	Unwind@00882d1b
00882d26	Unwind@00882d26
00882d31	Unwind@00882d31
00882d3c	Unwind@00882d3c
00882d47	Unwind@00882d47
00882d52	Unwind@00882d52
00882d5d	Unwind@00882d5d
00882d68	Unwind@00882d68
00882d73	Unwind@00882d73
00882d7e	Unwind@00882d7e
00882d89	Unwind@00882d89
00882d94	Unwind@00882d94
00882d9f	Unwind@00882d9f
00882daa	Unwind@00882daa
00882db5	Unwind@00882db5
00882dc0	Unwind@00882dc0
00882dcb	Unwind@00882dcb
00882dd6	Unwind@00882dd6
00882de1	Unwind@00882de1
00882dec	Unwind@00882dec
00882df7	Unwind@00882df7
00882e02	Unwind@00882e02
00882e0d	Unwind@00882e0d
00882e18	Unwind@00882e18
00882e23	Unwind@00882e23
00882e2e	Unwind@00882e2e
00882e39	Unwind@00882e39
00882e44	Unwind@00882e44
00882e4f	Unwind@00882e4f
00882e5a	Unwind@00882e5a
00882e65	Unwind@00882e65
00882e70	Unwind@00882e70
00882e7b	Unwind@00882e7b
00882e86	Unwind@00882e86
00882e91	Unwind@00882e91
00882e9c	Unwind@00882e9c
00882ea7	Unwind@00882ea7
00882eb2	Unwind@00882eb2
00882ebd	Unwind@00882ebd
00882ec8	Unwind@00882ec8
00882ed3	Unwind@00882ed3
00882ede	Unwind@00882ede
00882ee9	Unwind@00882ee9
00882ef4	Unwind@00882ef4
00882eff	Unwind@00882eff
00882f0a	Unwind@00882f0a
00882f15	Unwind@00882f15
00882f20	Unwind@00882f20
00882f2b	Unwind@00882f2b
00882f36	Unwind@00882f36
00882f41	Unwind@00882f41
00882f4c	Unwind@00882f4c
00882f57	Unwind@00882f57
00882f62	Unwind@00882f62
00882f6d	Unwind@00882f6d
00882f78	Unwind@00882f78
00882f83	Unwind@00882f83
00882f8e	Unwind@00882f8e
00882f99	Unwind@00882f99
00882fa4	Unwind@00882fa4
00882faf	Unwind@00882faf
00882fba	Unwind@00882fba
00882fc5	Unwind@00882fc5
00882fd0	Unwind@00882fd0
00882fdb	Unwind@00882fdb
00882fe6	Unwind@00882fe6
00882ff1	Unwind@00882ff1
00882ffc	Unwind@00882ffc
00883007	Unwind@00883007
00883012	Unwind@00883012
0088301d	Unwind@0088301d
00883028	Unwind@00883028
00883033	Unwind@00883033
0088303e	Unwind@0088303e
00883049	Unwind@00883049
00883054	Unwind@00883054
0088305f	Unwind@0088305f
0088306a	Unwind@0088306a
00883075	Unwind@00883075
00883080	Unwind@00883080
0088308b	Unwind@0088308b
00883096	Unwind@00883096
008830a1	Unwind@008830a1
008830ac	Unwind@008830ac
008830b7	Unwind@008830b7
008830c2	Unwind@008830c2
008830cd	Unwind@008830cd
008830d8	Unwind@008830d8
008830e3	Unwind@008830e3
008830ee	Unwind@008830ee
008830f9	Unwind@008830f9
00883104	Unwind@00883104
0088310f	Unwind@0088310f
0088311a	Unwind@0088311a
00883125	Unwind@00883125
00883130	Unwind@00883130
0088313b	Unwind@0088313b
00883146	Unwind@00883146
00883151	Unwind@00883151
0088315c	Unwind@0088315c
00883167	Unwind@00883167
00883172	Unwind@00883172
0088317d	Unwind@0088317d
00883188	Unwind@00883188
00883193	Unwind@00883193
0088319e	Unwind@0088319e
008831a9	Unwind@008831a9
008831b4	Unwind@008831b4
008831bf	Unwind@008831bf
008831ca	Unwind@008831ca
008831d5	Unwind@008831d5
008831e0	Unwind@008831e0
008831eb	Unwind@008831eb
008831f6	Unwind@008831f6
00883201	Unwind@00883201
0088320c	Unwind@0088320c
00883217	Unwind@00883217
00883222	Unwind@00883222
0088322d	Unwind@0088322d
00883238	Unwind@00883238
00883243	Unwind@00883243
0088324e	Unwind@0088324e
00883263	Unwind@00883263
00883280	Unwind@00883280
008832a0	Unwind@008832a0
008832a8	Unwind@008832a8
008832b0	Unwind@008832b0
008832b8	Unwind@008832b8
008832c3	Unwind@008832c3
008832cb	Unwind@008832cb
008832d6	Unwind@008832d6
008832de	Unwind@008832de
008832f0	Unwind@008832f0
008832f8	Unwind@008832f8
00883303	Unwind@00883303
00883318	Unwind@00883318
00883320	Unwind@00883320
00883328	Unwind@00883328
00883330	Unwind@00883330
00883338	Unwind@00883338
00883340	Unwind@00883340
00883348	Unwind@00883348
00883350	Unwind@00883350
00883358	Unwind@00883358
00883360	Unwind@00883360
00883372	Unwind@00883372
0088337a	Unwind@0088337a
00883382	Unwind@00883382
0088338a	Unwind@0088338a
00883392	Unwind@00883392
0088339a	Unwind@0088339a
008833a2	Unwind@008833a2
008833b4	Unwind@008833b4
008833bc	Unwind@008833bc
008833c4	Unwind@008833c4
008833cc	Unwind@008833cc
008833d4	Unwind@008833d4
008833dc	Unwind@008833dc
008833e4	Unwind@008833e4
008833ec	Unwind@008833ec
008833f4	Unwind@008833f4
008833fc	Unwind@008833fc
00883404	Unwind@00883404
00883416	Unwind@00883416
0088341e	Unwind@0088341e
00883426	Unwind@00883426
0088342e	Unwind@0088342e
00883436	Unwind@00883436
0088343e	Unwind@0088343e
00883446	Unwind@00883446
0088344e	Unwind@0088344e
00883456	Unwind@00883456
0088345e	Unwind@0088345e
00883466	Unwind@00883466
00883478	Unwind@00883478
00883480	Unwind@00883480
00883488	Unwind@00883488
0088349a	Unwind@0088349a
008834ac	Unwind@008834ac
008834b4	Unwind@008834b4
008834bc	Unwind@008834bc
008834c7	Unwind@008834c7
008834cf	Unwind@008834cf
008834d7	Unwind@008834d7
008834df	Unwind@008834df
008834f1	Unwind@008834f1
008834f9	Unwind@008834f9
00883504	Unwind@00883504
0088350c	Unwind@0088350c
0088351e	Unwind@0088351e
00883526	Unwind@00883526
00883531	Unwind@00883531
00883539	Unwind@00883539
0088354b	Unwind@0088354b
00883553	Unwind@00883553
0088355b	Unwind@0088355b
00883563	Unwind@00883563
00883575	Unwind@00883575
00883580	Unwind@00883580
0088358b	Unwind@0088358b
00883596	Unwind@00883596
008835a1	Unwind@008835a1
008835ac	Unwind@008835ac
008835b7	Unwind@008835b7
008835c2	Unwind@008835c2
008835cd	Unwind@008835cd
008835d8	Unwind@008835d8
008835e3	Unwind@008835e3
008835eb	Unwind@008835eb
008835f3	Unwind@008835f3
008835fe	Unwind@008835fe
00883609	Unwind@00883609
00883614	Unwind@00883614
0088361f	Unwind@0088361f
0088362a	Unwind@0088362a
00883635	Unwind@00883635
00883640	Unwind@00883640
0088364b	Unwind@0088364b
00883656	Unwind@00883656
00883661	Unwind@00883661
0088366c	Unwind@0088366c
00883677	Unwind@00883677
00883682	Unwind@00883682
0088368d	Unwind@0088368d
00883695	Unwind@00883695
0088369d	Unwind@0088369d
008836a8	Unwind@008836a8
008836b3	Unwind@008836b3
008836be	Unwind@008836be
008836c9	Unwind@008836c9
008836d4	Unwind@008836d4
008836df	Unwind@008836df
008836ea	Unwind@008836ea
008836f5	Unwind@008836f5
00883700	Unwind@00883700
0088370b	Unwind@0088370b
00883716	Unwind@00883716
00883721	Unwind@00883721
0088372c	Unwind@0088372c
00883737	Unwind@00883737
0088373f	Unwind@0088373f
00883747	Unwind@00883747
00883752	Unwind@00883752
0088375d	Unwind@0088375d
00883768	Unwind@00883768
00883773	Unwind@00883773
0088377e	Unwind@0088377e
00883789	Unwind@00883789
00883794	Unwind@00883794
0088379f	Unwind@0088379f
008837aa	Unwind@008837aa
008837b5	Unwind@008837b5
008837c0	Unwind@008837c0
008837cb	Unwind@008837cb
008837d6	Unwind@008837d6
008837e1	Unwind@008837e1
008837e9	Unwind@008837e9
008837f1	Unwind@008837f1
008837fc	Unwind@008837fc
00883807	Unwind@00883807
00883812	Unwind@00883812
0088381d	Unwind@0088381d
00883828	Unwind@00883828
00883833	Unwind@00883833
0088383e	Unwind@0088383e
00883849	Unwind@00883849
00883854	Unwind@00883854
0088385f	Unwind@0088385f
0088386a	Unwind@0088386a
00883875	Unwind@00883875
00883880	Unwind@00883880
0088388b	Unwind@0088388b
00883896	Unwind@00883896
008838a1	Unwind@008838a1
008838ac	Unwind@008838ac
008838b7	Unwind@008838b7
008838c2	Unwind@008838c2
008838cd	Unwind@008838cd
008838d8	Unwind@008838d8
008838e3	Unwind@008838e3
008838ee	Unwind@008838ee
008838f9	Unwind@008838f9
00883904	Unwind@00883904
0088390f	Unwind@0088390f
0088391a	Unwind@0088391a
00883925	Unwind@00883925
00883930	Unwind@00883930
0088393b	Unwind@0088393b
00883946	Unwind@00883946
00883951	Unwind@00883951
0088395c	Unwind@0088395c
00883967	Unwind@00883967
00883972	Unwind@00883972
0088397d	Unwind@0088397d
00883988	Unwind@00883988
00883993	Unwind@00883993
0088399e	Unwind@0088399e
008839a6	Unwind@008839a6
008839ae	Unwind@008839ae
008839b6	Unwind@008839b6
008839be	Unwind@008839be
008839d0	Unwind@008839d0
008839db	Unwind@008839db
008839e6	Unwind@008839e6
008839f1	Unwind@008839f1
00883a06	Unwind@00883a06
00883a11	Unwind@00883a11
00883a1c	Unwind@00883a1c
00883a27	Unwind@00883a27
00883a32	Unwind@00883a32
00883a3d	Unwind@00883a3d
00883a48	Unwind@00883a48
00883a53	Unwind@00883a53
00883a5e	Unwind@00883a5e
00883a80	Unwind@00883a80
00883aa0	Unwind@00883aa0
00883aa8	Unwind@00883aa8
00883ab3	Unwind@00883ab3
00883ac1	Unwind@00883ac1
00883ac9	Unwind@00883ac9
00883ad7	Unwind@00883ad7
00883adf	Unwind@00883adf
00883aed	Unwind@00883aed
00883af5	Unwind@00883af5
00883b03	Unwind@00883b03
00883b0b	Unwind@00883b0b
00883b13	Unwind@00883b13
00883b1b	Unwind@00883b1b
00883b23	Unwind@00883b23
00883b2b	Unwind@00883b2b
00883b33	Unwind@00883b33
00883b45	Unwind@00883b45
00883b4d	Unwind@00883b4d
00883b5b	Unwind@00883b5b
00883b69	Unwind@00883b69
00883b77	Unwind@00883b77
00883b85	Unwind@00883b85
00883b8d	Unwind@00883b8d
00883b95	Unwind@00883b95
00883b9d	Unwind@00883b9d
00883ba8	Unwind@00883ba8
00883bbd	Unwind@00883bbd
00883bcb	Unwind@00883bcb
00883bd6	Unwind@00883bd6
00883be1	Unwind@00883be1
00883bec	Unwind@00883bec
00883bf7	Unwind@00883bf7
00883c02	Unwind@00883c02
00883c17	Unwind@00883c17
00883c22	Unwind@00883c22
00883c2d	Unwind@00883c2d
00883c38	Unwind@00883c38
00883c43	Unwind@00883c43
00883c4e	Unwind@00883c4e
00883c59	Unwind@00883c59
00883c64	Unwind@00883c64
00883c6f	Unwind@00883c6f
00883c86	Unwind@00883c86
00883c94	Unwind@00883c94
00883c9f	Unwind@00883c9f
00883cb7	Unwind@00883cb7
00883cc2	Unwind@00883cc2
00883ccd	Unwind@00883ccd
00883cd8	Unwind@00883cd8
00883ce3	Unwind@00883ce3
00883cee	Unwind@00883cee
00883d03	Unwind@00883d03
00883d0b	Unwind@00883d0b
00883d13	Unwind@00883d13
00883d1b	Unwind@00883d1b
00883d2d	Unwind@00883d2d
00883d35	Unwind@00883d35
00883d3d	Unwind@00883d3d
00883d4f	Unwind@00883d4f
00883d57	Unwind@00883d57
00883d5f	Unwind@00883d5f
00883d71	Unwind@00883d71
00883d79	Unwind@00883d79
00883d81	Unwind@00883d81
00883d89	Unwind@00883d89
00883d91	Unwind@00883d91
00883d99	Unwind@00883d99
00883dab	Unwind@00883dab
00883db3	Unwind@00883db3
00883dbb	Unwind@00883dbb
00883dc3	Unwind@00883dc3
00883dd5	Unwind@00883dd5
00883ddd	Unwind@00883ddd
00883de5	Unwind@00883de5
00883ded	Unwind@00883ded
00883df5	Unwind@00883df5
00883dfd	Unwind@00883dfd
00883e05	Unwind@00883e05
00883e0d	Unwind@00883e0d
00883e15	Unwind@00883e15
00883e1d	Unwind@00883e1d
00883e25	Unwind@00883e25
00883e2d	Unwind@00883e2d
00883e35	Unwind@00883e35
00883e3d	Unwind@00883e3d
00883e45	Unwind@00883e45
00883e4d	Unwind@00883e4d
00883e55	Unwind@00883e55
00883e67	Unwind@00883e67
00883e6f	Unwind@00883e6f
00883e77	Unwind@00883e77
00883e7f	Unwind@00883e7f
00883e87	Unwind@00883e87
00883e8f	Unwind@00883e8f
00883e97	Unwind@00883e97
00883e9f	Unwind@00883e9f
00883ea7	Unwind@00883ea7
00883eaf	Unwind@00883eaf
00883eb7	Unwind@00883eb7
00883ebf	Unwind@00883ebf
00883ec7	Unwind@00883ec7
00883ecf	Unwind@00883ecf
00883ed7	Unwind@00883ed7
00883edf	Unwind@00883edf
00883ee7	Unwind@00883ee7
00883ef9	Unwind@00883ef9
00883f01	Unwind@00883f01
00883f09	Unwind@00883f09
00883f11	Unwind@00883f11
00883f19	Unwind@00883f19
00883f21	Unwind@00883f21
00883f29	Unwind@00883f29
00883f31	Unwind@00883f31
00883f39	Unwind@00883f39
00883f4b	Unwind@00883f4b
00883f53	Unwind@00883f53
00883f5b	Unwind@00883f5b
00883f6d	Unwind@00883f6d
00883f75	Unwind@00883f75
00883f87	Unwind@00883f87
00883f8f	Unwind@00883f8f
00883f97	Unwind@00883f97
00883fa9	Unwind@00883fa9
00883fb4	Unwind@00883fb4
00883fbf	Unwind@00883fbf
00883fca	Unwind@00883fca
00883fe0	Unwind@00883fe0
00883fe8	Unwind@00883fe8
00883ff3	Unwind@00883ff3
00884010	Unwind@00884010
00884030	Unwind@00884030
00884041	Unwind@00884041
00884060	Unwind@00884060
00884080	Unwind@00884080
008840a0	Unwind@008840a0
008840b1	Unwind@008840b1
008840b9	Unwind@008840b9
008840c1	Unwind@008840c1
008840e0	Unwind@008840e0
008840f1	Unwind@008840f1
008840f9	Unwind@008840f9
00884101	Unwind@00884101
00884120	Unwind@00884120
00884140	Unwind@00884140
0088414e	Unwind@0088414e
0088415c	Unwind@0088415c
0088416a	Unwind@0088416a
00884172	Unwind@00884172
0088417a	Unwind@0088417a
00884185	Unwind@00884185
0088418d	Unwind@0088418d
00884195	Unwind@00884195
0088419d	Unwind@0088419d
008841a8	Unwind@008841a8
008841b3	Unwind@008841b3
008841be	Unwind@008841be
008841c6	Unwind@008841c6
008841ce	Unwind@008841ce
008841d9	Unwind@008841d9
008841e1	Unwind@008841e1
008841e9	Unwind@008841e9
008841f1	Unwind@008841f1
008841fc	Unwind@008841fc
00884207	Unwind@00884207
00884212	Unwind@00884212
0088421a	Unwind@0088421a
0088422c	Unwind@0088422c
0088423a	Unwind@0088423a
00884248	Unwind@00884248
00884256	Unwind@00884256
0088426e	Unwind@0088426e
00884286	Unwind@00884286
00884294	Unwind@00884294
008842a2	Unwind@008842a2
008842b0	Unwind@008842b0
008842be	Unwind@008842be
008842cc	Unwind@008842cc
008842da	Unwind@008842da
008842e8	Unwind@008842e8
008842f6	Unwind@008842f6
008842fe	Unwind@008842fe
0088430c	Unwind@0088430c
00884314	Unwind@00884314
00884322	Unwind@00884322
0088432a	Unwind@0088432a
00884338	Unwind@00884338
00884340	Unwind@00884340
0088434e	Unwind@0088434e
0088435c	Unwind@0088435c
00884364	Unwind@00884364
00884372	Unwind@00884372
0088437a	Unwind@0088437a
00884388	Unwind@00884388
00884390	Unwind@00884390
0088439e	Unwind@0088439e
008843a6	Unwind@008843a6
008843b4	Unwind@008843b4
008843bc	Unwind@008843bc
008843d4	Unwind@008843d4
008843e2	Unwind@008843e2
008843f0	Unwind@008843f0
008843fe	Unwind@008843fe
00884416	Unwind@00884416
0088442e	Unwind@0088442e
0088443c	Unwind@0088443c
0088444a	Unwind@0088444a
00884458	Unwind@00884458
00884466	Unwind@00884466
00884474	Unwind@00884474
00884482	Unwind@00884482
00884490	Unwind@00884490
0088449e	Unwind@0088449e
008844ac	Unwind@008844ac
008844ba	Unwind@008844ba
008844c8	Unwind@008844c8
008844d6	Unwind@008844d6
008844e4	Unwind@008844e4
008844f2	Unwind@008844f2
00884500	Unwind@00884500
0088450e	Unwind@0088450e
0088451c	Unwind@0088451c
0088452a	Unwind@0088452a
00884532	Unwind@00884532
0088453a	Unwind@0088453a
00884542	Unwind@00884542
0088454a	Unwind@0088454a
00884552	Unwind@00884552
0088455a	Unwind@0088455a
00884562	Unwind@00884562
00884574	Unwind@00884574
00884589	Unwind@00884589
0088459e	Unwind@0088459e
008845a9	Unwind@008845a9
008845b4	Unwind@008845b4
008845bf	Unwind@008845bf
008845ca	Unwind@008845ca
008845d5	Unwind@008845d5
008845e0	Unwind@008845e0
008845eb	Unwind@008845eb
008845f6	Unwind@008845f6
00884601	Unwind@00884601
0088460c	Unwind@0088460c
00884617	Unwind@00884617
00884625	Unwind@00884625
00884630	Unwind@00884630
0088463e	Unwind@0088463e
00884649	Unwind@00884649
00884654	Unwind@00884654
0088465f	Unwind@0088465f
0088466a	Unwind@0088466a
00884675	Unwind@00884675
00884680	Unwind@00884680
0088468b	Unwind@0088468b
00884696	Unwind@00884696
008846a1	Unwind@008846a1
008846ac	Unwind@008846ac
008846b7	Unwind@008846b7
008846c2	Unwind@008846c2
008846cd	Unwind@008846cd
008846db	Unwind@008846db
008846e6	Unwind@008846e6
008846f1	Unwind@008846f1
008846fc	Unwind@008846fc
00884707	Unwind@00884707
00884712	Unwind@00884712
0088472a	Unwind@0088472a
00884732	Unwind@00884732
0088473a	Unwind@0088473a
00884742	Unwind@00884742
0088474a	Unwind@0088474a
00884752	Unwind@00884752
0088475a	Unwind@0088475a
00884762	Unwind@00884762
00884774	Unwind@00884774
0088477c	Unwind@0088477c
0088478d	Unwind@0088478d
00884795	Unwind@00884795
0088479d	Unwind@0088479d
008847a5	Unwind@008847a5
008847ad	Unwind@008847ad
008847b5	Unwind@008847b5
008847c7	Unwind@008847c7
008847cf	Unwind@008847cf
008847d7	Unwind@008847d7
008847df	Unwind@008847df
008847e7	Unwind@008847e7
008847ef	Unwind@008847ef
008847f7	Unwind@008847f7
00884809	Unwind@00884809
00884811	Unwind@00884811
00884819	Unwind@00884819
00884821	Unwind@00884821
00884829	Unwind@00884829
00884831	Unwind@00884831
00884839	Unwind@00884839
00884841	Unwind@00884841
00884853	Unwind@00884853
0088485b	Unwind@0088485b
00884863	Unwind@00884863
0088486b	Unwind@0088486b
00884873	Unwind@00884873
0088487b	Unwind@0088487b
00884883	Unwind@00884883
00884895	Unwind@00884895
0088489d	Unwind@0088489d
008848a5	Unwind@008848a5
008848ad	Unwind@008848ad
008848b5	Unwind@008848b5
008848bd	Unwind@008848bd
008848cf	Unwind@008848cf
008848d7	Unwind@008848d7
008848df	Unwind@008848df
008848e7	Unwind@008848e7
008848ef	Unwind@008848ef
00884901	Unwind@00884901
0088490c	Unwind@0088490c
00884917	Unwind@00884917
00884922	Unwind@00884922
0088492d	Unwind@0088492d
00884938	Unwind@00884938
00884943	Unwind@00884943
0088494e	Unwind@0088494e
00884959	Unwind@00884959
00884964	Unwind@00884964
0088496f	Unwind@0088496f
0088497a	Unwind@0088497a
00884985	Unwind@00884985
00884990	Unwind@00884990
0088499b	Unwind@0088499b
008849a6	Unwind@008849a6
008849b1	Unwind@008849b1
008849bc	Unwind@008849bc
008849c7	Unwind@008849c7
008849d2	Unwind@008849d2
008849dd	Unwind@008849dd
008849e8	Unwind@008849e8
008849f3	Unwind@008849f3
008849fe	Unwind@008849fe
00884a09	Unwind@00884a09
00884a14	Unwind@00884a14
00884a1f	Unwind@00884a1f
00884a2a	Unwind@00884a2a
00884a35	Unwind@00884a35
00884a40	Unwind@00884a40
00884a4b	Unwind@00884a4b
00884a56	Unwind@00884a56
00884a61	Unwind@00884a61
00884a6c	Unwind@00884a6c
00884a77	Unwind@00884a77
00884a82	Unwind@00884a82
00884a8d	Unwind@00884a8d
00884a98	Unwind@00884a98
00884aa3	Unwind@00884aa3
00884aae	Unwind@00884aae
00884ab9	Unwind@00884ab9
00884ac4	Unwind@00884ac4
00884acf	Unwind@00884acf
00884ada	Unwind@00884ada
00884ae5	Unwind@00884ae5
00884af0	Unwind@00884af0
00884afb	Unwind@00884afb
00884b06	Unwind@00884b06
00884b11	Unwind@00884b11
00884b1c	Unwind@00884b1c
00884b27	Unwind@00884b27
00884b32	Unwind@00884b32
00884b3d	Unwind@00884b3d
00884b4b	Unwind@00884b4b
00884b56	Unwind@00884b56
00884b61	Unwind@00884b61
00884b6c	Unwind@00884b6c
00884b77	Unwind@00884b77
00884b82	Unwind@00884b82
00884b8d	Unwind@00884b8d
00884b98	Unwind@00884b98
00884ba3	Unwind@00884ba3
00884bae	Unwind@00884bae
00884bb9	Unwind@00884bb9
00884bc4	Unwind@00884bc4
00884bcf	Unwind@00884bcf
00884bda	Unwind@00884bda
00884be5	Unwind@00884be5
00884bf0	Unwind@00884bf0
00884bfb	Unwind@00884bfb
00884c06	Unwind@00884c06
00884c11	Unwind@00884c11
00884c1c	Unwind@00884c1c
00884c27	Unwind@00884c27
00884c32	Unwind@00884c32
00884c3d	Unwind@00884c3d
00884c48	Unwind@00884c48
00884c56	Unwind@00884c56
00884c61	Unwind@00884c61
00884c6c	Unwind@00884c6c
00884c77	Unwind@00884c77
00884c82	Unwind@00884c82
00884c8d	Unwind@00884c8d
00884c98	Unwind@00884c98
00884ca3	Unwind@00884ca3
00884cae	Unwind@00884cae
00884cb9	Unwind@00884cb9
00884cc4	Unwind@00884cc4
00884ccf	Unwind@00884ccf
00884cda	Unwind@00884cda
00884ce5	Unwind@00884ce5
00884cf0	Unwind@00884cf0
00884cfb	Unwind@00884cfb
00884d06	Unwind@00884d06
00884d11	Unwind@00884d11
00884d1c	Unwind@00884d1c
00884d27	Unwind@00884d27
00884d32	Unwind@00884d32
00884d3d	Unwind@00884d3d
00884d48	Unwind@00884d48
00884d53	Unwind@00884d53
00884d5e	Unwind@00884d5e
00884d69	Unwind@00884d69
00884d74	Unwind@00884d74
00884d7f	Unwind@00884d7f
00884d8a	Unwind@00884d8a
00884d95	Unwind@00884d95
00884da0	Unwind@00884da0
00884dab	Unwind@00884dab
00884db6	Unwind@00884db6
00884dc1	Unwind@00884dc1
00884dcc	Unwind@00884dcc
00884dd7	Unwind@00884dd7
00884de2	Unwind@00884de2
00884ded	Unwind@00884ded
00884df8	Unwind@00884df8
00884e03	Unwind@00884e03
00884e0e	Unwind@00884e0e
00884e19	Unwind@00884e19
00884e24	Unwind@00884e24
00884e2f	Unwind@00884e2f
00884e3a	Unwind@00884e3a
00884e45	Unwind@00884e45
00884e50	Unwind@00884e50
00884e5b	Unwind@00884e5b
00884e66	Unwind@00884e66
00884e71	Unwind@00884e71
00884e7c	Unwind@00884e7c
00884e87	Unwind@00884e87
00884e92	Unwind@00884e92
00884e9d	Unwind@00884e9d
00884ea8	Unwind@00884ea8
00884eb3	Unwind@00884eb3
00884ebe	Unwind@00884ebe
00884ec9	Unwind@00884ec9
00884ed4	Unwind@00884ed4
00884edf	Unwind@00884edf
00884eea	Unwind@00884eea
00884ef5	Unwind@00884ef5
00884f00	Unwind@00884f00
00884f0b	Unwind@00884f0b
00884f16	Unwind@00884f16
00884f21	Unwind@00884f21
00884f2c	Unwind@00884f2c
00884f37	Unwind@00884f37
00884f42	Unwind@00884f42
00884f4d	Unwind@00884f4d
00884f58	Unwind@00884f58
00884f63	Unwind@00884f63
00884f6e	Unwind@00884f6e
00884f79	Unwind@00884f79
00884f84	Unwind@00884f84
00884f8f	Unwind@00884f8f
00884f9a	Unwind@00884f9a
00884fa5	Unwind@00884fa5
00884fb0	Unwind@00884fb0
00884fbb	Unwind@00884fbb
00884fc6	Unwind@00884fc6
00884fd1	Unwind@00884fd1
00884fdc	Unwind@00884fdc
00884fe7	Unwind@00884fe7
00884ff2	Unwind@00884ff2
00884ffd	Unwind@00884ffd
00885008	Unwind@00885008
0088501d	Unwind@0088501d
00885028	Unwind@00885028
00885033	Unwind@00885033
0088503e	Unwind@0088503e
00885049	Unwind@00885049
00885054	Unwind@00885054
0088505f	Unwind@0088505f
0088506a	Unwind@0088506a
00885075	Unwind@00885075
00885080	Unwind@00885080
0088508b	Unwind@0088508b
00885096	Unwind@00885096
008850a1	Unwind@008850a1
008850ac	Unwind@008850ac
008850b7	Unwind@008850b7
008850c2	Unwind@008850c2
008850cd	Unwind@008850cd
008850d8	Unwind@008850d8
008850e3	Unwind@008850e3
008850ee	Unwind@008850ee
008850f9	Unwind@008850f9
00885104	Unwind@00885104
0088510f	Unwind@0088510f
0088511a	Unwind@0088511a
00885125	Unwind@00885125
00885130	Unwind@00885130
0088513b	Unwind@0088513b
00885150	Unwind@00885150
00885162	Unwind@00885162
0088516d	Unwind@0088516d
00885178	Unwind@00885178
00885183	Unwind@00885183
0088518e	Unwind@0088518e
00885199	Unwind@00885199
008851ae	Unwind@008851ae
008851b9	Unwind@008851b9
008851c7	Unwind@008851c7
008851dc	Unwind@008851dc
008851e7	Unwind@008851e7
008851f2	Unwind@008851f2
008851fd	Unwind@008851fd
00885208	Unwind@00885208
00885213	Unwind@00885213
0088521e	Unwind@0088521e
00885229	Unwind@00885229
00885234	Unwind@00885234
00885249	Unwind@00885249
00885254	Unwind@00885254
0088525f	Unwind@0088525f
0088526a	Unwind@0088526a
00885275	Unwind@00885275
00885280	Unwind@00885280
0088528b	Unwind@0088528b
00885296	Unwind@00885296
008852a1	Unwind@008852a1
008852ac	Unwind@008852ac
008852b7	Unwind@008852b7
008852c2	Unwind@008852c2
008852cd	Unwind@008852cd
008852d8	Unwind@008852d8
008852e3	Unwind@008852e3
008852f8	Unwind@008852f8
00885303	Unwind@00885303
0088530e	Unwind@0088530e
00885319	Unwind@00885319
00885324	Unwind@00885324
0088532f	Unwind@0088532f
0088533d	Unwind@0088533d
00885348	Unwind@00885348
00885360	Unwind@00885360
00885368	Unwind@00885368
00885370	Unwind@00885370
00885378	Unwind@00885378
00885380	Unwind@00885380
00885388	Unwind@00885388
00885390	Unwind@00885390
008853a2	Unwind@008853a2
008853aa	Unwind@008853aa
008853b2	Unwind@008853b2
008853ba	Unwind@008853ba
008853c2	Unwind@008853c2
008853ca	Unwind@008853ca
008853d2	Unwind@008853d2
008853da	Unwind@008853da
008853e2	Unwind@008853e2
008853ea	Unwind@008853ea
008853f2	Unwind@008853f2
008853fa	Unwind@008853fa
00885402	Unwind@00885402
0088540d	Unwind@0088540d
00885415	Unwind@00885415
0088542a	Unwind@0088542a
00885432	Unwind@00885432
0088543a	Unwind@0088543a
00885442	Unwind@00885442
0088544a	Unwind@0088544a
00885452	Unwind@00885452
0088545a	Unwind@0088545a
00885462	Unwind@00885462
0088546a	Unwind@0088546a
00885472	Unwind@00885472
0088547d	Unwind@0088547d
00885485	Unwind@00885485
00885490	Unwind@00885490
00885498	Unwind@00885498
008854a3	Unwind@008854a3
008854ab	Unwind@008854ab
008854c0	Unwind@008854c0
008854d5	Unwind@008854d5
008854e0	Unwind@008854e0
008854f5	Unwind@008854f5
00885500	Unwind@00885500
00885515	Unwind@00885515
00885520	Unwind@00885520
0088552b	Unwind@0088552b
00885536	Unwind@00885536
00885541	Unwind@00885541
0088554c	Unwind@0088554c
00885557	Unwind@00885557
00885562	Unwind@00885562
0088556d	Unwind@0088556d
00885578	Unwind@00885578
00885583	Unwind@00885583
0088558e	Unwind@0088558e
00885599	Unwind@00885599
008855a4	Unwind@008855a4
008855ba	Unwind@008855ba
008855c5	Unwind@008855c5
008855d0	Unwind@008855d0
008855db	Unwind@008855db
008855e6	Unwind@008855e6
008855f1	Unwind@008855f1
008855fc	Unwind@008855fc
00885607	Unwind@00885607
00885612	Unwind@00885612
00885629	Unwind@00885629
00885634	Unwind@00885634
0088564b	Unwind@0088564b
00885656	Unwind@00885656
00885661	Unwind@00885661
0088566c	Unwind@0088566c
00885677	Unwind@00885677
00885682	Unwind@00885682
0088568d	Unwind@0088568d
0088569b	Unwind@0088569b
008856a6	Unwind@008856a6
008856b1	Unwind@008856b1
008856bc	Unwind@008856bc
008856c7	Unwind@008856c7
008856d2	Unwind@008856d2
008856dd	Unwind@008856dd
008856e8	Unwind@008856e8
008856f3	Unwind@008856f3
008856fe	Unwind@008856fe
00885713	Unwind@00885713
0088571b	Unwind@0088571b
00885726	Unwind@00885726
00885731	Unwind@00885731
00885739	Unwind@00885739
00885744	Unwind@00885744
0088574f	Unwind@0088574f
0088575a	Unwind@0088575a
00885768	Unwind@00885768
00885770	Unwind@00885770
0088577e	Unwind@0088577e
00885789	Unwind@00885789
00885794	Unwind@00885794
0088579f	Unwind@0088579f
008857b7	Unwind@008857b7
008857c2	Unwind@008857c2
008857cd	Unwind@008857cd
008857d8	Unwind@008857d8
008857e3	Unwind@008857e3
008857ee	Unwind@008857ee
008857f9	Unwind@008857f9
00885804	Unwind@00885804
0088580f	Unwind@0088580f
0088581a	Unwind@0088581a
00885825	Unwind@00885825
00885830	Unwind@00885830
0088583b	Unwind@0088583b
00885846	Unwind@00885846
00885851	Unwind@00885851
0088585c	Unwind@0088585c
00885867	Unwind@00885867
00885872	Unwind@00885872
0088587d	Unwind@0088587d
00885888	Unwind@00885888
00885893	Unwind@00885893
0088589e	Unwind@0088589e
008858a9	Unwind@008858a9
008858b4	Unwind@008858b4
008858bf	Unwind@008858bf
008858ca	Unwind@008858ca
008858d5	Unwind@008858d5
008858e0	Unwind@008858e0
008858eb	Unwind@008858eb
008858f6	Unwind@008858f6
00885901	Unwind@00885901
0088590c	Unwind@0088590c
00885917	Unwind@00885917
00885922	Unwind@00885922
0088592d	Unwind@0088592d
00885938	Unwind@00885938
00885943	Unwind@00885943
0088594e	Unwind@0088594e
00885959	Unwind@00885959
00885964	Unwind@00885964
0088596f	Unwind@0088596f
0088597a	Unwind@0088597a
00885985	Unwind@00885985
00885990	Unwind@00885990
0088599b	Unwind@0088599b
008859a6	Unwind@008859a6
008859b1	Unwind@008859b1
008859bc	Unwind@008859bc
008859c7	Unwind@008859c7
008859d2	Unwind@008859d2
008859dd	Unwind@008859dd
008859e8	Unwind@008859e8
008859f3	Unwind@008859f3
008859fe	Unwind@008859fe
00885a09	Unwind@00885a09
00885a14	Unwind@00885a14
00885a1f	Unwind@00885a1f
00885a2a	Unwind@00885a2a
00885a35	Unwind@00885a35
00885a40	Unwind@00885a40
00885a4b	Unwind@00885a4b
00885a56	Unwind@00885a56
00885a61	Unwind@00885a61
00885a6c	Unwind@00885a6c
00885a77	Unwind@00885a77
00885a82	Unwind@00885a82
00885a8d	Unwind@00885a8d
00885aa2	Unwind@00885aa2
00885ab9	Unwind@00885ab9
00885ac1	Unwind@00885ac1
00885ac9	Unwind@00885ac9
00885ad1	Unwind@00885ad1
00885ad9	Unwind@00885ad9
00885ae1	Unwind@00885ae1
00885af3	Unwind@00885af3
00885afb	Unwind@00885afb
00885b03	Unwind@00885b03
00885b0b	Unwind@00885b0b
00885b16	Unwind@00885b16
00885b21	Unwind@00885b21
00885b2c	Unwind@00885b2c
00885b34	Unwind@00885b34
00885b46	Unwind@00885b46
00885b4e	Unwind@00885b4e
00885b56	Unwind@00885b56
00885b5e	Unwind@00885b5e
00885b66	Unwind@00885b66
00885b6e	Unwind@00885b6e
00885b76	Unwind@00885b76
00885b7e	Unwind@00885b7e
00885b90	Unwind@00885b90
00885b98	Unwind@00885b98
00885ba0	Unwind@00885ba0
00885ba8	Unwind@00885ba8
00885bb0	Unwind@00885bb0
00885bb8	Unwind@00885bb8
00885bc0	Unwind@00885bc0
00885bc8	Unwind@00885bc8
00885bd0	Unwind@00885bd0
00885bd8	Unwind@00885bd8
00885be0	Unwind@00885be0
00885be8	Unwind@00885be8
00885bf0	Unwind@00885bf0
00885bf8	Unwind@00885bf8
00885c00	Unwind@00885c00
00885c08	Unwind@00885c08
00885c10	Unwind@00885c10
00885c18	Unwind@00885c18
00885c20	Unwind@00885c20
00885c28	Unwind@00885c28
00885c30	Unwind@00885c30
00885c38	Unwind@00885c38
00885c40	Unwind@00885c40
00885c48	Unwind@00885c48
00885c50	Unwind@00885c50
00885c58	Unwind@00885c58
00885c60	Unwind@00885c60
00885c68	Unwind@00885c68
00885c70	Unwind@00885c70
00885c78	Unwind@00885c78
00885c80	Unwind@00885c80
00885c88	Unwind@00885c88
00885c90	Unwind@00885c90
00885c98	Unwind@00885c98
00885ca0	Unwind@00885ca0
00885ca8	Unwind@00885ca8
00885cb0	Unwind@00885cb0
00885cb8	Unwind@00885cb8
00885cc0	Unwind@00885cc0
00885cd2	Unwind@00885cd2
00885cda	Unwind@00885cda
00885ce2	Unwind@00885ce2
00885cea	Unwind@00885cea
00885cf2	Unwind@00885cf2
00885cfa	Unwind@00885cfa
00885d02	Unwind@00885d02
00885d0a	Unwind@00885d0a
00885d12	Unwind@00885d12
00885d1a	Unwind@00885d1a
00885d22	Unwind@00885d22
00885d2a	Unwind@00885d2a
00885d32	Unwind@00885d32
00885d3a	Unwind@00885d3a
00885d42	Unwind@00885d42
00885d4a	Unwind@00885d4a
00885d52	Unwind@00885d52
00885d5a	Unwind@00885d5a
00885d62	Unwind@00885d62
00885d6a	Unwind@00885d6a
00885d72	Unwind@00885d72
00885d7a	Unwind@00885d7a
00885d82	Unwind@00885d82
00885d8a	Unwind@00885d8a
00885d92	Unwind@00885d92
00885d9a	Unwind@00885d9a
00885da2	Unwind@00885da2
00885daa	Unwind@00885daa
00885db2	Unwind@00885db2
00885dba	Unwind@00885dba
00885dc2	Unwind@00885dc2
00885dca	Unwind@00885dca
00885dd2	Unwind@00885dd2
00885dda	Unwind@00885dda
00885de2	Unwind@00885de2
00885dea	Unwind@00885dea
00885df2	Unwind@00885df2
00885dfa	Unwind@00885dfa
00885e02	Unwind@00885e02
00885e0a	Unwind@00885e0a
00885e12	Unwind@00885e12
00885e29	Unwind@00885e29
00885e40	Unwind@00885e40
00885e48	Unwind@00885e48
00885e50	Unwind@00885e50
00885e58	Unwind@00885e58
00885e60	Unwind@00885e60
00885e68	Unwind@00885e68
00885e70	Unwind@00885e70
00885e78	Unwind@00885e78
00885e80	Unwind@00885e80
00885e88	Unwind@00885e88
00885e90	Unwind@00885e90
00885e98	Unwind@00885e98
00885ea0	Unwind@00885ea0
00885ea8	Unwind@00885ea8
00885eb0	Unwind@00885eb0
00885eb8	Unwind@00885eb8
00885ec0	Unwind@00885ec0
00885ec8	Unwind@00885ec8
00885ed0	Unwind@00885ed0
00885ed8	Unwind@00885ed8
00885ee0	Unwind@00885ee0
00885ef2	Unwind@00885ef2
00885efa	Unwind@00885efa
00885f02	Unwind@00885f02
00885f0a	Unwind@00885f0a
00885f12	Unwind@00885f12
00885f1a	Unwind@00885f1a
00885f22	Unwind@00885f22
00885f2a	Unwind@00885f2a
00885f32	Unwind@00885f32
00885f3a	Unwind@00885f3a
00885f42	Unwind@00885f42
00885f4a	Unwind@00885f4a
00885f52	Unwind@00885f52
00885f5a	Unwind@00885f5a
00885f62	Unwind@00885f62
00885f6a	Unwind@00885f6a
00885f72	Unwind@00885f72
00885f7a	Unwind@00885f7a
00885f82	Unwind@00885f82
00885f8a	Unwind@00885f8a
00885f92	Unwind@00885f92
00885f9a	Unwind@00885f9a
00885fa2	Unwind@00885fa2
00885faa	Unwind@00885faa
00885fb2	Unwind@00885fb2
00885fba	Unwind@00885fba
00885fc2	Unwind@00885fc2
00885fca	Unwind@00885fca
00885fd2	Unwind@00885fd2
00885fda	Unwind@00885fda
00885fe2	Unwind@00885fe2
00885fea	Unwind@00885fea
00885ff2	Unwind@00885ff2
00885ffa	Unwind@00885ffa
00886002	Unwind@00886002
0088600a	Unwind@0088600a
00886012	Unwind@00886012
0088601a	Unwind@0088601a
00886022	Unwind@00886022
0088602a	Unwind@0088602a
00886032	Unwind@00886032
0088603a	Unwind@0088603a
00886042	Unwind@00886042
0088604a	Unwind@0088604a
00886052	Unwind@00886052
0088605a	Unwind@0088605a
00886062	Unwind@00886062
0088606a	Unwind@0088606a
00886072	Unwind@00886072
0088607a	Unwind@0088607a
00886082	Unwind@00886082
0088608a	Unwind@0088608a
00886092	Unwind@00886092
0088609a	Unwind@0088609a
008860a2	Unwind@008860a2
008860aa	Unwind@008860aa
008860b2	Unwind@008860b2
008860ba	Unwind@008860ba
008860c2	Unwind@008860c2
008860ca	Unwind@008860ca
008860d2	Unwind@008860d2
008860da	Unwind@008860da
008860e2	Unwind@008860e2
008860ea	Unwind@008860ea
008860f2	Unwind@008860f2
008860fa	Unwind@008860fa
00886102	Unwind@00886102
0088610a	Unwind@0088610a
00886112	Unwind@00886112
0088611a	Unwind@0088611a
00886122	Unwind@00886122
0088612a	Unwind@0088612a
00886132	Unwind@00886132
0088613a	Unwind@0088613a
00886142	Unwind@00886142
0088614a	Unwind@0088614a
0088615c	Unwind@0088615c
00886167	Unwind@00886167
00886172	Unwind@00886172
0088617d	Unwind@0088617d
00886188	Unwind@00886188
00886193	Unwind@00886193
0088619e	Unwind@0088619e
008861a9	Unwind@008861a9
008861b4	Unwind@008861b4
008861bf	Unwind@008861bf
008861ca	Unwind@008861ca
008861d5	Unwind@008861d5
008861e0	Unwind@008861e0
008861eb	Unwind@008861eb
008861f6	Unwind@008861f6
00886201	Unwind@00886201
0088620c	Unwind@0088620c
00886217	Unwind@00886217
00886222	Unwind@00886222
0088622d	Unwind@0088622d
00886238	Unwind@00886238
00886243	Unwind@00886243
0088624e	Unwind@0088624e
00886259	Unwind@00886259
00886264	Unwind@00886264
0088626f	Unwind@0088626f
0088627a	Unwind@0088627a
00886285	Unwind@00886285
00886290	Unwind@00886290
0088629b	Unwind@0088629b
008862a6	Unwind@008862a6
008862b1	Unwind@008862b1
008862bc	Unwind@008862bc
008862c7	Unwind@008862c7
008862d2	Unwind@008862d2
008862dd	Unwind@008862dd
008862e8	Unwind@008862e8
008862f3	Unwind@008862f3
008862fe	Unwind@008862fe
00886309	Unwind@00886309
00886314	Unwind@00886314
0088631f	Unwind@0088631f
0088632a	Unwind@0088632a
00886335	Unwind@00886335
00886340	Unwind@00886340
0088634b	Unwind@0088634b
00886356	Unwind@00886356
00886361	Unwind@00886361
0088636c	Unwind@0088636c
00886377	Unwind@00886377
0088637f	Unwind@0088637f
00886394	Unwind@00886394
0088639c	Unwind@0088639c
008863a7	Unwind@008863a7
008863b9	Unwind@008863b9
008863c4	Unwind@008863c4
008863cf	Unwind@008863cf
008863da	Unwind@008863da
008863f2	Unwind@008863f2
008863fd	Unwind@008863fd
00886408	Unwind@00886408
00886413	Unwind@00886413
0088641e	Unwind@0088641e
00886429	Unwind@00886429
00886437	Unwind@00886437
0088644c	Unwind@0088644c
00886454	Unwind@00886454
00886466	Unwind@00886466
00886471	Unwind@00886471
0088647c	Unwind@0088647c
00886487	Unwind@00886487
00886492	Unwind@00886492
0088649d	Unwind@0088649d
008864a8	Unwind@008864a8
008864b3	Unwind@008864b3
008864c1	Unwind@008864c1
008864d6	Unwind@008864d6
008864de	Unwind@008864de
008864e6	Unwind@008864e6
008864ee	Unwind@008864ee
008864f6	Unwind@008864f6
008864fe	Unwind@008864fe
00886506	Unwind@00886506
0088650e	Unwind@0088650e
00886516	Unwind@00886516
0088651e	Unwind@0088651e
00886526	Unwind@00886526
0088652e	Unwind@0088652e
00886536	Unwind@00886536
0088653e	Unwind@0088653e
00886546	Unwind@00886546
00886558	Unwind@00886558
00886560	Unwind@00886560
00886568	Unwind@00886568
00886570	Unwind@00886570
00886578	Unwind@00886578
00886580	Unwind@00886580
00886588	Unwind@00886588
00886590	Unwind@00886590
00886598	Unwind@00886598
008865a0	Unwind@008865a0
008865a8	Unwind@008865a8
008865b0	Unwind@008865b0
008865b8	Unwind@008865b8
008865c0	Unwind@008865c0
008865d2	Unwind@008865d2
008865da	Unwind@008865da
008865e2	Unwind@008865e2
008865ea	Unwind@008865ea
008865f2	Unwind@008865f2
00886604	Unwind@00886604
0088660c	Unwind@0088660c
00886614	Unwind@00886614
0088661c	Unwind@0088661c
00886624	Unwind@00886624
0088662c	Unwind@0088662c
00886634	Unwind@00886634
0088664b	Unwind@0088664b
00886662	Unwind@00886662
0088666a	Unwind@0088666a
00886681	Unwind@00886681
00886698	Unwind@00886698
008866a0	Unwind@008866a0
008866a8	Unwind@008866a8
008866ba	Unwind@008866ba
008866c2	Unwind@008866c2
008866ca	Unwind@008866ca
008866d5	Unwind@008866d5
008866e0	Unwind@008866e0
008866eb	Unwind@008866eb
008866f6	Unwind@008866f6
00886701	Unwind@00886701
0088670c	Unwind@0088670c
00886717	Unwind@00886717
00886722	Unwind@00886722
0088672d	Unwind@0088672d
00886740	Unwind@00886740
00886755	Unwind@00886755
00886760	Unwind@00886760
0088676b	Unwind@0088676b
00886776	Unwind@00886776
00886781	Unwind@00886781
0088678c	Unwind@0088678c
00886797	Unwind@00886797
008867a2	Unwind@008867a2
008867ad	Unwind@008867ad
008867b8	Unwind@008867b8
008867cb	Unwind@008867cb
008867d6	Unwind@008867d6
008867e1	Unwind@008867e1
008867ec	Unwind@008867ec
008867f7	Unwind@008867f7
00886802	Unwind@00886802
0088680d	Unwind@0088680d
00886818	Unwind@00886818
00886823	Unwind@00886823
0088682e	Unwind@0088682e
00886843	Unwind@00886843
0088684b	Unwind@0088684b
0088685c	Unwind@0088685c
00886864	Unwind@00886864
0088686c	Unwind@0088686c
00886874	Unwind@00886874
0088687c	Unwind@0088687c
00886884	Unwind@00886884
00886896	Unwind@00886896
0088689e	Unwind@0088689e
008868a6	Unwind@008868a6
008868ae	Unwind@008868ae
008868b6	Unwind@008868b6
008868be	Unwind@008868be
008868c6	Unwind@008868c6
008868d8	Unwind@008868d8
008868e0	Unwind@008868e0
008868e8	Unwind@008868e8
008868f0	Unwind@008868f0
008868f8	Unwind@008868f8
00886900	Unwind@00886900
00886912	Unwind@00886912
0088691a	Unwind@0088691a
00886922	Unwind@00886922
00886934	Unwind@00886934
0088693c	Unwind@0088693c
00886944	Unwind@00886944
0088694c	Unwind@0088694c
00886954	Unwind@00886954
0088695c	Unwind@0088695c
00886964	Unwind@00886964
00886976	Unwind@00886976
0088697e	Unwind@0088697e
00886986	Unwind@00886986
00886991	Unwind@00886991
0088699c	Unwind@0088699c
008869a7	Unwind@008869a7
008869b9	Unwind@008869b9
008869c1	Unwind@008869c1
008869c9	Unwind@008869c9
008869d1	Unwind@008869d1
008869d9	Unwind@008869d9
008869e1	Unwind@008869e1
008869e9	Unwind@008869e9
008869f1	Unwind@008869f1
00886a03	Unwind@00886a03
00886a0b	Unwind@00886a0b
00886a1d	Unwind@00886a1d
00886a25	Unwind@00886a25
00886a37	Unwind@00886a37
00886a3f	Unwind@00886a3f
00886a51	Unwind@00886a51
00886a59	Unwind@00886a59
00886a6b	Unwind@00886a6b
00886a73	Unwind@00886a73
00886a85	Unwind@00886a85
00886a8d	Unwind@00886a8d
00886a9f	Unwind@00886a9f
00886aa7	Unwind@00886aa7
00886ab9	Unwind@00886ab9
00886ac1	Unwind@00886ac1
00886ac9	Unwind@00886ac9
00886adb	Unwind@00886adb
00886ae3	Unwind@00886ae3
00886aeb	Unwind@00886aeb
00886af3	Unwind@00886af3
00886afb	Unwind@00886afb
00886b03	Unwind@00886b03
00886b15	Unwind@00886b15
00886b1d	Unwind@00886b1d
00886b25	Unwind@00886b25
00886b2d	Unwind@00886b2d
00886b35	Unwind@00886b35
00886b3d	Unwind@00886b3d
00886b45	Unwind@00886b45
00886b4d	Unwind@00886b4d
00886b55	Unwind@00886b55
00886b5d	Unwind@00886b5d
00886b65	Unwind@00886b65
00886b6d	Unwind@00886b6d
00886b75	Unwind@00886b75
00886b7d	Unwind@00886b7d
00886b85	Unwind@00886b85
00886b8d	Unwind@00886b8d
00886ba0	Unwind@00886ba0
00886bc0	Unwind@00886bc0
00886be0	Unwind@00886be0
00886be8	Unwind@00886be8
00886bf0	Unwind@00886bf0
00886bfb	Unwind@00886bfb
00886c03	Unwind@00886c03
00886c0b	Unwind@00886c0b
00886c16	Unwind@00886c16
00886c1e	Unwind@00886c1e
00886c30	Unwind@00886c30
00886c38	Unwind@00886c38
00886c43	Unwind@00886c43
00886c60	Unwind@00886c60
00886c68	Unwind@00886c68
00886c80	Unwind@00886c80
00886c8b	Unwind@00886c8b
00886c96	Unwind@00886c96
00886ca1	Unwind@00886ca1
00886cac	Unwind@00886cac
00886cd0	Unwind@00886cd0
00886cd8	Unwind@00886cd8
00886ce0	Unwind@00886ce0
00886ce8	Unwind@00886ce8
00886cf0	Unwind@00886cf0
00886cfb	Unwind@00886cfb
00886d10	Unwind@00886d10
00886d30	Unwind@00886d30
00886d50	Unwind@00886d50
00886d70	Unwind@00886d70
00886d90	Unwind@00886d90
00886db0	Unwind@00886db0
00886db8	Unwind@00886db8
00886dd0	Unwind@00886dd0
00886dd8	Unwind@00886dd8
00886de3	Unwind@00886de3
00886dee	Unwind@00886dee
00886e00	Unwind@00886e00
00886e08	Unwind@00886e08
00886e10	Unwind@00886e10
00886e1b	Unwind@00886e1b
00886e26	Unwind@00886e26
00886e31	Unwind@00886e31
00886e3c	Unwind@00886e3c
00886e47	Unwind@00886e47
00886e52	Unwind@00886e52
00886e5d	Unwind@00886e5d
00886e68	Unwind@00886e68
00886e73	Unwind@00886e73
00886e90	Unwind@00886e90
00886e98	Unwind@00886e98
00886ea3	Unwind@00886ea3
00886ec0	Unwind@00886ec0
00886ec8	Unwind@00886ec8
00886ed3	Unwind@00886ed3
00886ede	Unwind@00886ede
00886ee9	Unwind@00886ee9
00886ef4	Unwind@00886ef4
00886eff	Unwind@00886eff
00886f20	Unwind@00886f20
00886f28	Unwind@00886f28
00886f33	Unwind@00886f33
00886f50	Unwind@00886f50
00886f58	Unwind@00886f58
00886f63	Unwind@00886f63
00886f80	Unwind@00886f80
00886fa0	Unwind@00886fa0
00886fa8	Unwind@00886fa8
00886fb3	Unwind@00886fb3
00886fd0	Unwind@00886fd0
00886fd8	Unwind@00886fd8
00886fe3	Unwind@00886fe3
00887000	Unwind@00887000
00887020	Unwind@00887020
00887031	Unwind@00887031
00887039	Unwind@00887039
00887044	Unwind@00887044
0088704f	Unwind@0088704f
0088705a	Unwind@0088705a
00887065	Unwind@00887065
00887070	Unwind@00887070
0088707b	Unwind@0088707b
00887086	Unwind@00887086
008870a0	Unwind@008870a0
008870c0	Unwind@008870c0
008870d1	Unwind@008870d1
008870f0	Unwind@008870f0
00887110	Unwind@00887110
00887121	Unwind@00887121
0088712c	Unwind@0088712c
00887137	Unwind@00887137
00887142	Unwind@00887142
00887160	Unwind@00887160
00887180	Unwind@00887180
008871a0	Unwind@008871a0
008871a8	Unwind@008871a8
008871c0	Unwind@008871c0
008871c8	Unwind@008871c8
008871e0	Unwind@008871e0
00887200	Unwind@00887200
0088720b	Unwind@0088720b
00887216	Unwind@00887216
0088721e	Unwind@0088721e
00887230	Unwind@00887230
00887250	Unwind@00887250
00887270	Unwind@00887270
00887281	Unwind@00887281
00887289	Unwind@00887289
00887291	Unwind@00887291
008872b0	Unwind@008872b0
008872b8	Unwind@008872b8
008872c3	Unwind@008872c3
008872e0	Unwind@008872e0
00887300	Unwind@00887300
00887311	Unwind@00887311
00887319	Unwind@00887319
00887321	Unwind@00887321
00887340	Unwind@00887340
00887348	Unwind@00887348
00887350	Unwind@00887350
00887370	Unwind@00887370
008873a0	Unwind@008873a0
008873b1	Unwind@008873b1
008873b9	Unwind@008873b9
008873c1	Unwind@008873c1
008873e0	Unwind@008873e0
008873e8	Unwind@008873e8
008873f0	Unwind@008873f0
00887410	Unwind@00887410
00887430	Unwind@00887430
00887441	Unwind@00887441
00887449	Unwind@00887449
00887451	Unwind@00887451
00887470	Unwind@00887470
00887478	Unwind@00887478
00887480	Unwind@00887480
008874a0	Unwind@008874a0
008874d0	Unwind@008874d0
008874e1	Unwind@008874e1
00887500	Unwind@00887500
00887511	Unwind@00887511
00887519	Unwind@00887519
00887521	Unwind@00887521
0088752c	Unwind@0088752c
00887534	Unwind@00887534
0088753c	Unwind@0088753c
00887547	Unwind@00887547
0088754f	Unwind@0088754f
00887570	Unwind@00887570
00887581	Unwind@00887581
008875a0	Unwind@008875a0
008875b1	Unwind@008875b1
008875b9	Unwind@008875b9
008875d0	Unwind@008875d0
008875e1	Unwind@008875e1
008875e9	Unwind@008875e9
00887600	Unwind@00887600
00887611	Unwind@00887611
00887619	Unwind@00887619
00887624	Unwind@00887624
00887640	Unwind@00887640
00887651	Unwind@00887651
00887659	Unwind@00887659
00887664	Unwind@00887664
00887680	Unwind@00887680
00887691	Unwind@00887691
00887699	Unwind@00887699
008876a4	Unwind@008876a4
008876af	Unwind@008876af
008876ba	Unwind@008876ba
008876c5	Unwind@008876c5
008876d0	Unwind@008876d0
008876db	Unwind@008876db
008876e6	Unwind@008876e6
008876f1	Unwind@008876f1
008876f9	Unwind@008876f9
00887704	Unwind@00887704
0088770f	Unwind@0088770f
0088771a	Unwind@0088771a
00887725	Unwind@00887725
00887730	Unwind@00887730
0088773b	Unwind@0088773b
00887746	Unwind@00887746
00887760	Unwind@00887760
00887771	Unwind@00887771
00887779	Unwind@00887779
00887784	Unwind@00887784
0088778f	Unwind@0088778f
0088779a	Unwind@0088779a
008877a5	Unwind@008877a5
008877b0	Unwind@008877b0
008877bb	Unwind@008877bb
008877c6	Unwind@008877c6
008877d1	Unwind@008877d1
008877d9	Unwind@008877d9
008877e4	Unwind@008877e4
008877ef	Unwind@008877ef
008877fa	Unwind@008877fa
00887805	Unwind@00887805
00887810	Unwind@00887810
0088781b	Unwind@0088781b
00887826	Unwind@00887826
00887840	Unwind@00887840
00887851	Unwind@00887851
00887859	Unwind@00887859
00887861	Unwind@00887861
00887880	Unwind@00887880
00887891	Unwind@00887891
00887899	Unwind@00887899
008878a1	Unwind@008878a1
008878c0	Unwind@008878c0
008878d1	Unwind@008878d1
008878dc	Unwind@008878dc
008878e4	Unwind@008878e4
008878ec	Unwind@008878ec
008878f7	Unwind@008878f7
00887902	Unwind@00887902
0088790d	Unwind@0088790d
00887918	Unwind@00887918
00887923	Unwind@00887923
00887940	Unwind@00887940
00887951	Unwind@00887951
0088795c	Unwind@0088795c
00887964	Unwind@00887964
0088796c	Unwind@0088796c
00887977	Unwind@00887977
00887982	Unwind@00887982
0088798d	Unwind@0088798d
00887998	Unwind@00887998
008879a3	Unwind@008879a3
008879c0	Unwind@008879c0
008879d1	Unwind@008879d1
008879d9	Unwind@008879d9
008879e4	Unwind@008879e4
00887a00	Unwind@00887a00
00887a11	Unwind@00887a11
00887a19	Unwind@00887a19
00887a24	Unwind@00887a24
00887a40	Unwind@00887a40
00887a51	Unwind@00887a51
00887a59	Unwind@00887a59
00887a64	Unwind@00887a64
00887a80	Unwind@00887a80
00887a91	Unwind@00887a91
00887a99	Unwind@00887a99
00887aa4	Unwind@00887aa4
00887ac0	Unwind@00887ac0
00887ad1	Unwind@00887ad1
00887ad9	Unwind@00887ad9
00887ae4	Unwind@00887ae4
00887aec	Unwind@00887aec
00887b10	Unwind@00887b10
00887b21	Unwind@00887b21
00887b29	Unwind@00887b29
00887b34	Unwind@00887b34
00887b3c	Unwind@00887b3c
00887b60	Unwind@00887b60
00887b71	Unwind@00887b71
00887b79	Unwind@00887b79
00887b84	Unwind@00887b84
00887b8c	Unwind@00887b8c
00887bb0	Unwind@00887bb0
00887bc1	Unwind@00887bc1
00887bc9	Unwind@00887bc9
00887bd4	Unwind@00887bd4
00887bdc	Unwind@00887bdc
00887c00	Unwind@00887c00
00887c08	Unwind@00887c08
00887c10	Unwind@00887c10
00887c18	Unwind@00887c18
00887c23	Unwind@00887c23
00887c2e	Unwind@00887c2e
00887c39	Unwind@00887c39
00887c41	Unwind@00887c41
00887c49	Unwind@00887c49
00887c54	Unwind@00887c54
00887c5f	Unwind@00887c5f
00887c67	Unwind@00887c67
00887c6f	Unwind@00887c6f
00887c7a	Unwind@00887c7a
00887c85	Unwind@00887c85
00887c8d	Unwind@00887c8d
00887c95	Unwind@00887c95
00887cb0	Unwind@00887cb0
00887cbe	Unwind@00887cbe
00887ccc	Unwind@00887ccc
00887ce4	Unwind@00887ce4
00887cf2	Unwind@00887cf2
00887d00	Unwind@00887d00
00887d0e	Unwind@00887d0e
00887d16	Unwind@00887d16
00887d21	Unwind@00887d21
00887d2c	Unwind@00887d2c
00887d41	Unwind@00887d41
00887d49	Unwind@00887d49
00887d51	Unwind@00887d51
00887d63	Unwind@00887d63
00887d6b	Unwind@00887d6b
00887d73	Unwind@00887d73
00887d7b	Unwind@00887d7b
00887d83	Unwind@00887d83
00887d8b	Unwind@00887d8b
00887d93	Unwind@00887d93
00887d9b	Unwind@00887d9b
00887da3	Unwind@00887da3
00887dab	Unwind@00887dab
00887db3	Unwind@00887db3
00887dbb	Unwind@00887dbb
00887dcd	Unwind@00887dcd
00887ddf	Unwind@00887ddf
00887de7	Unwind@00887de7
00887def	Unwind@00887def
00887df7	Unwind@00887df7
00887dff	Unwind@00887dff
00887e07	Unwind@00887e07
00887e0f	Unwind@00887e0f
00887e21	Unwind@00887e21
00887e29	Unwind@00887e29
00887e31	Unwind@00887e31
00887e39	Unwind@00887e39
00887e41	Unwind@00887e41
00887e49	Unwind@00887e49
00887e5b	Unwind@00887e5b
00887e63	Unwind@00887e63
00887e6b	Unwind@00887e6b
00887e73	Unwind@00887e73
00887e7b	Unwind@00887e7b
00887e83	Unwind@00887e83
00887e95	Unwind@00887e95
00887e9d	Unwind@00887e9d
00887ea5	Unwind@00887ea5
00887ead	Unwind@00887ead
00887eb5	Unwind@00887eb5
00887ebd	Unwind@00887ebd
00887ecf	Unwind@00887ecf
00887eda	Unwind@00887eda
00887ee5	Unwind@00887ee5
00887ef0	Unwind@00887ef0
00887efb	Unwind@00887efb
00887f06	Unwind@00887f06
00887f11	Unwind@00887f11
00887f1c	Unwind@00887f1c
00887f27	Unwind@00887f27
00887f32	Unwind@00887f32
00887f3d	Unwind@00887f3d
00887f45	Unwind@00887f45
00887f4d	Unwind@00887f4d
00887f58	Unwind@00887f58
00887f63	Unwind@00887f63
00887f6e	Unwind@00887f6e
00887f79	Unwind@00887f79
00887f84	Unwind@00887f84
00887f8f	Unwind@00887f8f
00887f9a	Unwind@00887f9a
00887fa5	Unwind@00887fa5
00887fb0	Unwind@00887fb0
00887fbb	Unwind@00887fbb
00887fc6	Unwind@00887fc6
00887fd1	Unwind@00887fd1
00887fdc	Unwind@00887fdc
00887fe7	Unwind@00887fe7
00887ff2	Unwind@00887ff2
00887ffd	Unwind@00887ffd
00888008	Unwind@00888008
00888013	Unwind@00888013
0088801e	Unwind@0088801e
00888029	Unwind@00888029
00888034	Unwind@00888034
0088803f	Unwind@0088803f
0088804a	Unwind@0088804a
00888055	Unwind@00888055
00888060	Unwind@00888060
0088806b	Unwind@0088806b
00888076	Unwind@00888076
00888081	Unwind@00888081
0088808c	Unwind@0088808c
00888097	Unwind@00888097
0088809f	Unwind@0088809f
008880a7	Unwind@008880a7
008880b2	Unwind@008880b2
008880bd	Unwind@008880bd
008880c8	Unwind@008880c8
008880d3	Unwind@008880d3
008880de	Unwind@008880de
008880e9	Unwind@008880e9
008880f4	Unwind@008880f4
008880ff	Unwind@008880ff
0088810a	Unwind@0088810a
00888115	Unwind@00888115
00888120	Unwind@00888120
0088812b	Unwind@0088812b
00888136	Unwind@00888136
00888141	Unwind@00888141
00888149	Unwind@00888149
00888151	Unwind@00888151
0088815c	Unwind@0088815c
00888167	Unwind@00888167
00888172	Unwind@00888172
0088817d	Unwind@0088817d
00888188	Unwind@00888188
00888193	Unwind@00888193
0088819e	Unwind@0088819e
008881a9	Unwind@008881a9
008881b4	Unwind@008881b4
008881bf	Unwind@008881bf
008881ca	Unwind@008881ca
008881d5	Unwind@008881d5
008881e0	Unwind@008881e0
008881eb	Unwind@008881eb
008881f3	Unwind@008881f3
008881fb	Unwind@008881fb
00888206	Unwind@00888206
00888211	Unwind@00888211
0088821c	Unwind@0088821c
00888227	Unwind@00888227
00888232	Unwind@00888232
0088823d	Unwind@0088823d
00888248	Unwind@00888248
00888253	Unwind@00888253
0088825e	Unwind@0088825e
00888269	Unwind@00888269
00888274	Unwind@00888274
0088827f	Unwind@0088827f
0088828a	Unwind@0088828a
00888295	Unwind@00888295
008882a0	Unwind@008882a0
008882ab	Unwind@008882ab
008882b6	Unwind@008882b6
008882c1	Unwind@008882c1
008882cc	Unwind@008882cc
008882d7	Unwind@008882d7
008882e2	Unwind@008882e2
008882ed	Unwind@008882ed
008882f8	Unwind@008882f8
00888303	Unwind@00888303
0088830e	Unwind@0088830e
00888319	Unwind@00888319
00888324	Unwind@00888324
0088832f	Unwind@0088832f
0088833a	Unwind@0088833a
00888345	Unwind@00888345
00888350	Unwind@00888350
0088835b	Unwind@0088835b
00888366	Unwind@00888366
00888371	Unwind@00888371
0088837c	Unwind@0088837c
00888387	Unwind@00888387
00888392	Unwind@00888392
0088839d	Unwind@0088839d
008883a8	Unwind@008883a8
008883b3	Unwind@008883b3
008883bb	Unwind@008883bb
008883c3	Unwind@008883c3
008883cb	Unwind@008883cb
008883d3	Unwind@008883d3
008883e5	Unwind@008883e5
008883f0	Unwind@008883f0
008883fb	Unwind@008883fb
00888403	Unwind@00888403
0088840b	Unwind@0088840b
00888416	Unwind@00888416
00888421	Unwind@00888421
00888429	Unwind@00888429
00888431	Unwind@00888431
0088843c	Unwind@0088843c
00888447	Unwind@00888447
0088844f	Unwind@0088844f
00888457	Unwind@00888457
00888462	Unwind@00888462
0088846d	Unwind@0088846d
00888478	Unwind@00888478
00888483	Unwind@00888483
0088848e	Unwind@0088848e
00888499	Unwind@00888499
008884a1	Unwind@008884a1
008884a9	Unwind@008884a9
008884b4	Unwind@008884b4
008884bf	Unwind@008884bf
008884c7	Unwind@008884c7
008884cf	Unwind@008884cf
008884da	Unwind@008884da
008884e2	Unwind@008884e2
008884ea	Unwind@008884ea
008884f2	Unwind@008884f2
008884fa	Unwind@008884fa
0088850c	Unwind@0088850c
00888514	Unwind@00888514
00888526	Unwind@00888526
0088852e	Unwind@0088852e
00888536	Unwind@00888536
0088853e	Unwind@0088853e
00888546	Unwind@00888546
0088854e	Unwind@0088854e
00888556	Unwind@00888556
0088855e	Unwind@0088855e
00888570	Unwind@00888570
00888578	Unwind@00888578
00888580	Unwind@00888580
00888597	Unwind@00888597
0088859f	Unwind@0088859f
008885a7	Unwind@008885a7
008885c0	Unwind@008885c0
008885e0	Unwind@008885e0
008885e8	Unwind@008885e8
008885f0	Unwind@008885f0
008885fb	Unwind@008885fb
00888603	Unwind@00888603
0088860b	Unwind@0088860b
00888616	Unwind@00888616
0088862b	Unwind@0088862b
00888636	Unwind@00888636
00888641	Unwind@00888641
0088864c	Unwind@0088864c
00888657	Unwind@00888657
0088866c	Unwind@0088866c
00888674	Unwind@00888674
0088867c	Unwind@0088867c
00888687	Unwind@00888687
0088869c	Unwind@0088869c
008886a4	Unwind@008886a4
008886ac	Unwind@008886ac
008886b4	Unwind@008886b4
008886bc	Unwind@008886bc
008886c4	Unwind@008886c4
008886db	Unwind@008886db
008886ed	Unwind@008886ed
008886f5	Unwind@008886f5
008886fd	Unwind@008886fd
00888705	Unwind@00888705
0088870d	Unwind@0088870d
00888715	Unwind@00888715
0088872c	Unwind@0088872c
0088873e	Unwind@0088873e
00888746	Unwind@00888746
0088874e	Unwind@0088874e
00888756	Unwind@00888756
0088875e	Unwind@0088875e
00888766	Unwind@00888766
00888778	Unwind@00888778
00888783	Unwind@00888783
00888798	Unwind@00888798
008887aa	Unwind@008887aa
008887b2	Unwind@008887b2
008887c4	Unwind@008887c4
008887d6	Unwind@008887d6
008887e8	Unwind@008887e8
008887fa	Unwind@008887fa
00888802	Unwind@00888802
0088880a	Unwind@0088880a
00888812	Unwind@00888812
0088881a	Unwind@0088881a
0088882b	Unwind@0088882b
00888833	Unwind@00888833
0088883e	Unwind@0088883e
00888860	Unwind@00888860
00888868	Unwind@00888868
00888873	Unwind@00888873
0088887b	Unwind@0088887b
00888886	Unwind@00888886
0088888e	Unwind@0088888e
00888899	Unwind@00888899
008888a1	Unwind@008888a1
008888c0	Unwind@008888c0
008888cb	Unwind@008888cb
008888d3	Unwind@008888d3
008888de	Unwind@008888de
008888e9	Unwind@008888e9
008888f1	Unwind@008888f1
008888fc	Unwind@008888fc
00888910	Unwind@00888910
0088891b	Unwind@0088891b
00888923	Unwind@00888923
0088892b	Unwind@0088892b
00888933	Unwind@00888933
0088893b	Unwind@0088893b
00888943	Unwind@00888943
0088894b	Unwind@0088894b
00888956	Unwind@00888956
00888961	Unwind@00888961
0088896c	Unwind@0088896c
00888974	Unwind@00888974
00888990	Unwind@00888990
008889b0	Unwind@008889b0
008889b8	Unwind@008889b8
008889d0	Unwind@008889d0
008889db	Unwind@008889db
008889e3	Unwind@008889e3
008889ee	Unwind@008889ee
008889f9	Unwind@008889f9
00888a01	Unwind@00888a01
00888a0c	Unwind@00888a0c
00888a17	Unwind@00888a17
00888a1f	Unwind@00888a1f
00888a34	Unwind@00888a34
00888a3f	Unwind@00888a3f
00888a4a	Unwind@00888a4a
00888a55	Unwind@00888a55
00888a60	Unwind@00888a60
00888a6b	Unwind@00888a6b
00888a76	Unwind@00888a76
00888a7e	Unwind@00888a7e
00888a89	Unwind@00888a89
00888a91	Unwind@00888a91
00888a9c	Unwind@00888a9c
00888aa4	Unwind@00888aa4
00888aaf	Unwind@00888aaf
00888ac4	Unwind@00888ac4
00888ad9	Unwind@00888ad9
00888aea	Unwind@00888aea
00888af2	Unwind@00888af2
00888b03	Unwind@00888b03
00888b0b	Unwind@00888b0b
00888b26	Unwind@00888b26
00888b2e	Unwind@00888b2e
00888b36	Unwind@00888b36
00888b47	Unwind@00888b47
00888b4f	Unwind@00888b4f
00888b61	Unwind@00888b61
00888b80	Unwind@00888b80
00888b88	Unwind@00888b88
00888ba0	Unwind@00888ba0
00888bc0	Unwind@00888bc0
00888bc8	Unwind@00888bc8
00888be0	Unwind@00888be0
00888be8	Unwind@00888be8
00888c00	Unwind@00888c00
00888c30	Unwind@00888c30
00888c50	Unwind@00888c50
00888c58	Unwind@00888c58
00888c70	Unwind@00888c70
00888ca0	Unwind@00888ca0
00888ca8	Unwind@00888ca8
00888cc0	Unwind@00888cc0
00888ce0	Unwind@00888ce0
00888d00	Unwind@00888d00
00888d20	Unwind@00888d20
00888d40	Unwind@00888d40
00888d60	Unwind@00888d60
00888d80	Unwind@00888d80
00888d88	Unwind@00888d88
00888d90	Unwind@00888d90
00888d98	Unwind@00888d98
00888da0	Unwind@00888da0
00888db2	Unwind@00888db2
00888dba	Unwind@00888dba
00888dc2	Unwind@00888dc2
00888dca	Unwind@00888dca
00888dd2	Unwind@00888dd2
00888de4	Unwind@00888de4
00888dec	Unwind@00888dec
00888df4	Unwind@00888df4
00888dfc	Unwind@00888dfc
00888e04	Unwind@00888e04
00888e16	Unwind@00888e16
00888e1e	Unwind@00888e1e
00888e26	Unwind@00888e26
00888e2e	Unwind@00888e2e
00888e36	Unwind@00888e36
00888e48	Unwind@00888e48
00888e50	Unwind@00888e50
00888e58	Unwind@00888e58
00888e60	Unwind@00888e60
00888e68	Unwind@00888e68
00888e7a	Unwind@00888e7a
00888e82	Unwind@00888e82
00888e8a	Unwind@00888e8a
00888e92	Unwind@00888e92
00888e9a	Unwind@00888e9a
00888eac	Unwind@00888eac
00888ec0	Unwind@00888ec0
00888ec8	Unwind@00888ec8
00888ed0	Unwind@00888ed0
00888ed8	Unwind@00888ed8
00888ee0	Unwind@00888ee0
00888ee8	Unwind@00888ee8
00888ef3	Unwind@00888ef3
00888efb	Unwind@00888efb
00888f03	Unwind@00888f03
00888f0e	Unwind@00888f0e
00888f20	Unwind@00888f20
00888f28	Unwind@00888f28
00888f33	Unwind@00888f33
00888f3e	Unwind@00888f3e
00888f49	Unwind@00888f49
00888f54	Unwind@00888f54
00888f5f	Unwind@00888f5f
00888f74	Unwind@00888f74
00888f7c	Unwind@00888f7c
00888f87	Unwind@00888f87
00888fa0	Unwind@00888fa0
00888fa8	Unwind@00888fa8
00888fb3	Unwind@00888fb3
00888fbe	Unwind@00888fbe
00888fc6	Unwind@00888fc6
00888fd1	Unwind@00888fd1
00888fd9	Unwind@00888fd9
00888fe7	Unwind@00888fe7
00888fef	Unwind@00888fef
00888ffd	Unwind@00888ffd
00889005	Unwind@00889005
00889013	Unwind@00889013
00889025	Unwind@00889025
0088902d	Unwind@0088902d
00889038	Unwind@00889038
00889043	Unwind@00889043
0088904e	Unwind@0088904e
0088905c	Unwind@0088905c
0088906a	Unwind@0088906a
00889078	Unwind@00889078
00889086	Unwind@00889086
00889091	Unwind@00889091
0088909c	Unwind@0088909c
008890a7	Unwind@008890a7
008890b2	Unwind@008890b2
008890c7	Unwind@008890c7
008890dc	Unwind@008890dc
008890e4	Unwind@008890e4
008890ec	Unwind@008890ec
008890f4	Unwind@008890f4
00889105	Unwind@00889105
0088910d	Unwind@0088910d
00889115	Unwind@00889115
00889130	Unwind@00889130
00889150	Unwind@00889150
00889161	Unwind@00889161
00889169	Unwind@00889169
00889171	Unwind@00889171
00889190	Unwind@00889190
008891b0	Unwind@008891b0
008891c1	Unwind@008891c1
008891c9	Unwind@008891c9
008891e0	Unwind@008891e0
008891f1	Unwind@008891f1
008891f9	Unwind@008891f9
00889210	Unwind@00889210
00889218	Unwind@00889218
0088922a	Unwind@0088922a
00889235	Unwind@00889235
0088923d	Unwind@0088923d
0088924f	Unwind@0088924f
00889261	Unwind@00889261
0088927b	Unwind@0088927b
00889286	Unwind@00889286
00889291	Unwind@00889291
0088929c	Unwind@0088929c
008892a7	Unwind@008892a7
008892b2	Unwind@008892b2
008892c0	Unwind@008892c0
008892d5	Unwind@008892d5
008892dd	Unwind@008892dd
008892e5	Unwind@008892e5
008892ed	Unwind@008892ed
008892f5	Unwind@008892f5
008892fd	Unwind@008892fd
00889305	Unwind@00889305
0088930d	Unwind@0088930d
00889315	Unwind@00889315
00889320	Unwind@00889320
00889328	Unwind@00889328
00889330	Unwind@00889330
00889338	Unwind@00889338
0088934a	Unwind@0088934a
00889352	Unwind@00889352
0088935a	Unwind@0088935a
00889362	Unwind@00889362
0088936a	Unwind@0088936a
00889372	Unwind@00889372
0088937a	Unwind@0088937a
00889382	Unwind@00889382
0088938a	Unwind@0088938a
00889392	Unwind@00889392
008893a4	Unwind@008893a4
008893ac	Unwind@008893ac
008893b4	Unwind@008893b4
008893bc	Unwind@008893bc
008893c4	Unwind@008893c4
008893cc	Unwind@008893cc
008893d4	Unwind@008893d4
008893dc	Unwind@008893dc
008893e4	Unwind@008893e4
008893ec	Unwind@008893ec
008893fe	Unwind@008893fe
00889406	Unwind@00889406
0088940e	Unwind@0088940e
00889416	Unwind@00889416
0088941e	Unwind@0088941e
00889426	Unwind@00889426
0088942e	Unwind@0088942e
00889436	Unwind@00889436
0088943e	Unwind@0088943e
00889446	Unwind@00889446
00889458	Unwind@00889458
00889460	Unwind@00889460
00889468	Unwind@00889468
00889470	Unwind@00889470
00889478	Unwind@00889478
00889480	Unwind@00889480
00889488	Unwind@00889488
00889490	Unwind@00889490
00889498	Unwind@00889498
008894a0	Unwind@008894a0
008894c0	Unwind@008894c0
008894c8	Unwind@008894c8
008894e0	Unwind@008894e0
00889500	Unwind@00889500
00889520	Unwind@00889520
00889528	Unwind@00889528
00889540	Unwind@00889540
0088954b	Unwind@0088954b
00889553	Unwind@00889553
00889570	Unwind@00889570
0088958a	Unwind@0088958a
00889592	Unwind@00889592
0088959d	Unwind@0088959d
008895a8	Unwind@008895a8
008895c0	Unwind@008895c0
008895c8	Unwind@008895c8
008895e0	Unwind@008895e0
008895e8	Unwind@008895e8
008895f0	Unwind@008895f0
008895f8	Unwind@008895f8
00889600	Unwind@00889600
00889617	Unwind@00889617
00889629	Unwind@00889629
00889631	Unwind@00889631
00889639	Unwind@00889639
00889641	Unwind@00889641
00889649	Unwind@00889649
00889651	Unwind@00889651
00889668	Unwind@00889668
0088967a	Unwind@0088967a
00889682	Unwind@00889682
0088968a	Unwind@0088968a
00889692	Unwind@00889692
0088969a	Unwind@0088969a
008896a2	Unwind@008896a2
008896b9	Unwind@008896b9
008896d0	Unwind@008896d0
008896db	Unwind@008896db
008896e6	Unwind@008896e6
008896f1	Unwind@008896f1
008896fc	Unwind@008896fc
00889707	Unwind@00889707
00889712	Unwind@00889712
0088971d	Unwind@0088971d
00889728	Unwind@00889728
00889733	Unwind@00889733
0088973e	Unwind@0088973e
00889749	Unwind@00889749
00889754	Unwind@00889754
0088975f	Unwind@0088975f
0088976a	Unwind@0088976a
00889775	Unwind@00889775
00889780	Unwind@00889780
0088978b	Unwind@0088978b
00889796	Unwind@00889796
008897a1	Unwind@008897a1
008897ac	Unwind@008897ac
008897b7	Unwind@008897b7
008897c2	Unwind@008897c2
008897cd	Unwind@008897cd
008897d5	Unwind@008897d5
008897dd	Unwind@008897dd
008897ef	Unwind@008897ef
008897fa	Unwind@008897fa
00889805	Unwind@00889805
00889810	Unwind@00889810
0088981b	Unwind@0088981b
00889826	Unwind@00889826
00889831	Unwind@00889831
0088983c	Unwind@0088983c
00889847	Unwind@00889847
00889852	Unwind@00889852
0088985d	Unwind@0088985d
00889868	Unwind@00889868
00889873	Unwind@00889873
0088987e	Unwind@0088987e
00889889	Unwind@00889889
00889894	Unwind@00889894
0088989f	Unwind@0088989f
008898aa	Unwind@008898aa
008898b5	Unwind@008898b5
008898c0	Unwind@008898c0
008898cb	Unwind@008898cb
008898d6	Unwind@008898d6
008898e1	Unwind@008898e1
008898ec	Unwind@008898ec
00889901	Unwind@00889901
0088990c	Unwind@0088990c
00889914	Unwind@00889914
0088991c	Unwind@0088991c
00889924	Unwind@00889924
0088992c	Unwind@0088992c
00889937	Unwind@00889937
0088993f	Unwind@0088993f
0088994a	Unwind@0088994a
00889955	Unwind@00889955
00889960	Unwind@00889960
0088996b	Unwind@0088996b
00889973	Unwind@00889973
0088997b	Unwind@0088997b
00889983	Unwind@00889983
0088998e	Unwind@0088998e
00889999	Unwind@00889999
008899a4	Unwind@008899a4
008899af	Unwind@008899af
008899ba	Unwind@008899ba
008899c5	Unwind@008899c5
008899d0	Unwind@008899d0
008899db	Unwind@008899db
008899e3	Unwind@008899e3
008899ee	Unwind@008899ee
008899f9	Unwind@008899f9
00889a04	Unwind@00889a04
00889a0f	Unwind@00889a0f
00889a1a	Unwind@00889a1a
00889a25	Unwind@00889a25
00889a30	Unwind@00889a30
00889a3b	Unwind@00889a3b
00889a46	Unwind@00889a46
00889a51	Unwind@00889a51
00889a5c	Unwind@00889a5c
00889a67	Unwind@00889a67
00889a72	Unwind@00889a72
00889a7d	Unwind@00889a7d
00889a88	Unwind@00889a88
00889a93	Unwind@00889a93
00889a9b	Unwind@00889a9b
00889aa6	Unwind@00889aa6
00889ab1	Unwind@00889ab1
00889ab9	Unwind@00889ab9
00889ac1	Unwind@00889ac1
00889ac9	Unwind@00889ac9
00889ad4	Unwind@00889ad4
00889adf	Unwind@00889adf
00889aea	Unwind@00889aea
00889af5	Unwind@00889af5
00889b00	Unwind@00889b00
00889b0b	Unwind@00889b0b
00889b16	Unwind@00889b16
00889b21	Unwind@00889b21
00889b2c	Unwind@00889b2c
00889b37	Unwind@00889b37
00889b42	Unwind@00889b42
00889b4d	Unwind@00889b4d
00889b58	Unwind@00889b58
00889b63	Unwind@00889b63
00889b6e	Unwind@00889b6e
00889b79	Unwind@00889b79
00889b84	Unwind@00889b84
00889b8f	Unwind@00889b8f
00889b9a	Unwind@00889b9a
00889ba5	Unwind@00889ba5
00889bb0	Unwind@00889bb0
00889bbb	Unwind@00889bbb
00889bc6	Unwind@00889bc6
00889bd1	Unwind@00889bd1
00889bdc	Unwind@00889bdc
00889be7	Unwind@00889be7
00889bf2	Unwind@00889bf2
00889bfd	Unwind@00889bfd
00889c08	Unwind@00889c08
00889c13	Unwind@00889c13
00889c1e	Unwind@00889c1e
00889c29	Unwind@00889c29
00889c34	Unwind@00889c34
00889c3f	Unwind@00889c3f
00889c4a	Unwind@00889c4a
00889c55	Unwind@00889c55
00889c60	Unwind@00889c60
00889c6b	Unwind@00889c6b
00889c76	Unwind@00889c76
00889c81	Unwind@00889c81
00889c8c	Unwind@00889c8c
00889c97	Unwind@00889c97
00889ca2	Unwind@00889ca2
00889cad	Unwind@00889cad
00889cb8	Unwind@00889cb8
00889cc3	Unwind@00889cc3
00889cce	Unwind@00889cce
00889cd9	Unwind@00889cd9
00889ce4	Unwind@00889ce4
00889cef	Unwind@00889cef
00889cfa	Unwind@00889cfa
00889d05	Unwind@00889d05
00889d10	Unwind@00889d10
00889d1b	Unwind@00889d1b
00889d26	Unwind@00889d26
00889d31	Unwind@00889d31
00889d3c	Unwind@00889d3c
00889d47	Unwind@00889d47
00889d52	Unwind@00889d52
00889d5d	Unwind@00889d5d
00889d68	Unwind@00889d68
00889d73	Unwind@00889d73
00889d7e	Unwind@00889d7e
00889d89	Unwind@00889d89
00889d94	Unwind@00889d94
00889d9f	Unwind@00889d9f
00889daa	Unwind@00889daa
00889db5	Unwind@00889db5
00889dc0	Unwind@00889dc0
00889dcb	Unwind@00889dcb
00889dd6	Unwind@00889dd6
00889de1	Unwind@00889de1
00889dec	Unwind@00889dec
00889df7	Unwind@00889df7
00889e02	Unwind@00889e02
00889e0d	Unwind@00889e0d
00889e18	Unwind@00889e18
00889e23	Unwind@00889e23
00889e2e	Unwind@00889e2e
00889e39	Unwind@00889e39
00889e44	Unwind@00889e44
00889e4f	Unwind@00889e4f
00889e5a	Unwind@00889e5a
00889e65	Unwind@00889e65
00889e70	Unwind@00889e70
00889e7b	Unwind@00889e7b
00889e86	Unwind@00889e86
00889e91	Unwind@00889e91
00889e9c	Unwind@00889e9c
00889ea7	Unwind@00889ea7
00889eb2	Unwind@00889eb2
00889ebd	Unwind@00889ebd
00889ec8	Unwind@00889ec8
00889ed3	Unwind@00889ed3
00889ede	Unwind@00889ede
00889ee9	Unwind@00889ee9
00889ef4	Unwind@00889ef4
00889eff	Unwind@00889eff
00889f0a	Unwind@00889f0a
00889f15	Unwind@00889f15
00889f20	Unwind@00889f20
00889f2b	Unwind@00889f2b
00889f36	Unwind@00889f36
00889f41	Unwind@00889f41
00889f4c	Unwind@00889f4c
00889f57	Unwind@00889f57
00889f62	Unwind@00889f62
00889f6d	Unwind@00889f6d
00889f75	Unwind@00889f75
00889f80	Unwind@00889f80
00889f8b	Unwind@00889f8b
00889f96	Unwind@00889f96
00889fa1	Unwind@00889fa1
00889fac	Unwind@00889fac
00889fb7	Unwind@00889fb7
00889fc2	Unwind@00889fc2
00889fcd	Unwind@00889fcd
00889fd8	Unwind@00889fd8
00889fe3	Unwind@00889fe3
00889fee	Unwind@00889fee
00889ff9	Unwind@00889ff9
0088a004	Unwind@0088a004
0088a00f	Unwind@0088a00f
0088a01a	Unwind@0088a01a
0088a025	Unwind@0088a025
0088a030	Unwind@0088a030
0088a03b	Unwind@0088a03b
0088a046	Unwind@0088a046
0088a051	Unwind@0088a051
0088a05c	Unwind@0088a05c
0088a067	Unwind@0088a067
0088a072	Unwind@0088a072
0088a07d	Unwind@0088a07d
0088a088	Unwind@0088a088
0088a093	Unwind@0088a093
0088a09e	Unwind@0088a09e
0088a0a9	Unwind@0088a0a9
0088a0b4	Unwind@0088a0b4
0088a0bf	Unwind@0088a0bf
0088a0ca	Unwind@0088a0ca
0088a0d5	Unwind@0088a0d5
0088a0e0	Unwind@0088a0e0
0088a0eb	Unwind@0088a0eb
0088a0f6	Unwind@0088a0f6
0088a101	Unwind@0088a101
0088a10c	Unwind@0088a10c
0088a117	Unwind@0088a117
0088a122	Unwind@0088a122
0088a12d	Unwind@0088a12d
0088a138	Unwind@0088a138
0088a143	Unwind@0088a143
0088a14e	Unwind@0088a14e
0088a159	Unwind@0088a159
0088a164	Unwind@0088a164
0088a16f	Unwind@0088a16f
0088a17a	Unwind@0088a17a
0088a18f	Unwind@0088a18f
0088a19a	Unwind@0088a19a
0088a1a5	Unwind@0088a1a5
0088a1b0	Unwind@0088a1b0
0088a1bb	Unwind@0088a1bb
0088a1c3	Unwind@0088a1c3
0088a1ce	Unwind@0088a1ce
0088a1d9	Unwind@0088a1d9
0088a1e4	Unwind@0088a1e4
0088a1ef	Unwind@0088a1ef
0088a1f7	Unwind@0088a1f7
0088a202	Unwind@0088a202
0088a20d	Unwind@0088a20d
0088a218	Unwind@0088a218
0088a223	Unwind@0088a223
0088a22e	Unwind@0088a22e
0088a23c	Unwind@0088a23c
0088a24a	Unwind@0088a24a
0088a258	Unwind@0088a258
0088a263	Unwind@0088a263
0088a271	Unwind@0088a271
0088a27c	Unwind@0088a27c
0088a284	Unwind@0088a284
0088a296	Unwind@0088a296
0088a2a1	Unwind@0088a2a1
0088a2ac	Unwind@0088a2ac
0088a2b7	Unwind@0088a2b7
0088a2c2	Unwind@0088a2c2
0088a2cd	Unwind@0088a2cd
0088a2e2	Unwind@0088a2e2
0088a2ed	Unwind@0088a2ed
0088a2f8	Unwind@0088a2f8
0088a303	Unwind@0088a303
0088a30e	Unwind@0088a30e
0088a319	Unwind@0088a319
0088a324	Unwind@0088a324
0088a32f	Unwind@0088a32f
0088a33a	Unwind@0088a33a
0088a345	Unwind@0088a345
0088a353	Unwind@0088a353
0088a35e	Unwind@0088a35e
0088a369	Unwind@0088a369
0088a374	Unwind@0088a374
0088a37f	Unwind@0088a37f
0088a38a	Unwind@0088a38a
0088a395	Unwind@0088a395
0088a3a0	Unwind@0088a3a0
0088a3ab	Unwind@0088a3ab
0088a3b6	Unwind@0088a3b6
0088a3c1	Unwind@0088a3c1
0088a3cc	Unwind@0088a3cc
0088a3da	Unwind@0088a3da
0088a3e8	Unwind@0088a3e8
0088a3f6	Unwind@0088a3f6
0088a401	Unwind@0088a401
0088a40c	Unwind@0088a40c
0088a417	Unwind@0088a417
0088a422	Unwind@0088a422
0088a42d	Unwind@0088a42d
0088a438	Unwind@0088a438
0088a443	Unwind@0088a443
0088a44e	Unwind@0088a44e
0088a459	Unwind@0088a459
0088a464	Unwind@0088a464
0088a46f	Unwind@0088a46f
0088a47a	Unwind@0088a47a
0088a485	Unwind@0088a485
0088a490	Unwind@0088a490
0088a49b	Unwind@0088a49b
0088a4a6	Unwind@0088a4a6
0088a4b1	Unwind@0088a4b1
0088a4d0	Unwind@0088a4d0
0088a500	Unwind@0088a500
0088a508	Unwind@0088a508
0088a510	Unwind@0088a510
0088a518	Unwind@0088a518
0088a530	Unwind@0088a530
0088a538	Unwind@0088a538
0088a540	Unwind@0088a540
0088a548	Unwind@0088a548
0088a550	Unwind@0088a550
0088a558	Unwind@0088a558
0088a560	Unwind@0088a560
0088a568	Unwind@0088a568
0088a570	Unwind@0088a570
0088a578	Unwind@0088a578
0088a580	Unwind@0088a580
0088a588	Unwind@0088a588
0088a590	Unwind@0088a590
0088a598	Unwind@0088a598
0088a5a0	Unwind@0088a5a0
0088a5a8	Unwind@0088a5a8
0088a5b0	Unwind@0088a5b0
0088a5b8	Unwind@0088a5b8
0088a5c0	Unwind@0088a5c0
0088a5c8	Unwind@0088a5c8
0088a5d0	Unwind@0088a5d0
0088a5d8	Unwind@0088a5d8
0088a5e0	Unwind@0088a5e0
0088a5e8	Unwind@0088a5e8
0088a5f0	Unwind@0088a5f0
0088a5f8	Unwind@0088a5f8
0088a619	Unwind@0088a619
0088a621	Unwind@0088a621
0088a629	Unwind@0088a629
0088a631	Unwind@0088a631
0088a639	Unwind@0088a639
0088a641	Unwind@0088a641
0088a649	Unwind@0088a649
0088a651	Unwind@0088a651
0088a659	Unwind@0088a659
0088a661	Unwind@0088a661
0088a669	Unwind@0088a669
0088a671	Unwind@0088a671
0088a679	Unwind@0088a679
0088a681	Unwind@0088a681
0088a689	Unwind@0088a689
0088a691	Unwind@0088a691
0088a699	Unwind@0088a699
0088a6a1	Unwind@0088a6a1
0088a6a9	Unwind@0088a6a9
0088a6b1	Unwind@0088a6b1
0088a6b9	Unwind@0088a6b9
0088a6c1	Unwind@0088a6c1
0088a6c9	Unwind@0088a6c9
0088a6d1	Unwind@0088a6d1
0088a6d9	Unwind@0088a6d9
0088a6e1	Unwind@0088a6e1
0088a702	Unwind@0088a702
0088a70a	Unwind@0088a70a
0088a712	Unwind@0088a712
0088a71a	Unwind@0088a71a
0088a731	Unwind@0088a731
0088a748	Unwind@0088a748
0088a750	Unwind@0088a750
0088a771	Unwind@0088a771
0088a779	Unwind@0088a779
0088a781	Unwind@0088a781
0088a789	Unwind@0088a789
0088a791	Unwind@0088a791
0088a799	Unwind@0088a799
0088a7a1	Unwind@0088a7a1
0088a7a9	Unwind@0088a7a9
0088a7b1	Unwind@0088a7b1
0088a7b9	Unwind@0088a7b9
0088a7c1	Unwind@0088a7c1
0088a7c9	Unwind@0088a7c9
0088a7d1	Unwind@0088a7d1
0088a7d9	Unwind@0088a7d9
0088a7e1	Unwind@0088a7e1
0088a7e9	Unwind@0088a7e9
0088a7fb	Unwind@0088a7fb
0088a803	Unwind@0088a803
0088a80b	Unwind@0088a80b
0088a813	Unwind@0088a813
0088a82a	Unwind@0088a82a
0088a841	Unwind@0088a841
0088a849	Unwind@0088a849
0088a86a	Unwind@0088a86a
0088a872	Unwind@0088a872
0088a87a	Unwind@0088a87a
0088a882	Unwind@0088a882
0088a88a	Unwind@0088a88a
0088a892	Unwind@0088a892
0088a89a	Unwind@0088a89a
0088a8a2	Unwind@0088a8a2
0088a8aa	Unwind@0088a8aa
0088a8b2	Unwind@0088a8b2
0088a8ba	Unwind@0088a8ba
0088a8c2	Unwind@0088a8c2
0088a8ca	Unwind@0088a8ca
0088a8d2	Unwind@0088a8d2
0088a8da	Unwind@0088a8da
0088a8e2	Unwind@0088a8e2
0088a8f4	Unwind@0088a8f4
0088a8fc	Unwind@0088a8fc
0088a904	Unwind@0088a904
0088a90c	Unwind@0088a90c
0088a914	Unwind@0088a914
0088a91c	Unwind@0088a91c
0088a924	Unwind@0088a924
0088a92c	Unwind@0088a92c
0088a934	Unwind@0088a934
0088a94b	Unwind@0088a94b
0088a95d	Unwind@0088a95d
0088a965	Unwind@0088a965
0088a96d	Unwind@0088a96d
0088a975	Unwind@0088a975
0088a97d	Unwind@0088a97d
0088a985	Unwind@0088a985
0088a98d	Unwind@0088a98d
0088a995	Unwind@0088a995
0088a99d	Unwind@0088a99d
0088a9b4	Unwind@0088a9b4
0088a9c6	Unwind@0088a9c6
0088a9ce	Unwind@0088a9ce
0088a9d6	Unwind@0088a9d6
0088a9de	Unwind@0088a9de
0088a9e6	Unwind@0088a9e6
0088a9ee	Unwind@0088a9ee
0088a9f6	Unwind@0088a9f6
0088a9fe	Unwind@0088a9fe
0088aa06	Unwind@0088aa06
0088aa0e	Unwind@0088aa0e
0088aa16	Unwind@0088aa16
0088aa1e	Unwind@0088aa1e
0088aa26	Unwind@0088aa26
0088aa2e	Unwind@0088aa2e
0088aa36	Unwind@0088aa36
0088aa3e	Unwind@0088aa3e
0088aa46	Unwind@0088aa46
0088aa4e	Unwind@0088aa4e
0088aa56	Unwind@0088aa56
0088aa68	Unwind@0088aa68
0088aa70	Unwind@0088aa70
0088aa78	Unwind@0088aa78
0088aa80	Unwind@0088aa80
0088aa88	Unwind@0088aa88
0088aa90	Unwind@0088aa90
0088aa98	Unwind@0088aa98
0088aaa0	Unwind@0088aaa0
0088aaa8	Unwind@0088aaa8
0088aab0	Unwind@0088aab0
0088aab8	Unwind@0088aab8
0088aac0	Unwind@0088aac0
0088aac8	Unwind@0088aac8
0088aad0	Unwind@0088aad0
0088aad8	Unwind@0088aad8
0088aaea	Unwind@0088aaea
0088aaf2	Unwind@0088aaf2
0088aafa	Unwind@0088aafa
0088ab02	Unwind@0088ab02
0088ab0a	Unwind@0088ab0a
0088ab12	Unwind@0088ab12
0088ab1a	Unwind@0088ab1a
0088ab22	Unwind@0088ab22
0088ab2a	Unwind@0088ab2a
0088ab32	Unwind@0088ab32
0088ab3a	Unwind@0088ab3a
0088ab42	Unwind@0088ab42
0088ab4a	Unwind@0088ab4a
0088ab52	Unwind@0088ab52
0088ab5a	Unwind@0088ab5a
0088ab6c	Unwind@0088ab6c
0088ab74	Unwind@0088ab74
0088ab7c	Unwind@0088ab7c
0088ab84	Unwind@0088ab84
0088ab8c	Unwind@0088ab8c
0088ab94	Unwind@0088ab94
0088ab9c	Unwind@0088ab9c
0088aba4	Unwind@0088aba4
0088abac	Unwind@0088abac
0088abb4	Unwind@0088abb4
0088abbc	Unwind@0088abbc
0088abc4	Unwind@0088abc4
0088abcc	Unwind@0088abcc
0088abd4	Unwind@0088abd4
0088abdc	Unwind@0088abdc
0088abee	Unwind@0088abee
0088abf6	Unwind@0088abf6
0088abfe	Unwind@0088abfe
0088ac06	Unwind@0088ac06
0088ac0e	Unwind@0088ac0e
0088ac16	Unwind@0088ac16
0088ac1e	Unwind@0088ac1e
0088ac26	Unwind@0088ac26
0088ac2e	Unwind@0088ac2e
0088ac36	Unwind@0088ac36
0088ac3e	Unwind@0088ac3e
0088ac46	Unwind@0088ac46
0088ac4e	Unwind@0088ac4e
0088ac56	Unwind@0088ac56
0088ac5e	Unwind@0088ac5e
0088ac70	Unwind@0088ac70
0088ac78	Unwind@0088ac78
0088ac80	Unwind@0088ac80
0088ac88	Unwind@0088ac88
0088ac90	Unwind@0088ac90
0088ac98	Unwind@0088ac98
0088aca0	Unwind@0088aca0
0088aca8	Unwind@0088aca8
0088acb0	Unwind@0088acb0
0088acb8	Unwind@0088acb8
0088acc0	Unwind@0088acc0
0088acc8	Unwind@0088acc8
0088acd0	Unwind@0088acd0
0088acd8	Unwind@0088acd8
0088ace0	Unwind@0088ace0
0088acf2	Unwind@0088acf2
0088acfa	Unwind@0088acfa
0088ad02	Unwind@0088ad02
0088ad0a	Unwind@0088ad0a
0088ad12	Unwind@0088ad12
0088ad1a	Unwind@0088ad1a
0088ad22	Unwind@0088ad22
0088ad2a	Unwind@0088ad2a
0088ad32	Unwind@0088ad32
0088ad3a	Unwind@0088ad3a
0088ad42	Unwind@0088ad42
0088ad4a	Unwind@0088ad4a
0088ad52	Unwind@0088ad52
0088ad5a	Unwind@0088ad5a
0088ad62	Unwind@0088ad62
0088ad74	Unwind@0088ad74
0088ad7c	Unwind@0088ad7c
0088ad84	Unwind@0088ad84
0088ad8c	Unwind@0088ad8c
0088ad94	Unwind@0088ad94
0088ad9c	Unwind@0088ad9c
0088ada4	Unwind@0088ada4
0088adac	Unwind@0088adac
0088adb4	Unwind@0088adb4
0088adc6	Unwind@0088adc6
0088adce	Unwind@0088adce
0088add6	Unwind@0088add6
0088adde	Unwind@0088adde
0088ade6	Unwind@0088ade6
0088adee	Unwind@0088adee
0088adf6	Unwind@0088adf6
0088adfe	Unwind@0088adfe
0088ae06	Unwind@0088ae06
0088ae18	Unwind@0088ae18
0088ae20	Unwind@0088ae20
0088ae28	Unwind@0088ae28
0088ae30	Unwind@0088ae30
0088ae38	Unwind@0088ae38
0088ae40	Unwind@0088ae40
0088ae48	Unwind@0088ae48
0088ae50	Unwind@0088ae50
0088ae58	Unwind@0088ae58
0088ae6a	Unwind@0088ae6a
0088ae72	Unwind@0088ae72
0088ae7a	Unwind@0088ae7a
0088ae82	Unwind@0088ae82
0088ae8a	Unwind@0088ae8a
0088ae92	Unwind@0088ae92
0088ae9a	Unwind@0088ae9a
0088aea2	Unwind@0088aea2
0088aeaa	Unwind@0088aeaa
0088aebc	Unwind@0088aebc
0088aec4	Unwind@0088aec4
0088aecc	Unwind@0088aecc
0088aed4	Unwind@0088aed4
0088aedc	Unwind@0088aedc
0088aee4	Unwind@0088aee4
0088aeec	Unwind@0088aeec
0088aef4	Unwind@0088aef4
0088aefc	Unwind@0088aefc
0088af04	Unwind@0088af04
0088af0c	Unwind@0088af0c
0088af14	Unwind@0088af14
0088af1c	Unwind@0088af1c
0088af24	Unwind@0088af24
0088af2c	Unwind@0088af2c
0088af3e	Unwind@0088af3e
0088af46	Unwind@0088af46
0088af4e	Unwind@0088af4e
0088af56	Unwind@0088af56
0088af5e	Unwind@0088af5e
0088af66	Unwind@0088af66
0088af6e	Unwind@0088af6e
0088af76	Unwind@0088af76
0088af7e	Unwind@0088af7e
0088af86	Unwind@0088af86
0088af8e	Unwind@0088af8e
0088af96	Unwind@0088af96
0088af9e	Unwind@0088af9e
0088afa6	Unwind@0088afa6
0088afae	Unwind@0088afae
0088afc0	Unwind@0088afc0
0088afc8	Unwind@0088afc8
0088afd0	Unwind@0088afd0
0088afd8	Unwind@0088afd8
0088afe0	Unwind@0088afe0
0088afe8	Unwind@0088afe8
0088aff0	Unwind@0088aff0
0088aff8	Unwind@0088aff8
0088b000	Unwind@0088b000
0088b008	Unwind@0088b008
0088b010	Unwind@0088b010
0088b018	Unwind@0088b018
0088b020	Unwind@0088b020
0088b028	Unwind@0088b028
0088b030	Unwind@0088b030
0088b042	Unwind@0088b042
0088b04a	Unwind@0088b04a
0088b052	Unwind@0088b052
0088b05a	Unwind@0088b05a
0088b062	Unwind@0088b062
0088b06a	Unwind@0088b06a
0088b072	Unwind@0088b072
0088b07a	Unwind@0088b07a
0088b082	Unwind@0088b082
0088b094	Unwind@0088b094
0088b09c	Unwind@0088b09c
0088b0a4	Unwind@0088b0a4
0088b0ac	Unwind@0088b0ac
0088b0b4	Unwind@0088b0b4
0088b0bc	Unwind@0088b0bc
0088b0c4	Unwind@0088b0c4
0088b0cc	Unwind@0088b0cc
0088b0d4	Unwind@0088b0d4
0088b0dc	Unwind@0088b0dc
0088b0e4	Unwind@0088b0e4
0088b0ec	Unwind@0088b0ec
0088b0f4	Unwind@0088b0f4
0088b106	Unwind@0088b106
0088b10e	Unwind@0088b10e
0088b116	Unwind@0088b116
0088b11e	Unwind@0088b11e
0088b126	Unwind@0088b126
0088b12e	Unwind@0088b12e
0088b136	Unwind@0088b136
0088b13e	Unwind@0088b13e
0088b146	Unwind@0088b146
0088b14e	Unwind@0088b14e
0088b156	Unwind@0088b156
0088b15e	Unwind@0088b15e
0088b166	Unwind@0088b166
0088b16e	Unwind@0088b16e
0088b176	Unwind@0088b176
0088b188	Unwind@0088b188
0088b190	Unwind@0088b190
0088b198	Unwind@0088b198
0088b1a0	Unwind@0088b1a0
0088b1a8	Unwind@0088b1a8
0088b1b0	Unwind@0088b1b0
0088b1b8	Unwind@0088b1b8
0088b1c0	Unwind@0088b1c0
0088b1c8	Unwind@0088b1c8
0088b1d0	Unwind@0088b1d0
0088b1d8	Unwind@0088b1d8
0088b1e0	Unwind@0088b1e0
0088b1e8	Unwind@0088b1e8
0088b1f0	Unwind@0088b1f0
0088b1f8	Unwind@0088b1f8
0088b20a	Unwind@0088b20a
0088b212	Unwind@0088b212
0088b21a	Unwind@0088b21a
0088b222	Unwind@0088b222
0088b22a	Unwind@0088b22a
0088b232	Unwind@0088b232
0088b23a	Unwind@0088b23a
0088b242	Unwind@0088b242
0088b24a	Unwind@0088b24a
0088b252	Unwind@0088b252
0088b25a	Unwind@0088b25a
0088b262	Unwind@0088b262
0088b26a	Unwind@0088b26a
0088b272	Unwind@0088b272
0088b27a	Unwind@0088b27a
0088b28c	Unwind@0088b28c
0088b294	Unwind@0088b294
0088b29c	Unwind@0088b29c
0088b2a4	Unwind@0088b2a4
0088b2ac	Unwind@0088b2ac
0088b2b4	Unwind@0088b2b4
0088b2bc	Unwind@0088b2bc
0088b2c4	Unwind@0088b2c4
0088b2cc	Unwind@0088b2cc
0088b2de	Unwind@0088b2de
0088b2e6	Unwind@0088b2e6
0088b2ee	Unwind@0088b2ee
0088b2f6	Unwind@0088b2f6
0088b2fe	Unwind@0088b2fe
0088b306	Unwind@0088b306
0088b30e	Unwind@0088b30e
0088b316	Unwind@0088b316
0088b31e	Unwind@0088b31e
0088b326	Unwind@0088b326
0088b32e	Unwind@0088b32e
0088b336	Unwind@0088b336
0088b33e	Unwind@0088b33e
0088b346	Unwind@0088b346
0088b34e	Unwind@0088b34e
0088b360	Unwind@0088b360
0088b368	Unwind@0088b368
0088b370	Unwind@0088b370
0088b378	Unwind@0088b378
0088b380	Unwind@0088b380
0088b388	Unwind@0088b388
0088b390	Unwind@0088b390
0088b398	Unwind@0088b398
0088b3a0	Unwind@0088b3a0
0088b3b2	Unwind@0088b3b2
0088b3ba	Unwind@0088b3ba
0088b3c2	Unwind@0088b3c2
0088b3ca	Unwind@0088b3ca
0088b3d2	Unwind@0088b3d2
0088b3da	Unwind@0088b3da
0088b3e2	Unwind@0088b3e2
0088b3ea	Unwind@0088b3ea
0088b3f2	Unwind@0088b3f2
0088b3fa	Unwind@0088b3fa
0088b402	Unwind@0088b402
0088b40a	Unwind@0088b40a
0088b412	Unwind@0088b412
0088b41a	Unwind@0088b41a
0088b422	Unwind@0088b422
0088b434	Unwind@0088b434
0088b43c	Unwind@0088b43c
0088b444	Unwind@0088b444
0088b44c	Unwind@0088b44c
0088b454	Unwind@0088b454
0088b45c	Unwind@0088b45c
0088b464	Unwind@0088b464
0088b46c	Unwind@0088b46c
0088b474	Unwind@0088b474
0088b47c	Unwind@0088b47c
0088b484	Unwind@0088b484
0088b48c	Unwind@0088b48c
0088b494	Unwind@0088b494
0088b49c	Unwind@0088b49c
0088b4a4	Unwind@0088b4a4
0088b4b6	Unwind@0088b4b6
0088b4be	Unwind@0088b4be
0088b4c6	Unwind@0088b4c6
0088b4ce	Unwind@0088b4ce
0088b4d6	Unwind@0088b4d6
0088b4de	Unwind@0088b4de
0088b4e6	Unwind@0088b4e6
0088b4ee	Unwind@0088b4ee
0088b4f6	Unwind@0088b4f6
0088b4fe	Unwind@0088b4fe
0088b506	Unwind@0088b506
0088b50e	Unwind@0088b50e
0088b516	Unwind@0088b516
0088b51e	Unwind@0088b51e
0088b526	Unwind@0088b526
0088b538	Unwind@0088b538
0088b540	Unwind@0088b540
0088b548	Unwind@0088b548
0088b550	Unwind@0088b550
0088b558	Unwind@0088b558
0088b560	Unwind@0088b560
0088b568	Unwind@0088b568
0088b570	Unwind@0088b570
0088b578	Unwind@0088b578
0088b580	Unwind@0088b580
0088b588	Unwind@0088b588
0088b590	Unwind@0088b590
0088b598	Unwind@0088b598
0088b5a0	Unwind@0088b5a0
0088b5a8	Unwind@0088b5a8
0088b5ba	Unwind@0088b5ba
0088b5c2	Unwind@0088b5c2
0088b5ca	Unwind@0088b5ca
0088b5d2	Unwind@0088b5d2
0088b5da	Unwind@0088b5da
0088b5e2	Unwind@0088b5e2
0088b5ea	Unwind@0088b5ea
0088b5f2	Unwind@0088b5f2
0088b5fa	Unwind@0088b5fa
0088b602	Unwind@0088b602
0088b60a	Unwind@0088b60a
0088b612	Unwind@0088b612
0088b61a	Unwind@0088b61a
0088b622	Unwind@0088b622
0088b62a	Unwind@0088b62a
0088b63c	Unwind@0088b63c
0088b644	Unwind@0088b644
0088b64c	Unwind@0088b64c
0088b654	Unwind@0088b654
0088b65c	Unwind@0088b65c
0088b664	Unwind@0088b664
0088b66c	Unwind@0088b66c
0088b674	Unwind@0088b674
0088b67c	Unwind@0088b67c
0088b684	Unwind@0088b684
0088b68c	Unwind@0088b68c
0088b694	Unwind@0088b694
0088b69c	Unwind@0088b69c
0088b6a4	Unwind@0088b6a4
0088b6ac	Unwind@0088b6ac
0088b6be	Unwind@0088b6be
0088b6c6	Unwind@0088b6c6
0088b6ce	Unwind@0088b6ce
0088b6d6	Unwind@0088b6d6
0088b6de	Unwind@0088b6de
0088b6e6	Unwind@0088b6e6
0088b6ee	Unwind@0088b6ee
0088b6f6	Unwind@0088b6f6
0088b6fe	Unwind@0088b6fe
0088b706	Unwind@0088b706
0088b70e	Unwind@0088b70e
0088b716	Unwind@0088b716
0088b71e	Unwind@0088b71e
0088b726	Unwind@0088b726
0088b72e	Unwind@0088b72e
0088b736	Unwind@0088b736
0088b748	Unwind@0088b748
0088b750	Unwind@0088b750
0088b758	Unwind@0088b758
0088b760	Unwind@0088b760
0088b768	Unwind@0088b768
0088b770	Unwind@0088b770
0088b778	Unwind@0088b778
0088b780	Unwind@0088b780
0088b788	Unwind@0088b788
0088b790	Unwind@0088b790
0088b798	Unwind@0088b798
0088b7a0	Unwind@0088b7a0
0088b7a8	Unwind@0088b7a8
0088b7b0	Unwind@0088b7b0
0088b7b8	Unwind@0088b7b8
0088b7ca	Unwind@0088b7ca
0088b7d2	Unwind@0088b7d2
0088b7da	Unwind@0088b7da
0088b7e2	Unwind@0088b7e2
0088b7ea	Unwind@0088b7ea
0088b7f2	Unwind@0088b7f2
0088b7fa	Unwind@0088b7fa
0088b802	Unwind@0088b802
0088b80a	Unwind@0088b80a
0088b812	Unwind@0088b812
0088b81a	Unwind@0088b81a
0088b822	Unwind@0088b822
0088b82a	Unwind@0088b82a
0088b832	Unwind@0088b832
0088b83a	Unwind@0088b83a
0088b842	Unwind@0088b842
0088b854	Unwind@0088b854
0088b85c	Unwind@0088b85c
0088b864	Unwind@0088b864
0088b86c	Unwind@0088b86c
0088b874	Unwind@0088b874
0088b87c	Unwind@0088b87c
0088b884	Unwind@0088b884
0088b88c	Unwind@0088b88c
0088b894	Unwind@0088b894
0088b89c	Unwind@0088b89c
0088b8a4	Unwind@0088b8a4
0088b8ac	Unwind@0088b8ac
0088b8b4	Unwind@0088b8b4
0088b8bc	Unwind@0088b8bc
0088b8c4	Unwind@0088b8c4
0088b8d6	Unwind@0088b8d6
0088b8de	Unwind@0088b8de
0088b8e6	Unwind@0088b8e6
0088b8ee	Unwind@0088b8ee
0088b8f6	Unwind@0088b8f6
0088b8fe	Unwind@0088b8fe
0088b906	Unwind@0088b906
0088b90e	Unwind@0088b90e
0088b916	Unwind@0088b916
0088b91e	Unwind@0088b91e
0088b926	Unwind@0088b926
0088b92e	Unwind@0088b92e
0088b936	Unwind@0088b936
0088b93e	Unwind@0088b93e
0088b946	Unwind@0088b946
0088b958	Unwind@0088b958
0088b960	Unwind@0088b960
0088b968	Unwind@0088b968
0088b970	Unwind@0088b970
0088b978	Unwind@0088b978
0088b980	Unwind@0088b980
0088b988	Unwind@0088b988
0088b990	Unwind@0088b990
0088b998	Unwind@0088b998
0088b9a0	Unwind@0088b9a0
0088b9a8	Unwind@0088b9a8
0088b9b0	Unwind@0088b9b0
0088b9b8	Unwind@0088b9b8
0088b9c0	Unwind@0088b9c0
0088b9c8	Unwind@0088b9c8
0088b9da	Unwind@0088b9da
0088b9e2	Unwind@0088b9e2
0088b9ea	Unwind@0088b9ea
0088b9f2	Unwind@0088b9f2
0088b9fa	Unwind@0088b9fa
0088ba02	Unwind@0088ba02
0088ba0a	Unwind@0088ba0a
0088ba12	Unwind@0088ba12
0088ba1a	Unwind@0088ba1a
0088ba22	Unwind@0088ba22
0088ba2a	Unwind@0088ba2a
0088ba32	Unwind@0088ba32
0088ba3a	Unwind@0088ba3a
0088ba42	Unwind@0088ba42
0088ba4a	Unwind@0088ba4a
0088ba52	Unwind@0088ba52
0088ba64	Unwind@0088ba64
0088ba6c	Unwind@0088ba6c
0088ba74	Unwind@0088ba74
0088ba7c	Unwind@0088ba7c
0088ba84	Unwind@0088ba84
0088ba8c	Unwind@0088ba8c
0088ba94	Unwind@0088ba94
0088ba9c	Unwind@0088ba9c
0088baa4	Unwind@0088baa4
0088baac	Unwind@0088baac
0088bab4	Unwind@0088bab4
0088babc	Unwind@0088babc
0088bac4	Unwind@0088bac4
0088bacc	Unwind@0088bacc
0088bad4	Unwind@0088bad4
0088bae6	Unwind@0088bae6
0088baee	Unwind@0088baee
0088baf6	Unwind@0088baf6
0088bafe	Unwind@0088bafe
0088bb06	Unwind@0088bb06
0088bb0e	Unwind@0088bb0e
0088bb16	Unwind@0088bb16
0088bb1e	Unwind@0088bb1e
0088bb26	Unwind@0088bb26
0088bb38	Unwind@0088bb38
0088bb40	Unwind@0088bb40
0088bb48	Unwind@0088bb48
0088bb50	Unwind@0088bb50
0088bb58	Unwind@0088bb58
0088bb60	Unwind@0088bb60
0088bb68	Unwind@0088bb68
0088bb70	Unwind@0088bb70
0088bb78	Unwind@0088bb78
0088bb80	Unwind@0088bb80
0088bb88	Unwind@0088bb88
0088bb90	Unwind@0088bb90
0088bb98	Unwind@0088bb98
0088bba0	Unwind@0088bba0
0088bba8	Unwind@0088bba8
0088bbba	Unwind@0088bbba
0088bbc2	Unwind@0088bbc2
0088bbca	Unwind@0088bbca
0088bbd2	Unwind@0088bbd2
0088bbda	Unwind@0088bbda
0088bbe2	Unwind@0088bbe2
0088bbea	Unwind@0088bbea
0088bbf2	Unwind@0088bbf2
0088bbfa	Unwind@0088bbfa
0088bc02	Unwind@0088bc02
0088bc0a	Unwind@0088bc0a
0088bc12	Unwind@0088bc12
0088bc1a	Unwind@0088bc1a
0088bc22	Unwind@0088bc22
0088bc2a	Unwind@0088bc2a
0088bc3c	Unwind@0088bc3c
0088bc44	Unwind@0088bc44
0088bc4c	Unwind@0088bc4c
0088bc54	Unwind@0088bc54
0088bc5c	Unwind@0088bc5c
0088bc64	Unwind@0088bc64
0088bc6c	Unwind@0088bc6c
0088bc74	Unwind@0088bc74
0088bc7c	Unwind@0088bc7c
0088bc84	Unwind@0088bc84
0088bc8c	Unwind@0088bc8c
0088bc94	Unwind@0088bc94
0088bc9c	Unwind@0088bc9c
0088bca4	Unwind@0088bca4
0088bcac	Unwind@0088bcac
0088bcbe	Unwind@0088bcbe
0088bcc6	Unwind@0088bcc6
0088bcce	Unwind@0088bcce
0088bcd6	Unwind@0088bcd6
0088bcde	Unwind@0088bcde
0088bce6	Unwind@0088bce6
0088bcee	Unwind@0088bcee
0088bcf6	Unwind@0088bcf6
0088bcfe	Unwind@0088bcfe
0088bd10	Unwind@0088bd10
0088bd18	Unwind@0088bd18
0088bd20	Unwind@0088bd20
0088bd28	Unwind@0088bd28
0088bd30	Unwind@0088bd30
0088bd38	Unwind@0088bd38
0088bd40	Unwind@0088bd40
0088bd48	Unwind@0088bd48
0088bd50	Unwind@0088bd50
0088bd58	Unwind@0088bd58
0088bd60	Unwind@0088bd60
0088bd68	Unwind@0088bd68
0088bd70	Unwind@0088bd70
0088bd78	Unwind@0088bd78
0088bd80	Unwind@0088bd80
0088bd92	Unwind@0088bd92
0088bd9a	Unwind@0088bd9a
0088bda2	Unwind@0088bda2
0088bdaa	Unwind@0088bdaa
0088bdb2	Unwind@0088bdb2
0088bdba	Unwind@0088bdba
0088bdc2	Unwind@0088bdc2
0088bdca	Unwind@0088bdca
0088bdd2	Unwind@0088bdd2
0088bde4	Unwind@0088bde4
0088bdec	Unwind@0088bdec
0088bdf4	Unwind@0088bdf4
0088bdfc	Unwind@0088bdfc
0088be04	Unwind@0088be04
0088be0c	Unwind@0088be0c
0088be14	Unwind@0088be14
0088be1c	Unwind@0088be1c
0088be24	Unwind@0088be24
0088be2c	Unwind@0088be2c
0088be34	Unwind@0088be34
0088be3c	Unwind@0088be3c
0088be44	Unwind@0088be44
0088be4c	Unwind@0088be4c
0088be54	Unwind@0088be54
0088be66	Unwind@0088be66
0088be6e	Unwind@0088be6e
0088be76	Unwind@0088be76
0088be7e	Unwind@0088be7e
0088be86	Unwind@0088be86
0088be8e	Unwind@0088be8e
0088be96	Unwind@0088be96
0088be9e	Unwind@0088be9e
0088bea6	Unwind@0088bea6
0088beae	Unwind@0088beae
0088beb6	Unwind@0088beb6
0088bebe	Unwind@0088bebe
0088bec6	Unwind@0088bec6
0088bece	Unwind@0088bece
0088bed6	Unwind@0088bed6
0088bee8	Unwind@0088bee8
0088bef0	Unwind@0088bef0
0088bef8	Unwind@0088bef8
0088bf00	Unwind@0088bf00
0088bf08	Unwind@0088bf08
0088bf10	Unwind@0088bf10
0088bf18	Unwind@0088bf18
0088bf20	Unwind@0088bf20
0088bf28	Unwind@0088bf28
0088bf30	Unwind@0088bf30
0088bf38	Unwind@0088bf38
0088bf40	Unwind@0088bf40
0088bf48	Unwind@0088bf48
0088bf50	Unwind@0088bf50
0088bf58	Unwind@0088bf58
0088bf6a	Unwind@0088bf6a
0088bf72	Unwind@0088bf72
0088bf7a	Unwind@0088bf7a
0088bf82	Unwind@0088bf82
0088bf8a	Unwind@0088bf8a
0088bf92	Unwind@0088bf92
0088bf9a	Unwind@0088bf9a
0088bfa2	Unwind@0088bfa2
0088bfaa	Unwind@0088bfaa
0088bfb2	Unwind@0088bfb2
0088bfba	Unwind@0088bfba
0088bfc2	Unwind@0088bfc2
0088bfca	Unwind@0088bfca
0088bfd2	Unwind@0088bfd2
0088bfda	Unwind@0088bfda
0088bfec	Unwind@0088bfec
0088bff4	Unwind@0088bff4
0088bffc	Unwind@0088bffc
0088c004	Unwind@0088c004
0088c00c	Unwind@0088c00c
0088c014	Unwind@0088c014
0088c01c	Unwind@0088c01c
0088c024	Unwind@0088c024
0088c02c	Unwind@0088c02c
0088c034	Unwind@0088c034
0088c03c	Unwind@0088c03c
0088c044	Unwind@0088c044
0088c04c	Unwind@0088c04c
0088c054	Unwind@0088c054
0088c05c	Unwind@0088c05c
0088c06e	Unwind@0088c06e
0088c076	Unwind@0088c076
0088c07e	Unwind@0088c07e
0088c086	Unwind@0088c086
0088c08e	Unwind@0088c08e
0088c096	Unwind@0088c096
0088c0ad	Unwind@0088c0ad
0088c0b5	Unwind@0088c0b5
0088c0bd	Unwind@0088c0bd
0088c0c5	Unwind@0088c0c5
0088c0cd	Unwind@0088c0cd
0088c0d5	Unwind@0088c0d5
0088c0dd	Unwind@0088c0dd
0088c0e5	Unwind@0088c0e5
0088c0ed	Unwind@0088c0ed
0088c0f5	Unwind@0088c0f5
0088c0fd	Unwind@0088c0fd
0088c105	Unwind@0088c105
0088c117	Unwind@0088c117
0088c11f	Unwind@0088c11f
0088c127	Unwind@0088c127
0088c12f	Unwind@0088c12f
0088c137	Unwind@0088c137
0088c13f	Unwind@0088c13f
0088c156	Unwind@0088c156
0088c15e	Unwind@0088c15e
0088c166	Unwind@0088c166
0088c16e	Unwind@0088c16e
0088c176	Unwind@0088c176
0088c17e	Unwind@0088c17e
0088c186	Unwind@0088c186
0088c18e	Unwind@0088c18e
0088c196	Unwind@0088c196
0088c19e	Unwind@0088c19e
0088c1a6	Unwind@0088c1a6
0088c1ae	Unwind@0088c1ae
0088c1c0	Unwind@0088c1c0
0088c1c8	Unwind@0088c1c8
0088c1d0	Unwind@0088c1d0
0088c1d8	Unwind@0088c1d8
0088c1e0	Unwind@0088c1e0
0088c1e8	Unwind@0088c1e8
0088c1ff	Unwind@0088c1ff
0088c207	Unwind@0088c207
0088c20f	Unwind@0088c20f
0088c217	Unwind@0088c217
0088c21f	Unwind@0088c21f
0088c227	Unwind@0088c227
0088c22f	Unwind@0088c22f
0088c237	Unwind@0088c237
0088c23f	Unwind@0088c23f
0088c247	Unwind@0088c247
0088c24f	Unwind@0088c24f
0088c257	Unwind@0088c257
0088c269	Unwind@0088c269
0088c271	Unwind@0088c271
0088c279	Unwind@0088c279
0088c281	Unwind@0088c281
0088c289	Unwind@0088c289
0088c291	Unwind@0088c291
0088c2a8	Unwind@0088c2a8
0088c2b0	Unwind@0088c2b0
0088c2b8	Unwind@0088c2b8
0088c2c0	Unwind@0088c2c0
0088c2c8	Unwind@0088c2c8
0088c2d0	Unwind@0088c2d0
0088c2d8	Unwind@0088c2d8
0088c2e0	Unwind@0088c2e0
0088c2e8	Unwind@0088c2e8
0088c2f0	Unwind@0088c2f0
0088c2f8	Unwind@0088c2f8
0088c300	Unwind@0088c300
0088c312	Unwind@0088c312
0088c31a	Unwind@0088c31a
0088c322	Unwind@0088c322
0088c32a	Unwind@0088c32a
0088c332	Unwind@0088c332
0088c33a	Unwind@0088c33a
0088c342	Unwind@0088c342
0088c34a	Unwind@0088c34a
0088c352	Unwind@0088c352
0088c35a	Unwind@0088c35a
0088c362	Unwind@0088c362
0088c36a	Unwind@0088c36a
0088c372	Unwind@0088c372
0088c37a	Unwind@0088c37a
0088c382	Unwind@0088c382
0088c394	Unwind@0088c394
0088c39c	Unwind@0088c39c
0088c3a4	Unwind@0088c3a4
0088c3ac	Unwind@0088c3ac
0088c3b4	Unwind@0088c3b4
0088c3bc	Unwind@0088c3bc
0088c3c4	Unwind@0088c3c4
0088c3cc	Unwind@0088c3cc
0088c3d4	Unwind@0088c3d4
0088c3dc	Unwind@0088c3dc
0088c3f3	Unwind@0088c3f3
0088c3fb	Unwind@0088c3fb
0088c403	Unwind@0088c403
0088c40b	Unwind@0088c40b
0088c413	Unwind@0088c413
0088c41b	Unwind@0088c41b
0088c42d	Unwind@0088c42d
0088c435	Unwind@0088c435
0088c43d	Unwind@0088c43d
0088c445	Unwind@0088c445
0088c44d	Unwind@0088c44d
0088c455	Unwind@0088c455
0088c45d	Unwind@0088c45d
0088c465	Unwind@0088c465
0088c46d	Unwind@0088c46d
0088c475	Unwind@0088c475
0088c47d	Unwind@0088c47d
0088c485	Unwind@0088c485
0088c48d	Unwind@0088c48d
0088c495	Unwind@0088c495
0088c49d	Unwind@0088c49d
0088c4af	Unwind@0088c4af
0088c4b7	Unwind@0088c4b7
0088c4bf	Unwind@0088c4bf
0088c4c7	Unwind@0088c4c7
0088c4cf	Unwind@0088c4cf
0088c4d7	Unwind@0088c4d7
0088c4df	Unwind@0088c4df
0088c4e7	Unwind@0088c4e7
0088c4ef	Unwind@0088c4ef
0088c4f7	Unwind@0088c4f7
0088c4ff	Unwind@0088c4ff
0088c507	Unwind@0088c507
0088c50f	Unwind@0088c50f
0088c517	Unwind@0088c517
0088c51f	Unwind@0088c51f
0088c531	Unwind@0088c531
0088c539	Unwind@0088c539
0088c541	Unwind@0088c541
0088c549	Unwind@0088c549
0088c551	Unwind@0088c551
0088c559	Unwind@0088c559
0088c561	Unwind@0088c561
0088c569	Unwind@0088c569
0088c571	Unwind@0088c571
0088c579	Unwind@0088c579
0088c581	Unwind@0088c581
0088c589	Unwind@0088c589
0088c591	Unwind@0088c591
0088c599	Unwind@0088c599
0088c5a1	Unwind@0088c5a1
0088c5b3	Unwind@0088c5b3
0088c5bb	Unwind@0088c5bb
0088c5c3	Unwind@0088c5c3
0088c5cb	Unwind@0088c5cb
0088c5d3	Unwind@0088c5d3
0088c5db	Unwind@0088c5db
0088c5e3	Unwind@0088c5e3
0088c5eb	Unwind@0088c5eb
0088c5f3	Unwind@0088c5f3
0088c5fb	Unwind@0088c5fb
0088c603	Unwind@0088c603
0088c60b	Unwind@0088c60b
0088c613	Unwind@0088c613
0088c61b	Unwind@0088c61b
0088c623	Unwind@0088c623
0088c62b	Unwind@0088c62b
0088c63d	Unwind@0088c63d
0088c645	Unwind@0088c645
0088c64d	Unwind@0088c64d
0088c655	Unwind@0088c655
0088c65d	Unwind@0088c65d
0088c665	Unwind@0088c665
0088c66d	Unwind@0088c66d
0088c675	Unwind@0088c675
0088c67d	Unwind@0088c67d
0088c685	Unwind@0088c685
0088c68d	Unwind@0088c68d
0088c695	Unwind@0088c695
0088c69d	Unwind@0088c69d
0088c6a5	Unwind@0088c6a5
0088c6ad	Unwind@0088c6ad
0088c6bf	Unwind@0088c6bf
0088c6c7	Unwind@0088c6c7
0088c6cf	Unwind@0088c6cf
0088c6d7	Unwind@0088c6d7
0088c6df	Unwind@0088c6df
0088c6e7	Unwind@0088c6e7
0088c6ef	Unwind@0088c6ef
0088c6f7	Unwind@0088c6f7
0088c6ff	Unwind@0088c6ff
0088c707	Unwind@0088c707
0088c70f	Unwind@0088c70f
0088c717	Unwind@0088c717
0088c71f	Unwind@0088c71f
0088c727	Unwind@0088c727
0088c72f	Unwind@0088c72f
0088c737	Unwind@0088c737
0088c749	Unwind@0088c749
0088c751	Unwind@0088c751
0088c759	Unwind@0088c759
0088c761	Unwind@0088c761
0088c769	Unwind@0088c769
0088c771	Unwind@0088c771
0088c779	Unwind@0088c779
0088c781	Unwind@0088c781
0088c789	Unwind@0088c789
0088c791	Unwind@0088c791
0088c799	Unwind@0088c799
0088c7a1	Unwind@0088c7a1
0088c7a9	Unwind@0088c7a9
0088c7b1	Unwind@0088c7b1
0088c7b9	Unwind@0088c7b9
0088c7cb	Unwind@0088c7cb
0088c7d3	Unwind@0088c7d3
0088c7db	Unwind@0088c7db
0088c7e3	Unwind@0088c7e3
0088c7eb	Unwind@0088c7eb
0088c7f3	Unwind@0088c7f3
0088c7fb	Unwind@0088c7fb
0088c803	Unwind@0088c803
0088c80b	Unwind@0088c80b
0088c81d	Unwind@0088c81d
0088c825	Unwind@0088c825
0088c82d	Unwind@0088c82d
0088c835	Unwind@0088c835
0088c83d	Unwind@0088c83d
0088c845	Unwind@0088c845
0088c84d	Unwind@0088c84d
0088c855	Unwind@0088c855
0088c85d	Unwind@0088c85d
0088c870	Unwind@0088c870
0088c890	Unwind@0088c890
0088c898	Unwind@0088c898
0088c8a0	Unwind@0088c8a0
0088c8a8	Unwind@0088c8a8
0088c8b0	Unwind@0088c8b0
0088c8c7	Unwind@0088c8c7
0088c900	Unwind@0088c900
0088c920	Unwind@0088c920
0088c940	Unwind@0088c940
0088c94c	Unwind@0088c94c
0088c958	Unwind@0088c958
0088c970	Unwind@0088c970
0088c97c	Unwind@0088c97c
0088c988	Unwind@0088c988
0088c9a0	Unwind@0088c9a0
0088c9c0	Unwind@0088c9c0
0088c9e0	Unwind@0088c9e0
0088c9e8	Unwind@0088c9e8
0088ca10	Unwind@0088ca10
0088ca1b	Unwind@0088ca1b
0088ca26	Unwind@0088ca26
0088ca40	Unwind@0088ca40
0088ca4b	Unwind@0088ca4b
0088ca53	Unwind@0088ca53
0088ca70	Unwind@0088ca70
0088ca7b	Unwind@0088ca7b
0088ca86	Unwind@0088ca86
0088caa0	Unwind@0088caa0
0088caa8	Unwind@0088caa8
0088cad0	Unwind@0088cad0
0088cad8	Unwind@0088cad8
0088caf0	Unwind@0088caf0
0088cb10	Unwind@0088cb10
0088cb21	Unwind@0088cb21
0088cb33	Unwind@0088cb33
0088cb45	Unwind@0088cb45
0088cb4d	Unwind@0088cb4d
0088cb58	Unwind@0088cb58
0088cb6a	Unwind@0088cb6a
0088cb72	Unwind@0088cb72
0088cb7d	Unwind@0088cb7d
0088cb8f	Unwind@0088cb8f
0088cba1	Unwind@0088cba1
0088cbb3	Unwind@0088cbb3
0088cbc5	Unwind@0088cbc5
0088cbcd	Unwind@0088cbcd
0088cbd8	Unwind@0088cbd8
0088cbea	Unwind@0088cbea
0088cbf2	Unwind@0088cbf2
0088cbfd	Unwind@0088cbfd
0088cc0f	Unwind@0088cc0f
0088cc21	Unwind@0088cc21
0088cc40	Unwind@0088cc40
0088cc48	Unwind@0088cc48
0088cc60	Unwind@0088cc60
0088cc68	Unwind@0088cc68
0088cc70	Unwind@0088cc70
0088cc78	Unwind@0088cc78
0088cc90	Unwind@0088cc90
0088cc9b	Unwind@0088cc9b
0088cca6	Unwind@0088cca6
0088ccb1	Unwind@0088ccb1
0088ccbc	Unwind@0088ccbc
0088cce0	Unwind@0088cce0
0088cce8	Unwind@0088cce8
0088ccfb	Unwind@0088ccfb
0088cd13	Unwind@0088cd13
0088cd2b	Unwind@0088cd2b
0088cd39	Unwind@0088cd39
0088cd47	Unwind@0088cd47
0088cd55	Unwind@0088cd55
0088cd63	Unwind@0088cd63
0088cd6e	Unwind@0088cd6e
0088cd79	Unwind@0088cd79
0088cd84	Unwind@0088cd84
0088cd8f	Unwind@0088cd8f
0088cdb0	Unwind@0088cdb0
0088cdc3	Unwind@0088cdc3
0088cddb	Unwind@0088cddb
0088cdf3	Unwind@0088cdf3
0088cdfb	Unwind@0088cdfb
0088ce09	Unwind@0088ce09
0088ce11	Unwind@0088ce11
0088ce1f	Unwind@0088ce1f
0088ce27	Unwind@0088ce27
0088ce35	Unwind@0088ce35
0088ce3d	Unwind@0088ce3d
0088ce4b	Unwind@0088ce4b
0088ce60	Unwind@0088ce60
0088ce73	Unwind@0088ce73
0088ce8b	Unwind@0088ce8b
0088cea3	Unwind@0088cea3
0088ceb1	Unwind@0088ceb1
0088cebf	Unwind@0088cebf
0088cecd	Unwind@0088cecd
0088cedb	Unwind@0088cedb
0088cee6	Unwind@0088cee6
0088cef1	Unwind@0088cef1
0088cefc	Unwind@0088cefc
0088cf07	Unwind@0088cf07
0088cf20	Unwind@0088cf20
0088cf28	Unwind@0088cf28
0088cf3b	Unwind@0088cf3b
0088cf53	Unwind@0088cf53
0088cf6b	Unwind@0088cf6b
0088cf79	Unwind@0088cf79
0088cf87	Unwind@0088cf87
0088cf95	Unwind@0088cf95
0088cfa3	Unwind@0088cfa3
0088cfae	Unwind@0088cfae
0088cfb9	Unwind@0088cfb9
0088cfc4	Unwind@0088cfc4
0088cfcf	Unwind@0088cfcf
0088cff0	Unwind@0088cff0
0088cff8	Unwind@0088cff8
0088d00b	Unwind@0088d00b
0088d023	Unwind@0088d023
0088d03b	Unwind@0088d03b
0088d049	Unwind@0088d049
0088d057	Unwind@0088d057
0088d065	Unwind@0088d065
0088d073	Unwind@0088d073
0088d07e	Unwind@0088d07e
0088d089	Unwind@0088d089
0088d094	Unwind@0088d094
0088d09f	Unwind@0088d09f
0088d0c0	Unwind@0088d0c0
0088d0c8	Unwind@0088d0c8
0088d0db	Unwind@0088d0db
0088d0f3	Unwind@0088d0f3
0088d10b	Unwind@0088d10b
0088d119	Unwind@0088d119
0088d127	Unwind@0088d127
0088d135	Unwind@0088d135
0088d143	Unwind@0088d143
0088d14e	Unwind@0088d14e
0088d159	Unwind@0088d159
0088d164	Unwind@0088d164
0088d16f	Unwind@0088d16f
0088d190	Unwind@0088d190
0088d19b	Unwind@0088d19b
0088d1b8	Unwind@0088d1b8
0088d1d5	Unwind@0088d1d5
0088d1e0	Unwind@0088d1e0
0088d1eb	Unwind@0088d1eb
0088d208	Unwind@0088d208
0088d225	Unwind@0088d225
0088d230	Unwind@0088d230
0088d23b	Unwind@0088d23b
0088d246	Unwind@0088d246
0088d251	Unwind@0088d251
0088d26e	Unwind@0088d26e
0088d28b	Unwind@0088d28b
0088d296	Unwind@0088d296
0088d2a1	Unwind@0088d2a1
0088d2c0	Unwind@0088d2c0
0088d2cb	Unwind@0088d2cb
0088d2d6	Unwind@0088d2d6
0088d300	Unwind@0088d300
0088d308	Unwind@0088d308
0088d310	Unwind@0088d310
0088d318	Unwind@0088d318
0088d330	Unwind@0088d330
0088d33b	Unwind@0088d33b
0088d355	Unwind@0088d355
0088d360	Unwind@0088d360
0088d36b	Unwind@0088d36b
0088d385	Unwind@0088d385
0088d39f	Unwind@0088d39f
0088d3aa	Unwind@0088d3aa
0088d3b5	Unwind@0088d3b5
0088d3cf	Unwind@0088d3cf
0088d3e9	Unwind@0088d3e9
0088d403	Unwind@0088d403
0088d41d	Unwind@0088d41d
0088d439	Unwind@0088d439
0088d444	Unwind@0088d444
0088d44f	Unwind@0088d44f
0088d45a	Unwind@0088d45a
0088d470	Unwind@0088d470
0088d478	Unwind@0088d478
0088d480	Unwind@0088d480
0088d4a0	Unwind@0088d4a0
0088d4a8	Unwind@0088d4a8
0088d4b0	Unwind@0088d4b0
0088d4d0	Unwind@0088d4d0
0088d4d8	Unwind@0088d4d8
0088d4e0	Unwind@0088d4e0
0088d500	Unwind@0088d500
0088d508	Unwind@0088d508
0088d510	Unwind@0088d510
0088d530	Unwind@0088d530
0088d538	Unwind@0088d538
0088d54f	Unwind@0088d54f
0088d566	Unwind@0088d566
0088d56e	Unwind@0088d56e
0088d580	Unwind@0088d580
0088d58b	Unwind@0088d58b
0088d5a8	Unwind@0088d5a8
0088d5c5	Unwind@0088d5c5
0088d5d0	Unwind@0088d5d0
0088d5db	Unwind@0088d5db
0088d5f8	Unwind@0088d5f8
0088d615	Unwind@0088d615
0088d620	Unwind@0088d620
0088d62b	Unwind@0088d62b
0088d636	Unwind@0088d636
0088d641	Unwind@0088d641
0088d65e	Unwind@0088d65e
0088d67b	Unwind@0088d67b
0088d686	Unwind@0088d686
0088d691	Unwind@0088d691
0088d6b0	Unwind@0088d6b0
0088d6bb	Unwind@0088d6bb
0088d6c6	Unwind@0088d6c6
0088d6f0	Unwind@0088d6f0
0088d6f8	Unwind@0088d6f8
0088d700	Unwind@0088d700
0088d708	Unwind@0088d708
0088d720	Unwind@0088d720
0088d72b	Unwind@0088d72b
0088d745	Unwind@0088d745
0088d750	Unwind@0088d750
0088d75b	Unwind@0088d75b
0088d775	Unwind@0088d775
0088d78f	Unwind@0088d78f
0088d79a	Unwind@0088d79a
0088d7a5	Unwind@0088d7a5
0088d7bf	Unwind@0088d7bf
0088d7d9	Unwind@0088d7d9
0088d7f3	Unwind@0088d7f3
0088d80d	Unwind@0088d80d
0088d829	Unwind@0088d829
0088d834	Unwind@0088d834
0088d83f	Unwind@0088d83f
0088d84a	Unwind@0088d84a
0088d860	Unwind@0088d860
0088d868	Unwind@0088d868
0088d870	Unwind@0088d870
0088d890	Unwind@0088d890
0088d898	Unwind@0088d898
0088d8a0	Unwind@0088d8a0
0088d8c0	Unwind@0088d8c0
0088d8c8	Unwind@0088d8c8
0088d8d0	Unwind@0088d8d0
0088d8f0	Unwind@0088d8f0
0088d8f8	Unwind@0088d8f8
0088d900	Unwind@0088d900
0088d920	Unwind@0088d920
0088d928	Unwind@0088d928
0088d93f	Unwind@0088d93f
0088d956	Unwind@0088d956
0088d95e	Unwind@0088d95e
0088d970	Unwind@0088d970
0088d978	Unwind@0088d978
0088d990	Unwind@0088d990
0088d998	Unwind@0088d998
0088d9b0	Unwind@0088d9b0
0088d9b8	Unwind@0088d9b8
0088d9c0	Unwind@0088d9c0
0088d9e0	Unwind@0088d9e0
0088da00	Unwind@0088da00
0088da08	Unwind@0088da08
0088da20	Unwind@0088da20
0088da28	Unwind@0088da28
0088da40	Unwind@0088da40
0088da48	Unwind@0088da48
0088da50	Unwind@0088da50
0088da70	Unwind@0088da70
0088da90	Unwind@0088da90
0088da98	Unwind@0088da98
0088dab0	Unwind@0088dab0
0088dad0	Unwind@0088dad0
0088dadb	Unwind@0088dadb
0088daf0	Unwind@0088daf0
0088db10	Unwind@0088db10
0088db30	Unwind@0088db30
0088db50	Unwind@0088db50
0088db70	Unwind@0088db70
0088db90	Unwind@0088db90
0088dbb0	Unwind@0088dbb0
0088dbb8	Unwind@0088dbb8
0088dbd0	Unwind@0088dbd0
0088dbf0	Unwind@0088dbf0
0088dc10	Unwind@0088dc10
0088dc18	Unwind@0088dc18
0088dc30	Unwind@0088dc30
0088dc38	Unwind@0088dc38
0088dc50	Unwind@0088dc50
0088dc58	Unwind@0088dc58
0088dc70	Unwind@0088dc70
0088dc78	Unwind@0088dc78
0088dc90	Unwind@0088dc90
0088dcb0	Unwind@0088dcb0
0088dcd0	Unwind@0088dcd0
0088dcd8	Unwind@0088dcd8
0088dcf0	Unwind@0088dcf0
0088dcf8	Unwind@0088dcf8
0088dd10	Unwind@0088dd10
0088dd18	Unwind@0088dd18
0088dd30	Unwind@0088dd30
0088dd38	Unwind@0088dd38
0088dd50	Unwind@0088dd50
0088dd58	Unwind@0088dd58
0088dd70	Unwind@0088dd70
0088dd90	Unwind@0088dd90
0088ddb0	Unwind@0088ddb0
0088ddd0	Unwind@0088ddd0
0088ddf0	Unwind@0088ddf0
0088de10	Unwind@0088de10
0088de30	Unwind@0088de30
0088de50	Unwind@0088de50
0088de70	Unwind@0088de70
0088de90	Unwind@0088de90
0088deb0	Unwind@0088deb0
0088ded0	Unwind@0088ded0
0088def0	Unwind@0088def0
0088df10	Unwind@0088df10
0088df30	Unwind@0088df30
0088df50	Unwind@0088df50
0088df70	Unwind@0088df70
