# English Sacred.exe (GOG) function entry points (address, name): the Ghidra program "/Sacred.exe (GOG)",
# with the names from the earlier German program carried over by signature
00401000	FUN_00401000
00401010	FUN_00401010
00401030	FUN_00401030
00401410	FUN_00401410
00401660	FUN_00401660
004016D0	FUN_004016d0
00401700	FUN_00401700
00401710	FUN_00401710
00401920	FUN_00401920
00401A70	FUN_00401a70
00401AE0	FUN_00401ae0
00401BD0	FUN_00401bd0
00401BE0	FUN_00401be0
004021D0	FUN_004021d0
004021E0	FUN_004021e0
00402470	FUN_00402470
00402490	FUN_00402490
004027D0	FUN_004027d0
00403600	FUN_00403600
00403630	FUN_00403630
00403A60	FUN_00403a60
00403DF0	FUN_00403df0
00403E10	FUN_00403e10
00403EA0	FUN_00403ea0
00403F60	FUN_00403f60
004040A0	FUN_004040a0
004040D0	FUN_004040d0
004043F0	FUN_004043f0
004047D0	FUN_004047d0
004048E0	FUN_004048e0
004048F0	FUN_004048f0
00404900	FUN_00404900
00404910	FUN_00404910
00404920	FUN_00404920
00404940	FUN_00404940
00404AA0	FUN_00404aa0
00404AC0	FUN_00404ac0
00404B30	FUN_00404b30
00404B60	FUN_00404b60
00404B90	FUN_00404b90
00404BB0	FUN_00404bb0
00404C20	FUN_00404c20
00404CA0	FUN_00404ca0
00404D30	FUN_00404d30
00404E10	FUN_00404e10
00404E80	FUN_00404e80
00404FC1	Catch@00404fc1
00405000	FUN_00405000
00405070	FUN_00405070
004051E5	Catch@004051e5
00405220	FUN_00405220
004052A0	FUN_004052a0
004052E0	FUN_004052e0
00405320	FUN_00405320
00405480	FUN_00405480
004054B0	FUN_004054b0
00405520	FUN_00405520
00405570	FUN_00405570
00405780	FUN_00405780
004057D0	FUN_004057d0
00405C90	FUN_00405c90
00406510	FUN_00406510
00406FF0	FUN_00406ff0
004073B0	FUN_004073b0
00407960	FUN_00407960
004080C0	FUN_004080c0
004087E0	FUN_004087e0
00408B70	FUN_00408b70
004090D0	FUN_004090d0
00409D00	FUN_00409d00
0040A230	FUN_0040a230
0040A690	FUN_0040a690
0040B980	FUN_0040b980
0040BD70	FUN_0040bd70
0040BFD0	FUN_0040bfd0
0040C320	FUN_0040c320
0040C790	FUN_0040c790
0040CA20	FUN_0040ca20
0040CD30	FUN_0040cd30
0040D060	FUN_0040d060
0040D310	FUN_0040d310
0040D590	FUN_0040d590
0040DA80	FUN_0040da80
0040DED0	FUN_0040ded0
0040E2B0	FUN_0040e2b0
0040E4E0	FUN_0040e4e0
0040E700	FUN_0040e700
0040E9C0	FUN_0040e9c0
0040F270	FUN_0040f270
0040FDA0	FUN_0040fda0
00410610	FUN_00410610
004106E0	FUN_004106e0
004107C0	FUN_004107c0
004107E0	FUN_004107e0
00410800	FUN_00410800
00410840	FUN_00410840
004108E0	FUN_004108e0
00410900	FUN_00410900
00410980	FUN_00410980
004109F0	FUN_004109f0
00410A20	FUN_00410a20
00410A50	FUN_00410a50
00410A80	FUN_00410a80
00410AA0	FUN_00410aa0
00410AE0	FUN_00410ae0
00410B20	FUN_00410b20
00410C90	Catch@00410c90
00410D50	FUN_00410d50
00410D90	FUN_00410d90
00410DD0	FUN_00410dd0
00410E50	FUN_00410e50
00410E60	FUN_00410e60
00410EC0	FUN_00410ec0
00411000	FUN_00411000
004113F0	FUN_004113f0
004115D0	FUN_004115d0
00411650	FUN_00411650
00411680	FUN_00411680
00411730	FUN_00411730
004117B0	FUN_004117b0
004118B0	FUN_004118b0
00411F50	FUN_00411f50
004124B0	FUN_004124b0
00412590	FUN_00412590
00412AA0	FUN_00412aa0
00412BA0	FUN_00412ba0
00412C00	FUN_00412c00
00412CE0	FUN_00412ce0
00412D90	FUN_00412d90
00413030	FUN_00413030
00413150	FUN_00413150
00413230	FUN_00413230
004132A0	FUN_004132a0
00413490	FUN_00413490
004134F0	FUN_004134f0
004135D0	FUN_004135d0
00413610	FUN_00413610
004136D0	FUN_004136d0
00413820	FUN_00413820
004138F0	FUN_004138f0
00413A80	FUN_00413a80
00413DF0	FUN_00413df0
00414610	FUN_00414610
00414760	FUN_00414760
00414870	FUN_00414870
00414890	FUN_00414890
00414900	FUN_00414900
00414980	FUN_00414980
00414A20	FUN_00414a20
00414AA0	FUN_00414aa0
00414B20	FUN_00414b20
00414BB0	FUN_00414bb0
00414BD0	FUN_00414bd0
00414C10	FUN_00414c10
00414DB1	Catch@00414db1
00414E00	FUN_00414e00
00414E70	FUN_00414e70
00414FCD	Catch@00414fcd
00415000	FUN_00415000
00415040	FUN_00415040
00415191	Catch@00415191
004151D0	FUN_004151d0
00415230	FUN_00415230
00415420	FUN_00415420
004155A0	FUN_004155a0
00415730	FUN_00415730
00415760	FUN_00415760
004157B0	FUN_004157b0
004157D0	FUN_004157d0
00415810	FUN_00415810
00415850	FUN_00415850
00415890	FUN_00415890
004158C0	FUN_004158c0
00415930	FUN_00415930
00415AA7	Catch@00415aa7
00415AE0	FUN_00415ae0
00415B61	Catch@00415b61
00415BA0	FUN_00415ba0
00415BD0	FUN_00415bd0
00415C50	FUN_00415c50
00415C80	FUN_00415c80
00415D88	Catch@00415d88
00415E00	FUN_00415e00
00415E70	FUN_00415e70
00415EB0	FUN_00415eb0
00415EC0	FUN_00415ec0
00415EF0	FUN_00415ef0
00415F00	FUN_00415f00
00416280	FUN_00416280
00416570	FUN_00416570
004165A0	FUN_004165a0
00416680	FUN_00416680
004166F0	FUN_004166f0
00416710	FUN_00416710
00416780	FUN_00416780
004167F0	FUN_004167f0
004168B0	FUN_004168b0
00416A00	FUN_00416a00
00416B30	FUN_00416b30
00416B40	FUN_00416b40
00416C00	FUN_00416c00
00416D60	FUN_00416d60
00416DA0	FUN_00416da0
00416F00	FUN_00416f00
00417260	FUN_00417260
004174C0	FUN_004174c0
00417560	FUN_00417560
00417610	FUN_00417610
00417640	FUN_00417640
00417680	FUN_00417680
004176C0	FUN_004176c0
00417710	FUN_00417710
004177E0	FUN_004177e0
00417850	FUN_00417850
00417A00	FUN_00417a00
00417A40	FUN_00417a40
00417A60	FUN_00417a60
00417BE0	Catch@00417be0
00417C50	FUN_00417c50
00417DF0	FUN_00417df0
00417E20	FUN_00417e20
00417E70	FUN_00417e70
00417EE0	FUN_00417ee0
00417F00	FUN_00417f00
00418FB0	FUN_00418fb0
004190D0	FUN_004190d0
00419860	FUN_00419860
00419A70	FUN_00419a70
0041A4F0	FUN_0041a4f0
0041AF60	FUN_0041af60
0041B170	FUN_0041b170
0041B200	FUN_0041b200
0041B3C0	FUN_0041b3c0
0041B4A0	FUN_0041b4a0
0041B510	FUN_0041b510
0041B9D0	FUN_0041b9d0
0041B9E0	FUN_0041b9e0
0041BA00	FUN_0041ba00
0041BA60	FUN_0041ba60
0041BAB0	FUN_0041bab0
0041BB00	FUN_0041bb00
0041BB50	FUN_0041bb50
0041BBA0	FUN_0041bba0
0041C0F0	FUN_0041c0f0
0041C2C0	FUN_0041c2c0
0041C2D0	FUN_0041c2d0
0041C3A0	FUN_0041c3a0
0041C3B0	FUN_0041c3b0
0041C480	FUN_0041c480
0041C780	FUN_0041c780
0041C860	FUN_0041c860
0041C8D0	FUN_0041c8d0
0041C940	FUN_0041c940
0041C9C0	FUN_0041c9c0
0041CA00	FUN_0041ca00
0041CAC0	FUN_0041cac0
0041CB40	FUN_0041cb40
0041CCF6	Catch@0041ccf6
0041CDE0	FUN_0041cde0
0041CF30	FUN_0041cf30
0041CFA0	FUN_0041cfa0
0041D0E1	Catch@0041d0e1
0041D120	FUN_0041d120
0041D190	FUN_0041d190
0041D2E0	FUN_0041d2e0
0041D340	FUN_0041d340
0041D3B0	FUN_0041d3b0
0041D3E0	FUN_0041d3e0
0041D400	FUN_0041d400
0041D480	FUN_0041d480
0041D5F1	Catch@0041d5f1
0041D6B0	FUN_0041d6b0
0041D720	FUN_0041d720
0041D860	FUN_0041d860
0041D8F0	FUN_0041d8f0
0041D9C0	FUN_0041d9c0
0041DAB2	Catch@0041dab2
0041DB20	FUN_0041db20
0041DC0C	Catch@0041dc0c
0041DC80	FUN_0041dc80
0041DCB0	FUN_0041dcb0
0041DD20	FUN_0041dd20
0041DDA0	FUN_0041dda0
0041DDE0	FUN_0041dde0
0041DE30	FUN_0041de30
0041DE70	FUN_0041de70
0041DEB0	FUN_0041deb0
0041DEE0	FUN_0041dee0
0041DF00	FUN_0041df00
0041DF70	FUN_0041df70
0041E0D0	FUN_0041e0d0
0041E1D0	FUN_0041e1d0
0041E290	FUN_0041e290
0041E4D0	FUN_0041e4d0
0041E510	FUN_0041e510
0041E520	FUN_0041e520
0041E590	FUN_0041e590
0041E7D0	FUN_0041e7d0
0041E800	FUN_0041e800
0041E810	FUN_0041e810
0041E8E0	FUN_0041e8e0
0041EA30	FUN_0041ea30
0041EAF0	FUN_0041eaf0
0041EBE0	FUN_0041ebe0
0041EBF0	FUN_0041ebf0
0041EC20	FUN_0041ec20
0041EF70	FUN_0041ef70
0041F130	FUN_0041f130
0041F170	FUN_0041f170
0041F180	FUN_0041f180
0041F1B0	FUN_0041f1b0
0041F400	FUN_0041f400
0041F7B0	FUN_0041f7b0
0041F7F0	FUN_0041f7f0
0041F8B0	FUN_0041f8b0
0041FA30	FUN_0041fa30
0041FD60	FUN_0041fd60
0041FEF0	FUN_0041fef0
0041FF60	FUN_0041ff60
0041FF90	FUN_0041ff90
0041FFB0	FUN_0041ffb0
0041FFF0	FUN_0041fff0
00420070	FUN_00420070
00420170	FUN_00420170
00420350	FUN_00420350
00420570	FUN_00420570
004205F0	FUN_004205f0
00420680	FUN_00420680
00420880	FUN_00420880
00420900	FUN_00420900
00420A51	Catch@00420a51
00420A90	FUN_00420a90
00420C5B	Catch@00420c5b
00420CE0	FUN_00420ce0
00420E57	Catch@00420e57
00420E90	FUN_00420e90
00420F70	FUN_00420f70
00420FF0	FUN_00420ff0
00421020	FUN_00421020
004210F1	Catch@004210f1
00421180	FUN_00421180
004212F0	FUN_004212f0
00421320	FUN_00421320
004214C0	FUN_004214c0
00421500	FUN_00421500
004215D7	Catch@004215d7
00421660	FUN_00421660
00421690	FUN_00421690
00421830	FUN_00421830
004219B0	FUN_004219b0
00421A34	Catch@00421a34
00421AC0	FUN_00421ac0
00421AE0	FUN_00421ae0
00421B00	FUN_00421b00
00421B90	FUN_00421b90
00422090	FUN_00422090
004220B0	FUN_004220b0
004220D0	FUN_004220d0
004221C0	FUN_004221c0
00422311	Catch@00422311
00422350	FUN_00422350
00422390	FUN_00422390
00422400	FUN_00422400
004224A0	FUN_004224a0
0042257A	Catch@0042257a
004225C0	FUN_004225c0
00422630	FUN_00422630
00422660	FUN_00422660
004226B0	FUN_004226b0
004226D0	FUN_004226d0
0042271C	Catch@0042271c
00422760	FUN_00422760
00422790	FUN_00422790
004227C0	FUN_004227c0
00422820	FUN_00422820
00422870	FUN_00422870
004228A0	FUN_004228a0
004228B0	FUN_004228b0
004228D0	FUN_004228d0
004228F0	FUN_004228f0
00422A50	FUN_00422a50
00422A90	FUN_00422a90
00422CC0	FUN_00422cc0
00423010	FUN_00423010
00423070	FUN_00423070
004230C0	FUN_004230c0
004230F0	FUN_004230f0
00423120	FUN_00423120
00423150	FUN_00423150
004232C0	FUN_004232c0
00423430	FUN_00423430
00423460	FUN_00423460
00423480	FUN_00423480
00423580	FUN_00423580
00423960	FUN_00423960
004239F0	FUN_004239f0
00423A10	FUN_00423a10
00423A20	FUN_00423a20
00423A50	FUN_00423a50
00423AC0	FUN_00423ac0
00423CB0	FUN_00423cb0
00423E40	FUN_00423e40
00423E60	FUN_00423e60
00423F20	FUN_00423f20
00423F50	FUN_00423f50
00423FD0	FUN_00423fd0
00424000	FUN_00424000
00424250	FUN_00424250
00424560	FUN_00424560
00424640	FUN_00424640
00424650	FUN_00424650
00424670	FUN_00424670
00424690	FUN_00424690
004246B0	FUN_004246b0
004246C0	FUN_004246c0
004246D0	FUN_004246d0
004246F0	FUN_004246f0
00424700	FUN_00424700
00424870	FUN_00424870
004249B0	FUN_004249b0
004249C0	FUN_004249c0
004249D0	FUN_004249d0
00424A60	FUN_00424a60
00424C10	FUN_00424c10
00424C40	FUN_00424c40
00424C50	FUN_00424c50
00424C60	FUN_00424c60
00424CA0	FUN_00424ca0
00424CF0	FUN_00424cf0
00424D10	FUN_00424d10
00424D30	FUN_00424d30
00424D50	FUN_00424d50
00424DA0	FUN_00424da0
00424E10	FUN_00424e10
004250C0	FUN_004250c0
00425290	FUN_00425290
004252F0	FUN_004252f0
00425430	FUN_00425430
004254A0	FUN_004254a0
00425500	FUN_00425500
00425650	FUN_00425650
00425670	FUN_00425670
004257A0	FUN_004257a0
00425BE0	FUN_00425be0
00425EA0	FUN_00425ea0
00425EC0	FUN_00425ec0
004261D0	FUN_004261d0
00426210	FUN_00426210
00426220	FUN_00426220
00426250	FUN_00426250
00426270	FUN_00426270
004262B0	FUN_004262b0
004262D0	FUN_004262d0
004262F0	FUN_004262f0
00426320	FUN_00426320
004263A0	FUN_004263a0
004263C0	FUN_004263c0
00426420	FUN_00426420
00426450	FUN_00426450
00426480	FUN_00426480
00426520	FUN_00426520
00426550	FUN_00426550
00426580	FUN_00426580
00426610	FUN_00426610
00426650	FUN_00426650
004266A0	FUN_004266a0
004266F0	FUN_004266f0
00426740	FUN_00426740
004267A0	FUN_004267a0
004267D0	FUN_004267d0
00426870	FUN_00426870
00426920	FUN_00426920
00426990	FUN_00426990
00426A30	FUN_00426a30
00426A80	FUN_00426a80
00426AD0	FUN_00426ad0
00426B20	FUN_00426b20
00426B70	FUN_00426b70
00426BC0	FUN_00426bc0
00426CB0	FUN_00426cb0
00426CF0	FUN_00426cf0
00426D30	FUN_00426d30
00426DE0	FUN_00426de0
00426DF0	FUN_00426df0
00426E80	FUN_00426e80
00426F60	FUN_00426f60
00427130	FUN_00427130
00427160	FUN_00427160
004271E0	FUN_004271e0
004273C0	FUN_004273c0
00427630	FUN_00427630
00427650	FUN_00427650
00427920	FUN_00427920
00427A40	FUN_00427a40
00427A70	FUN_00427a70
00427AA0	FUN_00427aa0
00427BE0	FUN_00427be0
00427C10	FUN_00427c10
00427C40	FUN_00427c40
00427C70	FUN_00427c70
00427CA0	FUN_00427ca0
00427CD0	FUN_00427cd0
00427D00	FUN_00427d00
00427D60	FUN_00427d60
00427E30	FUN_00427e30
00427E80	FUN_00427e80
00427ED0	FUN_00427ed0
00428000	FUN_00428000
004280B0	FUN_004280b0
004280D0	FUN_004280d0
004280F0	FUN_004280f0
00428110	FUN_00428110
00428130	FUN_00428130
00428150	FUN_00428150
00428170	FUN_00428170
00428190	FUN_00428190
004281F0	FUN_004281f0
004282F0	FUN_004282f0
00428360	FUN_00428360
004283C0	FUN_004283c0
00428420	FUN_00428420
00428440	FUN_00428440
00428460	FUN_00428460
00428490	FUN_00428490
004284C0	FUN_004284c0
00428500	FUN_00428500
00428540	FUN_00428540
00428590	FUN_00428590
004285D0	FUN_004285d0
00428600	FUN_00428600
00428650	FUN_00428650
00428680	FUN_00428680
004286E0	FUN_004286e0
00428710	FUN_00428710
00428760	FUN_00428760
00428780	FUN_00428780
00428830	FUN_00428830
00428850	FUN_00428850
00428CE0	FUN_00428ce0
00428D60	FUN_00428d60
00429060	FUN_00429060
00429190	FUN_00429190
004293B0	FUN_004293b0
00429950	FUN_00429950
0042BF20	FUN_0042bf20
0042BF40	FUN_0042bf40
0042C370	FUN_0042c370
0042C3E0	FUN_0042c3e0
0042CA70	FUN_0042ca70
0042CD50	FUN_0042cd50
0042FAB0	FUN_0042fab0
00434030	FUN_00434030
00434070	FUN_00434070
004340B0	FUN_004340b0
00434100	FUN_00434100
00434270	FUN_00434270
00434480	FUN_00434480
00434510	FUN_00434510
004345C0	FUN_004345c0
00435D30	FUN_00435d30
004371C0	FUN_004371c0
00437D50	FUN_00437d50
0043AD80	FUN_0043ad80
0043ADC0	FUN_0043adc0
0043AE90	FUN_0043ae90
0043AEB0	FUN_0043aeb0
0043AF00	FUN_0043af00
0043AF10	FUN_0043af10
0043AF50	FUN_0043af50
0043AFC0	FUN_0043afc0
0043B030	FUN_0043b030
0043B060	FUN_0043b060
0043B090	FUN_0043b090
0043B1A0	FUN_0043b1a0
0043B290	FUN_0043b290
0043C1D0	FUN_0043c1d0
0043C250	FUN_0043c250
0043C350	FUN_0043c350
0043C540	FUN_0043c540
0043CA20	FUN_0043ca20
0043CD90	FUN_0043cd90
0043CED0	FUN_0043ced0
0043D040	FUN_0043d040
0043D080	FUN_0043d080
0043D0E0	FUN_0043d0e0
0043D100	FUN_0043d100
0043D190	FUN_0043d190
0043D220	FUN_0043d220
0043DC50	FUN_0043dc50
0043DC60	FUN_0043dc60
0043ED30	FUN_0043ed30
0043EE30	FUN_0043ee30
0043EEE0	FUN_0043eee0
0043EFC0	FUN_0043efc0
0043F3B0	FUN_0043f3b0
0043F5F0	FUN_0043f5f0
0043F620	FUN_0043f620
0043F650	FUN_0043f650
0043F670	FUN_0043f670
0043F6C0	FUN_0043f6c0
0043F710	FUN_0043f710
0043F760	FUN_0043f760
0043F860	FUN_0043f860
0043FBC0	FUN_0043fbc0
0043FC40	FUN_0043fc40
0043FCE0	FUN_0043fce0
00440090	FUN_00440090
00440470	FUN_00440470
00440560	FUN_00440560
00440C30	FUN_00440c30
00440D00	FUN_00440d00
00442F40	FUN_00442f40
00443960	FUN_00443960
00443A50	FUN_00443a50
00443B20	FUN_00443b20
00443B60	FUN_00443b60
00443D10	FUN_00443d10
00443DA0	FUN_00443da0
00443DC0	FUN_00443dc0
00443DD0	FUN_00443dd0
00443DE0	FUN_00443de0
00443E70	FUN_00443e70
00443E90	FUN_00443e90
00443EB0	FUN_00443eb0
00443F80	FUN_00443f80
00444040	FUN_00444040
00444100	FUN_00444100
00444190	FUN_00444190
00444220	FUN_00444220
00444240	FUN_00444240
00444260	FUN_00444260
004442F0	FUN_004442f0
00444340	FUN_00444340
004443C0	FUN_004443c0
00444450	FUN_00444450
00444560	FUN_00444560
00444650	FUN_00444650
004446D0	FUN_004446d0
004446F0	FUN_004446f0
00444710	FUN_00444710
004447A0	FUN_004447a0
004447B0	FUN_004447b0
00444830	FUN_00444830
004448A0	FUN_004448a0
00444910	FUN_00444910
004449A0	FUN_004449a0
00444B17	Catch@00444b17
00444B50	FUN_00444b50
00444BD0	FUN_00444bd0
00444D45	Catch@00444d45
00444D80	FUN_00444d80
00444DB0	FUN_00444db0
00444E00	FUN_00444e00
00444F99	Catch@00444f99
00444FE0	FUN_00444fe0
004451F8	Catch@004451f8
00445290	FUN_00445290
00445530	FUN_00445530
004455C0	FUN_004455c0
0044577E	Catch@0044577e
004457F0	FUN_004457f0
00445A10	FUN_00445a10
00445A90	FUN_00445a90
00445BD1	Catch@00445bd1
00445C10	FUN_00445c10
00445C80	FUN_00445c80
00445CB0	FUN_00445cb0
00445E36	Catch@00445e36
00445ED0	FUN_00445ed0
00446028	Catch@00446028
004460B0	FUN_004460b0
00446100	FUN_00446100
004461E0	FUN_004461e0
00446260	FUN_00446260
004462B0	FUN_004462b0
004462F0	FUN_004462f0
00446330	FUN_00446330
00446370	FUN_00446370
004463B0	FUN_004463b0
004463F0	FUN_004463f0
00446490	FUN_00446490
00446910	FUN_00446910
00446AE0	FUN_00446ae0
00446CA0	FUN_00446ca0
00446E00	FUN_00446e00
00447280	FUN_00447280
004472F0	FUN_004472f0
00447330	FUN_00447330
004473B0	FUN_004473b0
00447430	FUN_00447430
00447570	FUN_00447570
004475A0	FUN_004475a0
004475C0	FUN_004475c0
00447600	FUN_00447600
00447640	FUN_00447640
00447670	FUN_00447670
004476C0	FUN_004476c0
004477C3	Catch@004477c3
00447850	FUN_00447850
0044794E	Catch@0044794e
004479E0	FUN_004479e0
00447AA3	Catch@00447aa3
00447B20	FUN_00447b20
00447BE9	Catch@00447be9
00447C60	FUN_00447c60
00447D80	FUN_00447d80
00447DC0	FUN_00447dc0
00447E00	FUN_00447e00
00447E60	FUN_00447e60
00447F40	FUN_00447f40
004480CD	Catch@004480cd
00448110	FUN_00448110
004481C0	FUN_004481c0
00448240	FUN_00448240
004482C0	FUN_004482c0
00448344	Catch@00448344
00448380	FUN_00448380
00448404	Catch@00448404
00448440	FUN_00448440
004484E0	FUN_004484e0
00448620	FUN_00448620
00448650	FUN_00448650
00448870	FUN_00448870
00448A60	FUN_00448a60
00448A90	FUN_00448a90
00448B80	FUN_00448b80
00448BB0	FUN_00448bb0
00448C50	FUN_00448c50
00448D90	FUN_00448d90
00448ED0	FUN_00448ed0
00448F10	FUN_00448f10
00448F60	FUN_00448f60
00449190	FUN_00449190
004492B0	FUN_004492b0
004492E0	FUN_004492e0
00449300	FUN_00449300
004493F1	Catch@004493f1
00449410	FUN_00449410
00449440	FUN_00449440
00449460	FUN_00449460
00449580	FUN_00449580
004496B0	FUN_004496b0
00449731	Catch@00449731
00449770	FUN_00449770
004497D0	FUN_004497d0
004497F0	FUN_004497f0
004498A0	FUN_004498a0
004498F0	FUN_004498f0
00449920	FUN_00449920
00449930	FUN_00449930
00449940	FUN_00449940
00449950	FUN_00449950
004499E0	FUN_004499e0
00449AA0	FUN_00449aa0
00449D20	FUN_00449d20
0044A1B0	FUN_0044a1b0
0044A1C0	FUN_0044a1c0
0044A200	FUN_0044a200
0044A250	FUN_0044a250
0044A2D0	FUN_0044a2d0
0044A300	FUN_0044a300
0044A460	FUN_0044a460
0044A520	FUN_0044a520
0044A6C0	FUN_0044a6c0
0044A8C0	FUN_0044a8c0
0044A9D0	FUN_0044a9d0
0044B230	FUN_0044b230
0044B9D0	FUN_0044b9d0
0044BCD0	FUN_0044bcd0
0044C2A0	FUN_0044c2a0
0044C320	FUN_0044c320
0044C330	FUN_0044c330
0044C670	FUN_0044c670
0044C980	FUN_0044c980
0044C9D0	FUN_0044c9d0
0044CA10	FUN_0044ca10
0044CA30	FUN_0044ca30
0044CB80	FUN_0044cb80
0044CBB0	FUN_0044cbb0
0044CC90	FUN_0044cc90
0044CD00	FUN_0044cd00
0044CDF0	FUN_0044cdf0
0044CF20	FUN_0044cf20
0044D4F0	FUN_0044d4f0
0044D520	FUN_0044d520
0044D7B0	FUN_0044d7b0
0044D820	FUN_0044d820
0044D970	FUN_0044d970
0044DB10	FUN_0044db10
0044DBF0	FUN_0044dbf0
0044DD90	FUN_0044dd90
0044DDC0	FUN_0044ddc0
0044DEC0	FUN_0044dec0
0044DED0	FUN_0044ded0
0044DFE0	FUN_0044dfe0
0044FC30	FUN_0044fc30
0044FC50	FUN_0044fc50
00450140	FUN_00450140
00450630	FUN_00450630
00450650	FUN_00450650
00450680	FUN_00450680
004506B0	FUN_004506b0
00450960	FUN_00450960
00450AE0	FUN_00450ae0
00450B70	FUN_00450b70
00450C50	FUN_00450c50
00450E20	FUN_00450e20
00450FA0	FUN_00450fa0
00450FC0	FUN_00450fc0
00451040	FUN_00451040
00451050	FUN_00451050
00451070	FUN_00451070
00451120	FUN_00451120
00451261	Catch@00451261
004512C0	FUN_004512c0
004512E0	FUN_004512e0
00451300	FUN_00451300
00451930	FUN_00451930
00451980	FUN_00451980
004519D0	FUN_004519d0
00451A20	FUN_00451a20
00451AD0	FUN_00451ad0
00451BE0	FUN_00451be0
00452370	FUN_00452370
00452910	FUN_00452910
00453100	FUN_00453100
00453970	FUN_00453970
00453A30	FUN_00453a30
00454420	FUN_00454420
004547B0	FUN_004547b0
0045A1C0	FUN_0045a1c0
0045A370	FUN_0045a370
0045CD70	FUN_0045cd70
0045CD80	FUN_0045cd80
0045CDF0	FUN_0045cdf0
0045CEE0	FUN_0045cee0
0045CF50	FUN_0045cf50
0045CFC0	FUN_0045cfc0
0045D050	FUN_0045d050
0045D0E0	FUN_0045d0e0
0045D220	FUN_0045d220
0045D290	FUN_0045d290
0045D42D	Catch@0045d42d
0045D4A0	FUN_0045d4a0
0045D520	FUN_0045d520
0045D590	FUN_0045d590
0045D720	Catch@0045d720
0045D760	FUN_0045d760
0045D8E9	Catch@0045d8e9
0045D930	FUN_0045d930
0045DB00	Catch@0045db00
0045DC20	FUN_0045dc20
0045DD32	Catch@0045dd32
0045DDB0	FUN_0045ddb0
0045DEC0	Catch@0045dec0
0045DF30	FUN_0045df30
0045DF60	FUN_0045df60
0045DF90	FUN_0045df90
0045DFC0	FUN_0045dfc0
0045E125	Catch@0045e125
0045E1D0	FUN_0045e1d0
0045E331	Catch@0045e331
0045E3E0	FUN_0045e3e0
0045E650	FUN_0045e650
0045E700	FUN_0045e700
0045E7B0	FUN_0045e7b0
0045E830	FUN_0045e830
0045E8B0	FUN_0045e8b0
0045E8F0	FUN_0045e8f0
0045E960	FUN_0045e960
0045EAA0	FUN_0045eaa0
0045EBC0	FUN_0045ebc0
0045EC00	FUN_0045ec00
0045ECD0	Catch@0045ecd0
0045ED80	FUN_0045ed80
0045EDF0	FUN_0045edf0
0045EE20	FUN_0045ee20
0045EE50	FUN_0045ee50
0045EF00	FUN_0045ef00
0045EF70	FUN_0045ef70
0045F220	FUN_0045f220
0045F410	FUN_0045f410
0045FC60	FUN_0045fc60
0045FD70	FUN_0045fd70
0045FF80	FUN_0045ff80
004601E0	FUN_004601e0
00460230	FUN_00460230
00460390	FUN_00460390
00460590	FUN_00460590
00460650	FUN_00460650
00460720	FUN_00460720
004609A0	FUN_004609a0
00460D50	FUN_00460d50
00461040	FUN_00461040
00461540	FUN_00461540
00462CA0	FUN_00462ca0
004630A0	FUN_004630a0
00463240	FUN_00463240
004636C0	FUN_004636c0
004638C0	FUN_004638c0
00463A70	FUN_00463a70
00463F50	FUN_00463f50
00464170	FUN_00464170
00464330	FUN_00464330
00464760	FUN_00464760
00464A90	FUN_00464a90
00464B30	FUN_00464b30
00464BD0	FUN_00464bd0
00464CF0	FUN_00464cf0
00464DE0	FUN_00464de0
00465070	FUN_00465070
00465220	FUN_00465220
00465280	FUN_00465280
00465590	FUN_00465590
004655D0	FUN_004655d0
00465650	FUN_00465650
00465690	FUN_00465690
0046A910	FUN_0046a910
0046AD10	FUN_0046ad10
0046AE70	FUN_0046ae70
0046B370	FUN_0046b370
0046B480	FUN_0046b480
0046B730	FUN_0046b730
0046B870	FUN_0046b870
0046B8C0	FUN_0046b8c0
0046BA90	FUN_0046ba90
0046BF40	FUN_0046bf40
0046C160	FUN_0046c160
0046CBE0	FUN_0046cbe0
0046DB20	FUN_0046db20
0046DFC0	FUN_0046dfc0
0046EDD0	FUN_0046edd0
0046F890	FUN_0046f890
0046F9B0	FUN_0046f9b0
00470DF0	FUN_00470df0
00471000	FUN_00471000
00471790	FUN_00471790
00472AF0	FUN_00472af0
00472BC0	FUN_00472bc0
00475680	FUN_00475680
00478780	FUN_00478780
00478D80	FUN_00478d80
004790C0	FUN_004790c0
004793D0	FUN_004793d0
0047A0C0	FUN_0047a0c0
0047B480	FUN_0047b480
0047B770	FUN_0047b770
0047C5B0	FUN_0047c5b0
0047C610	FUN_0047c610
0047F7E0	FUN_0047f7e0
0047F8E0	FUN_0047f8e0
00480D40	FUN_00480d40
004813D0	FUN_004813d0
004817F0	FUN_004817f0
004819A0	FUN_004819a0
00481D80	FUN_00481d80
00482510	FUN_00482510
00485C10	FUN_00485c10
0048AE90	FUN_0048ae90
0048BB40	FUN_0048bb40
0048C860	FUN_0048c860
0048D480	FUN_0048d480
0048D930	FUN_0048d930
0048DA40	FUN_0048da40
0048DD10	FUN_0048dd10
0048DF30	FUN_0048df30
0048E280	FUN_0048e280
0048E4D0	FUN_0048e4d0
0048E600	FUN_0048e600
0048EE20	FUN_0048ee20
0048F030	FUN_0048f030
0048F330	FUN_0048f330
0048F7F0	FUN_0048f7f0
0048F9E0	FUN_0048f9e0
0048FF10	FUN_0048ff10
00490500	FUN_00490500
00490A30	FUN_00490a30
00490BE0	FUN_00490be0
00490CC0	FUN_00490cc0
00491090	FUN_00491090
00491170	FUN_00491170
004915A0	FUN_004915a0
004918B0	FUN_004918b0
00491B30	FUN_00491b30
00491D40	FUN_00491d40
00492880	FUN_00492880
00492C90	FUN_00492c90
00493040	FUN_00493040
00493440	FUN_00493440
00493680	FUN_00493680
004939F0	FUN_004939f0
004954C0	FUN_004954c0
00496050	FUN_00496050
00496060	FUN_00496060
00496070	FUN_00496070
00496080	FUN_00496080
00496520	FUN_00496520
004968A0	FUN_004968a0
00496F20	FUN_00496f20
004972E0	FUN_004972e0
004974B0	FUN_004974b0
00497540	FUN_00497540
00497620	FUN_00497620
00497F80	FUN_00497f80
004982D0	FUN_004982d0
004985E0	FUN_004985e0
004987B0	FUN_004987b0
00499BA0	FUN_00499ba0
00499DA0	FUN_00499da0
00499E90	FUN_00499e90
00499F80	FUN_00499f80
0049A150	FUN_0049a150
0049A230	FUN_0049a230
0049A350	FUN_0049a350
0049A4B0	FUN_0049a4b0
0049AC80	FUN_0049ac80
0049B2B0	FUN_0049b2b0
0049B840	FUN_0049b840
0049C160	FUN_0049c160
0049C930	FUN_0049c930
0049CEC0	FUN_0049cec0
0049D450	FUN_0049d450
0049DA50	FUN_0049da50
0049DA80	FUN_0049da80
0049DAB0	FUN_0049dab0
0049DAF0	FUN_0049daf0
0049DCF0	FUN_0049dcf0
0049E210	FUN_0049e210
0049E760	FUN_0049e760
0049FC50	FUN_0049fc50
004A02A0	FUN_004a02a0
004A15A0	FUN_004a15a0
004A1A50	FUN_004a1a50
004A1F20	FUN_004a1f20
004A2550	FUN_004a2550
004A2B40	FUN_004a2b40
004A4040	FUN_004a4040
004A4310	FUN_004a4310
004A4E20	FUN_004a4e20
004A5420	FUN_004a5420
004A5980	FUN_004a5980
004A63B0	FUN_004a63b0
004A63E0	FUN_004a63e0
004A6450	FUN_004a6450
004A6560	FUN_004a6560
004A6770	FUN_004a6770
004A67A0	FUN_004a67a0
004A6950	FUN_004a6950
004A6EA0	FUN_004a6ea0
004A71F0	FUN_004a71f0
004A7760	FUN_004a7760
004A79D0	FUN_004a79d0
004A81F0	FUN_004a81f0
004A8390	FUN_004a8390
004A8BB0	FUN_004a8bb0
004A9670	FUN_004a9670
004A9730	FUN_004a9730
004A9C70	FUN_004a9c70
004A9E90	FUN_004a9e90
004A9EF0	FUN_004a9ef0
004AA1D0	FUN_004aa1d0
004AA440	FUN_004aa440
004AA630	FUN_004aa630
004AAAE0	FUN_004aaae0
004AB160	FUN_004ab160
004AB640	FUN_004ab640
004AB940	FUN_004ab940
004ABB60	FUN_004abb60
004ABFE0	FUN_004abfe0
004AC740	FUN_004ac740
004AC940	FUN_004ac940
004ADAA0	FUN_004adaa0
004ADD60	FUN_004add60
004AE040	FUN_004ae040
004AE350	FUN_004ae350
004AEBD0	FUN_004aebd0
004AF190	FUN_004af190
004AF8C0	FUN_004af8c0
004AFFF0	FUN_004afff0
004B06D0	FUN_004b06d0
004B0790	FUN_004b0790
004B0970	FUN_004b0970
004B0C00	FUN_004b0c00
004B1450	renderSavePortrait
004B2270	FUN_004b2270
004B2330	FUN_004b2330
004B2350	FUN_004b2350
004B23D0	FUN_004b23d0
004B23E0	FUN_004b23e0
004B23F0	FUN_004b23f0
004B2410	FUN_004b2410
004B24B0	FUN_004b24b0
004B26E0	FUN_004b26e0
004B2700	FUN_004b2700
004B2710	FUN_004b2710
004B2740	FUN_004b2740
004B2750	FUN_004b2750
004B2760	FUN_004b2760
004B2770	FUN_004b2770
004B2780	FUN_004b2780
004B2800	FUN_004b2800
004B28E0	FUN_004b28e0
004B2A80	FUN_004b2a80
004B2AA0	FUN_004b2aa0
004B2C70	FUN_004b2c70
004B2CA0	FUN_004b2ca0
004B2D30	FUN_004b2d30
004B2F10	FUN_004b2f10
004B2F20	FUN_004b2f20
004B2F30	FUN_004b2f30
004B2FB0	FUN_004b2fb0
004B2FF0	FUN_004b2ff0
004B3090	FUN_004b3090
004B3160	FUN_004b3160
004B31F0	FUN_004b31f0
004B32A0	FUN_004b32a0
004B3390	FUN_004b3390
004B3560	FUN_004b3560
004B3590	FUN_004b3590
004B35A0	FUN_004b35a0
004B35B0	FUN_004b35b0
004B3610	FUN_004b3610
004B3680	FUN_004b3680
004B36D0	FUN_004b36d0
004B3790	FUN_004b3790
004B37A0	FUN_004b37a0
004B37B0	FUN_004b37b0
004B3800	FUN_004b3800
004B3890	FUN_004b3890
004B38A0	FUN_004b38a0
004B38B0	FUN_004b38b0
004B3960	FUN_004b3960
004B39E0	FUN_004b39e0
004B3B80	FUN_004b3b80
004B3B90	FUN_004b3b90
004B3C40	FUN_004b3c40
004B3CC0	FUN_004b3cc0
004B3E60	FUN_004b3e60
004B3E70	FUN_004b3e70
004B3EF0	FUN_004b3ef0
004B40D0	FUN_004b40d0
004B41E0	FUN_004b41e0
004B4210	FUN_004b4210
004B42A0	FUN_004b42a0
004B4320	FUN_004b4320
004B4380	FUN_004b4380
004B4410	FUN_004b4410
004B4640	FUN_004b4640
004B4660	FUN_004b4660
004B46F0	FUN_004b46f0
004B4950	FUN_004b4950
004B49E0	FUN_004b49e0
004B4C10	FUN_004b4c10
004B4C90	FUN_004b4c90
004B4CE0	FUN_004b4ce0
004B4ED0	FUN_004b4ed0
004B4F00	FUN_004b4f00
004B4F40	FUN_004b4f40
004B4FC0	FUN_004b4fc0
004B4FE0	FUN_004b4fe0
004B5070	FUN_004b5070
004B52B0	FUN_004b52b0
004B52D0	FUN_004b52d0
004B5370	FUN_004b5370
004B54C0	FUN_004b54c0
004B54D0	FUN_004b54d0
004B5560	FUN_004b5560
004B5790	FUN_004b5790
004B57F0	FUN_004b57f0
004B5800	FUN_004b5800
004B5880	FUN_004b5880
004B59F0	FUN_004b59f0
004B5A70	FUN_004b5a70
004B5A90	FUN_004b5a90
004B5B20	FUN_004b5b20
004B5D50	FUN_004b5d50
004B5DD0	FUN_004b5dd0
004B5DE0	FUN_004b5de0
004B5E70	FUN_004b5e70
004B6080	FUN_004b6080
004B6110	FUN_004b6110
004B6130	FUN_004b6130
004B61C0	FUN_004b61c0
004B63F0	FUN_004b63f0
004B6480	FUN_004b6480
004B66B0	FUN_004b66b0
004B6740	FUN_004b6740
004B6970	FUN_004b6970
004B69C0	FUN_004b69c0
004B69D0	FUN_004b69d0
004B6A60	FUN_004b6a60
004B6C90	FUN_004b6c90
004B6CE0	FUN_004b6ce0
004B6D60	FUN_004b6d60
004B6D80	FUN_004b6d80
004B6D90	FUN_004b6d90
004B6E20	FUN_004b6e20
004B7040	FUN_004b7040
004B70D0	FUN_004b70d0
004B70F0	FUN_004b70f0
004B7110	FUN_004b7110
004B7160	FUN_004b7160
004B7180	FUN_004b7180
004B71A0	FUN_004b71a0
004B7200	FUN_004b7200
004B72E0	FUN_004b72e0
004B7360	FUN_004b7360
004B73B0	FUN_004b73b0
004B7440	FUN_004b7440
004B7460	FUN_004b7460
004B7480	FUN_004b7480
004B7510	FUN_004b7510
004B7520	FUN_004b7520
004B7580	FUN_004b7580
004B7610	FUN_004b7610
004B7690	FUN_004b7690
004B76B0	FUN_004b76b0
004B76D0	FUN_004b76d0
004B7750	FUN_004b7750
004B77D0	FUN_004b77d0
004B7840	FUN_004b7840
004B78C0	FUN_004b78c0
004B7940	FUN_004b7940
004B79D0	FUN_004b79d0
004B7B49	Catch@004b7b49
004B7B80	FUN_004b7b80
004B7C70	FUN_004b7c70
004B7DAB	Catch@004b7dab
004B7DF0	FUN_004b7df0
004B7E60	FUN_004b7e60
004B7E80	FUN_004b7e80
004B7F00	FUN_004b7f00
004B7F70	FUN_004b7f70
004B7FA0	FUN_004b7fa0
004B8010	FUN_004b8010
004B8080	FUN_004b8080
004B80D0	FUN_004b80d0
004B82E0	FUN_004b82e0
004B8460	Catch@004b8460
004B84A0	FUN_004b84a0
004B8500	FUN_004b8500
004B8641	Catch@004b8641
004B8680	FUN_004b8680
004B8700	FUN_004b8700
004B8770	FUN_004b8770
004B88C8	Catch@004b88c8
004B8900	FUN_004b8900
004B8940	FUN_004b8940
004B89C0	FUN_004b89c0
004B8A30	FUN_004b8a30
004B8B8D	Catch@004b8b8d
004B8BC0	FUN_004b8bc0
004B8D6F	Catch@004b8d6f
004B8DE0	FUN_004b8de0
004B8E70	FUN_004b8e70
004B8F50	FUN_004b8f50
004B91C0	FUN_004b91c0
004B9250	FUN_004b9250
004B93CE	Catch@004b93ce
004B9410	FUN_004b9410
004B9470	FUN_004b9470
004B96B0	FUN_004b96b0
004B9740	FUN_004b9740
004B98C1	Catch@004b98c1
004B9900	FUN_004b9900
004B9960	FUN_004b9960
004B99F0	FUN_004b99f0
004B9B89	Catch@004b9b89
004B9BD0	FUN_004b9bd0
004B9C30	FUN_004b9c30
004B9CC0	FUN_004b9cc0
004B9E40	Catch@004b9e40
004B9E80	FUN_004b9e80
004B9EE0	FUN_004b9ee0
004B9F70	FUN_004b9f70
004B9FD0	FUN_004b9fd0
004BA040	FUN_004ba040
004BA191	Catch@004ba191
004BA1D0	FUN_004ba1d0
004BA240	FUN_004ba240
004BA3C2	Catch@004ba3c2
004BA400	FUN_004ba400
004BA460	FUN_004ba460
004BA4F0	FUN_004ba4f0
004BA67F	Catch@004ba67f
004BA6C0	FUN_004ba6c0
004BA7F0	FUN_004ba7f0
004BA880	FUN_004ba880
004BA9F7	Catch@004ba9f7
004BAA30	FUN_004baa30
004BAAB0	FUN_004baab0
004BAB30	FUN_004bab30
004BAC6B	Catch@004bac6b
004BACB0	FUN_004bacb0
004BACF0	FUN_004bacf0
004BAE71	Catch@004bae71
004BAEB0	FUN_004baeb0
004BAF40	FUN_004baf40
004BB0B7	Catch@004bb0b7
004BB0F0	FUN_004bb0f0
004BB150	FUN_004bb150
004BB1D0	FUN_004bb1d0
004BB349	Catch@004bb349
004BB380	FUN_004bb380
004BB580	FUN_004bb580
004BB600	FUN_004bb600
004BB780	Catch@004bb780
004BB7C0	FUN_004bb7c0
004BB850	FUN_004bb850
004BB9D0	Catch@004bb9d0
004BBA10	FUN_004bba10
004BBAA0	FUN_004bbaa0
004BBC20	Catch@004bbc20
004BBC60	FUN_004bbc60
004BBCF0	FUN_004bbcf0
004BBE65	Catch@004bbe65
004BBEA0	FUN_004bbea0
004BBF20	FUN_004bbf20
004BC061	Catch@004bc061
004BC0A0	FUN_004bc0a0
004BC110	FUN_004bc110
004BC287	Catch@004bc287
004BC2C0	FUN_004bc2c0
004BC320	FUN_004bc320
004BC3A0	FUN_004bc3a0
004BC52D	Catch@004bc52d
004BC570	FUN_004bc570
004BC6A0	FUN_004bc6a0
004BC730	FUN_004bc730
004BC950	FUN_004bc950
004BC9B0	FUN_004bc9b0
004BCBE0	FUN_004bcbe0
004BCC40	FUN_004bcc40
004BCF30	FUN_004bcf30
004BD071	Catch@004bd071
004BD0B0	FUN_004bd0b0
004BD22E	Catch@004bd22e
004BD270	FUN_004bd270
004BD3F0	Catch@004bd3f0
004BD430	FUN_004bd430
004BD640	FUN_004bd640
004BD850	FUN_004bd850
004BD9A1	Catch@004bd9a1
004BD9E0	FUN_004bd9e0
004BDB21	Catch@004bdb21
004BDB60	FUN_004bdb60
004BDBF0	FUN_004bdbf0
004BDC40	FUN_004bdc40
004BDC80	FUN_004bdc80
004BDCC0	FUN_004bdcc0
004BDD00	FUN_004bdd00
004BDD40	FUN_004bdd40
004BDD80	FUN_004bdd80
004BDDC0	FUN_004bddc0
004BDDF0	FUN_004bddf0
004BDEC0	FUN_004bdec0
004BDF90	FUN_004bdf90
004BE010	FUN_004be010
004BE490	FUN_004be490
004BE630	FUN_004be630
004BE7D0	FUN_004be7d0
004BE990	FUN_004be990
004BEB00	FUN_004beb00
004BEC70	FUN_004bec70
004BEF50	FUN_004bef50
004BF0F0	FUN_004bf0f0
004BF3A0	FUN_004bf3a0
004BF460	FUN_004bf460
004BF6F0	FUN_004bf6f0
004BF770	FUN_004bf770
004BF8A0	FUN_004bf8a0
004BFA20	FUN_004bfa20
004BFBF0	FUN_004bfbf0
004C0000	FUN_004c0000
004C0490	FUN_004c0490
004C05F0	FUN_004c05f0
004C07B0	FUN_004c07b0
004C0980	FUN_004c0980
004C0C90	FUN_004c0c90
004C0DA0	FUN_004c0da0
004C0E10	FUN_004c0e10
004C0EB0	FUN_004c0eb0
004C0EE0	FUN_004c0ee0
004C0F10	FUN_004c0f10
004C0F30	FUN_004c0f30
004C10F0	FUN_004c10f0
004C1140	FUN_004c1140
004C1160	FUN_004c1160
004C1180	FUN_004c1180
004C11A0	FUN_004c11a0
004C1270	FUN_004c1270
004C12A0	FUN_004c12a0
004C12F0	FUN_004c12f0
004C1320	FUN_004c1320
004C1350	FUN_004c1350
004C1380	FUN_004c1380
004C13C0	FUN_004c13c0
004C13F0	FUN_004c13f0
004C1504	Catch@004c1504
004C15A0	FUN_004c15a0
004C16BA	Catch@004c16ba
004C1760	FUN_004c1760
004C1790	FUN_004c1790
004C17C0	FUN_004c17c0
004C17F0	FUN_004c17f0
004C1830	FUN_004c1830
004C1860	FUN_004c1860
004C1890	FUN_004c1890
004C18C0	FUN_004c18c0
004C18F0	FUN_004c18f0
004C1920	FUN_004c1920
004C1960	FUN_004c1960
004C1990	FUN_004c1990
004C19C0	FUN_004c19c0
004C19F0	FUN_004c19f0
004C1A20	FUN_004c1a20
004C1A50	FUN_004c1a50
004C1A90	FUN_004c1a90
004C1AD0	FUN_004c1ad0
004C1B00	FUN_004c1b00
004C1DE0	FUN_004c1de0
004C1E20	FUN_004c1e20
004C1E50	FUN_004c1e50
004C1E90	FUN_004c1e90
004C1EE0	FUN_004c1ee0
004C20A0	FUN_004c20a0
004C2180	FUN_004c2180
004C21A0	FUN_004c21a0
004C2321	Catch@004c2321
004C2360	FUN_004c2360
004C24E0	Catch@004c24e0
004C2520	FUN_004c2520
004C2630	FUN_004c2630
004C2740	FUN_004c2740
004C2770	FUN_004c2770
004C27A0	FUN_004c27a0
004C28C0	FUN_004c28c0
004C2A10	FUN_004c2a10
004C2A50	FUN_004c2a50
004C2A90	FUN_004c2a90
004C2B10	FUN_004c2b10
004C2B90	FUN_004c2b90
004C2C30	FUN_004c2c30
004C2D70	FUN_004c2d70
004C3010	FUN_004c3010
004C3040	FUN_004c3040
004C33C0	FUN_004c33c0
004C34E0	FUN_004c34e0
004C3610	FUN_004c3610
004C3870	FUN_004c3870
004C3BF0	FUN_004c3bf0
004C3D10	FUN_004c3d10
004C3E40	FUN_004c3e40
004C40B0	FUN_004c40b0
004C4330	FUN_004c4330
004C4450	FUN_004c4450
004C45A0	FUN_004c45a0
004C45F0	FUN_004c45f0
004C4680	FUN_004c4680
004C48E0	FUN_004c48e0
004C4A40	FUN_004c4a40
004C4A90	FUN_004c4a90
004C4AC0	FUN_004c4ac0
004C4AF0	FUN_004c4af0
004C4E40	FUN_004c4e40
004C4F60	FUN_004c4f60
004C50E0	FUN_004c50e0
004C5200	FUN_004c5200
004C5430	FUN_004c5430
004C5880	FUN_004c5880
004C5DB0	FUN_004c5db0
004C61A0	FUN_004c61a0
004C62D0	FUN_004c62d0
004C6520	FUN_004c6520
004C6A30	FUN_004c6a30
004C6F60	FUN_004c6f60
004C7440	FUN_004c7440
004C7570	FUN_004c7570
004C75A0	FUN_004c75a0
004C7850	FUN_004c7850
004C7880	FUN_004c7880
004C7C40	FUN_004c7c40
004C7D70	FUN_004c7d70
004C7DC0	FUN_004c7dc0
004C7E90	FUN_004c7e90
004C7EC0	FUN_004c7ec0
004C7F00	FUN_004c7f00
004C81B0	FUN_004c81b0
004C81F0	FUN_004c81f0
004C82F0	FUN_004c82f0
004C8350	FUN_004c8350
004C8380	FUN_004c8380
004C8660	FUN_004c8660
004C8690	FUN_004c8690
004C86C0	FUN_004c86c0
004C8950	FUN_004c8950
004C8990	FUN_004c8990
004C8AA0	FUN_004c8aa0
004C8D30	FUN_004c8d30
004C8D60	FUN_004c8d60
004C9020	FUN_004c9020
004C9060	FUN_004c9060
004C9230	FUN_004c9230
004C9270	FUN_004c9270
004C9440	FUN_004c9440
004C9490	FUN_004c9490
004C9720	FUN_004c9720
004C9880	FUN_004c9880
004C9B70	FUN_004c9b70
004C9BB0	FUN_004c9bb0
004C9D80	FUN_004c9d80
004C9F40	FUN_004c9f40
004CA0C0	FUN_004ca0c0
004CA290	FUN_004ca290
004CA370	FUN_004ca370
004CA3F1	Catch@004ca3f1
004CA430	FUN_004ca430
004CA4B1	Catch@004ca4b1
004CA4F0	FUN_004ca4f0
004CA6F0	FUN_004ca6f0
004CA730	FUN_004ca730
004CA9C0	FUN_004ca9c0
004CAA10	FUN_004caa10
004CAA40	FUN_004caa40
004CAAC7	Catch@004caac7
004CAB00	FUN_004cab00
004CAB84	Catch@004cab84
004CABC0	FUN_004cabc0
004CAD20	FUN_004cad20
004CAD40	FUN_004cad40
004CAE20	FUN_004cae20
004CAE60	FUN_004cae60
004CAF40	FUN_004caf40
004CB020	FUN_004cb020
004CB100	FUN_004cb100
004CB220	FUN_004cb220
004CB340	FUN_004cb340
004CB460	FUN_004cb460
004CB540	FUN_004cb540
004CB590	FUN_004cb590
004CC490	FUN_004cc490
004CC700	FUN_004cc700
004CC900	FUN_004cc900
004D1030	FUN_004d1030
004D1390	FUN_004d1390
004D1860	FUN_004d1860
004D18F0	FUN_004d18f0
004D1A67	Catch@004d1a67
004D1AA0	FUN_004d1aa0
004D1AD0	FUN_004d1ad0
004D1AF0	FUN_004d1af0
004D1B20	FUN_004d1b20
004D1BD0	FUN_004d1bd0
004D1BE0	FUN_004d1be0
004D1C00	FUN_004d1c00
004D1C20	FUN_004d1c20
004D1CC0	FUN_004d1cc0
004D1D00	FUN_004d1d00
004D1D10	FUN_004d1d10
004D1D20	FUN_004d1d20
004D1D40	FUN_004d1d40
004D1D60	FUN_004d1d60
004D1DA0	FUN_004d1da0
004D1E10	FUN_004d1e10
004D1EB0	FUN_004d1eb0
004D2020	FUN_004d2020
004D2160	FUN_004d2160
004D21C0	FUN_004d21c0
004D2250	FUN_004d2250
004D2280	FUN_004d2280
004D22B0	FUN_004d22b0
004D22E0	FUN_004d22e0
004D22F0	FUN_004d22f0
004D2310	FUN_004d2310
004D2350	FUN_004d2350
004D24C0	FUN_004d24c0
004D2590	FUN_004d2590
004D25A0	FUN_004d25a0
004D25C0	FUN_004d25c0
004D25F0	FUN_004d25f0
004D2690	FUN_004d2690
004D26A0	FUN_004d26a0
004D26B0	FUN_004d26b0
004D26E0	FUN_004d26e0
004D2770	FUN_004d2770
004D2790	FUN_004d2790
004D27B0	FUN_004d27b0
004D2AE0	FUN_004d2ae0
004D2B10	FUN_004d2b10
004D2B30	FUN_004d2b30
004D2BA0	FUN_004d2ba0
004D2CC4	Catch@004d2cc4
004D2D90	FUN_004d2d90
004D2E10	FUN_004d2e10
004D3140	FUN_004d3140
004D31C0	FUN_004d31c0
004D3CD0	FUN_004d3cd0
004D4670	FUN_004d4670
004D4800	FUN_004d4800
004D4A80	FUN_004d4a80
004D4B70	FUN_004d4b70
004D4DA0	FUN_004d4da0
004D4E50	FUN_004d4e50
004DB8A0	FUN_004db8a0
004DBAD0	FUN_004dbad0
004DBB70	FUN_004dbb70
004DBC10	FUN_004dbc10
004DBC60	FUN_004dbc60
004DBFC0	FUN_004dbfc0
004DCB80	FUN_004dcb80
004E0010	FUN_004e0010
004E0300	FUN_004e0300
004E4CF0	FUN_004e4cf0
004E87E0	FUN_004e87e0
004E8DA0	FUN_004e8da0
004E9900	FUN_004e9900
004EA1F0	FUN_004ea1f0
004EA3F0	FUN_004ea3f0
004EA890	FUN_004ea890
004EAC80	FUN_004eac80
004EADE0	FUN_004eade0
004EB5C0	FUN_004eb5c0
004EB5F0	FUN_004eb5f0
004EB600	FUN_004eb600
004EB610	FUN_004eb610
004EB620	FUN_004eb620
004EB630	FUN_004eb630
004EB640	FUN_004eb640
004EB670	FUN_004eb670
004EB6F0	FUN_004eb6f0
004EB700	FUN_004eb700
004EB790	FUN_004eb790
004EB810	FUN_004eb810
004EB820	FUN_004eb820
004EB840	FUN_004eb840
004EB850	FUN_004eb850
004EB860	FUN_004eb860
004EB870	FUN_004eb870
004EB890	FUN_004eb890
004EB8E0	FUN_004eb8e0
004EB980	FUN_004eb980
004EB990	FUN_004eb990
004EBB10	FUN_004ebb10
004EBC40	FUN_004ebc40
004EBCA0	FUN_004ebca0
004EBF20	FUN_004ebf20
004EC330	FUN_004ec330
004EC560	FUN_004ec560
004EE030	FUN_004ee030
004EE300	FUN_004ee300
004EE4E0	FUN_004ee4e0
004EE660	FUN_004ee660
004EE7F0	FUN_004ee7f0
004EE820	FUN_004ee820
004EE9C0	FUN_004ee9c0
004EEC00	FUN_004eec00
004EEE40	FUN_004eee40
004EEFA0	FUN_004eefa0
004EF150	FUN_004ef150
004F4770	FUN_004f4770
004F73C0	FUN_004f73c0
004F75F0	FUN_004f75f0
004F7710	FUN_004f7710
004F7C60	FUN_004f7c60
004F7CE0	FUN_004f7ce0
004F7DD0	FUN_004f7dd0
004F7E10	FUN_004f7e10
004F8560	FUN_004f8560
004F87C0	FUN_004f87c0
004F8A60	FUN_004f8a60
004F8AF0	FUN_004f8af0
004F9410	FUN_004f9410
004F9F20	FUN_004f9f20
004FAA60	FUN_004faa60
004FABE0	FUN_004fabe0
004FB7E0	FUN_004fb7e0
004FC490	FUN_004fc490
004FC710	FUN_004fc710
004FC760	FUN_004fc760
004FC7B0	FUN_004fc7b0
004FC840	FUN_004fc840
004FC8D0	FUN_004fc8d0
004FC8E0	FUN_004fc8e0
004FC900	FUN_004fc900
004FC9D0	FUN_004fc9d0
004FCC10	FUN_004fcc10
004FCC50	FUN_004fcc50
004FCC80	FUN_004fcc80
004FD0F0	FUN_004fd0f0
004FE870	FUN_004fe870
004FF0B0	FUN_004ff0b0
005038F0	FUN_005038f0
00506770	FUN_00506770
0050AC00	FUN_0050ac00
0050CD10	FUN_0050cd10
0050E6C0	FUN_0050e6c0
00514790	FUN_00514790
005192E0	FUN_005192e0
0051CB00	FUN_0051cb00
0051CB60	AFX_DDPDATA
0051CBA0	FUN_0051cba0
0051CBD0	FUN_0051cbd0
0051CBE0	FUN_0051cbe0
0051CC20	FUN_0051cc20
0051CC30	FUN_0051cc30
0051CC60	FUN_0051cc60
0051CC70	FUN_0051cc70
0051CC90	FUN_0051cc90
0051CCD0	FUN_0051ccd0
0051CE30	FUN_0051ce30
0051CE50	FUN_0051ce50
0051CE60	FUN_0051ce60
0051CEB0	FUN_0051ceb0
0051CEF0	FUN_0051cef0
0051CF40	FUN_0051cf40
0051CFB0	FUN_0051cfb0
0051CFD0	FUN_0051cfd0
0051D150	FUN_0051d150
0051D830	FUN_0051d830
0051D840	FUN_0051d840
0051E110	FUN_0051e110
00521D60	FUN_00521d60
00522030	FUN_00522030
00522480	FUN_00522480
005295A0	FUN_005295a0
005295C0	FUN_005295c0
005295D0	FUN_005295d0
00529600	FUN_00529600
00529630	FUN_00529630
00529660	FUN_00529660
005296C0	FUN_005296c0
005296F0	FUN_005296f0
00529720	FUN_00529720
00529760	FUN_00529760
00529780	FUN_00529780
005298F7	Catch@005298f7
00529930	FUN_00529930
00529C60	FUN_00529c60
0052AB70	FUN_0052ab70
0052CA20	FUN_0052ca20
0052CE60	FUN_0052ce60
0052D0A0	FUN_0052d0a0
0052D330	FUN_0052d330
0052D5E0	FUN_0052d5e0
0052DA80	FUN_0052da80
0052DBA0	FUN_0052dba0
0052DE40	FUN_0052de40
0052E310	FUN_0052e310
0052E420	FUN_0052e420
0052E460	FUN_0052e460
005370B0	FUN_005370b0
00537160	FUN_00537160
00539E70	FUN_00539e70
00539F60	FUN_00539f60
0053A170	FUN_0053a170
0053E460	FUN_0053e460
0053E7C0	FUN_0053e7c0
0053ECA0	FUN_0053eca0
00542B20	FUN_00542b20
00544890	FUN_00544890
00546690	FUN_00546690
005467A0	FUN_005467a0
00546F80	FUN_00546f80
00547060	FUN_00547060
00547070	FUN_00547070
005481F0	FUN_005481f0
00548F30	FUN_00548f30
00548F60	FUN_00548f60
00548FB0	FUN_00548fb0
00549000	FUN_00549000
00549080	FUN_00549080
005490B0	FUN_005490b0
005491F0	FUN_005491f0
00549260	FUN_00549260
005493C0	FUN_005493c0
00549430	FUN_00549430
00549460	FUN_00549460
00549480	FUN_00549480
005494A0	FUN_005494a0
00549500	FUN_00549500
00549520	FUN_00549520
00549610	FUN_00549610
00549630	FUN_00549630
00549660	FUN_00549660
005498F0	FUN_005498f0
00549920	FUN_00549920
0054A2A0	FUN_0054a2a0
0054A340	FUN_0054a340
0054A3B0	FUN_0054a3b0
0054A470	FUN_0054a470
0054A480	FUN_0054a480
0054A570	FUN_0054a570
0054A660	FUN_0054a660
0054A6D0	FUN_0054a6d0
0054A7B0	FUN_0054a7b0
0054AA80	FUN_0054aa80
0054ABE0	FUN_0054abe0
0054ACC0	FUN_0054acc0
0054B0E0	FUN_0054b0e0
0054B130	FUN_0054b130
0054B200	FUN_0054b200
0054CBB0	FUN_0054cbb0
0054CCC0	FUN_0054ccc0
0054CF70	FUN_0054cf70
0054D380	FUN_0054d380
0054D6E0	FUN_0054d6e0
0054D760	FUN_0054d760
0054D9D0	FUN_0054d9d0
0054E350	FUN_0054e350
0054E6D0	FUN_0054e6d0
0054E950	FUN_0054e950
0054EA30	FUN_0054ea30
0054FBC0	FUN_0054fbc0
0054FC20	FUN_0054fc20
0054FCB0	FUN_0054fcb0
0054FFC0	FUN_0054ffc0
005500D0	FUN_005500d0
00550470	FUN_00550470
00550550	FUN_00550550
00550580	FUN_00550580
00550E50	FUN_00550e50
00551300	FUN_00551300
005513E0	FUN_005513e0
00551530	FUN_00551530
005516B0	FUN_005516b0
00551E40	FUN_00551e40
00552050	FUN_00552050
00552230	FUN_00552230
005522D0	FUN_005522d0
00552370	FUN_00552370
00552660	FUN_00552660
005526C0	FUN_005526c0
00552790	FUN_00552790
005527F0	FUN_005527f0
005529B0	FUN_005529b0
00552B90	FUN_00552b90
00552D70	FUN_00552d70
00552EF0	FUN_00552ef0
00552F60	FUN_00552f60
00553080	FUN_00553080
005530A0	FUN_005530a0
00553110	FUN_00553110
00553210	FUN_00553210
005532F0	FUN_005532f0
005533D0	FUN_005533d0
00553650	FUN_00553650
00553670	FUN_00553670
00553770	FUN_00553770
005537B0	FUN_005537b0
00553810	FUN_00553810
005539D0	FUN_005539d0
00553A00	FUN_00553a00
00553A30	FUN_00553a30
00553AA0	FUN_00553aa0
00553BA0	FUN_00553ba0
00553C20	FUN_00553c20
00553C60	FUN_00553c60
00553D70	FUN_00553d70
00553DC0	FUN_00553dc0
00553DD0	FUN_00553dd0
00553E10	FUN_00553e10
00553EA0	FUN_00553ea0
00553F30	FUN_00553f30
00554090	FUN_00554090
00554110	FUN_00554110
00554150	FUN_00554150
005541D0	FUN_005541d0
0055433C	Catch@0055433c
00554370	FUN_00554370
005543A0	FUN_005543a0
005544E1	Catch@005544e1
00554520	FUN_00554520
005545A0	FUN_005545a0
005545D0	FUN_005545d0
005546A0	FUN_005546a0
00554840	FUN_00554840
00554CC0	FUN_00554cc0
00554D00	FUN_00554d00
00554D40	FUN_00554d40
00554D90	FUN_00554d90
00554DC0	FUN_00554dc0
00554DE0	FUN_00554de0
00554E80	FUN_00554e80
00554FC0	FUN_00554fc0
00555040	FUN_00555040
00555060	FUN_00555060
005550B0	FUN_005550b0
0055518D	Catch@0055518d
005551B0	FUN_005551b0
00555230	FUN_00555230
00555300	FUN_00555300
005559E0	FUN_005559e0
00555C50	FUN_00555c50
00555CB0	FUN_00555cb0
00555E00	FUN_00555e00
005563D0	FUN_005563d0
005568B0	FUN_005568b0
00556A30	FUN_00556a30
00556F10	FUN_00556f10
00556F50	FUN_00556f50
00556FA0	FUN_00556fa0
00557040	FUN_00557040
00557BE0	FUN_00557be0
00557CC0	FUN_00557cc0
00557D60	FUN_00557d60
00558080	FUN_00558080
005592B0	FUN_005592b0
005595A0	FUN_005595a0
005598B0	FUN_005598b0
00559BF0	FUN_00559bf0
0055C630	FUN_0055c630
0055C640	FUN_0055c640
0055C9F0	FUN_0055c9f0
0055D0C0	FUN_0055d0c0
0055DFC0	FUN_0055dfc0
0055E040	FUN_0055e040
0055E070	FUN_0055e070
0055E0F0	FUN_0055e0f0
0055E150	FUN_0055e150
0055E1B0	FUN_0055e1b0
0055E490	FUN_0055e490
0055E5E0	FUN_0055e5e0
0055FC00	FUN_0055fc00
0055FE20	FUN_0055fe20
00561090	FUN_00561090
00561860	FUN_00561860
00562390	FUN_00562390
00562470	FUN_00562470
00562730	FUN_00562730
00563F20	FUN_00563f20
00563FD0	FUN_00563fd0
00564070	FUN_00564070
00564110	FUN_00564110
005641B0	FUN_005641b0
00564250	FUN_00564250
005642A0	FUN_005642a0
00564470	FUN_00564470
00564740	FUN_00564740
00564800	FUN_00564800
00564A60	FUN_00564a60
00564D60	FUN_00564d60
005658F0	FUN_005658f0
00565D70	FUN_00565d70
00565DC0	FUN_00565dc0
00566070	FUN_00566070
00568B30	FUN_00568b30
00568C40	FUN_00568c40
00568D70	FUN_00568d70
0056A800	FUN_0056a800
0056A890	FUN_0056a890
0056AA10	FUN_0056aa10
0056AA90	FUN_0056aa90
0056AB10	FUN_0056ab10
0056ABE0	FUN_0056abe0
0056ACD0	FUN_0056acd0
0056B130	FUN_0056b130
00570ED0	FUN_00570ed0
00571080	FUN_00571080
005711F0	FUN_005711f0
00571710	FUN_00571710
00578ED0	FUN_00578ed0
00579140	FUN_00579140
00579470	FUN_00579470
005796A0	FUN_005796a0
0057D860	FUN_0057d860
0057E050	FUN_0057e050
0057E160	FUN_0057e160
0057F6E0	FUN_0057f6e0
0057F7B0	FUN_0057f7b0
0057F890	FUN_0057f890
0057F8D0	FUN_0057f8d0
0057FD80	FUN_0057fd80
00580110	FUN_00580110
00580750	FUN_00580750
005809B0	FUN_005809b0
00580A10	FUN_00580a10
00580C00	FUN_00580c00
00580C80	FUN_00580c80
00580D00	FUN_00580d00
00580D90	FUN_00580d90
00580DF0	FUN_00580df0
00580E90	FUN_00580e90
00581070	FUN_00581070
00581120	FUN_00581120
005813D0	FUN_005813d0
00581550	FUN_00581550
00581930	FUN_00581930
00581A20	FUN_00581a20
00581A60	FUN_00581a60
00581AE0	FUN_00581ae0
00581C30	FUN_00581c30
00581C90	FUN_00581c90
00581CE0	FUN_00581ce0
00581D40	FUN_00581d40
00581F80	FUN_00581f80
005823C0	FUN_005823c0
005823E0	FUN_005823e0
00582400	FUN_00582400
00582450	FUN_00582450
005824A0	FUN_005824a0
005827E0	FUN_005827e0
00582850	FUN_00582850
005828E0	FUN_005828e0
00582A20	FUN_00582a20
00582B00	FUN_00582b00
00582B30	FUN_00582b30
00582D50	FUN_00582d50
00584FE0	FUN_00584fe0
00585070	FUN_00585070
005851D0	FUN_005851d0
00585260	FUN_00585260
00585C60	FUN_00585c60
00586C00	FUN_00586c00
00586D80	FUN_00586d80
005888F0	FUN_005888f0
005893B0	FUN_005893b0
005903F0	FUN_005903f0
005904E0	FUN_005904e0
00590570	FUN_00590570
005905E0	FUN_005905e0
005905F0	FUN_005905f0
00590600	FUN_00590600
00590610	FUN_00590610
00590620	FUN_00590620
00590650	FUN_00590650
00590730	FUN_00590730
00590AF0	FUN_00590af0
00590B00	FUN_00590b00
00590B30	FUN_00590b30
00590B70	FUN_00590b70
00590BB0	FUN_00590bb0
00590BE0	FUN_00590be0
00590C10	FUN_00590c10
00590C40	FUN_00590c40
00590C80	FUN_00590c80
00590CA0	FUN_00590ca0
00590CC0	FUN_00590cc0
00590CE0	FUN_00590ce0
00590D00	FUN_00590d00
00590D20	FUN_00590d20
00590D40	FUN_00590d40
00590DB0	FUN_00590db0
00590DE0	FUN_00590de0
00590E20	FUN_00590e20
00590E40	FUN_00590e40
00590E60	FUN_00590e60
00590EF0	FUN_00590ef0
00590F80	FUN_00590f80
00591050	FUN_00591050
005910A0	FUN_005910a0
00591130	FUN_00591130
005911B0	FUN_005911b0
005911D0	FUN_005911d0
00591350	Catch@00591350
00591390	FUN_00591390
005915B0	FUN_005915b0
00591610	FUN_00591610
00591830	FUN_00591830
005919B7	Catch@005919b7
00591A30	FUN_00591a30
00591C20	FUN_00591c20
00591C90	FUN_00591c90
00591E05	Catch@00591e05
00591E40	FUN_00591e40
00591F81	Catch@00591f81
00591FC0	FUN_00591fc0
00592000	FUN_00592000
00592030	FUN_00592030
005921D0	FUN_005921d0
00592340	FUN_00592340
00592390	FUN_00592390
00592480	FUN_00592480
005924C0	FUN_005924c0
005924F0	FUN_005924f0
00592602	Catch@00592602
00592670	FUN_00592670
0059277E	Catch@0059277e
005927F0	FUN_005927f0
005928D0	FUN_005928d0
00592A50	Catch@00592a50
00592A90	FUN_00592a90
00592AC0	FUN_00592ac0
00592B00	FUN_00592b00
00592C20	FUN_00592c20
00592C50	FUN_00592c50
00592CD0	FUN_00592cd0
00592E10	FUN_00592e10
00592E40	FUN_00592e40
00592F80	FUN_00592f80
00593280	FUN_00593280
00593320	FUN_00593320
00593770	FUN_00593770
00593CE0	FUN_00593ce0
005941A0	FUN_005941a0
005997C0	FUN_005997c0
00599910	cCreature_render
0059A3E0	FUN_0059a3e0
0059F580	FUN_0059f580
0059F810	FUN_0059f810
0059F960	FUN_0059f960
0059FE80	FUN_0059fe80
005A03B0	FUN_005a03b0
005A0430	FUN_005a0430
005A0930	FUN_005a0930
005A0940	FUN_005a0940
005A0950	FUN_005a0950
005A0960	FUN_005a0960
005A0980	FUN_005a0980
005A0990	FUN_005a0990
005A0A00	FUN_005a0a00
005A0A10	FUN_005a0a10
005A0B60	FUN_005a0b60
005A0C50	FUN_005a0c50
005A6680	FUN_005a6680
005AA330	FUN_005aa330
005AA480	FUN_005aa480
005AA560	FUN_005aa560
005AA7E0	FUN_005aa7e0
005AB490	FUN_005ab490
005AB8E0	FUN_005ab8e0
005ABB20	FUN_005abb20
005ABD80	FUN_005abd80
005B2600	FUN_005b2600
005B6620	FUN_005b6620
005B6640	FUN_005b6640
005B6660	FUN_005b6660
005B6680	FUN_005b6680
005B6730	FUN_005b6730
005B6840	FUN_005b6840
005B6910	FUN_005b6910
005B6950	FUN_005b6950
005B6990	FUN_005b6990
005B69D0	FUN_005b69d0
005B69F0	FUN_005b69f0
005B6A20	FUN_005b6a20
005B6F80	FUN_005b6f80
005B7590	FUN_005b7590
005B77C0	FUN_005b77c0
005B77E0	CRect
005B7800	FUN_005b7800
005B7820	FUN_005b7820
005B7880	FUN_005b7880
005B78B0	FUN_005b78b0
005B7900	FUN_005b7900
005B7950	FUN_005b7950
005B79A0	FUN_005b79a0
005B79F0	FUN_005b79f0
005B7A00	FUN_005b7a00
005B7A10	FUN_005b7a10
005B7AC0	FUN_005b7ac0
005B7B30	FUN_005b7b30
005B7B40	FUN_005b7b40
005B7B50	FUN_005b7b50
005B7B80	FUN_005b7b80
005B7BC0	FUN_005b7bc0
005B7BE0	FUN_005b7be0
005B7C50	FUN_005b7c50
005B7C60	FUN_005b7c60
005B7C70	FUN_005b7c70
005B7CF0	FUN_005b7cf0
005B7D60	FUN_005b7d60
005B7DE0	FUN_005b7de0
005B7E50	FUN_005b7e50
005B7E80	FUN_005b7e80
005B7F80	FUN_005b7f80
005B8050	FUN_005b8050
005B8460	FUN_005b8460
005B98C0	FUN_005b98c0
005B9950	FUN_005b9950
005B9970	FUN_005b9970
005B9A00	FUN_005b9a00
005B9B73	Catch@005b9b73
005B9BB0	FUN_005b9bb0
005B9C30	FUN_005b9c30
005B9CB0	FUN_005b9cb0
005B9CF0	FUN_005b9cf0
005B9D20	FUN_005b9d20
005B9D80	FUN_005b9d80
005B9E10	FUN_005b9e10
005BA0E0	FUN_005ba0e0
005BA980	FUN_005ba980
005BA9B0	FUN_005ba9b0
005BAA50	FUN_005baa50
005BAA60	FUN_005baa60
005BAB40	FUN_005bab40
005BAF00	FUN_005baf00
005BB010	FUN_005bb010
005BDCE0	FUN_005bdce0
005BDF10	FUN_005bdf10
005BE130	FUN_005be130
005BE2A0	FUN_005be2a0
005BE580	FUN_005be580
005BE5E0	FUN_005be5e0
005BE990	FUN_005be990
005BE9C0	FUN_005be9c0
005BE9E0	FUN_005be9e0
005BEAE0	FUN_005beae0
005BEB30	FUN_005beb30
005BEC70	FUN_005bec70
005BECF0	FUN_005becf0
005BEE60	FUN_005bee60
005BEE90	FUN_005bee90
005BF810	FUN_005bf810
005BFB60	FUN_005bfb60
005BFF60	FUN_005bff60
005C0430	FUN_005c0430
005C0810	FUN_005c0810
005C0A40	FUN_005c0a40
005C0A70	FUN_005c0a70
005C1130	FUN_005c1130
005C12F0	FUN_005c12f0
005C13C0	FUN_005c13c0
005C14C0	FUN_005c14c0
005C14E0	FUN_005c14e0
005C14F0	FUN_005c14f0
005C16B0	FUN_005c16b0
005C2210	FUN_005c2210
005C29A0	FUN_005c29a0
005C2BF0	FUN_005c2bf0
005C2E50	FUN_005c2e50
005C3080	FUN_005c3080
005C3130	FUN_005c3130
005C4450	FUN_005c4450
005C5360	FUN_005c5360
005C6EC0	FUN_005c6ec0
005C70C0	FUN_005c70c0
005C7370	FUN_005c7370
005C7690	FUN_005c7690
005C7A50	FUN_005c7a50
005C7D10	FUN_005c7d10
005C7D20	FUN_005c7d20
005C7FA0	FUN_005c7fa0
005C8B00	FUN_005c8b00
005C8C20	FUN_005c8c20
005C8D70	FUN_005c8d70
005C8EC0	FUN_005c8ec0
005C8EE0	FUN_005c8ee0
005C8F70	FUN_005c8f70
005C8FD0	FUN_005c8fd0
005C9156	Catch@005c9156
005C9190	FUN_005c9190
005C91D0	FUN_005c91d0
005C9230	FUN_005c9230
005C9400	FUN_005c9400
005C9440	FUN_005c9440
005C9480	FUN_005c9480
005C94D0	FUN_005c94d0
005C9510	FUN_005c9510
005C95A0	FUN_005c95a0
005C9700	FUN_005c9700
005C9720	FUN_005c9720
005C9BA0	FUN_005c9ba0
005CA8E0	FUN_005ca8e0
005CA900	FUN_005ca900
005CA990	FUN_005ca990
005CA9E0	FUN_005ca9e0
005CBA30	FUN_005cba30
005CBB70	FUN_005cbb70
005CBF80	FUN_005cbf80
005CBFB0	FUN_005cbfb0
005CC1F0	FUN_005cc1f0
005CC320	FUN_005cc320
005CC340	FUN_005cc340
005CC740	FUN_005cc740
005CC770	FUN_005cc770
005CCA90	FUN_005cca90
005CCAB0	FUN_005ccab0
005CD100	FUN_005cd100
005CD590	FUN_005cd590
005CD5B0	thunk_FUN_005be2a0
005CD5C0	FUN_005cd5c0
005CD690	FUN_005cd690
005CD800	FUN_005cd800
005CD890	FUN_005cd890
005CD920	FUN_005cd920
005CD980	FUN_005cd980
005CDB60	FUN_005cdb60
005CEA50	FUN_005cea50
005CEBE0	FUN_005cebe0
005CEC00	FUN_005cec00
005CECD0	FUN_005cecd0
005CF3F0	FUN_005cf3f0
005CF430	FUN_005cf430
005CF4B0	FUN_005cf4b0
005CFCC0	FUN_005cfcc0
005D0030	FUN_005d0030
005D0280	FUN_005d0280
005D0600	FUN_005d0600
005D07F0	FUN_005d07f0
005D0D60	FUN_005d0d60
005D1000	FUN_005d1000
005D1370	FUN_005d1370
005D1660	FUN_005d1660
005D1750	FUN_005d1750
005D2D70	FUN_005d2d70
005D2E40	FUN_005d2e40
005D3AB0	FUN_005d3ab0
005D4AC0	FUN_005d4ac0
005D4CE0	FUN_005d4ce0
005D5080	FUN_005d5080
005D57C0	FUN_005d57c0
005D5EA0	FUN_005d5ea0
005D66B0	FUN_005d66b0
005D6730	FUN_005d6730
005D6780	FUN_005d6780
005D67A0	FUN_005d67a0
005D6810	FUN_005d6810
005D6890	FUN_005d6890
005D69D3	Catch@005d69d3
005D6A60	FUN_005d6a60
005D6A90	FUN_005d6a90
005D6BCB	Catch@005d6bcb
005D6C10	FUN_005d6c10
005D6C30	FUN_005d6c30
005D6CA0	FUN_005d6ca0
005D6D50	FUN_005d6d50
005D6DF0	FUN_005d6df0
005D6E10	FUN_005d6e10
005D6E50	FUN_005d6e50
005D6E80	FUN_005d6e80
005D6EB0	FUN_005d6eb0
005D6F60	FUN_005d6f60
005D7180	FUN_005d7180
005D7290	FUN_005d7290
005D72B0	FUN_005d72b0
005D72F0	FUN_005d72f0
005D7340	FUN_005d7340
005D74B0	FUN_005d74b0
005D7550	FUN_005d7550
005D7610	FUN_005d7610
005D76A0	FUN_005d76a0
005D77C0	FUN_005d77c0
005D7860	FUN_005d7860
005D78E0	FUN_005d78e0
005D7980	FUN_005d7980
005D7A50	FUN_005d7a50
005D7C30	FUN_005d7c30
005D7D70	FUN_005d7d70
005D8000	FUN_005d8000
005D8120	FUN_005d8120
005D8280	FUN_005d8280
005D8490	FUN_005d8490
005D8520	FUN_005d8520
005D8550	FUN_005d8550
005D8560	FUN_005d8560
005D8580	FUN_005d8580
005D85A0	FUN_005d85a0
005D8610	FUN_005d8610
005D8700	FUN_005d8700
005D8730	FUN_005d8730
005D8970	FUN_005d8970
005D8C20	FUN_005d8c20
005D8D40	FUN_005d8d40
005D8E10	FUN_005d8e10
005D8FB0	FUN_005d8fb0
005D8FD0	FUN_005d8fd0
005D8FE0	FUN_005d8fe0
005D9060	FUN_005d9060
005D9240	FUN_005d9240
005D9420	FUN_005d9420
005D9460	FUN_005d9460
005D94C0	FUN_005d94c0
005D96C0	FUN_005d96c0
005D9860	FUN_005d9860
005D9BA0	FUN_005d9ba0
005D9BE0	FUN_005d9be0
005D9D60	FUN_005d9d60
005D9DF0	FUN_005d9df0
005D9F00	FUN_005d9f00
005DA280	FUN_005da280
005DA2D0	FUN_005da2d0
005DA340	FUN_005da340
005DA3A0	FUN_005da3a0
005DA3D0	FUN_005da3d0
005DA630	FUN_005da630
005DA710	FUN_005da710
005DA780	FUN_005da780
005DA810	FUN_005da810
005DA8C0	FUN_005da8c0
005DAB10	FUN_005dab10
005DABA0	FUN_005daba0
005DACB0	FUN_005dacb0
005DADB0	FUN_005dadb0
005DAE60	FUN_005dae60
005DAF40	FUN_005daf40
005DB030	FUN_005db030
005DB0D0	FUN_005db0d0
005DB280	FUN_005db280
005DB6B0	FUN_005db6b0
005DBEE0	FUN_005dbee0
005DC100	FUN_005dc100
005DC310	FUN_005dc310
005DC420	FUN_005dc420
005DC430	cInventoryEntry_render
005DD570	FUN_005dd570
005DD860	FUN_005dd860
005DD870	FUN_005dd870
005DD890	FUN_005dd890
005DD8C0	FUN_005dd8c0
005DDA30	FUN_005dda30
005DE0C0	FUN_005de0c0
005DE250	FUN_005de250
005DE3B0	FUN_005de3b0
005DE520	FUN_005de520
005DE690	FUN_005de690
005DE750	FUN_005de750
005DE8B0	FUN_005de8b0
005DE8E0	FUN_005de8e0
005DEB60	FUN_005deb60
005DEBA0	FUN_005deba0
005DEBC0	FUN_005debc0
005DEC60	FUN_005dec60
005DEC90	FUN_005dec90
005DECC0	FUN_005decc0
005DEE10	FUN_005dee10
005DEE30	FUN_005dee30
005DEE60	FUN_005dee60
005DEFA0	FUN_005defa0
005DF1D0	FUN_005df1d0
005DF230	FUN_005df230
005DF580	FUN_005df580
005DF600	FUN_005df600
005DF690	FUN_005df690
005DF710	FUN_005df710
005DF851	Catch@005df851
005DF890	FUN_005df890
005DFA07	Catch@005dfa07
005DFA40	FUN_005dfa40
005DFB81	Catch@005dfb81
005DFBC0	FUN_005dfbc0
005DFD50	FUN_005dfd50
005DFEB0	FUN_005dfeb0
005DFF31	Catch@005dff31
005DFF70	FUN_005dff70
005E0190	FUN_005e0190
005E0230	FUN_005e0230
005E0270	FUN_005e0270
005E02C0	FUN_005e02c0
005E0330	FUN_005e0330
005E04A0	FUN_005e04a0
005E04E0	FUN_005e04e0
005E0580	FUN_005e0580
005E0640	FUN_005e0640
005E0710	FUN_005e0710
005E22B0	FUN_005e22b0
005E2310	FUN_005e2310
005E3360	FUN_005e3360
005E3700	FUN_005e3700
005E3800	FUN_005e3800
005E52E0	FUN_005e52e0
005E58B0	FUN_005e58b0
005E5C50	FUN_005e5c50
005E6220	FUN_005e6220
005E6270	FUN_005e6270
005E63B0	FUN_005e63b0
005E6550	FUN_005e6550
005F23A0	FUN_005f23a0
005F24A0	FUN_005f24a0
005F2650	FUN_005f2650
005F2710	FUN_005f2710
005F27E0	FUN_005f27e0
005F2850	FUN_005f2850
005F28C0	FUN_005f28c0
005F2930	FUN_005f2930
005F29A0	FUN_005f29a0
005F2A10	FUN_005f2a10
005F2A80	FUN_005f2a80
005F2AF0	FUN_005f2af0
005F2B60	FUN_005f2b60
005F2BD0	FUN_005f2bd0
005F2C40	FUN_005f2c40
005F2CB0	FUN_005f2cb0
005F2D20	FUN_005f2d20
005F2D90	FUN_005f2d90
005F2E00	FUN_005f2e00
005F2E70	FUN_005f2e70
005F2EE0	FUN_005f2ee0
005F2F50	FUN_005f2f50
005F2FC0	FUN_005f2fc0
005F3030	FUN_005f3030
005F30A0	FUN_005f30a0
005F3110	FUN_005f3110
005F3180	FUN_005f3180
005F31F0	FUN_005f31f0
005F3260	FUN_005f3260
005F32D0	FUN_005f32d0
005F3340	FUN_005f3340
005F33B0	FUN_005f33b0
005F3420	FUN_005f3420
005F3490	FUN_005f3490
005F3500	FUN_005f3500
005F3570	FUN_005f3570
005F35E0	FUN_005f35e0
005F3650	FUN_005f3650
005F36C0	FUN_005f36c0
005F36E0	FUN_005f36e0
005F3700	FUN_005f3700
005F3720	FUN_005f3720
005F3750	FUN_005f3750
005F38E0	FUN_005f38e0
005F3960	FUN_005f3960
005F39B0	FUN_005f39b0
005F3A30	FUN_005f3a30
005F3B90	FUN_005f3b90
005F3BA0	FUN_005f3ba0
005F3D00	FUN_005f3d00
005F3D80	FUN_005f3d80
005F3DE0	FUN_005f3de0
005F3E40	FUN_005f3e40
005F4050	FUN_005f4050
005F40D0	FUN_005f40d0
005F4221	Catch@005f4221
005F4260	FUN_005f4260
005F42D0	FUN_005f42d0
005F4320	FUN_005f4320
005F4350	FUN_005f4350
005F43D0	FUN_005f43d0
005F4420	FUN_005f4420
005F4500	FUN_005f4500
005F4580	FUN_005f4580
005F45A0	FUN_005f45a0
005F45E0	FUN_005f45e0
005F4600	FUN_005f4600
005F4680	FUN_005f4680
005F47F0	FUN_005f47f0
005F4870	FUN_005f4870
005F4910	FUN_005f4910
005F4D90	FUN_005f4d90
005F4DC0	FUN_005f4dc0
005F4DE0	FUN_005f4de0
005F4E80	FUN_005f4e80
005F4F80	FUN_005f4f80
005F4F90	FUN_005f4f90
005F50E3	Catch@005f50e3
005F5113	FUN_005f5113
005F51B0	FUN_005f51b0
005F5320	FUN_005f5320
005F5640	FUN_005f5640
005F5E40	FUN_005f5e40
005F5E70	FUN_005f5e70
005F6030	FUN_005f6030
005F6240	FUN_005f6240
005F6290	FUN_005f6290
005F634D	Catch@005f634d
005F637B	FUN_005f637b
005F6420	FUN_005f6420
005F64DD	Catch@005f64dd
005F650B	FUN_005f650b
005F65B0	FUN_005f65b0
005F6671	Catch@005f6671
005F669F	FUN_005f669f
005F6770	FUN_005f6770
005F6790	FUN_005f6790
005F6840	FUN_005f6840
005F6890	FUN_005f6890
005F68A0	FUN_005f68a0
005F6940	FUN_005f6940
005F6A80	FUN_005f6a80
005F6BE0	FUN_005f6be0
005F6C73	Catch@005f6c73
005F6CA6	FUN_005f6ca6
005F6D40	FUN_005f6d40
005F6D70	FUN_005f6d70
005F6E60	FUN_005f6e60
005F6EE0	FUN_005f6ee0
005F6F50	FUN_005f6f50
005F7120	FUN_005f7120
005F72F0	FUN_005f72f0
005F74C0	FUN_005f74c0
005F7690	FUN_005f7690
005F7860	FUN_005f7860
005F7A30	FUN_005f7a30
005F7AE0	FUN_005f7ae0
005F7B90	FUN_005f7b90
005F7C30	FUN_005f7c30
005F7C50	FUN_005f7c50
005F7D2D	Catch@005f7d2d
005F7D50	FUN_005f7d50
005F7F60	FUN_005f7f60
005F8150	FUN_005f8150
005F8350	FUN_005f8350
005F85C0	FUN_005f85c0
005F8950	FUN_005f8950
005F8B00	FUN_005f8b00
005F8CB0	FUN_005f8cb0
005F8E60	FUN_005f8e60
005F9010	FUN_005f9010
005F91C0	FUN_005f91c0
005F9240	FUN_005f9240
005F9430	FUN_005f9430
005F9630	FUN_005f9630
005F9820	FUN_005f9820
005F9A10	FUN_005f9a10
005F9A30	FUN_005f9a30
005F9A40	FUN_005f9a40
005F9A60	FUN_005f9a60
005F9A80	FUN_005f9a80
005F9C60	FUN_005f9c60
005F9CF0	FUN_005f9cf0
005F9D00	FUN_005f9d00
005F9D50	FUN_005f9d50
005F9E90	FUN_005f9e90
005F9F70	FUN_005f9f70
005FA0D0	FUN_005fa0d0
005FA120	FUN_005fa120
005FA150	FUN_005fa150
005FA330	FUN_005fa330
005FA3C0	FUN_005fa3c0
005FA5A0	FUN_005fa5a0
005FA860	FUN_005fa860
005FAB50	FUN_005fab50
005FAFE0	FUN_005fafe0
005FB360	FUN_005fb360
005FB530	FUN_005fb530
005FBA40	FUN_005fba40
005FBDB0	FUN_005fbdb0
005FC870	FUN_005fc870
005FC8B0	FUN_005fc8b0
005FCAC0	FUN_005fcac0
005FCB70	FUN_005fcb70
005FCCB0	FUN_005fccb0
005FDE80	FUN_005fde80
005FE000	FUN_005fe000
005FE4B0	FUN_005fe4b0
005FE570	FUN_005fe570
005FE639	FUN_005fe639
005FE670	FUN_005fe670
005FE6D0	FUN_005fe6d0
005FE720	FUN_005fe720
005FE790	FUN_005fe790
005FE800	FUN_005fe800
005FE870	FUN_005fe870
005FE8D0	FUN_005fe8d0
005FE930	FUN_005fe930
005FEAF0	FUN_005feaf0
005FEB20	FUN_005feb20
005FEE50	FUN_005fee50
005FEFF0	FUN_005feff0
005FF0D0	FUN_005ff0d0
005FF160	FUN_005ff160
005FF2F0	FUN_005ff2f0
005FF7C0	FUN_005ff7c0
005FFC70	FUN_005ffc70
00600340	FUN_00600340
00600570	FUN_00600570
00600730	FUN_00600730
00600AA0	FUN_00600aa0
00600E20	FUN_00600e20
00600F80	FUN_00600f80
00601070	FUN_00601070
006016E0	FUN_006016e0
006018A0	FUN_006018a0
00601920	FUN_00601920
006019E0	FUN_006019e0
00601B40	FUN_00601b40
00601CF0	FUN_00601cf0
00601D60	FUN_00601d60
00601E90	FUN_00601e90
00601EF0	FUN_00601ef0
00602180	FUN_00602180
006021F0	FUN_006021f0
00602250	FUN_00602250
00602290	FUN_00602290
00602300	FUN_00602300
006024F0	FUN_006024f0
00602D10	FUN_00602d10
00603650	FUN_00603650
00603A70	FUN_00603a70
00603C00	FUN_00603c00
00603E30	FUN_00603e30
00603EA0	FUN_00603ea0
00603F50	FUN_00603f50
00604030	FUN_00604030
00604300	FUN_00604300
00604690	FUN_00604690
00605640	FUN_00605640
006058A0	FUN_006058a0
00607090	FUN_00607090
006073D0	FUN_006073d0
00607520	FUN_00607520
00607640	FUN_00607640
00607770	FUN_00607770
006077C0	FUN_006077c0
00607A70	FUN_00607a70
00607AE0	FUN_00607ae0
00607BC0	FUN_00607bc0
00607C20	FUN_00607c20
00607D10	FUN_00607d10
00607D40	FUN_00607d40
00607F70	FUN_00607f70
00607FF0	FUN_00607ff0
00608080	FUN_00608080
00608280	FUN_00608280
00608490	FUN_00608490
00608510	FUN_00608510
006085B0	FUN_006085b0
00608620	FUN_00608620
00608690	FUN_00608690
006087D1	Catch@006087d1
00608810	FUN_00608810
00608985	Catch@00608985
006089C0	FUN_006089c0
006089F0	FUN_006089f0
00608A60	FUN_00608a60
00608B00	FUN_00608b00
00608BDA	Catch@00608bda
00608C20	FUN_00608c20
00608F60	FUN_00608f60
00608FA0	FUN_00608fa0
00608FF0	FUN_00608ff0
00609040	FUN_00609040
00609070	FUN_00609070
00609230	Catch@00609230
006092A0	FUN_006092a0
0060935F	Catch@0060935f
006093D0	FUN_006093d0
006094B0	FUN_006094b0
006094E0	FUN_006094e0
0060952C	Catch@0060952c
00609570	FUN_00609570
006096E0	FUN_006096e0
00609710	FUN_00609710
00609760	FUN_00609760
006097B0	FUN_006097b0
006097E0	FUN_006097e0
006098F0	FUN_006098f0
006099B5	Catch@006099b5
00609A30	FUN_00609a30
00609B30	FUN_00609b30
00609C16	Catch@00609c16
00609D07	Catch@00609d07
00609D80	FUN_00609d80
00609E40	FUN_00609e40
00609F00	FUN_00609f00
0060A1C5	Catch@0060a1c5
0060A453	Catch@0060a453
0060A490	FUN_0060a490
0060A510	FUN_0060a510
0060A58C	Catch@0060a58c
0060A5E0	FUN_0060a5e0
0060A65C	Catch@0060a65c
0060A6B0	FUN_0060a6b0
0060A6F0	FUN_0060a6f0
0060A740	FUN_0060a740
0060A780	FUN_0060a780
0060A82E	Catch@0060a82e
0060A870	FUN_0060a870
0060A920	Catch@0060a920
0060A970	FUN_0060a970
0060A9C0	FUN_0060a9c0
0060A9F0	FUN_0060a9f0
0060ABD0	cEngine_ctor
0060D540	FUN_0060d540
0060D6C0	FUN_0060d6c0
0060D740	FUN_0060d740
0060D9F0	FUN_0060d9f0
0060DB60	FUN_0060db60
0060DD20	cEngine_handleZoomInput
0060DF00	FUN_0060df00
0060E060	cEngine_renderFadeOverlay
0060E350	cEngine_renderThreadRun
0060F060	cEngine_simThreadRun
0060F130	FUN_0060f130
0060F340	FUN_0060f340
0060F460	FUN_0060f460
0060FD10	FUN_0060fd10
006100D0	FUN_006100d0
00610180	FUN_00610180
00610210	FUN_00610210
006102E0	FUN_006102e0
00610380	FUN_00610380
006105B0	cEngine_scrollViewAndWarpCursor
006113C0	FUN_006113c0
006113D0	FUN_006113d0
006113E0	FUN_006113e0
00611400	FUN_00611400
00611510	FUN_00611510
00611560	FUN_00611560
00611620	FUN_00611620
00611E20	FUN_00611e20
00611E70	cEngine_updateWorldCursor
00612EC0	FUN_00612ec0
00612FA0	FUN_00612fa0
00613210	FUN_00613210
00613290	FUN_00613290
006132E0	FUN_006132e0
00613300	cEngine_setFadeMode
00613370	FUN_00613370
00613670	cEngine_captureInternal
006138B0	FUN_006138b0
006138D0	FUN_006138d0
00613960	FUN_00613960
006139F0	FUN_006139f0
00613AD0	FUN_00613ad0
00613B40	FUN_00613b40
00613BB0	FUN_00613bb0
00613BF0	FUN_00613bf0
00613F10	FUN_00613f10
00613FA0	FUN_00613fa0
006140C0	FUN_006140c0
006140F0	FUN_006140f0
00614210	FUN_00614210
00614220	FUN_00614220
00614230	FUN_00614230
00615210	FUN_00615210
00615550	FUN_00615550
00615F30	FUN_00615f30
00616980	FUN_00616980
00616AD0	FUN_00616ad0
00617030	FUN_00617030
006172C0	FUN_006172c0
00618090	cEngine_receiveEvent
00619B80	FUN_00619b80
00619BF0	FUN_00619bf0
0061B6F0	FUN_0061b6f0
0061CD00	FUN_0061cd00
0061D0F0	FUN_0061d0f0
0061D2D0	FUN_0061d2d0
0061D360	FUN_0061d360
0061D3F0	FUN_0061d3f0
0061D450	FUN_0061d450
0061D4F0	FUN_0061d4f0
0061D540	FUN_0061d540
0061D830	FUN_0061d830
0061DB10	FUN_0061db10
0061DB50	FUN_0061db50
0061DB70	FUN_0061db70
0061DB80	FUN_0061db80
0061DBA0	FUN_0061dba0
0061DBF0	FUN_0061dbf0
0061DC20	FUN_0061dc20
0061DE30	FUN_0061de30
0061DED0	FUN_0061ded0
0061E070	FUN_0061e070
0061E320	FUN_0061e320
0061E800	cTileRenderer_addQuad
0061ECC0	cTileRenderer_setPass
0061ED70	FUN_0061ed70
0061FAB0	cTileRenderer_flush
00620090	cTileRenderer_instance
00620170	FUN_00620170
006202C0	FUN_006202c0
006203A0	FUN_006203a0
006204E0	FUN_006204e0
006205A0	FUN_006205a0
00620620	FUN_00620620
00620700	FUN_00620700
006207C0	FUN_006207c0
00620840	FUN_00620840
00620920	FUN_00620920
00620950	FUN_00620950
00620AE0	FUN_00620ae0
00620B60	FUN_00620b60
00620CB0	FUN_00620cb0
00620D20	FUN_00620d20
00620D90	FUN_00620d90
00620F33	Catch@00620f33
00621030	FUN_00621030
00621181	Catch@00621181
006211C0	FUN_006211c0
006212F0	FUN_006212f0
00621460	Catch@00621460
006214B0	FUN_006214b0
00621520	FUN_00621520
00621690	Catch@00621690
006216E0	FUN_006216e0
006217C0	FUN_006217c0
006218A0	FUN_006218a0
006218F0	FUN_006218f0
0062199B	Catch@0062199b
00621AA0	FUN_00621aa0
00621B42	Catch@00621b42
00621C50	FUN_00621c50
00621D20	FUN_00621d20
00621DA0	FUN_00621da0
00621E20	FUN_00621e20
00621E50	FUN_00621e50
00621E70	FUN_00621e70
00621EF0	FUN_00621ef0
00621F40	FUN_00621f40
00621F60	FUN_00621f60
00621FE0	FUN_00621fe0
00622060	FUN_00622060
00622167	FUN_00622167
006221BA	Catch@006221ba
00622240	FUN_00622240
00622347	FUN_00622347
0062239A	Catch@0062239a
00622420	FUN_00622420
00622460	FUN_00622460
00622490	FUN_00622490
006224B0	FUN_006224b0
006224E0	FUN_006224e0
00622520	FUN_00622520
00622560	FUN_00622560
00622620	FUN_00622620
00622660	FUN_00622660
006226B0	FUN_006226b0
006227E0	FUN_006227e0
00622890	FUN_00622890
006229E0	FUN_006229e0
00622A40	FUN_00622a40
00622A80	FUN_00622a80
00622AB0	FUN_00622ab0
00622AE0	FUN_00622ae0
00622B10	FUN_00622b10
00622B80	FUN_00622b80
00622BA0	FUN_00622ba0
00622C10	FUN_00622c10
00622C80	FUN_00622c80
00622D50	FUN_00622d50
00622D70	FUN_00622d70
00622DA0	FUN_00622da0
00622E20	FUN_00622e20
00622E80	FUN_00622e80
00622FA0	FUN_00622fa0
006230C0	FUN_006230c0
006231A0	FUN_006231a0
00623240	FUN_00623240
00623720	FUN_00623720
006238C0	FUN_006238c0
00623910	FUN_00623910
00623940	FUN_00623940
006239C0	FUN_006239c0
00623A20	FUN_00623a20
00623A80	FUN_00623a80
00623AD0	FUN_00623ad0
00623B60	FUN_00623b60
00623D10	FUN_00623d10
00623D30	FUN_00623d30
00623DC0	FUN_00623dc0
00623F40	Catch@00623f40
00623F80	FUN_00623f80
00624120	FUN_00624120
006243B0	FUN_006243b0
00624430	cWorldView_ctor
00624860	FUN_00624860
00624A00	cWorldView_updateViewMetrics
00624E30	cWorldView_applyProjection
00624F90	FUN_00624f90
00624FA0	FUN_00624fa0
00624FC0	FUN_00624fc0
006250B0	FUN_006250b0
00625160	FUN_00625160
00625180	FUN_00625180
006251E0	FUN_006251e0
00625290	FUN_00625290
00626130	FUN_00626130
006261A0	FUN_006261a0
006262A0	FUN_006262a0
00626390	FUN_00626390
006263B0	FUN_006263b0
00626A90	FUN_00626a90
00626C50	FUN_00626c50
006270A0	FUN_006270a0
00627180	cWorldView_drawOverheadLabels
00628130	cWorldView_setZoom
00628310	cWorldView_addZoom
006284E0	FUN_006284e0
006288A0	FUN_006288a0
006288F0	FUN_006288f0
00628D50	FUN_00628d50
00628F90	FUN_00628f90
00629050	FUN_00629050
00629180	FUN_00629180
006292C0	FUN_006292c0
00629300	FUN_00629300
00629340	FUN_00629340
00629460	FUN_00629460
00629490	FUN_00629490
00629520	FUN_00629520
006295B0	FUN_006295b0
00629630	FUN_00629630
00629880	FUN_00629880
006298B0	FUN_006298b0
006299F1	Catch@006299f1
00629A30	FUN_00629a30
00629BD5	Catch@00629bd5
00629C10	FUN_00629c10
00629C30	FUN_00629c30
00629DF0	FUN_00629df0
00629E20	FUN_00629e20
00629F00	FUN_00629f00
00629F10	FUN_00629f10
00629F30	cWorldView_screenToWorld
00629FD0	FUN_00629fd0
0062AE90	cWorldView_renderTileRow
0062D3C0	FUN_0062d3c0
0062DD00	FUN_0062dd00
0062E410	FUN_0062e410
0062FF60	FUN_0062ff60
00631EB0	FUN_00631eb0
00632140	cWorldView0_render
006328C0	FUN_006328c0
00632C60	FUN_00632c60
00632C80	FUN_00632c80
00632DF7	Catch@00632df7
00632E30	FUN_00632e30
00632E80	FUN_00632e80
00632F04	Catch@00632f04
00632F40	FUN_00632f40
00632FCA	Catch@00632fca
00633010	FUN_00633010
00633080	FUN_00633080
006330D0	FUN_006330d0
00633130	FUN_00633130
006331D0	FUN_006331d0
006333F0	FUN_006333f0
006335B0	FUN_006335b0
006335F0	FUN_006335f0
00633840	FUN_00633840
00633AE0	FUN_00633ae0
00633E80	FUN_00633e80
00634110	FUN_00634110
00634150	FUN_00634150
006341B0	FUN_006341b0
006341F0	FUN_006341f0
00634230	FUN_00634230
006342C0	FUN_006342c0
00634340	FUN_00634340
00634630	FUN_00634630
00634710	FUN_00634710
00634840	FUN_00634840
00634870	FUN_00634870
00634970	FUN_00634970
00634AE0	FUN_00634ae0
00634AF0	FUN_00634af0
00634C50	FUN_00634c50
00634EC0	FUN_00634ec0
00635020	FUN_00635020
00635240	FUN_00635240
006353A0	FUN_006353a0
00635400	FUN_00635400
00635440	FUN_00635440
006354B0	FUN_006354b0
006354D0	FUN_006354d0
006356E0	FUN_006356e0
00635780	FUN_00635780
00635C40	FUN_00635c40
00635D10	FUN_00635d10
00635E50	FUN_00635e50
00635FE0	FUN_00635fe0
00636310	FUN_00636310
00636520	FUN_00636520
00636890	FUN_00636890
00636A60	FUN_00636a60
00636C10	FUN_00636c10
00636D20	FUN_00636d20
00636D70	FUN_00636d70
00636DB0	FUN_00636db0
00637060	FUN_00637060
00637300	FUN_00637300
00637790	FUN_00637790
00637AF0	FUN_00637af0
00637BF0	FUN_00637bf0
00637D30	FUN_00637d30
00638160	FUN_00638160
00638570	FUN_00638570
00638730	FUN_00638730
006387B0	FUN_006387b0
00638CD0	FUN_00638cd0
00638E00	FUN_00638e00
00638E60	FUN_00638e60
00638EB0	FUN_00638eb0
00638EF0	FUN_00638ef0
00638F30	FUN_00638f30
00639080	FUN_00639080
00639B50	FUN_00639b50
00639C10	FUN_00639c10
00639C20	FUN_00639c20
00639D30	FUN_00639d30
0063A160	FUN_0063a160
0063B120	FUN_0063b120
0063B540	FUN_0063b540
0063B580	FUN_0063b580
0063C830	FUN_0063c830
0063C910	FUN_0063c910
0063C970	FUN_0063c970
0063CB10	FUN_0063cb10
0063CFC0	FUN_0063cfc0
0063D010	FUN_0063d010
0063D0C0	FUN_0063d0c0
0063D180	FUN_0063d180
0063D1C0	FUN_0063d1c0
0063D260	FUN_0063d260
0063D4D0	FUN_0063d4d0
0063D550	FUN_0063d550
0063D570	FUN_0063d570
0063D630	FUN_0063d630
0063D6F0	FUN_0063d6f0
0063D770	FUN_0063d770
0063D7E0	FUN_0063d7e0
0063D870	FUN_0063d870
0063D8F0	FUN_0063d8f0
0063D910	FUN_0063d910
0063D930	FUN_0063d930
0063D9B0	FUN_0063d9b0
0063DA40	FUN_0063da40
0063DB91	Catch@0063db91
0063DBD0	FUN_0063dbd0
0063DDB0	FUN_0063ddb0
0063DE20	FUN_0063de20
0063DEA0	FUN_0063dea0
0063DFF8	Catch@0063dff8
0063E030	FUN_0063e030
0063E060	FUN_0063e060
0063E0A0	FUN_0063e0a0
0063E110	FUN_0063e110
0063E160	FUN_0063e160
0063E190	FUN_0063e190
0063E1D0	FUN_0063e1d0
0063E240	FUN_0063e240
0063E290	FUN_0063e290
0063E3E1	Catch@0063e3e1
0063E420	FUN_0063e420
0063E600	FUN_0063e600
0063E670	FUN_0063e670
0063E870	FUN_0063e870
0063E8B0	FUN_0063e8b0
0063E8E0	FUN_0063e8e0
0063E930	FUN_0063e930
0063E970	FUN_0063e970
0063E990	FUN_0063e990
0063E9D0	FUN_0063e9d0
0063EA20	FUN_0063ea20
0063EA60	FUN_0063ea60
0063EA70	FUN_0063ea70
0063EA90	FUN_0063ea90
0063EAC0	FUN_0063eac0
0063EC60	FUN_0063ec60
0063EDC0	FUN_0063edc0
0063EE40	FUN_0063ee40
0063F2C0	FUN_0063f2c0
0063F340	FUN_0063f340
0063F7C0	FUN_0063f7c0
0063F970	FUN_0063f970
0063F9B0	FUN_0063f9b0
0063F9F0	FUN_0063f9f0
0063FA20	FUN_0063fa20
0063FA50	FUN_0063fa50
0063FA80	FUN_0063fa80
0063FBF5	Catch@0063fbf5
0063FC30	FUN_0063fc30
0063FDA7	Catch@0063fda7
0063FDE0	FUN_0063fde0
0063FE00	FUN_0063fe00
0063FE87	Catch@0063fe87
0063FEC0	FUN_0063fec0
0063FF00	FUN_0063ff00
0063FF60	FUN_0063ff60
0063FF90	FUN_0063ff90
00640011	Catch@00640011
00640050	FUN_00640050
006400F0	FUN_006400f0
00640230	FUN_00640230
006402D0	FUN_006402d0
00640410	FUN_00640410
00640450	FUN_00640450
00640490	FUN_00640490
006404D0	FUN_006404d0
00640500	FUN_00640500
00640530	FUN_00640530
00640580	FUN_00640580
006405D0	FUN_006405d0
006405F0	FUN_006405f0
00640600	FUN_00640600
00640620	FUN_00640620
00640640	FUN_00640640
00640820	FUN_00640820
00640930	FUN_00640930
00640A60	FUN_00640a60
00640AD0	FUN_00640ad0
00640B10	FUN_00640b10
00640F40	FUN_00640f40
006410A0	FUN_006410a0
00641190	FUN_00641190
00641230	FUN_00641230
006412F0	FUN_006412f0
00641340	FUN_00641340
006413E0	FUN_006413e0
006414A0	FUN_006414a0
006414C0	FUN_006414c0
00641520	FUN_00641520
00641700	FUN_00641700
00641720	FUN_00641720
00641790	FUN_00641790
00641810	FUN_00641810
00641968	Catch@00641968
006419A0	FUN_006419a0
00641A21	Catch@00641a21
00641C50	FUN_00641c50
00642420	FUN_00642420
00642520	FUN_00642520
00642570	matrixOrtho
00642610	FUN_00642610
00642690	FUN_00642690
00642850	FUN_00642850
00642880	FUN_00642880
006428C0	FUN_006428c0
00642910	FUN_00642910
00642B90	FUN_00642b90
00642D90	FUN_00642d90
00642DF0	FUN_00642df0
00642EF0	FUN_00642ef0
00642F60	FUN_00642f60
00642FD0	FUN_00642fd0
00643110	FUN_00643110
00643150	FUN_00643150
00643190	FUN_00643190
006433F0	FUN_006433f0
00643430	FUN_00643430
00643470	FUN_00643470
00643FD0	FUN_00643fd0
00644090	FUN_00644090
00644130	cDxDevices_findMode
006441C0	FUN_006441c0
00644260	FUN_00644260
006442D0	FUN_006442d0
006445B0	FUN_006445b0
00644720	FUN_00644720
00644760	FUN_00644760
00644830	dxDriver7_ctor
00644940	FUN_00644940
00644A10	FUN_00644a10
00644AB0	dxDriver7_createSurface
00644DF0	FUN_00644df0
00644E60	FUN_00644e60
00644ED0	dxDriver7_createZBuffer
00645180	FUN_00645180
00645260	dxDriver7_init
00645E40	dxDriver7_flip
00646150	dxDriver7_lockBack
006461C0	dxDriver7_unlockBack
006463E0	dxDriver7_setFullViewport
00646440	dxDriver7_clearAll
00646470	dxDriver7_clearZ
00646580	dxDriver7_drawTexturedQuad
00646720	dxDriver7_drawGradientQuad
006468A0	dxDriver7_drawLoadingScreen
00646B60	FUN_00646b60
00646BA0	FUN_00646ba0
00646E20	dxDriver7_beginScene
00646EA0	dxDriver7_endScene
00646FF0	FUN_00646ff0
00647060	FUN_00647060
006471A0	FUN_006471a0
00647230	FUN_00647230
006482C0	writeTga1024x768
00648660	dxDriver7_startCapture
006487D0	captureScreenshot
006489B0	FUN_006489b0
006489D0	FUN_006489d0
00648A20	FUN_00648a20
00648B30	FUN_00648b30
00648CD0	FUN_00648cd0
00648DE0	FUN_00648de0
00649310	FUN_00649310
00649510	FUN_00649510
00649650	FUN_00649650
00649970	FUN_00649970
00649A50	FUN_00649a50
00649BE0	FUN_00649be0
00649C50	FUN_00649c50
00649C80	FUN_00649c80
00649CB0	FUN_00649cb0
00649CE0	FUN_00649ce0
00649D30	FUN_00649d30
00649D90	FUN_00649d90
00649E10	FUN_00649e10
00649F20	FUN_00649f20
0064A2A0	FUN_0064a2a0
0064A2E0	FUN_0064a2e0
0064A300	FUN_0064a300
0064A370	FUN_0064a370
0064A3F0	FUN_0064a3f0
0064A480	FUN_0064a480
0064A5C1	Catch@0064a5c1
0064A600	FUN_0064a600
0064A796	Catch@0064a796
0064A800	FUN_0064a800
0064AA10	FUN_0064aa10
0064AA30	FUN_0064aa30
0064AB10	FUN_0064ab10
0064AB40	FUN_0064ab40
0064AB70	FUN_0064ab70
0064AC08	Catch@0064ac08
0064AC70	FUN_0064ac70
0064AD04	Catch@0064ad04
0064AD70	FUN_0064ad70
0064AE30	FUN_0064ae30
0064AEC0	FUN_0064aec0
0064AEF0	FUN_0064aef0
0064AFA0	FUN_0064afa0
0064B070	FUN_0064b070
0064B0E0	FUN_0064b0e0
0064B120	FUN_0064b120
0064B330	FUN_0064b330
0064B420	FUN_0064b420
0064BAE0	FUN_0064bae0
0064C900	FUN_0064c900
0064CB00	FUN_0064cb00
0064CC30	FUN_0064cc30
0064D230	FUN_0064d230
0064D400	FUN_0064d400
0064D420	FUN_0064d420
0064D4A0	FUN_0064d4a0
0064D530	FUN_0064d530
0064D681	Catch@0064d681
0064D6C0	FUN_0064d6c0
0064D837	Catch@0064d837
0064D870	FUN_0064d870
0064D8F4	Catch@0064d8f4
0064D950	FUN_0064d950
0064D9B0	FUN_0064d9b0
0064DB20	FUN_0064db20
0064DCB0	FUN_0064dcb0
0064E1D0	FUN_0064e1d0
0064E860	FUN_0064e860
00650AA0	FUN_00650aa0
00650C30	FUN_00650c30
00651300	FUN_00651300
00651CB0	FUN_00651cb0
006520F0	FUN_006520f0
006525A0	FUN_006525a0
006525C0	FUN_006525c0
006526C0	FUN_006526c0
00652740	FUN_00652740
006527D0	FUN_006527d0
00652850	FUN_00652850
006529A1	Catch@006529a1
006529E0	FUN_006529e0
00652B59	Catch@00652b59
00652B90	FUN_00652b90
00652BC0	FUN_00652bc0
00652BF0	FUN_00652bf0
00652C20	FUN_00652c20
00652C50	FUN_00652c50
00652CD1	Catch@00652cd1
00652D10	FUN_00652d10
00652D94	Catch@00652d94
00652DD0	FUN_00652dd0
006530D0	FUN_006530d0
00653180	FUN_00653180
00653210	FUN_00653210
00653270	FUN_00653270
00653350	FUN_00653350
006533D0	FUN_006533d0
00653430	FUN_00653430
00653470	FUN_00653470
006534C0	FUN_006534c0
00653500	FUN_00653500
00653590	FUN_00653590
006535F0	FUN_006535f0
00653640	FUN_00653640
00653690	FUN_00653690
00653710	FUN_00653710
00653790	FUN_00653790
00653850	FUN_00653850
00653910	FUN_00653910
006539D0	FUN_006539d0
00653A80	FUN_00653a80
00653B30	FUN_00653b30
00653DF0	FUN_00653df0
00653EA0	FUN_00653ea0
00653F10	FUN_00653f10
00654390	FUN_00654390
006545E0	FUN_006545e0
00654650	FUN_00654650
00654680	FUN_00654680
006546B0	FUN_006546b0
006546E0	FUN_006546e0
00654800	FUN_00654800
006548A0	FUN_006548a0
00654C80	FUN_00654c80
00654DB0	FUN_00654db0
00654F60	cMouse_instance
00654FD0	FUN_00654fd0
00655000	FUN_00655000
00655040	FUN_00655040
00655060	FUN_00655060
00655180	FUN_00655180
006552B0	FUN_006552b0
00655400	FUN_00655400
00655450	cMouse_renderCursor
006554E0	cMouse_setPosition
00655550	FUN_00655550
00655560	FUN_00655560
00655580	FUN_00655580
006556F0	FUN_006556f0
00655810	FUN_00655810
00655850	FUN_00655850
00655860	FUN_00655860
00655870	FUN_00655870
006558B0	FUN_006558b0
006558D0	FUN_006558d0
006558F0	FUN_006558f0
00655910	FUN_00655910
00655920	FUN_00655920
00655930	FUN_00655930
00655950	FUN_00655950
00655A40	FUN_00655a40
00655A90	FUN_00655a90
00655AD0	FUN_00655ad0
00655B00	FUN_00655b00
00655BA0	FUN_00655ba0
00655C7A	Catch@00655c7a
00655CC0	FUN_00655cc0
00655D30	FUN_00655d30
00655D70	FUN_00655d70
00655DA0	FUN_00655da0
00655DEC	Catch@00655dec
00655E30	FUN_00655e30
00655FD0	FUN_00655fd0
00656060	FUN_00656060
00656420	FUN_00656420
00656700	FUN_00656700
006568E0	FUN_006568e0
006569C0	FUN_006569c0
00656A40	FUN_00656a40
00656AD0	FUN_00656ad0
00656C40	FUN_00656c40
00656DD0	FUN_00656dd0
00657360	FUN_00657360
00657470	FUN_00657470
006574D0	FUN_006574d0
006575A0	FUN_006575a0
006576E0	FUN_006576e0
00657700	FUN_00657700
00657770	FUN_00657770
00657800	FUN_00657800
00657860	FUN_00657860
006579F0	FUN_006579f0
00657A30	FUN_00657a30
00657BA9	Catch@00657ba9
00657BE0	FUN_00657be0
00657C00	FUN_00657c00
00657CD0	FUN_00657cd0
00657EB0	FUN_00657eb0
006580F0	FUN_006580f0
006581E0	FUN_006581e0
006582D0	FUN_006582d0
006582E0	FUN_006582e0
006582F0	FUN_006582f0
00658300	FUN_00658300
00658400	FUN_00658400
00658510	FUN_00658510
006586E0	FUN_006586e0
00658820	FUN_00658820
00658980	FUN_00658980
00658AF0	FUN_00658af0
00658C70	FUN_00658c70
00658D70	FUN_00658d70
00658E70	FUN_00658e70
006590B0	FUN_006590b0
006592D0	FUN_006592d0
006593D0	FUN_006593d0
006594B0	FUN_006594b0
00659560	FUN_00659560
006595E0	FUN_006595e0
00659776	Catch@00659776
006597E0	FUN_006597e0
00659860	FUN_00659860
006598E0	FUN_006598e0
00659920	FUN_00659920
00659950	FUN_00659950
006599B0	FUN_006599b0
00659B80	FUN_00659b80
00659BF0	FUN_00659bf0
00659E00	FUN_00659e00
00659E98	Catch@00659e98
00659F00	FUN_00659f00
00659F9C	Catch@00659f9c
0065A010	FUN_0065a010
0065A0E0	FUN_0065a0e0
0065A17C	Catch@0065a17c
0065A1F0	FUN_0065a1f0
0065A288	Catch@0065a288
0065A2F0	FUN_0065a2f0
0065A320	FUN_0065a320
0065A42C	Catch@0065a42c
0065A4A0	FUN_0065a4a0
0065A500	FUN_0065a500
0065ACF0	FUN_0065acf0
0065AD20	FUN_0065ad20
0065AD40	FUN_0065ad40
0065AD60	FUN_0065ad60
0065AE10	FUN_0065ae10
0065AE20	FUN_0065ae20
0065AE30	FUN_0065ae30
0065AE60	FUN_0065ae60
0065AEA0	FUN_0065aea0
0065AF80	FUN_0065af80
0065AFF0	FUN_0065aff0
0065B040	FUN_0065b040
0065B070	FUN_0065b070
0065B0C0	FUN_0065b0c0
0065B150	FUN_0065b150
0065B160	FUN_0065b160
0065B170	FUN_0065b170
0065B180	FUN_0065b180
0065B1F0	FUN_0065b1f0
0065B270	FUN_0065b270
0065B330	FUN_0065b330
0065B350	FUN_0065b350
0065B380	FUN_0065b380
0065B3D0	FUN_0065b3d0
0065B420	FUN_0065b420
0065B460	FUN_0065b460
0065B4B0	FUN_0065b4b0
0065B620	FUN_0065b620
0065B7F0	FUN_0065b7f0
0065B810	FUN_0065b810
0065B996	Catch@0065b996
0065B9D0	FUN_0065b9d0
0065BA10	FUN_0065ba10
0065BA90	FUN_0065ba90
0065BB70	FUN_0065bb70
0065BCC0	FUN_0065bcc0
0065BDC0	FUN_0065bdc0
0065BEC0	FUN_0065bec0
0065BEE0	FUN_0065bee0
0065BF10	FUN_0065bf10
0065BF20	FUN_0065bf20
0065BF30	FUN_0065bf30
0065BF40	FUN_0065bf40
0065BFE0	FUN_0065bfe0
0065C0C5	Catch@0065c0c5
0065C180	FUN_0065c180
0065C1B0	FUN_0065c1b0
0065C1F9	Catch@0065c1f9
0065C3B0	FUN_0065c3b0
0065C3E0	FUN_0065c3e0
0065C410	FUN_0065c410
0065C420	FUN_0065c420
0065C4A0	FUN_0065c4a0
0065C890	FUN_0065c890
0065C8B0	FUN_0065c8b0
0065C920	FUN_0065c920
0065C970	FUN_0065c970
0065CB20	FUN_0065cb20
0065CC00	FUN_0065cc00
0065CDD0	FUN_0065cdd0
0065CEA0	FUN_0065cea0
0065D070	FUN_0065d070
0065D8B0	FUN_0065d8b0
0065D8E0	FUN_0065d8e0
0065DB80	FUN_0065db80
0065DC40	FUN_0065dc40
0065DD10	FUN_0065dd10
0065E130	FUN_0065e130
0065E5F0	FUN_0065e5f0
0065E600	FUN_0065e600
0065E650	FUN_0065e650
0065E7A0	FUN_0065e7a0
0065E8E0	FUN_0065e8e0
0065EAB0	FUN_0065eab0
0065EC30	FUN_0065ec30
0065ED90	FUN_0065ed90
0065EE70	FUN_0065ee70
0065EED0	FUN_0065eed0
0065EF00	FUN_0065ef00
0065EF60	FUN_0065ef60
0065F160	FUN_0065f160
0065F180	FUN_0065f180
0065F1E0	FUN_0065f1e0
0065F200	FUN_0065f200
0065F270	FUN_0065f270
0065F32C	Catch@0065f32c
0065F360	FUN_0065f360
0065F421	Catch@0065f421
0065F450	FUN_0065f450
0065F830	FUN_0065f830
0065FF10	FUN_0065ff10
006604B0	writeTga
00660880	FUN_00660880
00660940	FUN_00660940
006609A0	FUN_006609a0
00660A60	FUN_00660a60
00660AD0	FUN_00660ad0
00660FB0	FUN_00660fb0
00661120	FUN_00661120
006611A0	FUN_006611a0
00661250	FUN_00661250
006612C0	FUN_006612c0
006614C0	FUN_006614c0
00661640	FUN_00661640
00661670	FUN_00661670
006616F0	FUN_006616f0
00661890	FUN_00661890
006618C0	FUN_006618c0
00661A11	Catch@00661a11
00661A50	FUN_00661a50
00661A60	FUN_00661a60
00661C20	FUN_00661c20
00661D90	FUN_00661d90
00661DD0	FUN_00661dd0
006620A0	FUN_006620a0
006620B0	cLabelLayout_init
006620F0	FUN_006620f0
00662390	FUN_00662390
0066253B	Catch@0066253b
00662580	FUN_00662580
006625C0	FUN_006625c0
00662620	FUN_00662620
00662680	FUN_00662680
00662710	FUN_00662710
00662AD0	FUN_00662ad0
00662C70	FUN_00662c70
00662DF0	FUN_00662df0
00662F60	FUN_00662f60
006630E0	FUN_006630e0
006632E0	FUN_006632e0
006634C0	FUN_006634c0
00663530	FUN_00663530
006635E0	FUN_006635e0
00663600	FUN_00663600
00663650	FUN_00663650
006636D0	FUN_006636d0
00663770	FUN_00663770
00663880	FUN_00663880
00663940	FUN_00663940
00663960	FUN_00663960
00663A10	FUN_00663a10
00663A80	FUN_00663a80
00663AE0	FUN_00663ae0
00663B93	Catch@00663b93
00663BE0	FUN_00663be0
00663CF0	FUN_00663cf0
00663D70	FUN_00663d70
00663EE0	FUN_00663ee0
00663F10	FUN_00663f10
006641C0	FUN_006641c0
00664210	FUN_00664210
006642C0	FUN_006642c0
00664390	FUN_00664390
006643A0	FUN_006643a0
00664420	FUN_00664420
00664630	FUN_00664630
00664650	FUN_00664650
00664690	createMainWindow
006649C0	FUN_006649c0
00664BA0	FUN_00664ba0
00664CD0	FUN_00664cd0
00664E60	FUN_00664e60
00665150	FUN_00665150
00665180	FUN_00665180
006654C0	FUN_006654c0
00665750	FUN_00665750
00665C50	FUN_00665c50
00665D00	FUN_00665d00
00667210	FUN_00667210
00667630	FUN_00667630
00667770	FUN_00667770
00667E10	FUN_00667e10
00667FE0	FUN_00667fe0
006680B0	FUN_006680b0
00669510	FUN_00669510
006699A0	FUN_006699a0
006699F0	FUN_006699f0
00669AF0	FUN_00669af0
00669B10	FUN_00669b10
0066B070	FUN_0066b070
0066B180	FUN_0066b180
0066B1D0	FUN_0066b1d0
0066B4A0	FUN_0066b4a0
0066B5D0	FUN_0066b5d0
0066C6D0	FUN_0066c6d0
0066C790	FUN_0066c790
0066C8B0	FUN_0066c8b0
0066E160	FUN_0066e160
0066E250	FUN_0066e250
0066E270	FUN_0066e270
0066E280	getClientCursorPos
0066E300	FUN_0066e300
0066E320	FUN_0066e320
0066E330	FUN_0066e330
0066E660	FUN_0066e660
0066E670	FUN_0066e670
0066E680	FUN_0066e680
0066E6A0	FUN_0066e6a0
0066E7D0	FUN_0066e7d0
0066E9D0	FUN_0066e9d0
0066EA50	FUN_0066ea50
0066EAE0	FUN_0066eae0
0066EAF0	FUN_0066eaf0
0066EB00	FUN_0066eb00
0066EB20	FUN_0066eb20
0066ECE0	FUN_0066ece0
0066ED90	FUN_0066ed90
0066EF40	logPrintf
0066F1B0	FUN_0066f1b0
0066F2D0	FUN_0066f2d0
0066F2E0	FUN_0066f2e0
0066F2F0	FUN_0066f2f0
0066F310	FUN_0066f310
0066F480	FUN_0066f480
0066F4C0	FUN_0066f4c0
0066F510	FUN_0066f510
0066F610	FUN_0066f610
0066F850	FUN_0066f850
0066F880	FUN_0066f880
0066F910	FUN_0066f910
0066F930	FUN_0066f930
0066F950	FUN_0066f950
0066F9C0	FUN_0066f9c0
0066F9E0	FUN_0066f9e0
0066FA00	FUN_0066fa00
0066FA10	FUN_0066fa10
0066FA20	FUN_0066fa20
0066FA30	FUN_0066fa30
0066FA40	FUN_0066fa40
0066FA50	FUN_0066fa50
0066FA60	FUN_0066fa60
0066FB10	FUN_0066fb10
0066FBB0	FUN_0066fbb0
0066FC00	FUN_0066fc00
0066FDF0	FUN_0066fdf0
00670C90	FUN_00670c90
00670EA0	FUN_00670ea0
006714C0	FUN_006714c0
00671930	FUN_00671930
00671AD0	FUN_00671ad0
006721D0	FUN_006721d0
00672361	Catch@00672361
006723A0	FUN_006723a0
006723E0	FUN_006723e0
00672410	FUN_00672410
006724C0	FUN_006724c0
006725E0	FUN_006725e0
006726C0	FUN_006726c0
006726F0	FUN_006726f0
00672720	FUN_00672720
00672740	FUN_00672740
00672950	FUN_00672950
00672A60	FUN_00672a60
00672BA0	FUN_00672ba0
00672C00	FUN_00672c00
00672C90	FUN_00672c90
00672CF0	FUN_00672cf0
00672DD0	FUN_00672dd0
00672E70	FUN_00672e70
00672EE0	FUN_00672ee0
00672F80	FUN_00672f80
00672FB0	FUN_00672fb0
00672FC0	FUN_00672fc0
00673170	FUN_00673170
00673330	FUN_00673330
006734E0	FUN_006734e0
006735A0	FUN_006735a0
006739E0	FUN_006739e0
00673AD0	FUN_00673ad0
00673F30	FUN_00673f30
00674010	FUN_00674010
00674040	FUN_00674040
006740C0	FUN_006740c0
00674490	FUN_00674490
00674510	FUN_00674510
00674530	FUN_00674530
00674770	FUN_00674770
00674980	FUN_00674980
00674A00	FUN_00674a00
00674AE0	FUN_00674ae0
00674C79	Catch@00674c79
00674CF0	FUN_00674cf0
00674D60	FUN_00674d60
00674DD0	FUN_00674dd0
00674EC0	FUN_00674ec0
00675060	FUN_00675060
00675230	FUN_00675230
00675400	FUN_00675400
00675522	Catch@00675522
006755A0	FUN_006755a0
006756BC	Catch@006756bc
00675730	FUN_00675730
00675760	FUN_00675760
00675810	FUN_00675810
006759B0	FUN_006759b0
006759E0	FUN_006759e0
00675B50	FUN_00675b50
00675B90	FUN_00675b90
00675BC0	FUN_00675bc0
00675BF0	FUN_00675bf0
00675C71	Catch@00675c71
00675CB0	FUN_00675cb0
00675CE0	FUN_00675ce0
00675D10	FUN_00675d10
00675D40	FUN_00675d40
00675E97	Catch@00675e97
00675F80	FUN_00675f80
00676170	FUN_00676170
006761C0	FUN_006761c0
00676200	FUN_00676200
00676770	FUN_00676770
00676B10	FUN_00676b10
00676D00	FUN_00676d00
00676E00	FUN_00676e00
006770E0	FUN_006770e0
00677160	cMSS_setPakPath
00677190	FUN_00677190
006771C0	FUN_006771c0
00677240	FUN_00677240
006772D0	FUN_006772d0
00677510	FUN_00677510
00677750	FUN_00677750
00677A60	FUN_00677a60
00677FB0	FUN_00677fb0
006780C0	FUN_006780c0
00678100	FUN_00678100
00678130	FUN_00678130
00678180	FUN_00678180
006781A0	FUN_006781a0
006781C0	FUN_006781c0
006781D0	FUN_006781d0
00678260	FUN_00678260
006785A0	FUN_006785a0
00678820	FUN_00678820
00678850	FUN_00678850
00678880	FUN_00678880
006788B0	FUN_006788b0
00678930	FUN_00678930
00678980	FUN_00678980
006789D0	FUN_006789d0
00678AF0	FUN_00678af0
00678BD0	FUN_00678bd0
00678DA0	FUN_00678da0
00678E40	FUN_00678e40
00678F80	FUN_00678f80
00679040	FUN_00679040
00679080	FUN_00679080
006790E0	FUN_006790e0
00679120	FUN_00679120
00679170	FUN_00679170
006791C0	FUN_006791c0
00679260	FUN_00679260
006792A0	FUN_006792a0
006794C0	FUN_006794c0
00679940	FUN_00679940
00679A30	FUN_00679a30
00679B60	FUN_00679b60
00679C40	FUN_00679c40
00679D00	FUN_00679d00
00679D70	FUN_00679d70
00679DD0	FUN_00679dd0
00679EC0	FUN_00679ec0
00679F30	FUN_00679f30
00679F80	FUN_00679f80
0067A000	FUN_0067a000
0067A080	FUN_0067a080
0067A120	FUN_0067a120
0067A205	Catch@0067a205
0067A240	FUN_0067a240
0067A270	FUN_0067a270
0067A2B9	Catch@0067a2b9
0067A300	FUN_0067a300
0067A330	FUN_0067a330
0067A370	FUN_0067a370
0067A390	FUN_0067a390
0067A3B0	FUN_0067a3b0
0067A420	FUN_0067a420
0067A440	FUN_0067a440
0067A460	FUN_0067a460
0067A7A0	FUN_0067a7a0
006852B0	FUN_006852b0
0068BEA0	FUN_0068bea0
0068EB90	FUN_0068eb90
006902F0	FUN_006902f0
00690420	FUN_00690420
00690690	FUN_00690690
006906C0	FUN_006906c0
00691260	FUN_00691260
006912B0	FUN_006912b0
00691310	FUN_00691310
00691370	FUN_00691370
00691380	FUN_00691380
00691460	FUN_00691460
00691510	FUN_00691510
00691610	FUN_00691610
00691700	FUN_00691700
006917D0	FUN_006917d0
00691810	FUN_00691810
00691840	FUN_00691840
006918E0	FUN_006918e0
00691940	FUN_00691940
00691A60	FUN_00691a60
00691AB0	FUN_00691ab0
00691AE0	FUN_00691ae0
00691B00	FUN_00691b00
00691B30	FUN_00691b30
00691FF0	FUN_00691ff0
00692010	FUN_00692010
006920B0	FUN_006920b0
00692150	FUN_00692150
00692290	FUN_00692290
006924D0	FUN_006924d0
00692790	FUN_00692790
006927F0	FUN_006927f0
00692850	FUN_00692850
006928B0	FUN_006928b0
00692B60	FUN_00692b60
00692B70	FUN_00692b70
00692BC0	FUN_00692bc0
00692CF0	FUN_00692cf0
00692D30	FUN_00692d30
00692ED0	FUN_00692ed0
00692F30	FUN_00692f30
00693040	FUN_00693040
00693120	FUN_00693120
006934A0	FUN_006934a0
006934E0	FUN_006934e0
00693510	FUN_00693510
00693FB0	FUN_00693fb0
00693FE0	FUN_00693fe0
00694510	FUN_00694510
00694FE0	FUN_00694fe0
00695400	FUN_00695400
00695800	FUN_00695800
00695E70	FUN_00695e70
00696060	FUN_00696060
00696A90	FUN_00696a90
00697220	FUN_00697220
006972F0	FUN_006972f0
00697380	FUN_00697380
00697410	FUN_00697410
006975F0	FUN_006975f0
00697710	FUN_00697710
00697820	FUN_00697820
00697860	FUN_00697860
0069AA80	FUN_0069aa80
0069AFB0	FUN_0069afb0
0069B000	FUN_0069b000
0069B0D0	FUN_0069b0d0
0069B130	FUN_0069b130
0069B320	FUN_0069b320
0069B4B1	Catch@0069b4b1
0069B510	FUN_0069b510
0069B5B2	Catch@0069b5b2
0069B620	FUN_0069b620
0069B6BE	Catch@0069b6be
0069B730	FUN_0069b730
0069B770	FUN_0069b770
006A0A50	FUN_006a0a50
006A0A80	FUN_006a0a80
006A0B30	FUN_006a0b30
006A0BA0	FUN_006a0ba0
006A0D30	FUN_006a0d30
006A0D60	FUN_006a0d60
006A0D80	FUN_006a0d80
006A0EA0	playVideo
006A1590	FUN_006a1590
006A1660	FUN_006a1660
006A16B0	FUN_006a16b0
006A16D0	FUN_006a16d0
006A16E0	FUN_006a16e0
006A1FB0	FUN_006a1fb0
006A1FD0	FUN_006a1fd0
006A2130	FUN_006a2130
006A21F0	FUN_006a21f0
006A2230	FUN_006a2230
006A2470	FUN_006a2470
006A2660	FUN_006a2660
006A27B0	FUN_006a27b0
006A2B20	FUN_006a2b20
006A2DF0	FUN_006a2df0
006A2FF0	FUN_006a2ff0
006A3080	FUN_006a3080
006A4380	FUN_006a4380
006A4F30	FUN_006a4f30
006A57C0	cRect_ctor
006A5850	FUN_006a5850
006A5A30	FUN_006a5a30
006A5B40	FUN_006a5b40
006A5BD0	FUN_006a5bd0
006A5BF0	FUN_006a5bf0
006A5C40	FUN_006a5c40
006A5C80	FUN_006a5c80
006A5D70	FUN_006a5d70
006A5E90	FUN_006a5e90
006A6110	FUN_006a6110
006A6550	FUN_006a6550
006A7140	FUN_006a7140
006A72F0	FUN_006a72f0
006A7390	FUN_006a7390
006A7C60	FUN_006a7c60
006A82F0	FUN_006a82f0
006A8A00	FUN_006a8a00
006A8DF0	FUN_006a8df0
006A9790	FUN_006a9790
006AC310	FUN_006ac310
006AC470	FUN_006ac470
006ACB00	FUN_006acb00
006ACB20	FUN_006acb20
006ACB40	FUN_006acb40
006ACBF0	FUN_006acbf0
006ACFC0	FUN_006acfc0
006AD540	FUN_006ad540
006AD980	FUN_006ad980
006AD9A0	FUN_006ad9a0
006ADC90	FUN_006adc90
006ADCF0	FUN_006adcf0
006ADF90	FUN_006adf90
006AE660	FUN_006ae660
006AE680	FUN_006ae680
006AE760	FUN_006ae760
006AE880	FUN_006ae880
006AE970	FUN_006ae970
006AF0E0	FUN_006af0e0
006AF250	FUN_006af250
006AF440	FUN_006af440
006AFC90	FUN_006afc90
006AFCB0	FUN_006afcb0
006AFD20	FUN_006afd20
006AFD50	FUN_006afd50
006AFEA0	FUN_006afea0
006AFFD0	FUN_006affd0
006B0240	FUN_006b0240
006B0310	FUN_006b0310
006B04B0	FUN_006b04b0
006B07E0	FUN_006b07e0
006B0E00	FUN_006b0e00
006B1880	FUN_006b1880
006B1990	FUN_006b1990
006B1D90	FUN_006b1d90
006B1FF0	FUN_006b1ff0
006B2B10	FUN_006b2b10
006B35F0	FUN_006b35f0
006B3E20	FUN_006b3e20
006B3F90	FUN_006b3f90
006B42B0	FUN_006b42b0
006B42D0	FUN_006b42d0
006B43E0	FUN_006b43e0
006B4580	FUN_006b4580
006B4610	FUN_006b4610
006B4830	FUN_006b4830
006B48B0	FUN_006b48b0
006B4940	FUN_006b4940
006B4AB7	Catch@006b4ab7
006B4AF0	FUN_006b4af0
006B4D60	FUN_006b4d60
006B4DE0	FUN_006b4de0
006B4E70	FUN_006b4e70
006B4FC8	Catch@006b4fc8
006B5000	FUN_006b5000
006B51B9	Catch@006b51b9
006B5240	FUN_006b5240
006B53D0	FUN_006b53d0
006B5530	FUN_006b5530
006B5550	FUN_006b5550
006B5590	FUN_006b5590
006B56AD	Catch@006b56ad
006B5730	FUN_006b5730
006B584B	Catch@006b584b
006B58D0	FUN_006b58d0
006B59C0	FUN_006b59c0
006B5AA0	FUN_006b5aa0
006B5C90	FUN_006b5c90
006B5CC0	FUN_006b5cc0
006B5D00	FUN_006b5d00
006B5F30	FUN_006b5f30
006B60E0	FUN_006b60e0
006B6130	FUN_006b6130
006B6350	FUN_006b6350
006B63D4	Catch@006b63d4
006B6410	FUN_006b6410
006B6520	FUN_006b6520
006B6690	FUN_006b6690
006B75A0	FUN_006b75a0
006B7700	FUN_006b7700
006B8290	FUN_006b8290
006B88E0	FUN_006b88e0
006B9050	FUN_006b9050
006B97D0	FUN_006b97d0
006B9DA0	FUN_006b9da0
006BA510	FUN_006ba510
006BAC80	FUN_006bac80
006BB140	FUN_006bb140
006BB160	FUN_006bb160
006BB230	FUN_006bb230
006BB2B0	FUN_006bb2b0
006BBA80	FUN_006bba80
006BBBD0	FUN_006bbbd0
006BC740	FUN_006bc740
006BCF40	FUN_006bcf40
006BD220	FUN_006bd220
006BD240	FUN_006bd240
006BD2B0	FUN_006bd2b0
006BD370	FUN_006bd370
006BD3F0	FUN_006bd3f0
006BE400	FUN_006be400
006BE6E0	FUN_006be6e0
006BEB90	FUN_006beb90
006BED90	FUN_006bed90
006BEF90	FUN_006bef90
006BEFB0	FUN_006befb0
006BF020	FUN_006bf020
006BF170	FUN_006bf170
006BF290	FUN_006bf290
006BF420	FUN_006bf420
006BF6F0	FUN_006bf6f0
006BFCF0	FUN_006bfcf0
006BFFC0	FUN_006bffc0
006BFFE0	FUN_006bffe0
006C0090	FUN_006c0090
006C00F0	FUN_006c00f0
006C0150	FUN_006c0150
006C1700	FUN_006c1700
006C1720	FUN_006c1720
006C1800	FUN_006c1800
006C1930	FUN_006c1930
006C1AE0	FUN_006c1ae0
006C1E60	FUN_006c1e60
006C2500	FUN_006c2500
006C25A0	FUN_006c25a0
006C2BA0	FUN_006c2ba0
006C2D50	FUN_006c2d50
006C2E60	FUN_006c2e60
006C5600	FUN_006c5600
006C5620	FUN_006c5620
006C56A0	FUN_006c56a0
006C56F0	FUN_006c56f0
006C5841	Catch@006c5841
006C5880	FUN_006c5880
006C58C0	FUN_006c58c0
006C5900	FUN_006c5900
006C5930	FUN_006c5930
006C59E0	FUN_006c59e0
006C61C0	FUN_006c61c0
006C6470	FUN_006c6470
006C6490	FUN_006c6490
006C6A50	FUN_006c6a50
006C6AA0	FUN_006c6aa0
006C6C40	FUN_006c6c40
006C6C50	FUN_006c6c50
006C73C0	FUN_006c73c0
006C7520	FUN_006c7520
006C7540	FUN_006c7540
006C7800	FUN_006c7800
006C7920	FUN_006c7920
006C8140	FUN_006c8140
006C8800	FUN_006c8800
006C8A40	FUN_006c8a40
006C9330	FUN_006c9330
006C9520	FUN_006c9520
006C9A60	FUN_006c9a60
006C9C60	FUN_006c9c60
006CB330	FUN_006cb330
006CB3B0	FUN_006cb3b0
006CB530	FUN_006cb530
006CBB90	FUN_006cbb90
006CBBB0	FUN_006cbbb0
006CBBD0	FUN_006cbbd0
006CBBF0	FUN_006cbbf0
006CC320	FUN_006cc320
006CC530	FUN_006cc530
006CC6DB	Catch@006cc6db
006CC750	FUN_006cc750
006CC7C0	FUN_006cc7c0
006CC840	FUN_006cc840
006CC939	Catch@006cc939
006CC9B0	FUN_006cc9b0
006CCAA7	Catch@006ccaa7
006CCB20	FUN_006ccb20
006CCBD0	FUN_006ccbd0
006D0130	FUN_006d0130
006D0160	FUN_006d0160
006D01F0	FUN_006d01f0
006D0C70	FUN_006d0c70
006D0CF0	FUN_006d0cf0
006D0D80	FUN_006d0d80
006D0ED9	Catch@006d0ed9
006D0F10	FUN_006d0f10
006D0F60	FUN_006d0f60
006D0FE1	Catch@006d0fe1
006D1020	FUN_006d1020
006D1070	FUN_006d1070
006D1110	FUN_006d1110
006D1360	FUN_006d1360
006D1420	FUN_006d1420
006D1440	FUN_006d1440
006D1460	FUN_006d1460
006D1D80	FUN_006d1d80
006D1DA0	FUN_006d1da0
006D1EE0	FUN_006d1ee0
006D1F80	FUN_006d1f80
006D20A0	FUN_006d20a0
006D2130	FUN_006d2130
006D22A0	FUN_006d22a0
006D23E0	FUN_006d23e0
006D26D0	FUN_006d26d0
006D2DF0	FUN_006d2df0
006D3870	FUN_006d3870
006D3B60	FUN_006d3b60
006D3C00	FUN_006d3c00
006D3C20	FUN_006d3c20
006D3C80	FUN_006d3c80
006D3E10	FUN_006d3e10
006D3F10	FUN_006d3f10
006D3F60	FUN_006d3f60
006D3FD0	FUN_006d3fd0
006D4160	FUN_006d4160
006D4250	FUN_006d4250
006D4400	FUN_006d4400
006D4520	FUN_006d4520
006D4610	FUN_006d4610
006D49A0	FUN_006d49a0
006D5B80	FUN_006d5b80
006D5F30	FUN_006d5f30
006D5F50	FUN_006d5f50
006D5FC0	FUN_006d5fc0
006D6010	FUN_006d6010
006D6070	FUN_006d6070
006D60C0	FUN_006d60c0
006D60E0	FUN_006d60e0
006D6430	FUN_006d6430
006D6500	FUN_006d6500
006D65D0	FUN_006d65d0
006D6660	FUN_006d6660
006D6760	FUN_006d6760
006D6B90	FUN_006d6b90
006D73D0	FUN_006d73d0
006D7B80	FUN_006d7b80
006D8250	FUN_006d8250
006D86C0	cUI_NetPortrait_ctor
006D8740	FUN_006d8740
006D8A10	FUN_006d8a10
006D90E0	FUN_006d90e0
006D9140	FUN_006d9140
006D9350	FUN_006d9350
006D9370	FUN_006d9370
006D93D0	FUN_006d93d0
006D9430	FUN_006d9430
006D9450	FUN_006d9450
006D94E0	FUN_006d94e0
006D9580	FUN_006d9580
006D9670	FUN_006d9670
006D9710	FUN_006d9710
006D97F0	FUN_006d97f0
006D9840	FUN_006d9840
006D9B90	FUN_006d9b90
006D9DE0	FUN_006d9de0
006DA1A0	FUN_006da1a0
006DA320	FUN_006da320
006DB850	FUN_006db850
006DB9B0	FUN_006db9b0
006DBA50	FUN_006dba50
006DBD20	FUN_006dbd20
006DBF50	FUN_006dbf50
006DC010	FUN_006dc010
006DCCD0	FUN_006dccd0
006DCCF0	FUN_006dccf0
006DCD10	FUN_006dcd10
006DCDD0	FUN_006dcdd0
006DCEC0	FUN_006dcec0
006DD4A0	FUN_006dd4a0
006DD700	FUN_006dd700
006DD970	FUN_006dd970
006DDAC0	FUN_006ddac0
006DDAE0	FUN_006ddae0
006DDB00	FUN_006ddb00
006DDCA0	FUN_006ddca0
006DDCC0	FUN_006ddcc0
006DE2B0	FUN_006de2b0
006DE710	FUN_006de710
006DEE60	FUN_006dee60
006DF400	FUN_006df400
006DF570	FUN_006df570
006DF590	cUI_Taskbar2_ctor
006DF9E0	FUN_006df9e0
006DFBF0	FUN_006dfbf0
006E0070	FUN_006e0070
006E01A0	FUN_006e01a0
006E01F0	FUN_006e01f0
006E09C0	FUN_006e09c0
006E0E30	FUN_006e0e30
006E14C0	FUN_006e14c0
006E1610	FUN_006e1610
006E1690	FUN_006e1690
006E1A20	FUN_006e1a20
006E1BC0	FUN_006e1bc0
006E28C0	FUN_006e28c0
006E29E0	FUN_006e29e0
006E3430	FUN_006e3430
006E3C30	FUN_006e3c30
006E3D10	FUN_006e3d10
006E3E00	FUN_006e3e00
006E3F70	FUN_006e3f70
006E4560	FUN_006e4560
006E4C70	FUN_006e4c70
006E4CA0	FUN_006e4ca0
006E4DF0	FUN_006e4df0
006E65C0	FUN_006e65c0
006E65E0	FUN_006e65e0
006E6650	FUN_006e6650
006E6770	FUN_006e6770
006E67B0	FUN_006e67b0
006E67C0	FUN_006e67c0
006E6920	FUN_006e6920
006E69E0	FUN_006e69e0
006E69F0	FUN_006e69f0
006E6D20	FUN_006e6d20
006E6EA0	FUN_006e6ea0
006E6FB0	FUN_006e6fb0
006E70D0	FUN_006e70d0
006E7260	FUN_006e7260
006E72D0	FUN_006e72d0
006E7460	FUN_006e7460
006E74A0	FUN_006e74a0
006E7AF0	FUN_006e7af0
006E81A0	FUN_006e81a0
006E81C0	FUN_006e81c0
006E8200	FUN_006e8200
006E8230	FUN_006e8230
006E8860	FUN_006e8860
006E8890	FUN_006e8890
006E88D0	FUN_006e88d0
006E88F0	FUN_006e88f0
006E8920	FUN_006e8920
006E8990	FUN_006e8990
006E89D0	FUN_006e89d0
006E8A50	FUN_006e8a50
006E8C50	FUN_006e8c50
006E90D0	FUN_006e90d0
006E90F0	FUN_006e90f0
006E9310	FUN_006e9310
006E9460	FUN_006e9460
006E9470	FUN_006e9470
006E9590	FUN_006e9590
006E99A0	FUN_006e99a0
006EA910	FUN_006ea910
006EB3E0	FUN_006eb3e0
006EBC40	FUN_006ebc40
006EBC50	FUN_006ebc50
006EBE30	FUN_006ebe30
006EBE40	FUN_006ebe40
006EBE50	FUN_006ebe50
006EBE70	FUN_006ebe70
006EBE90	FUN_006ebe90
006EBEB0	FUN_006ebeb0
006EBED0	FUN_006ebed0
006EBF00	FUN_006ebf00
006EBF20	FUN_006ebf20
006EC130	FUN_006ec130
006EC3D0	FUN_006ec3d0
006EC540	FUN_006ec540
006EC740	FUN_006ec740
006EC940	FUN_006ec940
006ECC70	FUN_006ecc70
006ECC90	FUN_006ecc90
006ECCF0	FUN_006eccf0
006ECDF0	FUN_006ecdf0
006ECF60	FUN_006ecf60
006ED070	FUN_006ed070
006EDB70	FUN_006edb70
006EDC10	FUN_006edc10
006EDD60	FUN_006edd60
006EE4F0	FUN_006ee4f0
006EE510	FUN_006ee510
006EE560	FUN_006ee560
006EE5E0	FUN_006ee5e0
006EE6D0	FUN_006ee6d0
006EFA00	FUN_006efa00
006EFEA0	FUN_006efea0
006F0060	FUN_006f0060
006F0210	FUN_006f0210
006F03C0	FUN_006f03c0
006F0570	FUN_006f0570
006F05D0	FUN_006f05d0
006F0690	FUN_006f0690
006F0770	FUN_006f0770
006F0790	FUN_006f0790
006F0860	FUN_006f0860
006F09C0	FUN_006f09c0
006F0A30	FUN_006f0a30
006F0B40	FUN_006f0b40
006F0BB0	FUN_006f0bb0
006F0BF0	FUN_006f0bf0
006F0CC0	FUN_006f0cc0
006F0F60	FUN_006f0f60
006F1040	FUN_006f1040
006F10F0	FUN_006f10f0
006F1250	FUN_006f1250
006F1550	FUN_006f1550
006F15A0	FUN_006f15a0
006F2390	FUN_006f2390
006F30C0	FUN_006f30c0
006F3CC0	FUN_006f3cc0
006F3D50	FUN_006f3d50
006F3E90	FUN_006f3e90
006F4E20	FUN_006f4e20
006F4E60	FUN_006f4e60
006F4F20	FUN_006f4f20
006F4F40	FUN_006f4f40
006F50B0	FUN_006f50b0
006F5290	FUN_006f5290
006F5330	FUN_006f5330
006F54D0	debugCaptureCharacter
006F5CB0	FUN_006f5cb0
006F5CD0	FUN_006f5cd0
006F5CF0	FUN_006f5cf0
006F5D60	FUN_006f5d60
006F5E50	FUN_006f5e50
006F5EF0	FUN_006f5ef0
006F6010	FUN_006f6010
006F61CD	Catch@006f61cd
006F6240	FUN_006f6240
006F6490	FUN_006f6490
006F6520	FUN_006f6520
006F65E0	Catch@006f65e0
006F6650	FUN_006f6650
006F670C	Catch@006f670c
006F6780	FUN_006f6780
006F6870	FUN_006f6870
006F6990	FUN_006f6990
006F6A60	FUN_006f6a60
006F6A90	FUN_006f6a90
006F6B90	FUN_006f6b90
006F6CC0	FUN_006f6cc0
006F6DA0	FUN_006f6da0
006F6F80	FUN_006f6f80
006F6FA0	FUN_006f6fa0
006F7130	FUN_006f7130
006F7610	FUN_006f7610
006F7730	FUN_006f7730
006F82A0	FUN_006f82a0
006F8930	FUN_006f8930
006F8EC0	FUN_006f8ec0
006F8F60	FUN_006f8f60
006F8F80	FUN_006f8f80
006F8FF0	FUN_006f8ff0
006F9010	FUN_006f9010
006F91C0	FUN_006f91c0
006F9380	FUN_006f9380
006F9520	FUN_006f9520
006F9590	FUN_006f9590
006F98C0	FUN_006f98c0
006FA110	FUN_006fa110
006FA490	FUN_006fa490
006FAC30	FUN_006fac30
006FCDA0	FUN_006fcda0
006FDCE0	FUN_006fdce0
006FDDD0	FUN_006fddd0
006FE0C0	FUN_006fe0c0
006FE0E0	FUN_006fe0e0
006FE150	FUN_006fe150
006FE220	FUN_006fe220
006FE370	FUN_006fe370
006FE4D0	FUN_006fe4d0
006FE600	FUN_006fe600
006FE620	FUN_006fe620
006FE6A0	FUN_006fe6a0
006FE7E0	FUN_006fe7e0
006FE8B0	FUN_006fe8b0
006FE980	FUN_006fe980
006FEC70	FUN_006fec70
006FEF40	FUN_006fef40
006FF090	FUN_006ff090
006FF230	FUN_006ff230
006FF3D0	FUN_006ff3d0
006FF710	FUN_006ff710
006FF780	FUN_006ff780
007001D0	FUN_007001d0
00700600	FUN_00700600
00701220	FUN_00701220
00701280	FUN_00701280
00703A00	FUN_00703a00
007055D0	FUN_007055d0
00705870	FUN_00705870
00705920	FUN_00705920
00707220	FUN_00707220
00707310	FUN_00707310
00707490	FUN_00707490
00707540	FUN_00707540
00707830	FUN_00707830
00707850	FUN_00707850
00707920	FUN_00707920
00707A10	FUN_00707a10
00707B50	FUN_00707b50
00707C20	FUN_00707c20
00707D00	FUN_00707d00
00707DE0	FUN_00707de0
00707E90	FUN_00707e90
00707F40	FUN_00707f40
007083F0	FUN_007083f0
007091F0	FUN_007091f0
00709380	FUN_00709380
00709BB0	FUN_00709bb0
00709BD0	FUN_00709bd0
00709D10	FUN_00709d10
00709DE0	FUN_00709de0
00709EB0	FUN_00709eb0
00709F80	FUN_00709f80
0070A060	FUN_0070a060
0070A120	FUN_0070a120
0070A300	FUN_0070a300
0070A330	FUN_0070a330
0070A440	FUN_0070a440
0070A980	FUN_0070a980
0070A9A0	FUN_0070a9a0
0070AA70	FUN_0070aa70
0070AE40	FUN_0070ae40
0070B1B0	FUN_0070b1b0
0070B1D0	FUN_0070b1d0
0070B250	FUN_0070b250
0070B310	FUN_0070b310
0070B4C0	FUN_0070b4c0
0070B790	FUN_0070b790
0070B7D0	FUN_0070b7d0
0070BE20	FUN_0070be20
0070BF10	FUN_0070bf10
0070C0C0	FUN_0070c0c0
0070C1B0	FUN_0070c1b0
0070C1D0	FUN_0070c1d0
0070C320	FUN_0070c320
0070C410	FUN_0070c410
0070C440	FUN_0070c440
0070C470	FUN_0070c470
0070C4A0	FUN_0070c4a0
0070C6A0	FUN_0070c6a0
0070C7E0	FUN_0070c7e0
0070CA30	FUN_0070ca30
0070CD50	FUN_0070cd50
0070D6E0	FUN_0070d6e0
0070EC50	FUN_0070ec50
0070EE60	FUN_0070ee60
00710190	FUN_00710190
00710270	FUN_00710270
00711590	FUN_00711590
007115B0	FUN_007115b0
00711680	FUN_00711680
007117C0	FUN_007117c0
007118B0	FUN_007118b0
007119B0	FUN_007119b0
00711B90	FUN_00711b90
00711D90	FUN_00711d90
00711DA0	FUN_00711da0
00711EE0	FUN_00711ee0
00713670	FUN_00713670
00715F10	FUN_00715f10
007163D0	FUN_007163d0
007163F0	FUN_007163f0
00716460	FUN_00716460
007164D0	FUN_007164d0
007165A0	FUN_007165a0
007166FA	Catch@007166fa
00716760	FUN_00716760
00716820	FUN_00716820
007168D0	FUN_007168d0
00716910	FUN_00716910
007169F0	FUN_007169f0
00716AA0	Catch@00716aa0
00716B10	FUN_00716b10
00716BC6	Catch@00716bc6
00716C30	FUN_00716c30
00716D30	FUN_00716d30
00716DB0	FUN_00716db0
007172F0	FUN_007172f0
00717C20	FUN_00717c20
00718660	FUN_00718660
00718CA0	FUN_00718ca0
0071BCF0	FUN_0071bcf0
0071BD10	FUN_0071bd10
0071BD40	FUN_0071bd40
0071BF80	FUN_0071bf80
0071C2B0	FUN_0071c2b0
0071C360	FUN_0071c360
0071C550	FUN_0071c550
0071C600	FUN_0071c600
0071CB10	FUN_0071cb10
0071CC90	FUN_0071cc90
0071D720	FUN_0071d720
0071DCE0	FUN_0071dce0
0071DE70	FUN_0071de70
0071DFA0	FUN_0071dfa0
0071E4F0	FUN_0071e4f0
0071E600	FUN_0071e600
0071E950	FUN_0071e950
0071EAA0	FUN_0071eaa0
0071EFE0	FUN_0071efe0
0071F9F0	FUN_0071f9f0
0071FA10	FUN_0071fa10
0071FAC0	FUN_0071fac0
0071FB70	FUN_0071fb70
0071FC80	FUN_0071fc80
0071FE24	Catch@0071fe24
0071FE80	FUN_0071fe80
0071FF10	FUN_0071ff10
00720170	FUN_00720170
007201A0	FUN_007201a0
007203A0	FUN_007203a0
007203C0	FUN_007203c0
00720400	FUN_00720400
00720430	FUN_00720430
00720460	FUN_00720460
007204B0	FUN_007204b0
00720500	FUN_00720500
00720530	FUN_00720530
00720540	FUN_00720540
007206C0	FUN_007206c0
007207C0	FUN_007207c0
007208F0	FUN_007208f0
00720A80	FUN_00720a80
007210E0	FUN_007210e0
00721350	FUN_00721350
00721380	FUN_00721380
00722500	FUN_00722500
00722D60	FUN_00722d60
00722D80	FUN_00722d80
00722EB0	FUN_00722eb0
00723020	FUN_00723020
00723770	FUN_00723770
00723790	FUN_00723790
007237D0	FUN_007237d0
00723C90	FUN_00723c90
00723DB0	FUN_00723db0
00723DD0	FUN_00723dd0
00723E40	FUN_00723e40
00723E60	FUN_00723e60
00723F50	FUN_00723f50
007240F9	Catch@007240f9
007241F0	FUN_007241f0
007242F0	FUN_007242f0
007243AA	Catch@007243aa
00724420	FUN_00724420
007244E1	Catch@007244e1
00724550	FUN_00724550
00724640	FUN_00724640
00724660	FUN_00724660
00724750	cUI_Window2_ctorDefault
007247E0	cUI_Window2_ctor
00724900	FUN_00724900
00724A40	FUN_00724a40
00724B70	FUN_00724b70
00724CB0	FUN_00724cb0
00724D30	FUN_00724d30
00724DA0	FUN_00724da0
00724E00	FUN_00724e00
00724E40	FUN_00724e40
00724FB0	FUN_00724fb0
00725120	FUN_00725120
00725340	FUN_00725340
007254C0	FUN_007254c0
00725640	FUN_00725640
00725870	FUN_00725870
00726E90	FUN_00726e90
00726FF0	FUN_00726ff0
00727120	FUN_00727120
007272F0	FUN_007272f0
007277B0	cUI_Window2_render
00727820	FUN_00727820
00727860	FUN_00727860
00727890	cUI_Window2_addChild
00727990	FUN_00727990
007279F0	FUN_007279f0
00727A50	FUN_00727a50
00727AC0	FUN_00727ac0
00727B30	FUN_00727b30
00728060	FUN_00728060
007281C0	FUN_007281c0
007282E0	FUN_007282e0
00728E50	FUN_00728e50
00729110	FUN_00729110
007291A0	FUN_007291a0
00729260	FUN_00729260
00729370	FUN_00729370
00729640	FUN_00729640
007296F0	FUN_007296f0
00729820	FUN_00729820
00729840	FUN_00729840
00729940	FUN_00729940
00729960	FUN_00729960
00729980	FUN_00729980
00729BD0	FUN_00729bd0
00729BF0	FUN_00729bf0
00729C10	FUN_00729c10
00729C30	FUN_00729c30
00729CC0	FUN_00729cc0
00729E51	Catch@00729e51
00729E90	FUN_00729e90
00729EF0	FUN_00729ef0
00729F50	FUN_00729f50
0072A050	FUN_0072a050
0072A190	FUN_0072a190
0072A260	FUN_0072a260
0072A2D0	FUN_0072a2d0
0072A320	FUN_0072a320
0072A3C0	FUN_0072a3c0
0072A4F0	FUN_0072a4f0
0072A5E0	FUN_0072a5e0
0072A670	FUN_0072a670
0072A6C0	FUN_0072a6c0
0072A700	FUN_0072a700
0072A7A0	FUN_0072a7a0
0072A810	FUN_0072a810
0072A830	FUN_0072a830
0072A8F0	FUN_0072a8f0
0072A9E0	FUN_0072a9e0
0072AAE0	FUN_0072aae0
0072B460	FUN_0072b460
0072B490	FUN_0072b490
0072B4B0	FUN_0072b4b0
0072B4D0	FUN_0072b4d0
0072B4F0	FUN_0072b4f0
0072C4F0	FUN_0072c4f0
0072C600	FUN_0072c600
0072C6D0	FUN_0072c6d0
0072C8C0	FUN_0072c8c0
0072CB60	FUN_0072cb60
0072CC30	FUN_0072cc30
0072CC80	FUN_0072cc80
0072CCF0	FUN_0072ccf0
0072CD10	FUN_0072cd10
0072CDC0	FUN_0072cdc0
0072CDE0	FUN_0072cde0
0072CE30	FUN_0072ce30
0072CF60	FUN_0072cf60
0072CFD0	FUN_0072cfd0
0072D18F	Catch@0072d18f
0072D200	FUN_0072d200
0072D230	FUN_0072d230
0072D770	FUN_0072d770
0072D880	FUN_0072d880
0072D93E	Catch@0072d93e
0072D9B0	FUN_0072d9b0
0072DA75	Catch@0072da75
0072DAE0	FUN_0072dae0
0072DB8C	Catch@0072db8c
0072DBB0	FUN_0072dbb0
0072DC60	FUN_0072dc60
0072DDF0	FUN_0072ddf0
0072DEE0	FUN_0072dee0
0072DF60	FUN_0072df60
0072E040	FUN_0072e040
0072E170	FUN_0072e170
0072E2A0	FUN_0072e2a0
0072E3D0	FUN_0072e3d0
0072E500	FUN_0072e500
0072E630	FUN_0072e630
0072E760	FUN_0072e760
0072E890	FUN_0072e890
0072E9B0	FUN_0072e9b0
0072EAE0	FUN_0072eae0
0072EC10	FUN_0072ec10
0072ED10	FUN_0072ed10
0072EE10	FUN_0072ee10
0072EEC0	FUN_0072eec0
0072EF70	FUN_0072ef70
0072F000	FUN_0072f000
0072F1E0	FUN_0072f1e0
0072F360	FUN_0072f360
0072F650	FUN_0072f650
0072F6B0	FUN_0072f6b0
0072F720	FUN_0072f720
0072F7A0	FUN_0072f7a0
0072F9E0	FUN_0072f9e0
0072FA00	FUN_0072fa00
0072FAC0	FUN_0072fac0
0072FB70	FUN_0072fb70
007303E0	FUN_007303e0
00730420	FUN_00730420
00730520	FUN_00730520
00730730	FUN_00730730
00730960	FUN_00730960
007309B0	FUN_007309b0
00730AA0	FUN_00730aa0
00730AB0	FUN_00730ab0
00730AC0	FUN_00730ac0
00730BC0	FUN_00730bc0
00730C20	FUN_00730c20
00730C80	FUN_00730c80
00730CB0	FUN_00730cb0
00730D90	FUN_00730d90
00730E10	FUN_00730e10
00730FA0	FUN_00730fa0
00730FF0	FUN_00730ff0
00731010	FUN_00731010
00731080	FUN_00731080
00731090	FUN_00731090
00731170	FUN_00731170
007311C0	FUN_007311c0
00731366	Catch@00731366
00731450	FUN_00731450
00731560	FUN_00731560
0073162A	Catch@0073162a
007316A0	FUN_007316a0
0073176A	Catch@0073176a
007317E0	FUN_007317e0
007318A0	FUN_007318a0
00731A60	cUI_Control2_ctorDefault
00731B00	cUI_Control2_ctor
00731BF0	FUN_00731bf0
00731C90	FUN_00731c90
00731CE0	cUI_Control2_receiveEvent
00731F00	FUN_00731f00
00731F60	cUI_Control2_render
00732220	FUN_00732220
00732350	cUI_Control2_getAbsoluteRect
00732550	FUN_00732550
007325C0	FUN_007325c0
00732630	FUN_00732630
00732740	FUN_00732740
00732770	FUN_00732770
007327A0	FUN_007327a0
007327B0	FUN_007327b0
00732830	FUN_00732830
00732850	FUN_00732850
00732870	FUN_00732870
00732880	FUN_00732880
007333D0	FUN_007333d0
00733500	FUN_00733500
00733770	FUN_00733770
007338A0	FUN_007338a0
00733B10	FUN_00733b10
00733CB0	FUN_00733cb0
00733DF0	FUN_00733df0
00733F30	FUN_00733f30
00734070	FUN_00734070
007341B0	FUN_007341b0
007342F0	FUN_007342f0
00734410	FUN_00734410
00734550	FUN_00734550
00734690	FUN_00734690
007347C0	FUN_007347c0
007347E0	FUN_007347e0
00734850	FUN_00734850
00734870	FUN_00734870
007348F0	FUN_007348f0
00734A30	FUN_00734a30
00734C90	FUN_00734c90
00734E50	FUN_00734e50
00734F20	FUN_00734f20
00734FA0	FUN_00734fa0
00734FD0	FUN_00734fd0
007350C0	FUN_007350c0
007351A0	FUN_007351a0
00735230	FUN_00735230
007352CA	Catch@007352ca
007353A0	FUN_007353a0
007358E0	FUN_007358e0
00735910	FUN_00735910
007359CE	Catch@007359ce
00735A40	FUN_00735a40
00735ACA	Catch@00735aca
00735B10	FUN_00735b10
00735BC0	FUN_00735bc0
00735D50	FUN_00735d50
00735DD0	FUN_00735dd0
00735E7A	Catch@00735e7a
00735EA0	FUN_00735ea0
00735F80	FUN_00735f80
007360C0	FUN_007360c0
007361C0	FUN_007361c0
007361E0	FUN_007361e0
00736360	FUN_00736360
007368C0	FUN_007368c0
007368E0	FUN_007368e0
007369F0	FUN_007369f0
00736A80	FUN_00736a80
00736AC0	FUN_00736ac0
00736C50	FUN_00736c50
00736C70	FUN_00736c70
00736CD0	FUN_00736cd0
00736E00	FUN_00736e00
00736F40	FUN_00736f40
007370D0	FUN_007370d0
00737210	FUN_00737210
00737710	FUN_00737710
007378B0	FUN_007378b0
00737A50	FUN_00737a50
00737A70	FUN_00737a70
00737A90	FUN_00737a90
00737AC0	FUN_00737ac0
007382F0	FUN_007382f0
00738840	FUN_00738840
00738850	FUN_00738850
00738870	FUN_00738870
00738BA0	FUN_00738ba0
007390A0	FUN_007390a0
007393A0	FUN_007393a0
00739540	FUN_00739540
00739850	FUN_00739850
00739A30	FUN_00739a30
00739A50	FUN_00739a50
00739B30	FUN_00739b30
00739BC0	FUN_00739bc0
00739C40	FUN_00739c40
00739E50	FUN_00739e50
00739EF6	Catch@00739ef6
00739F60	FUN_00739f60
00739FE4	Catch@00739fe4
0073A020	FUN_0073a020
0073A0F0	FUN_0073a0f0
0073A110	FUN_0073a110
0073A170	FUN_0073a170
0073A2B0	FUN_0073a2b0
0073A400	FUN_0073a400
0073A530	FUN_0073a530
0073A670	FUN_0073a670
0073A7A0	FUN_0073a7a0
0073A8A0	FUN_0073a8a0
0073A990	FUN_0073a990
0073AD50	FUN_0073ad50
0073ADC0	FUN_0073adc0
0073D860	FUN_0073d860
0073DA50	FUN_0073da50
0073DBB0	FUN_0073dbb0
0073DD50	FUN_0073dd50
0073DE80	FUN_0073de80
0073E020	FUN_0073e020
0073E040	FUN_0073e040
0073E140	FUN_0073e140
0073E240	FUN_0073e240
0073E290	FUN_0073e290
0073E490	FUN_0073e490
0073E680	FUN_0073e680
0073E870	FUN_0073e870
0073EAF0	FUN_0073eaf0
00740B30	FUN_00740b30
00740DD0	FUN_00740dd0
007410B0	FUN_007410b0
007412C0	FUN_007412c0
007420A0	FUN_007420a0
00745E30	FUN_00745e30
0074B390	FUN_0074b390
0074B400	FUN_0074b400
0074B430	FUN_0074b430
0074B4F0	FUN_0074b4f0
0074B740	FUN_0074b740
0074B8C0	FUN_0074b8c0
0074C2A0	FUN_0074c2a0
0074C460	FUN_0074c460
0074CDF0	FUN_0074cdf0
0074CE10	FUN_0074ce10
0074CEE0	FUN_0074cee0
0074CF70	FUN_0074cf70
0074D0FD	Catch@0074d0fd
0074D140	FUN_0074d140
0074D240	FUN_0074d240
0074D340	FUN_0074d340
0074D440	FUN_0074d440
0074D550	FUN_0074d550
0074D570	FUN_0074d570
0074D5A0	FUN_0074d5a0
0074D5E0	FUN_0074d5e0
0074D630	FUN_0074d630
0074D640	FUN_0074d640
0074D650	FUN_0074d650
0074D690	FUN_0074d690
0074D6A0	FUN_0074d6a0
0074D6C0	FUN_0074d6c0
0074D7B0	FUN_0074d7b0
0074D890	FUN_0074d890
0074DA10	FUN_0074da10
0074DAF0	FUN_0074daf0
0074E3F0	FUN_0074e3f0
0074E490	FUN_0074e490
0074E5C0	FUN_0074e5c0
0074E5F0	FUN_0074e5f0
0074E6B0	FUN_0074e6b0
0074E6C0	FUN_0074e6c0
0074E810	FUN_0074e810
0074E910	FUN_0074e910
0074E970	FUN_0074e970
0074E9E0	FUN_0074e9e0
0074EB20	FUN_0074eb20
0074ECA0	FUN_0074eca0
0074EE30	FUN_0074ee30
0074EE60	FUN_0074ee60
0074F150	FUN_0074f150
0074F2F0	FUN_0074f2f0
0074FBA0	FUN_0074fba0
00750420	FUN_00750420
00750440	FUN_00750440
00750510	FUN_00750510
007505A0	FUN_007505a0
007505F0	FUN_007505f0
007506F0	FUN_007506f0
00750867	Catch@00750867
007508A0	FUN_007508a0
00750920	FUN_00750920
00750AD5	Catch@00750ad5
00750B40	FUN_00750b40
00750D80	FUN_00750d80
00750E00	FUN_00750e00
00750E90	FUN_00750e90
00750FC0	FUN_00750fc0
00750FF0	FUN_00750ff0
007510F1	Catch@007510f1
00751180	FUN_00751180
00751287	Catch@00751287
00751310	FUN_00751310
00751450	FUN_00751450
00751470	FUN_00751470
00751550	FUN_00751550
007515D0	FUN_007515d0
007517F0	FUN_007517f0
00751820	FUN_00751820
00751A70	FUN_00751a70
00751C50	FUN_00751c50
00751EA0	FUN_00751ea0
00751F24	Catch@00751f24
00751F60	FUN_00751f60
00751FE0	FUN_00751fe0
00752100	FUN_00752100
00752210	FUN_00752210
007522F0	FUN_007522f0
007523F0	FUN_007523f0
00752670	FUN_00752670
00753070	FUN_00753070
007530B0	FUN_007530b0
007530C0	FUN_007530c0
00753350	FUN_00753350
007533B0	FUN_007533b0
00753430	FUN_00753430
00753470	FUN_00753470
00753490	FUN_00753490
007535F0	FUN_007535f0
007536F0	FUN_007536f0
00753730	FUN_00753730
00753790	FUN_00753790
007537C0	FUN_007537c0
00753AD0	FUN_00753ad0
00753B90	FUN_00753b90
007540A0	FUN_007540a0
00754390	FUN_00754390
00754490	FUN_00754490
00754500	FUN_00754500
00754D30	FUN_00754d30
00754D80	FUN_00754d80
00754DA0	FUN_00754da0
00754DC0	FUN_00754dc0
00754DE0	FUN_00754de0
00754EE0	FUN_00754ee0
00754FE0	FUN_00754fe0
007550E0	FUN_007550e0
00755200	FUN_00755200
00755340	FUN_00755340
00755440	FUN_00755440
00755560	FUN_00755560
007556A0	FUN_007556a0
007557D0	FUN_007557d0
007558D0	FUN_007558d0
00755920	FUN_00755920
00755990	FUN_00755990
00755B10	FUN_00755b10
00755D00	FUN_00755d00
007560B0	FUN_007560b0
00756100	FUN_00756100
00756170	FUN_00756170
007561A0	FUN_007561a0
007561C0	FUN_007561c0
007561E0	FUN_007561e0
00756250	FUN_00756250
00756710	FUN_00756710
00756870	FUN_00756870
00756A90	cUI_Manager_ctor
00756D80	FUN_00756d80
00756F40	cUI_Manager_instance
00756FB0	FUN_00756fb0
00756FD0	FUN_00756fd0
00757020	FUN_00757020
00757060	cUI_Manager_runThread
007572C0	FUN_007572c0
007577E0	FUN_007577e0
00757840	cUI_Manager_receiveEvent
00758DC0	FUN_00758dc0
00758ED0	cUI_Manager_render
00759720	FUN_00759720
007598E0	FUN_007598e0
00759A00	FUN_00759a00
00759AD0	FUN_00759ad0
00759AF0	cUI_Manager_createGameWindows
0075A250	FUN_0075a250
0075A480	FUN_0075a480
0075A690	FUN_0075a690
0075A740	FUN_0075a740
0075A770	FUN_0075a770
0075A7A0	FUN_0075a7a0
0075A7E0	FUN_0075a7e0
0075A800	FUN_0075a800
0075A850	FUN_0075a850
0075A860	FUN_0075a860
0075A890	FUN_0075a890
0075A8B0	FUN_0075a8b0
0075A8D0	FUN_0075a8d0
0075A8F0	FUN_0075a8f0
0075A930	FUN_0075a930
0075A970	FUN_0075a970
0075A990	FUN_0075a990
0075A9B0	FUN_0075a9b0
0075A9D0	FUN_0075a9d0
0075A9F0	FUN_0075a9f0
0075AA10	FUN_0075aa10
0075AA30	FUN_0075aa30
0075AA50	FUN_0075aa50
0075AA70	FUN_0075aa70
0075AA90	cUI_Manager_isCursorOverUi
0075ADB0	FUN_0075adb0
0075AED0	FUN_0075aed0
0075AF80	FUN_0075af80
0075AF90	FUN_0075af90
0075B1E0	FUN_0075b1e0
0075B220	FUN_0075b220
0075B290	FUN_0075b290
0075B2E0	FUN_0075b2e0
0075B340	FUN_0075b340
0075B360	FUN_0075b360
0075B390	FUN_0075b390
0075B430	FUN_0075b430
0075B4D0	FUN_0075b4d0
0075B4F0	cUI_Manager_showHelp
0075C1A0	FUN_0075c1a0
0075C1D0	FUN_0075c1d0
0075C1E0	FUN_0075c1e0
0075C1F0	FUN_0075c1f0
0075C200	FUN_0075c200
0075C310	FUN_0075c310
0075C760	FUN_0075c760
0075C790	FUN_0075c790
0075C920	FUN_0075c920
0075CB50	FUN_0075cb50
0075CC70	FUN_0075cc70
0075E2A0	FUN_0075e2a0
0075E3E0	FUN_0075e3e0
0075E470	FUN_0075e470
0075E490	FUN_0075e490
0075E500	FUN_0075e500
0075E560	FUN_0075e560
0075E630	FUN_0075e630
0075E6B0	FUN_0075e6b0
0075E6E0	FUN_0075e6e0
0075ECE0	FUN_0075ece0
0075ED40	FUN_0075ed40
0075F010	FUN_0075f010
0075F960	FUN_0075f960
0075FA20	FUN_0075fa20
0075FA40	FUN_0075fa40
0075FA60	FUN_0075fa60
0075FA70	FUN_0075fa70
0075FC70	FUN_0075fc70
00761370	FUN_00761370
007613F0	FUN_007613f0
00761541	Catch@00761541
00761580	FUN_00761580
007616F0	FUN_007616f0
00761A20	FUN_00761a20
00761B00	FUN_00761b00
00762650	FUN_00762650
00762C30	FUN_00762c30
00762E10	FUN_00762e10
007631E0	FUN_007631e0
00763530	FUN_00763530
007638E0	FUN_007638e0
00763CB0	FUN_00763cb0
00763F50	FUN_00763f50
007640C0	FUN_007640c0
00764330	FUN_00764330
007645C0	FUN_007645c0
00764760	FUN_00764760
00765B40	FUN_00765b40
00766200	FUN_00766200
00767920	FUN_00767920
00767FB0	FUN_00767fb0
00768570	FUN_00768570
00768600	FUN_00768600
00768790	FUN_00768790
007687F0	FUN_007687f0
007689D0	FUN_007689d0
00768EA0	FUN_00768ea0
00769190	FUN_00769190
007691B0	FUN_007691b0
00769230	FUN_00769230
00769250	FUN_00769250
007693E0	FUN_007693e0
00769450	FUN_00769450
007695F2	Catch@007695f2
00769630	FUN_00769630
007696D0	FUN_007696d0
00769760	FUN_00769760
00769790	FUN_00769790
00769830	FUN_00769830
007698D0	FUN_007698d0
007699A0	FUN_007699a0
00769C50	FUN_00769c50
0076A520	FUN_0076a520
0076A6D0	FUN_0076a6d0
0076A850	FUN_0076a850
0076A860	FUN_0076a860
0076AA40	FUN_0076aa40
0076ACB0	FUN_0076acb0
0076AE60	FUN_0076ae60
0076AEE0	FUN_0076aee0
0076B280	FUN_0076b280
0076B430	FUN_0076b430
0076B4B0	FUN_0076b4b0
0076B930	FUN_0076b930
0076BAE0	FUN_0076bae0
0076BBC0	FUN_0076bbc0
0076BE80	FUN_0076be80
0076BFA0	FUN_0076bfa0
0076C150	FUN_0076c150
0076C2E0	FUN_0076c2e0
0076C630	FUN_0076c630
0076C740	FUN_0076c740
0076C930	FUN_0076c930
0076C9C0	FUN_0076c9c0
0076CBA0	FUN_0076cba0
0076CD50	FUN_0076cd50
0076CE60	FUN_0076ce60
0076CF10	FUN_0076cf10
0076D0B0	FUN_0076d0b0
0076DA70	FUN_0076da70
0076DAB0	FUN_0076dab0
0076DB40	FUN_0076db40
0076DBA0	FUN_0076dba0
0076DE00	FUN_0076de00
0076DE40	FUN_0076de40
0076DF00	FUN_0076df00
0076DF70	FUN_0076df70
0076E200	FUN_0076e200
0076E2C0	FUN_0076e2c0
0076E7D0	FUN_0076e7d0
00770670	FUN_00770670
007706F0	FUN_007706f0
00770840	FUN_00770840
00770C70	FUN_00770c70
00770E90	FUN_00770e90
00771140	FUN_00771140
00771370	FUN_00771370
00771400	FUN_00771400
00771C80	FUN_00771c80
00771F20	FUN_00771f20
00771FB0	FUN_00771fb0
007725A0	FUN_007725a0
007727E0	FUN_007727e0
00772C30	FUN_00772c30
00773490	FUN_00773490
00773790	FUN_00773790
00773880	FUN_00773880
00773AA0	FUN_00773aa0
00773D20	FUN_00773d20
00773F30	FUN_00773f30
00773FB0	FUN_00773fb0
00774190	FUN_00774190
00774440	FUN_00774440
00774470	FUN_00774470
007744B0	FUN_007744b0
00774670	FUN_00774670
00774720	FUN_00774720
00774730	FUN_00774730
00774A90	FUN_00774a90
00774F00	FUN_00774f00
00774FD0	FUN_00774fd0
00775100	FUN_00775100
007752B0	FUN_007752b0
00775420	FUN_00775420
007754A0	FUN_007754a0
007755A0	FUN_007755a0
00775930	FUN_00775930
00775A60	FUN_00775a60
00775C40	FUN_00775c40
00775F80	FUN_00775f80
007762C0	FUN_007762c0
007765E0	FUN_007765e0
00776AB0	FUN_00776ab0
00776BA0	FUN_00776ba0
00777220	FUN_00777220
00778760	FUN_00778760
007788E0	FUN_007788e0
00778AB0	FUN_00778ab0
00778E80	FUN_00778e80
00778F30	FUN_00778f30
00779020	FUN_00779020
00779120	FUN_00779120
00779400	FUN_00779400
00779480	FUN_00779480
00779750	FUN_00779750
00779960	FUN_00779960
00779A40	FUN_00779a40
00779A50	FUN_00779a50
00779CC0	FUN_00779cc0
0077A140	FUN_0077a140
0077A170	FUN_0077a170
0077A350	FUN_0077a350
0077A380	FUN_0077a380
0077A3C0	FUN_0077a3c0
0077A5C0	FUN_0077a5c0
0077A640	FUN_0077a640
0077A730	FUN_0077a730
0077AA20	FUN_0077aa20
0077AAD0	FUN_0077aad0
0077ACE0	FUN_0077ace0
0077B040	FUN_0077b040
0077B110	FUN_0077b110
0077B550	FUN_0077b550
0077BA00	FUN_0077ba00
0077BA80	FUN_0077ba80
0077BBB0	FUN_0077bbb0
0077C0C0	FUN_0077c0c0
0077C140	FUN_0077c140
0077C230	FUN_0077c230
0077C500	FUN_0077c500
0077C580	FUN_0077c580
0077C6C0	FUN_0077c6c0
0077C970	FUN_0077c970
0077CA00	FUN_0077ca00
0077CA90	FUN_0077ca90
0077CB00	FUN_0077cb00
0077CD70	FUN_0077cd70
0077CF60	FUN_0077cf60
0077D410	FUN_0077d410
0077D770	FUN_0077d770
0077DAB0	FUN_0077dab0
0077DCE0	FUN_0077dce0
0077E1C0	FUN_0077e1c0
0077E290	FUN_0077e290
0077E480	FUN_0077e480
0077E7A0	FUN_0077e7a0
0077EB60	FUN_0077eb60
0077EDA0	FUN_0077eda0
0077F0F0	FUN_0077f0f0
0077F1B0	FUN_0077f1b0
0077F380	FUN_0077f380
0077F520	FUN_0077f520
0077F5C0	FUN_0077f5c0
0077F6A0	FUN_0077f6a0
0077F8B0	FUN_0077f8b0
0077FBE0	FUN_0077fbe0
00780290	FUN_00780290
007802A0	FUN_007802a0
007809E0	FUN_007809e0
00780BB0	FUN_00780bb0
00780C70	FUN_00780c70
00781020	FUN_00781020
007813E0	FUN_007813e0
00781830	FUN_00781830
00781D50	FUN_00781d50
00781DC0	FUN_00781dc0
007827D0	FUN_007827d0
00782A50	FUN_00782a50
00782D50	FUN_00782d50
00783000	FUN_00783000
00783090	FUN_00783090
00783250	FUN_00783250
00783810	FUN_00783810
00783890	FUN_00783890
00783D30	FUN_00783d30
00783EE0	FUN_00783ee0
00783F60	FUN_00783f60
00784070	FUN_00784070
00784380	FUN_00784380
00784620	FUN_00784620
007846C0	FUN_007846c0
00784AF0	FUN_00784af0
00784DD0	FUN_00784dd0
00784E50	FUN_00784e50
00784F30	FUN_00784f30
007850D0	FUN_007850d0
007851B0	FUN_007851b0
007853D0	FUN_007853d0
00785660	FUN_00785660
00785860	FUN_00785860
00785960	FUN_00785960
00785C40	FUN_00785c40
00785EE0	FUN_00785ee0
00785F90	FUN_00785f90
007861F0	FUN_007861f0
00786390	FUN_00786390
00786650	FUN_00786650
007866C0	FUN_007866c0
00786D40	FUN_00786d40
00787120	FUN_00787120
00787320	FUN_00787320
007875B0	FUN_007875b0
007877C0	FUN_007877c0
00787AB0	FUN_00787ab0
00787E70	FUN_00787e70
00787F70	FUN_00787f70
00788180	FUN_00788180
007883B0	FUN_007883b0
00788640	FUN_00788640
00788850	FUN_00788850
007888D0	FUN_007888d0
00788BF0	FUN_00788bf0
00788D90	FUN_00788d90
00788ED0	FUN_00788ed0
00789250	FUN_00789250
007899A0	FUN_007899a0
00789E10	FUN_00789e10
00789E90	FUN_00789e90
00789FC0	FUN_00789fc0
0078A2D0	FUN_0078a2d0
0078A350	FUN_0078a350
0078A420	FUN_0078a420
0078A8A0	FUN_0078a8a0
0078AAE0	FUN_0078aae0
0078AEA0	FUN_0078aea0
0078B160	FUN_0078b160
0078B1F0	FUN_0078b1f0
0078B310	FUN_0078b310
0078B5B0	FUN_0078b5b0
0078B640	FUN_0078b640
0078B760	FUN_0078b760
0078B9D0	FUN_0078b9d0
0078BAF0	FUN_0078baf0
0078BC60	FUN_0078bc60
0078BFF0	FUN_0078bff0
0078C3D0	FUN_0078c3d0
0078C820	FUN_0078c820
0078CA30	FUN_0078ca30
0078CC70	FUN_0078cc70
0078D490	FUN_0078d490
0078D870	FUN_0078d870
0078DBA0	FUN_0078dba0
0078E1E0	FUN_0078e1e0
0078E4C0	FUN_0078e4c0
0078E540	FUN_0078e540
0078E760	FUN_0078e760
0078E910	FUN_0078e910
0078EA60	FUN_0078ea60
0078EFD0	FUN_0078efd0
0078F640	FUN_0078f640
0078F6D0	FUN_0078f6d0
0078FB70	FUN_0078fb70
0078FFD0	FUN_0078ffd0
00790050	FUN_00790050
00790190	FUN_00790190
007905E0	FUN_007905e0
00790670	FUN_00790670
00790B30	FUN_00790b30
00791010	FUN_00791010
007910A0	FUN_007910a0
00791260	FUN_00791260
007915C0	FUN_007915c0
00791850	FUN_00791850
00791E00	FUN_00791e00
00792890	FUN_00792890
00792EE0	FUN_00792ee0
00793720	FUN_00793720
00793D80	FUN_00793d80
00793E40	FUN_00793e40
00794150	FUN_00794150
00794300	FUN_00794300
00794570	FUN_00794570
00794690	FUN_00794690
00794B30	FUN_00794b30
007950A0	FUN_007950a0
00795130	FUN_00795130
007956D0	FUN_007956d0
00795B30	FUN_00795b30
00795BB0	FUN_00795bb0
00795C70	FUN_00795c70
00796150	FUN_00796150
007962E0	FUN_007962e0
00796C60	FUN_00796c60
00797B30	FUN_00797b30
00797D10	FUN_00797d10
007981D0	FUN_007981d0
00798460	FUN_00798460
007984E0	FUN_007984e0
00798670	FUN_00798670
00798820	FUN_00798820
00798E40	FUN_00798e40
00799490	FUN_00799490
00799640	FUN_00799640
00799720	FUN_00799720
00799D20	FUN_00799d20
0079A460	FUN_0079a460
0079A750	FUN_0079a750
0079A830	FUN_0079a830
0079A9C0	FUN_0079a9c0
0079AF80	FUN_0079af80
0079B010	FUN_0079b010
0079B580	FUN_0079b580
0079B730	FUN_0079b730
0079B890	FUN_0079b890
0079B910	FUN_0079b910
0079BC20	FUN_0079bc20
0079BE50	FUN_0079be50
0079BEE0	FUN_0079bee0
0079C020	FUN_0079c020
0079C380	FUN_0079c380
0079C480	FUN_0079c480
0079C6B0	FUN_0079c6b0
0079C960	FUN_0079c960
0079C9E0	FUN_0079c9e0
0079CAD0	FUN_0079cad0
0079CDD0	FUN_0079cdd0
0079CEA0	FUN_0079cea0
0079D090	FUN_0079d090
0079D480	FUN_0079d480
0079D600	FUN_0079d600
0079DA40	FUN_0079da40
0079DC90	FUN_0079dc90
0079DD20	FUN_0079dd20
0079DE80	FUN_0079de80
0079E180	FUN_0079e180
0079E240	FUN_0079e240
0079E300	FUN_0079e300
0079E430	FUN_0079e430
0079E5D0	FUN_0079e5d0
0079E630	FUN_0079e630
0079E6C0	FUN_0079e6c0
0079E730	FUN_0079e730
0079EC30	FUN_0079ec30
0079EDE0	FUN_0079ede0
0079EE70	FUN_0079ee70
0079F3E0	FUN_0079f3e0
0079F600	FUN_0079f600
0079F6C0	FUN_0079f6c0
0079F6D0	FUN_0079f6d0
007A0020	FUN_007a0020
007A01D0	FUN_007a01d0
007A0300	FUN_007a0300
007A05A0	FUN_007a05a0
007A0790	FUN_007a0790
007A08C0	FUN_007a08c0
007A0B70	FUN_007a0b70
007A0D60	FUN_007a0d60
007A0DE0	FUN_007a0de0
007A1170	FUN_007a1170
007A13C0	FUN_007a13c0
007A1440	FUN_007a1440
007A15A0	FUN_007a15a0
007A18C0	FUN_007a18c0
007A1940	FUN_007a1940
007A19F0	FUN_007a19f0
007A1AA0	FUN_007a1aa0
007A1C40	FUN_007a1c40
007A1C80	FUN_007a1c80
007A1CB0	FUN_007a1cb0
007A1CF0	FUN_007a1cf0
007A1EB0	FUN_007a1eb0
007A1EE0	FUN_007a1ee0
007A1F20	FUN_007a1f20
007A20E0	FUN_007a20e0
007A2160	FUN_007a2160
007A2230	FUN_007a2230
007A23F0	FUN_007a23f0
007A2470	FUN_007a2470
007A2530	FUN_007a2530
007A26F0	FUN_007a26f0
007A2720	FUN_007a2720
007A2760	FUN_007a2760
007A2920	FUN_007a2920
007A2C40	FUN_007a2c40
007A33D0	FUN_007a33d0
007A3790	FUN_007a3790
007A3DE0	FUN_007a3de0
007A5380	FUN_007a5380
007A5400	FUN_007a5400
007A5730	FUN_007a5730
007A58E0	FUN_007a58e0
007A5960	FUN_007a5960
007A5970	FUN_007a5970
007A5A80	FUN_007a5a80
007A5DE0	FUN_007a5de0
007A5ED0	FUN_007a5ed0
007A61C0	FUN_007a61c0
007A6510	FUN_007a6510
007A65E0	FUN_007a65e0
007A66F0	FUN_007a66f0
007A6A40	FUN_007a6a40
007A6AC0	FUN_007a6ac0
007A6DA0	FUN_007a6da0
007A72E0	FUN_007a72e0
007A74F0	FUN_007a74f0
007A7A90	FUN_007a7a90
007A7C80	FUN_007a7c80
007A7F40	FUN_007a7f40
007A8280	FUN_007a8280
007A8550	FUN_007a8550
007A8700	FUN_007a8700
007A88A0	FUN_007a88a0
007A8A60	FUN_007a8a60
007A8C00	FUN_007a8c00
007A9060	FUN_007a9060
007A9130	FUN_007a9130
007A94F0	FUN_007a94f0
007A9600	FUN_007a9600
007A9B80	FUN_007a9b80
007A9ED0	FUN_007a9ed0
007A9F50	FUN_007a9f50
007A9F90	FUN_007a9f90
007AA250	FUN_007aa250
007AA320	FUN_007aa320
007AA540	FUN_007aa540
007AA980	FUN_007aa980
007AAA50	FUN_007aaa50
007AAE00	FUN_007aae00
007AAFB0	FUN_007aafb0
007AB060	FUN_007ab060
007AB070	FUN_007ab070
007AB350	FUN_007ab350
007AB500	FUN_007ab500
007AB580	FUN_007ab580
007AB590	FUN_007ab590
007AB880	FUN_007ab880
007ABA30	FUN_007aba30
007ABAF0	FUN_007abaf0
007ABFB0	FUN_007abfb0
007AC330	FUN_007ac330
007AC350	FUN_007ac350
007AC370	FUN_007ac370
007AC390	FUN_007ac390
007AC3B0	FUN_007ac3b0
007AC3D0	FUN_007ac3d0
007AC3F0	FUN_007ac3f0
007AC410	FUN_007ac410
007AC430	FUN_007ac430
007AC450	FUN_007ac450
007AC470	FUN_007ac470
007AC490	FUN_007ac490
007AC4B0	FUN_007ac4b0
007AC4D0	FUN_007ac4d0
007AC4F0	FUN_007ac4f0
007AC510	FUN_007ac510
007AC530	FUN_007ac530
007AC550	FUN_007ac550
007AC570	FUN_007ac570
007AC590	FUN_007ac590
007AC5B0	FUN_007ac5b0
007AC5D0	FUN_007ac5d0
007AC5F0	FUN_007ac5f0
007AC610	FUN_007ac610
007AC630	FUN_007ac630
007AC650	FUN_007ac650
007AC670	FUN_007ac670
007AC690	FUN_007ac690
007AC6B0	FUN_007ac6b0
007AC6D0	FUN_007ac6d0
007AC6F0	FUN_007ac6f0
007AC710	FUN_007ac710
007AC760	FUN_007ac760
007AC7D0	FUN_007ac7d0
007AC7F0	FUN_007ac7f0
007AC810	FUN_007ac810
007AC830	FUN_007ac830
007AC850	FUN_007ac850
007AC870	FUN_007ac870
007AC890	FUN_007ac890
007AC8B0	FUN_007ac8b0
007AC8D0	FUN_007ac8d0
007AC8F0	FUN_007ac8f0
007AC910	FUN_007ac910
007AC930	FUN_007ac930
007AC950	FUN_007ac950
007AC970	FUN_007ac970
007AC990	FUN_007ac990
007AC9B0	FUN_007ac9b0
007AC9D0	FUN_007ac9d0
007AC9F0	FUN_007ac9f0
007ACA10	FUN_007aca10
007ACA30	FUN_007aca30
007ACA50	FUN_007aca50
007ACA70	FUN_007aca70
007ACA90	FUN_007aca90
007ACAB0	FUN_007acab0
007ACAD0	FUN_007acad0
007ACAF0	FUN_007acaf0
007ACB10	FUN_007acb10
007ACB30	FUN_007acb30
007ACB50	FUN_007acb50
007ACB70	FUN_007acb70
007ACB90	FUN_007acb90
007ACBB0	FUN_007acbb0
007ACBD0	FUN_007acbd0
007ACBF0	FUN_007acbf0
007ACC10	FUN_007acc10
007ACC30	FUN_007acc30
007ACC50	FUN_007acc50
007ACC70	FUN_007acc70
007ACC90	FUN_007acc90
007ACCB0	FUN_007accb0
007ACCD0	FUN_007accd0
007ACCF0	FUN_007accf0
007ACD10	FUN_007acd10
007ACD30	FUN_007acd30
007ACD50	FUN_007acd50
007ACD70	FUN_007acd70
007ACD90	FUN_007acd90
007ACDB0	FUN_007acdb0
007ACDD0	FUN_007acdd0
007ACDF0	FUN_007acdf0
007ACE10	FUN_007ace10
007ACE30	FUN_007ace30
007ACE50	FUN_007ace50
007ACE70	FUN_007ace70
007ACE90	FUN_007ace90
007ACEB0	FUN_007aceb0
007ACED0	FUN_007aced0
007ACEF0	FUN_007acef0
007ACF10	FUN_007acf10
007ACF30	FUN_007acf30
007ACF50	FUN_007acf50
007ACF70	FUN_007acf70
007ACF90	FUN_007acf90
007ACFB0	FUN_007acfb0
007ACFD0	FUN_007acfd0
007ACFF0	FUN_007acff0
007AD010	FUN_007ad010
007AD030	FUN_007ad030
007AD050	FUN_007ad050
007AD070	FUN_007ad070
007AD090	FUN_007ad090
007AD0B0	FUN_007ad0b0
007AD0D0	FUN_007ad0d0
007AD0F0	FUN_007ad0f0
007AD110	FUN_007ad110
007AD130	FUN_007ad130
007AD150	FUN_007ad150
007AD170	FUN_007ad170
007AD190	FUN_007ad190
007AD1B0	FUN_007ad1b0
007AD1D0	FUN_007ad1d0
007AD1F0	FUN_007ad1f0
007AD210	FUN_007ad210
007AD230	FUN_007ad230
007AD250	FUN_007ad250
007AD280	FUN_007ad280
007AD2A0	FUN_007ad2a0
007AD2C0	FUN_007ad2c0
007AD2E0	FUN_007ad2e0
007AD300	FUN_007ad300
007AD320	FUN_007ad320
007AD340	FUN_007ad340
007AD360	FUN_007ad360
007AD380	FUN_007ad380
007AD3A0	FUN_007ad3a0
007AD3C0	FUN_007ad3c0
007AD3E0	FUN_007ad3e0
007AD490	FUN_007ad490
007AD670	FUN_007ad670
007AD810	FUN_007ad810
007AD8C0	FUN_007ad8c0
007ADA90	FUN_007ada90
007ADDC0	FUN_007addc0
007AE200	FUN_007ae200
007AE280	FUN_007ae280
007AE940	FUN_007ae940
007AEAF0	FUN_007aeaf0
007AEB70	FUN_007aeb70
007AEB80	FUN_007aeb80
007AEE10	FUN_007aee10
007AEFC0	FUN_007aefc0
007AF040	FUN_007af040
007AF130	FUN_007af130
007AF490	FUN_007af490
007AF540	FUN_007af540
007AF550	FUN_007af550
007AF9D0	FUN_007af9d0
007AFB80	FUN_007afb80
007AFC00	FUN_007afc00
007AFE10	FUN_007afe10
007AFFB0	FUN_007affb0
007B0030	FUN_007b0030
007B0440	FUN_007b0440
007B05F0	FUN_007b05f0
007B07A0	FUN_007b07a0
007B0870	FUN_007b0870
007B0B90	FUN_007b0b90
007B0DF0	FUN_007b0df0
007B1470	FUN_007b1470
007B14F0	FUN_007b14f0
007B1AE0	FUN_007b1ae0
007B1D50	FUN_007b1d50
007B20E0	FUN_007b20e0
007B2950	FUN_007b2950
007B2B00	FUN_007b2b00
007B2C30	FUN_007b2c30
007B3110	FUN_007b3110
007B3320	FUN_007b3320
007B34D0	FUN_007b34d0
007B35E0	FUN_007b35e0
007B3F20	FUN_007b3f20
007B40D0	FUN_007b40d0
007B41A0	FUN_007b41a0
007B4B00	FUN_007b4b00
007B4CB0	FUN_007b4cb0
007B4DB0	FUN_007b4db0
007B57A0	FUN_007b57a0
007B5950	FUN_007b5950
007B5F20	FUN_007b5f20
007B6630	FUN_007b6630
007B67E0	FUN_007b67e0
007B6BD0	FUN_007b6bd0
007B70A0	FUN_007b70a0
007B7650	FUN_007b7650
007B7800	FUN_007b7800
007B78D0	FUN_007b78d0
007B7B50	FUN_007b7b50
007B7C30	FUN_007b7c30
007B7DD0	FUN_007b7dd0
007B7EA0	FUN_007b7ea0
007B8590	FUN_007b8590
007B8740	FUN_007b8740
007B88D0	FUN_007b88d0
007B8E80	FUN_007b8e80
007B9020	FUN_007b9020
007B90A0	FUN_007b90a0
007B9530	FUN_007b9530
007B96E0	FUN_007b96e0
007B9800	FUN_007b9800
007B9C80	FUN_007b9c80
007B9D50	FUN_007b9d50
007B9F00	FUN_007b9f00
007B9FD0	FUN_007b9fd0
007BA3E0	FUN_007ba3e0
007BA580	FUN_007ba580
007BA600	FUN_007ba600
007BAA80	FUN_007baa80
007BAC30	FUN_007bac30
007BAD00	FUN_007bad00
007BB280	FUN_007bb280
007BB540	FUN_007bb540
007BB610	FUN_007bb610
007BB830	FUN_007bb830
007BBBE0	FUN_007bbbe0
007BBD90	FUN_007bbd90
007BCBB0	FUN_007bcbb0
007BD320	FUN_007bd320
007BD4C0	FUN_007bd4c0
007BD550	FUN_007bd550
007BD810	FUN_007bd810
007BD9B0	FUN_007bd9b0
007BDA40	FUN_007bda40
007BDA50	FUN_007bda50
007BDDA0	FUN_007bdda0
007BDF50	FUN_007bdf50
007BDFE0	FUN_007bdfe0
007BE8C0	FUN_007be8c0
007BEA70	FUN_007bea70
007BEAF0	FUN_007beaf0
007BEF50	FUN_007bef50
007BF100	FUN_007bf100
007BF1D0	FUN_007bf1d0
007BF4E0	FUN_007bf4e0
007BF690	FUN_007bf690
007BF710	FUN_007bf710
007BFE70	FUN_007bfe70
007C0020	FUN_007c0020
007C0140	FUN_007c0140
007C0680	FUN_007c0680
007C0830	FUN_007c0830
007C0950	FUN_007c0950
007C0EA0	FUN_007c0ea0
007C1050	FUN_007c1050
007C1110	FUN_007c1110
007C1530	FUN_007c1530
007C16D0	FUN_007c16d0
007C1780	FUN_007c1780
007C1790	FUN_007c1790
007C1C50	FUN_007c1c50
007C1E00	FUN_007c1e00
007C1EB0	FUN_007c1eb0
007C20F0	FUN_007c20f0
007C2290	FUN_007c2290
007C2310	FUN_007c2310
007C27F0	FUN_007c27f0
007C29A0	FUN_007c29a0
007C2A20	FUN_007c2a20
007C2CA0	FUN_007c2ca0
007C2E50	FUN_007c2e50
007C2ED0	FUN_007c2ed0
007C3060	FUN_007c3060
007C3200	FUN_007c3200
007C38B0	FUN_007c38b0
007C3D50	FUN_007c3d50
007C3EF0	FUN_007c3ef0
007C3F70	FUN_007c3f70
007C40E0	FUN_007c40e0
007C42C0	FUN_007c42c0
007C4470	FUN_007c4470
007C4510	FUN_007c4510
007C4850	FUN_007c4850
007C4A00	FUN_007c4a00
007C4AD0	FUN_007c4ad0
007C5230	FUN_007c5230
007C54C0	FUN_007c54c0
007C5590	FUN_007c5590
007C58C0	FUN_007c58c0
007C5A60	FUN_007c5a60
007C5C10	FUN_007c5c10
007C62C0	FUN_007c62c0
007C62D0	FUN_007c62d0
007C6A10	FUN_007c6a10
007C6BE0	FUN_007c6be0
007C6CA0	FUN_007c6ca0
007C6D20	FUN_007c6d20
007C7250	FUN_007c7250
007C7400	FUN_007c7400
007C7420	FUN_007c7420
007C7440	FUN_007c7440
007C7460	FUN_007c7460
007C7480	FUN_007c7480
007C74A0	FUN_007c74a0
007C74C0	FUN_007c74c0
007C74E0	FUN_007c74e0
007C7500	FUN_007c7500
007C7520	FUN_007c7520
007C7540	FUN_007c7540
007C7560	FUN_007c7560
007C7580	FUN_007c7580
007C75A0	FUN_007c75a0
007C75C0	FUN_007c75c0
007C75E0	FUN_007c75e0
007C7600	FUN_007c7600
007C7620	FUN_007c7620
007C7640	FUN_007c7640
007C7660	FUN_007c7660
007C7680	FUN_007c7680
007C76A0	FUN_007c76a0
007C76C0	FUN_007c76c0
007C76E0	FUN_007c76e0
007C7700	FUN_007c7700
007C7720	FUN_007c7720
007C7740	FUN_007c7740
007C7760	FUN_007c7760
007C7780	FUN_007c7780
007C77A0	FUN_007c77a0
007C77C0	FUN_007c77c0
007C77E0	FUN_007c77e0
007C7800	FUN_007c7800
007C7820	FUN_007c7820
007C7840	FUN_007c7840
007C78A0	FUN_007c78a0
007C78C0	FUN_007c78c0
007C78E0	FUN_007c78e0
007C7900	FUN_007c7900
007C7920	FUN_007c7920
007C7940	FUN_007c7940
007C7960	FUN_007c7960
007C7980	FUN_007c7980
007C79A0	FUN_007c79a0
007C79C0	FUN_007c79c0
007C79F0	FUN_007c79f0
007C7A20	FUN_007c7a20
007C7A50	FUN_007c7a50
007C7A70	FUN_007c7a70
007C7BB0	FUN_007c7bb0
007C7C80	FUN_007c7c80
007C7CB0	FUN_007c7cb0
007CB740	FUN_007cb740
007CB770	FUN_007cb770
007CB830	FUN_007cb830
007CB960	FUN_007cb960
007CB9C0	FUN_007cb9c0
007CBA10	FUN_007cba10
007CBA50	FUN_007cba50
007CBA90	FUN_007cba90
007CBB00	FUN_007cbb00
007CBB50	FUN_007cbb50
007CBB90	FUN_007cbb90
007CBBE0	FUN_007cbbe0
007CBC20	FUN_007cbc20
007CBC60	FUN_007cbc60
007CBCB0	FUN_007cbcb0
007CBCF0	FUN_007cbcf0
007CBD30	FUN_007cbd30
007CBD60	FUN_007cbd60
007CBD90	FUN_007cbd90
007CBDC0	FUN_007cbdc0
007CBDF0	FUN_007cbdf0
007CBE20	FUN_007cbe20
007CBE70	FUN_007cbe70
007CBEA0	FUN_007cbea0
007CBED0	FUN_007cbed0
007CBF00	FUN_007cbf00
007CBF50	FUN_007cbf50
007CC000	FUN_007cc000
007CC040	FUN_007cc040
007CC080	FUN_007cc080
007CC0C0	FUN_007cc0c0
007CC0D0	FUN_007cc0d0
007CC150	FUN_007cc150
007CC3B0	FUN_007cc3b0
007CC7B0	FUN_007cc7b0
007CC800	FUN_007cc800
007CC870	FUN_007cc870
007CCA70	FUN_007cca70
007CCAA0	FUN_007ccaa0
007CCB60	FUN_007ccb60
007CCBE0	FUN_007ccbe0
007CCF40	FUN_007ccf40
007CD090	FUN_007cd090
007CD3C0	FUN_007cd3c0
007CD630	FUN_007cd630
007CD770	FUN_007cd770
007CD810	FUN_007cd810
007CDD80	FUN_007cdd80
007CE3F0	FUN_007ce3f0
007CE4E0	FUN_007ce4e0
007CE700	FUN_007ce700
007CE740	FUN_007ce740
007CE7B0	FUN_007ce7b0
007CE820	FUN_007ce820
007CE8C0	FUN_007ce8c0
007CE920	FUN_007ce920
007CE980	FUN_007ce980
007CEA10	FUN_007cea10
007CEA80	FUN_007cea80
007CEAD0	FUN_007cead0
007CEB20	FUN_007ceb20
007CEB70	FUN_007ceb70
007CECD0	FUN_007cecd0
007CEE50	FUN_007cee50
007CEFB0	FUN_007cefb0
007CF000	FUN_007cf000
007CF010	FUN_007cf010
007CF020	FUN_007cf020
007CF140	FUN_007cf140
007CF1C0	FUN_007cf1c0
007CF230	FUN_007cf230
007CF2A0	FUN_007cf2a0
007CF3C0	FUN_007cf3c0
007CF470	FUN_007cf470
007D04C0	FUN_007d04c0
007D26C0	FUN_007d26c0
007D26E0	FUN_007d26e0
007D2750	FUN_007d2750
007D2780	FUN_007d2780
007D27B0	cGCclass_ctor
007D2A90	FUN_007d2a90
007D2BD0	cGCclass_initNetwork
007D33E0	FUN_007d33e0
007D35F0	cGCclass_pollLanGames
007D3D00	cGCclass_joinLanGame
007D4090	FUN_007d4090
007D4220	FUN_007d4220
007D4300	FUN_007d4300
007D4330	FUN_007d4330
007D4510	FUN_007d4510
007D46B0	FUN_007d46b0
007D4860	FUN_007d4860
007D4980	FUN_007d4980
007D4C60	FUN_007d4c60
007D4FA0	FUN_007d4fa0
007D52C0	FUN_007d52c0
007D5300	FUN_007d5300
007D5340	FUN_007d5340
007D5380	FUN_007d5380
007D53C0	FUN_007d53c0
007D5420	FUN_007d5420
007D5470	FUN_007d5470
007D54C0	FUN_007d54c0
007D5510	FUN_007d5510
007D5560	FUN_007d5560
007D55B0	FUN_007d55b0
007D5600	FUN_007d5600
007D5650	FUN_007d5650
007D56A0	FUN_007d56a0
007D56C0	FUN_007d56c0
007D56E0	FUN_007d56e0
007D57B0	FUN_007d57b0
007D5980	FUN_007d5980
007D5B20	FUN_007d5b20
007D5B40	FUN_007d5b40
007D5B60	FUN_007d5b60
007D5C60	FUN_007d5c60
007D5C70	FUN_007d5c70
007D5DE0	FUN_007d5de0
007D5E20	FUN_007d5e20
007D5E60	FUN_007d5e60
007D5E90	FUN_007d5e90
007D5EC0	FUN_007d5ec0
007D5EF0	FUN_007d5ef0
007D5F20	FUN_007d5f20
007D5F50	FUN_007d5f50
007D5F80	FUN_007d5f80
007D5FB0	FUN_007d5fb0
007D5FE0	FUN_007d5fe0
007D60E0	FUN_007d60e0
007D61A0	FUN_007d61a0
007D62A0	FUN_007d62a0
007D62D0	FUN_007d62d0
007D62F0	FUN_007d62f0
007D6310	FUN_007d6310
007D6370	FUN_007d6370
007D6380	FUN_007d6380
007D63B0	FUN_007d63b0
007D6420	FUN_007d6420
007D6860	FUN_007d6860
007D6880	FUN_007d6880
007D6960	FUN_007d6960
007D69D0	FUN_007d69d0
007D6B8E	Catch@007d6b8e
007D6BF0	FUN_007d6bf0
007D6C80	FUN_007d6c80
007D6C90	FUN_007d6c90
007D6CC0	FUN_007d6cc0
007D6D10	FUN_007d6d10
007D6D30	FUN_007d6d30
007D6D70	FUN_007d6d70
007D6DB0	FUN_007d6db0
007D6ED0	FUN_007d6ed0
007D6FA2	Catch@007d6fa2
007D7010	FUN_007d7010
007D70E8	Catch@007d70e8
007D7160	FUN_007d7160
007D7280	FUN_007d7280
007D72D0	FUN_007d72d0
007D72F0	FUN_007d72f0
007D7A70	FUN_007d7a70
007D8060	FUN_007d8060
007D84A0	FUN_007d84a0
007D8510	FUN_007d8510
007D8540	FUN_007d8540
007D8550	FUN_007d8550
007D8560	FUN_007d8560
007D8820	FUN_007d8820
007D8950	FUN_007d8950
007DB090	FUN_007db090
007DB230	FUN_007db230
007DB260	FUN_007db260
007DB280	FUN_007db280
007DB2C0	FUN_007db2c0
007DB2F0	FUN_007db2f0
007DB380	FUN_007db380
007DB560	FUN_007db560
007DB580	FUN_007db580
007DB5A0	FUN_007db5a0
007DB5B0	FUN_007db5b0
007DB5D0	FUN_007db5d0
007DB840	FUN_007db840
007DBA90	FUN_007dba90
007DBD10	FUN_007dbd10
007DBF60	FUN_007dbf60
007DC0D0	FUN_007dc0d0
007DC240	FUN_007dc240
007DC260	FUN_007dc260
007E4390	FUN_007e4390
007E47A0	FUN_007e47a0
007E47F0	FUN_007e47f0
007E4C20	FUN_007e4c20
007E56E0	FUN_007e56e0
007E5950	FUN_007e5950
007E5BB0	FUN_007e5bb0
007E6290	FUN_007e6290
007E69B0	FUN_007e69b0
007E70C0	FUN_007e70c0
007E7A60	FUN_007e7a60
007E80B0	FUN_007e80b0
007E87F0	FUN_007e87f0
007E8EA0	FUN_007e8ea0
007E95D0	FUN_007e95d0
007E9610	FUN_007e9610
007E9650	FUN_007e9650
007E9670	FUN_007e9670
007E97F0	FUN_007e97f0
007E9BD0	FUN_007e9bd0
007E9DF0	FUN_007e9df0
007EAE40	FUN_007eae40
007EAEE0	FUN_007eaee0
007EB400	FUN_007eb400
007EB470	FUN_007eb470
007EB610	FUN_007eb610
007ECDE0	FUN_007ecde0
007ECDF0	FUN_007ecdf0
007ECE00	FUN_007ece00
007ECE10	FUN_007ece10
007ECE20	FUN_007ece20
007ECE30	FUN_007ece30
007ECE40	FUN_007ece40
007ECE50	FUN_007ece50
007ECED0	FUN_007eced0
007ECEF0	FUN_007ecef0
007ECF30	FUN_007ecf30
007ED060	FUN_007ed060
007ED080	FUN_007ed080
007ED1B0	FUN_007ed1b0
007ED210	FUN_007ed210
007ED240	FUN_007ed240
007ED370	FUN_007ed370
007ED460	FUN_007ed460
007ED4A0	FUN_007ed4a0
007ED800	FUN_007ed800
007ED8A0	FUN_007ed8a0
007ED970	FUN_007ed970
007ED9C0	FUN_007ed9c0
007EDAA0	FUN_007edaa0
007EDB30	FUN_007edb30
007EDB60	FUN_007edb60
007EDBA0	FUN_007edba0
007EDBB0	FUN_007edbb0
007EDBD0	FUN_007edbd0
007EDBE0	FUN_007edbe0
007EDC20	setNetSpeedMode
007EDC50	FUN_007edc50
007EDEA0	FUN_007edea0
007EE780	FUN_007ee780
007EEE70	writeGameServerCfg
007EF640	FUN_007ef640
007F0520	FUN_007f0520
007F0530	FUN_007f0530
007F0540	FUN_007f0540
007F06F0	FUN_007f06f0
007F08A0	FUN_007f08a0
007F0AB0	FUN_007f0ab0
007F0AD0	FUN_007f0ad0
007F0AF0	FUN_007f0af0
007F0B20	FUN_007f0b20
007F0B40	FUN_007f0b40
007F0C70	FUN_007f0c70
007F0C80	FUN_007f0c80
007F0CB0	FUN_007f0cb0
007F0F50	FUN_007f0f50
007F0F60	FUN_007f0f60
007F1180	FUN_007f1180
007F1370	FUN_007f1370
007F1450	FUN_007f1450
007F1460	FUN_007f1460
007F1480	FUN_007f1480
007F17E0	FUN_007f17e0
007F1800	FUN_007f1800
007F1820	FUN_007f1820
007F1840	FUN_007f1840
007F1970	FUN_007f1970
007F1A50	FUN_007f1a50
007F1E60	FUN_007f1e60
007F22F0	FUN_007f22f0
007F2550	FUN_007f2550
007F27A0	FUN_007f27a0
007F28F0	FUN_007f28f0
007F29F0	FUN_007f29f0
007F2A40	FUN_007f2a40
007F2A70	FUN_007f2a70
007F3020	FUN_007f3020
007F3280	FUN_007f3280
007F32F0	FUN_007f32f0
007F37D0	FUN_007f37d0
007F3860	FUN_007f3860
007F38E0	FUN_007f38e0
007F39A0	FUN_007f39a0
007F3C10	FUN_007f3c10
007F3C30	TinCat_GetBuildNumber
007F3C40	FUN_007f3c40
007F3E50	FUN_007f3e50
007F3F40	FUN_007f3f40
007F4030	FUN_007f4030
007F4110	FUN_007f4110
007F41F0	FUN_007f41f0
007F42E0	FUN_007f42e0
007F43D0	FUN_007f43d0
007F43E0	FUN_007f43e0
007F4460	FUN_007f4460
007F4630	FUN_007f4630
007F4750	FUN_007f4750
007F4940	FUN_007f4940
007F49A0	FUN_007f49a0
007F53F0	FUN_007f53f0
007F5460	FUN_007f5460
007F5470	FUN_007f5470
007F5490	FUN_007f5490
007F54A0	FUN_007f54a0
007F5530	FUN_007f5530
007F5660	FUN_007f5660
007F5670	FUN_007f5670
007F5680	FUN_007f5680
007F5690	FUN_007f5690
007F5720	FUN_007f5720
007F57C0	FUN_007f57c0
007F5860	FUN_007f5860
007F5960	FUN_007f5960
007F5A30	FUN_007f5a30
007F5B80	FUN_007f5b80
007F5B90	FUN_007f5b90
007F5BA0	FUN_007f5ba0
007F5BB0	FUN_007f5bb0
007F5BC0	FUN_007f5bc0
007F5BF0	FUN_007f5bf0
007F5C70	FUN_007f5c70
007F5CE0	FUN_007f5ce0
007F5CF0	FUN_007f5cf0
007F5D70	FUN_007f5d70
007F5DF0	FUN_007f5df0
007F5E00	FUN_007f5e00
007F5E10	FUN_007f5e10
007F5E20	FUN_007f5e20
007F5E40	FUN_007f5e40
007F5EA0	FUN_007f5ea0
007F5F10	FUN_007f5f10
007F5F20	FUN_007f5f20
007F5F30	FUN_007f5f30
007F5F40	FUN_007f5f40
007F5F50	FUN_007f5f50
007F5F60	FUN_007f5f60
007F5F70	FUN_007f5f70
007F6040	FUN_007f6040
007F6120	FUN_007f6120
007F6130	FUN_007f6130
007F6140	FUN_007f6140
007F6160	FUN_007f6160
007F6190	FUN_007f6190
007F61A0	FUN_007f61a0
007F61C0	FUN_007f61c0
007F61D0	FUN_007f61d0
007F61E0	FUN_007f61e0
007F61F0	FUN_007f61f0
007F6270	FUN_007f6270
007F62A0	FUN_007f62a0
007F62C0	FUN_007f62c0
007F63F0	FUN_007f63f0
007F6540	FUN_007f6540
007F6610	FUN_007f6610
007F6700	FUN_007f6700
007F6750	FUN_007f6750
007F6760	FUN_007f6760
007F6780	FUN_007f6780
007F6790	FUN_007f6790
007F67B0	FUN_007f67b0
007F67D0	FUN_007f67d0
007F6A10	FUN_007f6a10
007F6A60	FUN_007f6a60
007F6A70	FUN_007f6a70
007F6A80	FUN_007f6a80
007F6AA0	FUN_007f6aa0
007F6AC0	FUN_007f6ac0
007F6B10	FUN_007f6b10
007F6C20	FUN_007f6c20
007F6CD0	FUN_007f6cd0
007F6CF0	FUN_007f6cf0
007F6D00	FUN_007f6d00
007F6D30	FUN_007f6d30
007F6D50	FUN_007f6d50
007F6D70	FUN_007f6d70
007F6E70	FUN_007f6e70
007F6F40	FUN_007f6f40
007F6FC0	FUN_007f6fc0
007F70A0	FUN_007f70a0
007F7180	FUN_007f7180
007F7200	FUN_007f7200
007F7220	FUN_007f7220
007F7430	FUN_007f7430
007F7460	FUN_007f7460
007F7490	FUN_007f7490
007F7631	Catch@007f7631
007F7710	FUN_007f7710
007F7870	FUN_007f7870
007F7900	FUN_007f7900
007F7A5D	Catch@007f7a5d
007F7AD0	FUN_007f7ad0
007F7BE0	FUN_007f7be0
007F7C50	FUN_007f7c50
007F7E1B	Catch@007f7e1b
007F7E90	FUN_007f7e90
007F7F60	FUN_007f7f60
007F7FF0	FUN_007f7ff0
007F80E0	FUN_007f80e0
007F82F0	FUN_007f82f0
007F8480	FUN_007f8480
007F8490	FUN_007f8490
007F84B0	FUN_007f84b0
007F8670	FUN_007f8670
007F8740	FUN_007f8740
007F8830	FUN_007f8830
007F8840	FUN_007f8840
007F8A10	FUN_007f8a10
007F8BF0	FUN_007f8bf0
007F8DF0	FUN_007f8df0
007F9020	FUN_007f9020
007F9220	FUN_007f9220
007F92A0	FUN_007f92a0
007F94C0	FUN_007f94c0
007F9650	FUN_007f9650
007F9CF0	FUN_007f9cf0
007F9F30	FUN_007f9f30
007F9FB0	FUN_007f9fb0
007FA040	FUN_007fa040
007FA24F	Catch@007fa24f
007FA2D0	FUN_007fa2d0
007FA570	FUN_007fa570
007FA600	FUN_007fa600
007FA7B3	Catch@007fa7b3
007FA820	FUN_007fa820
007FAA10	FUN_007faa10
007FAA80	FUN_007faa80
007FABC1	Catch@007fabc1
007FAC00	FUN_007fac00
007FAD90	FUN_007fad90
007FAF3E	Catch@007faf3e
007FAFB0	FUN_007fafb0
007FB1B0	FUN_007fb1b0
007FB220	FUN_007fb220
007FB3CE	Catch@007fb3ce
007FB440	FUN_007fb440
007FB640	FUN_007fb640
007FB6B0	FUN_007fb6b0
007FB7F1	Catch@007fb7f1
007FB830	FUN_007fb830
007FB890	FUN_007fb890
007FB8D0	FUN_007fb8d0
007FBA30	FUN_007fba30
007FBBD0	FUN_007fbbd0
007FBDB0	FUN_007fbdb0
007FBF60	FUN_007fbf60
007FC110	FUN_007fc110
007FC2B0	FUN_007fc2b0
007FC450	FUN_007fc450
007FC600	FUN_007fc600
007FC790	FUN_007fc790
007FCA00	FUN_007fca00
007FCA30	FUN_007fca30
007FCAA0	FUN_007fcaa0
007FCB80	FUN_007fcb80
007FCCC0	FUN_007fccc0
007FCCF0	FUN_007fccf0
007FCD30	FUN_007fcd30
007FCE50	FUN_007fce50
007FCE80	FUN_007fce80
007FCF60	FUN_007fcf60
007FD040	FUN_007fd040
007FD120	FUN_007fd120
007FD200	FUN_007fd200
007FD240	FUN_007fd240
007FD37B	Catch@007fd37b
007FD440	FUN_007fd440
007FD57E	Catch@007fd57e
007FD640	FUN_007fd640
007FD703	Catch@007fd703
007FD770	FUN_007fd770
007FD831	Catch@007fd831
007FD8A0	FUN_007fd8a0
007FD980	FUN_007fd980
007FDA41	Catch@007fda41
007FDAC0	FUN_007fdac0
007FDB87	Catch@007fdb87
007FDC00	FUN_007fdc00
007FDCBD	Catch@007fdcbd
007FDD80	FUN_007fdd80
007FDE3D	Catch@007fde3d
007FDF00	FUN_007fdf00
007FDFB0	Catch@007fdfb0
007FE070	FUN_007fe070
007FE120	Catch@007fe120
007FE1D0	FUN_007fe1d0
007FE200	FUN_007fe200
007FE230	FUN_007fe230
007FE307	Catch@007fe307
007FE380	FUN_007fe380
007FE455	Catch@007fe455
007FE4D0	FUN_007fe4d0
007FE5A7	Catch@007fe5a7
007FE620	FUN_007fe620
007FE6F5	Catch@007fe6f5
007FE770	FUN_007fe770
007FE7C0	FUN_007fe7c0
007FE810	FUN_007fe810
007FE9D0	FUN_007fe9d0
007FE9F0	FUN_007fe9f0
007FEA10	FUN_007fea10
007FEA60	FUN_007fea60
007FEB50	FUN_007feb50
007FEB80	FUN_007feb80
007FECC0	FUN_007fecc0
007FEDD0	FUN_007fedd0
007FEE00	FUN_007fee00
007FEF10	FUN_007fef10
007FF010	FUN_007ff010
007FF040	FUN_007ff040
007FF180	FUN_007ff180
007FF2B0	FUN_007ff2b0
007FF2E0	FUN_007ff2e0
007FF440	FUN_007ff440
007FF5A0	FUN_007ff5a0
007FF5D0	FUN_007ff5d0
007FF650	FUN_007ff650
007FF830	FUN_007ff830
007FF940	FUN_007ff940
007FFA20	FUN_007ffa20
007FFB30	FUN_007ffb30
007FFC90	FUN_007ffc90
007FFDC0	FUN_007ffdc0
007FFF20	FUN_007fff20
008000A0	FUN_008000a0
008001B0	FUN_008001b0
008001D0	FUN_008001d0
008001F0	FUN_008001f0
00800210	FUN_00800210
00800260	FUN_00800260
008003E0	FUN_008003e0
008005D0	FUN_008005d0
00800950	FUN_00800950
00800A30	FUN_00800a30
00800B70	FUN_00800b70
00800C30	FUN_00800c30
00800C50	FUN_00800c50
00800C90	FUN_00800c90
00800CD0	FUN_00800cd0
00800F40	FUN_00800f40
00800F80	FUN_00800f80
00800FE0	FUN_00800fe0
00801040	FUN_00801040
008011B0	FUN_008011b0
00801330	FUN_00801330
00801580	UncompressMemory
00801900	FUN_00801900
00801920	FUN_00801920
00801A00	FUN_00801a00
00801C70	FUN_00801c70
00802080	FUN_00802080
00803270	FUN_00803270
008036C0	FUN_008036c0
00803790	FUN_00803790
00803800	FUN_00803800
00803870	FUN_00803870
00803920	FUN_00803920
00803EA0	FUN_00803ea0
00804750	FUN_00804750
008047E0	FUN_008047e0
00804880	FUN_00804880
00804990	FUN_00804990
00804A60	detectLocalIps
00804FD0	FUN_00804fd0
00805110	FUN_00805110
00805250	FUN_00805250
008054D0	FUN_008054d0
00805580	FUN_00805580
00805670	FUN_00805670
00805690	FUN_00805690
00805710	FUN_00805710
00805780	FUN_00805780
008059B0	FUN_008059b0
00805C80	FUN_00805c80
00805ED0	FUN_00805ed0
00805FD0	FUN_00805fd0
008060E0	FUN_008060e0
00806260	FUN_00806260
00806480	FUN_00806480
008064D0	FUN_008064d0
00806560	FUN_00806560
00806620	FUN_00806620
00806970	FUN_00806970
008069B0	FUN_008069b0
00806B00	FUN_00806b00
00806D20	FUN_00806d20
00806E70	FUN_00806e70
00807150	FUN_00807150
00807370	FUN_00807370
008073F0	FUN_008073f0
00807460	FUN_00807460
008074D0	FUN_008074d0
008075C0	FUN_008075c0
00807600	FUN_00807600
008076F0	FUN_008076f0
00807760	FUN_00807760
00807790	FUN_00807790
00807800	FUN_00807800
00807840	FUN_00807840
008078B0	FUN_008078b0
008078E0	FUN_008078e0
00807950	FUN_00807950
008079D0	FUN_008079d0
00807B60	FUN_00807b60
00807D00	FUN_00807d00
00807E90	FUN_00807e90
00808020	FUN_00808020
00808060	FUN_00808060
00808080	FUN_00808080
008080A0	FUN_008080a0
008084D0	FUN_008084d0
00808500	FUN_00808500
00808540	FUN_00808540
00808690	FUN_00808690
008086D0	FUN_008086d0
00808700	FUN_00808700
008088B0	FUN_008088b0
00808930	FUN_00808930
00808950	FUN_00808950
00808A00	FUN_00808a00
00808A70	FUN_00808a70
00808BF0	FUN_00808bf0
00808CD0	FUN_00808cd0
00808E50	FUN_00808e50
00808EC0	FUN_00808ec0
00808EF0	FUN_00808ef0
00809030	FUN_00809030
00809170	FUN_00809170
008092F0	FUN_008092f0
00809650	FUN_00809650
008098E0	FUN_008098e0
00809AA0	FUN_00809aa0
00809B50	FUN_00809b50
00809BC0	FUN_00809bc0
00809C70	FUN_00809c70
00809CA0	FUN_00809ca0
00809D50	FUN_00809d50
00809D70	FUN_00809d70
00809E3B	Catch@00809e3b
00809EC0	FUN_00809ec0
00809F4A	Catch@00809f4a
00809FD0	FUN_00809fd0
0080A156	Catch@0080a156
0080A1B0	FUN_0080a1b0
0080A390	FUN_0080a390
0080A400	FUN_0080a400
0080A59B	Catch@0080a59b
0080A5F0	FUN_0080a5f0
0080A810	FUN_0080a810
0080A890	FUN_0080a890
0080A8FD	Catch@0080a8fd
0080A950	FUN_0080a950
0080A9BB	Catch@0080a9bb
0080AA00	FUN_0080aa00
0080AA50	FUN_0080aa50
0080AAA0	FUN_0080aaa0
0080AB10	FUN_0080ab10
0080AB60	FUN_0080ab60
0080AB90	FUN_0080ab90
0080ABF0	FUN_0080abf0
0080AC30	FUN_0080ac30
0080AC60	FUN_0080ac60
0080ACC0	FUN_0080acc0
0080AD20	FUN_0080ad20
0080AE20	FUN_0080ae20
0080AED0	FUN_0080aed0
0080B000	FUN_0080b000
0080B030	FUN_0080b030
0080B040	FUN_0080b040
0080B0A0	FUN_0080b0a0
0080B1E0	FUN_0080b1e0
0080B320	FUN_0080b320
0080B460	FUN_0080b460
0080B650	FUN_0080b650
0080B840	FUN_0080b840
0080BA30	FUN_0080ba30
0080BAC0	FUN_0080bac0
0080BB20	FUN_0080bb20
0080BBF0	FUN_0080bbf0
0080BD20	FUN_0080bd20
0080BDE0	FUN_0080bde0
0080BE00	FUN_0080be00
0080BEE0	FUN_0080bee0
0080C000	FUN_0080c000
0080C140	FUN_0080c140
0080C1C0	FUN_0080c1c0
0080C200	FUN_0080c200
0080C230	FUN_0080c230
0080C270	FUN_0080c270
0080C2B0	FUN_0080c2b0
0080C2E0	FUN_0080c2e0
0080C310	FUN_0080c310
0080C3A0	FUN_0080c3a0
0080CA70	FUN_0080ca70
0080CC20	FUN_0080cc20
0080CC60	FUN_0080cc60
0080D3C0	FUN_0080d3c0
0080D890	FUN_0080d890
0080DB20	FUN_0080db20
0080DB40	FUN_0080db40
0080DBC0	FUN_0080dbc0
0080DC30	FUN_0080dc30
0080DDC6	Catch@0080ddc6
0080DE30	FUN_0080de30
0080E000	FUN_0080e000
0080E070	FUN_0080e070
0080E116	Catch@0080e116
0080E180	FUN_0080e180
0080E222	Catch@0080e222
0080E290	FUN_0080e290
0080E300	FUN_0080e300
0080E350	FUN_0080e350
0080E530	FUN_0080e530
0080E5A0	FUN_0080e5a0
0080E680	cTextTable_load
0080E780	FUN_0080e780
0080E980	FUN_0080e980
0080EAA0	FUN_0080eaa0
0080EAF0	FUN_0080eaf0
0080EE90	FUN_0080ee90
0080F060	FUN_0080f060
0080F230	FUN_0080f230
0080F410	FUN_0080f410
0080F5E0	FUN_0080f5e0
0080F720	FUN_0080f720
0080F870	FUN_0080f870
0080F9D0	FUN_0080f9d0
0080FA90	FUN_0080fa90
0080FAB0	FUN_0080fab0
0080FAD0	FUN_0080fad0
0080FB20	FUN_0080fb20
0080FC30	FUN_0080fc30
0080FC70	FUN_0080fc70
0080FCF0	FUN_0080fcf0
0080FD60	FUN_0080fd60
00810490	FUN_00810490
00810650	FUN_00810650
008107A0	FUN_008107a0
008108A0	FUN_008108a0
008108F0	FUN_008108f0
00810A90	FUN_00810a90
00810AA0	FUN_00810aa0
00810B50	FUN_00810b50
00810B80	FUN_00810b80
00810BC0	FUN_00810bc0
00810C70	FUN_00810c70
00810CA0	FUN_00810ca0
00810CB0	FUN_00810cb0
00810CD0	FUN_00810cd0
00810E20	FUN_00810e20
00811000	FUN_00811000
008111E0	FUN_008111e0
00811240	FUN_00811240
00811390	FUN_00811390
00811440	FUN_00811440
00811500	FUN_00811500
00811520	FUN_00811520
00811540	FUN_00811540
008118A0	FUN_008118a0
00812BF0	sacredWndProc
00813A90	FUN_00813a90
00813B90	FUN_00813b90
00813CB0	loadSettings
008152D0	FUN_008152d0
00815990	FUN_00815990
00815F70	initApp
00817580	FUN_00817580
00817B30	WinMain
008181A0	FUN_008181a0
00818220	FUN_00818220
00818361	Catch@00818361
008183A0	FUN_008183a0
00818420	FUN_00818420
008184C0	FUN_008184c0
008184E0	FUN_008184e0
008184F0	FUN_008184f0
00818500	FUN_00818500
00818540	FUN_00818540
00818640	FUN_00818640
00818A80	FUN_00818a80
00818EC0	FUN_00818ec0
00819270	FUN_00819270
00819430	FUN_00819430
008197E0	FUN_008197e0
008199A0	FUN_008199a0
00819AD0	FUN_00819ad0
00819C00	FUN_00819c00
00819E20	FUN_00819e20
00819FD0	FUN_00819fd0
0081A180	FUN_0081a180
0081A330	FUN_0081a330
0081A4E0	FUN_0081a4e0
0081A690	FUN_0081a690
0081A840	FUN_0081a840
0081A970	FUN_0081a970
0081AA90	FUN_0081aa90
0081ABC0	FUN_0081abc0
0081ACE0	FUN_0081ace0
0081AEC0	FUN_0081aec0
0081B0A0	FUN_0081b0a0
0081B280	FUN_0081b280
0081B3A0	FUN_0081b3a0
0081B540	FUN_0081b540
0081B6F0	FUN_0081b6f0
0081B8A0	FUN_0081b8a0
0081BA50	FUN_0081ba50
0081BB80	FUN_0081bb80
0081BD10	FUN_0081bd10
0081BE40	FUN_0081be40
0081C000	FUN_0081c000
0081C1B0	FUN_0081c1b0
0081C360	FUN_0081c360
0081C510	FUN_0081c510
0081C6C0	FUN_0081c6c0
0081C870	FUN_0081c870
0081CA30	FUN_0081ca30
0081CA50	FUN_0081ca50
0081CC00	FUN_0081cc00
0081CDC0	FUN_0081cdc0
0081CDD0	FUN_0081cdd0
0081CF80	FUN_0081cf80
0081D130	FUN_0081d130
0081D2E0	FUN_0081d2e0
0081D4B0	FUN_0081d4b0
0081D660	FUN_0081d660
0081D790	FUN_0081d790
0081D7A0	FUN_0081d7a0
0081D960	FUN_0081d960
0081DB10	FUN_0081db10
0081DCB0	FUN_0081dcb0
0081DDE0	FUN_0081dde0
0081DF90	FUN_0081df90
0081E0C0	FUN_0081e0c0
0081E260	FUN_0081e260
0081E400	FUN_0081e400
0081E5B0	FUN_0081e5b0
0081E760	FUN_0081e760
0081E910	FUN_0081e910
0081EB00	FUN_0081eb00
0081ECF0	FUN_0081ecf0
0081EEE0	FUN_0081eee0
0081F0D0	FUN_0081f0d0
0081F280	FUN_0081f280
0081F430	FUN_0081f430
0081F5E0	FUN_0081f5e0
0081F5F0	FUN_0081f5f0
0081F7A0	FUN_0081f7a0
0081F950	FUN_0081f950
0081FB00	FUN_0081fb00
0081FCB0	FUN_0081fcb0
0081FE60	FUN_0081fe60
00820010	FUN_00820010
00820170	FUN_00820170
008202D0	FUN_008202d0
00820480	FUN_00820480
008205D0	FUN_008205d0
008206B0	FUN_008206b0
00820700	FUN_00820700
00820760	FUN_00820760
008208A0	FUN_008208a0
00820924	Catch@00820924
00820960	FUN_00820960
00820A10	FUN_00820a10
00820A30	FUN_00820a30
00820A6D	FUN_00820a6d
00820B09	FUN_00820b09
00820BE5	FUN_00820be5
00820C73	FUN_00820c73
00820C9D	FUN_00820c9d
00820D4C	FUN_00820d4c
00820D7B	FUN_00820d7b
00820DBE	FUN_00820dbe
00820DCB	thunk_FUN_00820dbe
00820DE2	FUN_00820de2
00820DEF	thunk_FUN_00820de2
00820E06	FUN_00820e06
00820E13	thunk_FUN_00820e06
00820E2A	FUN_00820e2a
00820E37	thunk_FUN_00820e2a
00820E67	FUN_00820e67
00820F15	FUN_00820f15
00820F3F	FUN_00820f3f
00821010	FUN_00821010
0082103F	FUN_0082103f
00821134	FUN_00821134
008211EC	FUN_008211ec
008211F9	thunk_FUN_008211ec
008211FF	FUN_008211ff
00821210	thunk_FUN_008211ff
00821216	FUN_00821216
00821223	thunk_FUN_00821216
0082128F	FUN_0082128f
0082131E	FUN_0082131e
00821496	FUN_00821496
00821567	FUN_00821567
00821591	FUN_00821591
00821684	FUN_00821684
008216B3	FUN_008216b3
0082172A	FUN_0082172a
00821737	thunk_FUN_0082172a
008217DC	FUN_008217dc
008218AC	FUN_008218ac
008218B9	thunk_FUN_008218ac
00821996	FUN_00821996
008219A3	thunk_FUN_00821996
00821BDF	FUN_00821bdf
00821BEC	thunk_FUN_00821bdf
00821EA2	FUN_00821ea2
00821EAF	thunk_FUN_00821ea2
008222DE	FUN_008222de
00822368	FUN_00822368
00822384	FUN_00822384
008223FE	FUN_008223fe
0082241A	FUN_0082241a
00822495	FUN_00822495
008224B1	thunk_FUN_00822495
00822553	FUN_00822553
00822655	FUN_00822655
00822662	thunk_FUN_00822655
00822778	FUN_00822778
008227BA	FUN_008227ba
00822AB3	FUN_00822ab3
00822ADA	FUN_00822ada
00822BC0	FUN_00822bc0
00822BEB	FUN_00822beb
00822D1E	FUN_00822d1e
00822D2B	thunk_FUN_00822d1e
00822E65	FUN_00822e65
00822E85	FUN_00822e85
00822EE1	FUN_00822ee1
00822F0F	thunk_FUN_00822ee1
00822FEE	FUN_00822fee
00822FFB	thunk_FUN_00822fee
0082315A	FUN_0082315a
00823167	thunk_FUN_0082315a
0082321E	FUN_0082321e
0082322B	thunk_FUN_0082321e
008232AC	FUN_008232ac
008232B9	thunk_FUN_008232ac
00823357	FUN_00823357
0082337B	thunk_FUN_00823357
00823464	FUN_00823464
0082348E	FUN_0082348e
008234E5	FUN_008234e5
00823525	FUN_00823525
008235AD	FUN_008235ad
008235BA	thunk_FUN_008235ad
008238B0	FUN_008238b0
00823980	FUN_00823980
00823A2C	FUN_00823a2c
00823A97	FUN_00823a97
00823B1A	FUN_00823b1a
00823B97	FUN_00823b97
00823C2F	FUN_00823c2f
00823C6B	FUN_00823c6b
00823CBF	FUN_00823cbf
00823D5C	FUN_00823d5c
00823E18	FUN_00823e18
00823EF7	FUN_00823ef7
00824084	FUN_00824084
00824284	FUN_00824284
0082442A	FUN_0082442a
0082465B	FUN_0082465b
00824A86	FUN_00824a86
00824ABF	FUN_00824abf
00824DD9	FUN_00824dd9
00824EB3	FUN_00824eb3
0082534C	FUN_0082534c
00825750	FUN_00825750
00825B1E	FUN_00825b1e
00825B7B	FUN_00825b7b
00825BB5	Catch@00825bb5
00825BC1	FUN_00825bc1
00825C20	FUN_00825c20
00825D21	FUN_00825d21
00825E8F	FUN_00825e8f
00825FF3	FUN_00825ff3
008260D7	FUN_008260d7
00826575	FUN_00826575
0082663F	FUN_0082663f
00826722	FUN_00826722
008267B0	FUN_008267b0
008267F5	FUN_008267f5
00826879	FUN_00826879
008268F2	FUN_008268f2
0082698C	FUN_0082698c
00826A0A	FUN_00826a0a
00826ACC	FUN_00826acc
00826DF6	FUN_00826df6
00826E8A	FUN_00826e8a
0082706E	FUN_0082706e
0082712E	FUN_0082712e
008271C8	FUN_008271c8
0082727A	FUN_0082727a
008272FF	FUN_008272ff
008273A4	FUN_008273a4
00827457	FUN_00827457
008274F1	FUN_008274f1
0082766F	FUN_0082766f
00827805	FUN_00827805
00827F43	FUN_00827f43
00828018	FUN_00828018
008280EC	FUN_008280ec
008281EF	FUN_008281ef
00828369	FUN_00828369
0082856C	FUN_0082856c
008286F7	FUN_008286f7
0082885D	FUN_0082885d
0082896D	FUN_0082896d
00828BA5	FUN_00828ba5
00828D75	FUN_00828d75
00828FA6	FUN_00828fa6
008290D0	FUN_008290d0
008291A4	FUN_008291a4
008293A7	FUN_008293a7
00829532	FUN_00829532
00829698	FUN_00829698
008297A8	FUN_008297a8
008299E0	FUN_008299e0
00829BB0	FUN_00829bb0
00829DE1	FUN_00829de1
00829ED2	FUN_00829ed2
00829FA4	FUN_00829fa4
0082A070	FUN_0082a070
0082A104	FUN_0082a104
0082A44A	FUN_0082a44a
0082A6C6	FUN_0082a6c6
0082A890	FUN_0082a890
0082A952	FUN_0082a952
0082AA80	FUN_0082aa80
0082AB40	FUN_0082ab40
0082B280	FUN_0082b280
0082B9B2	FUN_0082b9b2
0082BEEC	FUN_0082beec
0082BF58	FUN_0082bf58
0082C08F	FUN_0082c08f
0082C11C	FUN_0082c11c
0082C212	FUN_0082c212
0082C35E	FUN_0082c35e
0082D606	FUN_0082d606
0082DCDF	FUN_0082dcdf
0082DDF8	FUN_0082ddf8
0082E4D2	FUN_0082e4d2
0082E893	FUN_0082e893
0082E8FA	FUN_0082e8fa
0082EB88	FUN_0082eb88
0082EC13	FUN_0082ec13
0082EDDA	thunk_FUN_0082eb88
0082EDDF	FUN_0082eddf
0082EF67	FUN_0082ef67
0082F18D	FUN_0082f18d
0082F340	FUN_0082f340
0082F5FB	FUN_0082f5fb
0082F650	FUN_0082f650
0082F689	FUN_0082f689
0082FECB	FUN_0082fecb
0082FFAD	FUN_0082ffad
00830196	FUN_00830196
008303C0	FUN_008303c0
008304C0	FUN_008304c0
00830AA0	FUN_00830aa0
00830BA0	FUN_00830ba0
00830F58	DirectDrawEnumerateExA
00830F5E	DirectDrawCreateEx
00830F6A	Ordinal_3
00830F70	Ordinal_5
00830F76	Ordinal_2
00830F7C	Ordinal_4
00830F82	TinCat_CreateTinCatValues
00830F88	TinCat_CreateAPI
00830F8E	TinCat_Scramble
00830F94	TinCat_GetBuildNumber
00830F9A	xmlStrcmp
00830FA0	xmlDocGetRootElement
00830FA6	xmlParseFile
00830FAC	xmlSaveFormatFileEnc
00830FB2	__xmlIndentTreeOutput
00830FB8	xmlDocSetRootElement
00830FBE	xmlNewNode
00830FC4	xmlNewDoc
00830FCA	xmlGetProp
00830FD0	xmlFreeDoc
00830FD6	xmlSetProp
00830FDC	xmlNewChild
00830FF0	FUN_00830ff0
00831015	FUN_00831015
0083103A	FUN_0083103a
0083105F	FUN_0083105f
00831084	FUN_00831084
008310A9	FUN_008310a9
008310CE	FUN_008310ce
008310F3	FUN_008310f3
00831118	FUN_00831118
0083113D	FUN_0083113d
00831162	FUN_00831162
00831187	FUN_00831187
00831204	FUN_00831204
0083123E	FUN_0083123e
00831261	FUN_00831261
008312A0	_GetProcAddressInternal@8
00831304	FUN_00831304
0083139F	FUN_0083139f
00831662	FUN_00831662
008317C7	_GodotFailMultiByteToWideChar@24
008317F5	FID_conflict:_GodotFailWideCharToMultiByte@32
008318C4	FID_conflict:_GodotFailTextOutW@20
008318F2	__WSAFDIsSet
008318F8	FUN_008318f8
00831984	FUN_00831984
00831D50	FUN_00831d50
00831E40	FUN_00831e40
00831E50	FUN_00831e50
00831ED0	operator_new
00831EE0	FUN_00831ee0
00831FD0	FUN_00831fd0
008321A0	FUN_008321a0
00832350	FUN_00832350
00832480	FUN_00832480
00832490	FUN_00832490
00832600	FUN_00832600
00832730	FUN_00832730
00832770	FUN_00832770
008327A0	FUN_008327a0
008328E0	FUN_008328e0
00832900	FUN_00832900
00832920	FUN_00832920
00832970	FUN_00832970
00832990	FUN_00832990
008329E0	FUN_008329e0
00832B20	FUN_00832b20
00832B40	FUN_00832b40
00832B60	FUN_00832b60
00832BB0	FUN_00832bb0
00832BD0	FUN_00832bd0
00832C50	FUN_00832c50
00832C70	FUN_00832c70
00832C90	FUN_00832c90
00832CB0	FUN_00832cb0
00832CD0	FUN_00832cd0
00832CF0	thunk_FUN_00849410
00832D00	FUN_00832d00
00832D10	FUN_00832d10
00832D20	FUN_00832d20
00832DC0	FUN_00832dc0
00832EA0	FUN_00832ea0
0083315A	Catch@0083315a
008331DB	FUN_008331db
008332F0	FUN_008332f0
00833670	FUN_00833670
00833DA0	FUN_00833da0
00833DC0	FUN_00833dc0
00833DE0	FUN_00833de0
00833E50	FUN_00833e50
00833EE0	FUN_00833ee0
00833F00	FUN_00833f00
00833F20	FUN_00833f20
00833F30	FUN_00833f30
00833FC0	FUN_00833fc0
00833FF0	FUN_00833ff0
008340D0	FUN_008340d0
00834200	FUN_00834200
00834220	FUN_00834220
008342F0	FUN_008342f0
008343E0	FUN_008343e0
00834590	FUN_00834590
00834620	FUN_00834620
00834650	FUN_00834650
00834670	FUN_00834670
008346A0	FUN_008346a0
008346B0	FUN_008346b0
008346D0	FUN_008346d0
008346F0	FUN_008346f0
00834730	FUN_00834730
00834790	FUN_00834790
008347A0	FUN_008347a0
008348E0	FUN_008348e0
00834900	FUN_00834900
00834960	FUN_00834960
00834A60	FUN_00834a60
00834C20	FUN_00834c20
00834CD0	FUN_00834cd0
00834D40	FUN_00834d40
00834D70	FUN_00834d70
00835090	FUN_00835090
008350D0	FUN_008350d0
008350E0	FUN_008350e0
00835100	FUN_00835100
008351E0	FUN_008351e0
00835200	FUN_00835200
008352A0	FUN_008352a0
008352C0	FUN_008352c0
008352E0	~exception
00835310	FUN_00835310
00835340	FUN_00835340
00835350	FUN_00835350
00835370	FUN_00835370
00835710	FUN_00835710
00835730	FUN_00835730
00835750	FUN_00835750
00835770	FUN_00835770
00835790	FUN_00835790
008357B0	FUN_008357b0
008357D0	FUN_008357d0
008357F0	FUN_008357f0
00835810	FUN_00835810
00835830	FUN_00835830
00835840	FUN_00835840
00835860	FUN_00835860
00835880	FUN_00835880
00835890	FUN_00835890
008358C0	FUN_008358c0
008359C0	FUN_008359c0
008359E0	FUN_008359e0
00835A00	FUN_00835a00
00835A10	FUN_00835a10
00835A30	FUN_00835a30
00835A40	FUN_00835a40
00835A70	FUN_00835a70
00835A90	FUN_00835a90
00835AE0	FUN_00835ae0
00835BB0	FUN_00835bb0
00835BD0	FUN_00835bd0
00835BE0	FUN_00835be0
00835CE0	FUN_00835ce0
00835E00	FUN_00835e00
00835E20	FUN_00835e20
00835E30	FUN_00835e30
00835E50	FUN_00835e50
00835E60	FUN_00835e60
00835E80	FUN_00835e80
00835E90	FUN_00835e90
00835EB0	FUN_00835eb0
00835EC0	FUN_00835ec0
00835EE0	FUN_00835ee0
00836020	FUN_00836020
008361F0	FUN_008361f0
00836310	FUN_00836310
00836330	FUN_00836330
00836470	FUN_00836470
00836490	FUN_00836490
008364A0	FUN_008364a0
008364C0	FUN_008364c0
008364D0	FUN_008364d0
008364F0	FUN_008364f0
00836500	FUN_00836500
00836520	FUN_00836520
00836530	FUN_00836530
00836550	FUN_00836550
00836690	FUN_00836690
008366B0	FUN_008366b0
008367F0	FUN_008367f0
00837580	FUN_00837580
008375B0	FUN_008375b0
008377B0	FUN_008377b0
008377D0	FUN_008377d0
00838310	FUN_00838310
00838A40	FUN_00838a40
008390B0	FUN_008390b0
008393B0	FUN_008393b0
0083AAA0	FUN_0083aaa0
0083BCF0	FUN_0083bcf0
0083CA60	FUN_0083ca60
0083CA80	FUN_0083ca80
0083CAA0	FUN_0083caa0
0083CCA0	FUN_0083cca0
0083DF60	FUN_0083df60
0083E640	FUN_0083e640
0083E990	FUN_0083e990
0083F840	FUN_0083f840
0083F860	FUN_0083f860
0083FE70	FUN_0083fe70
00841120	FUN_00841120
00841180	FUN_00841180
008411E0	FUN_008411e0
00841230	FUN_00841230
00841280	FUN_00841280
00841350	FUN_00841350
008413E0	FUN_008413e0
00841520	FUN_00841520
00841660	FUN_00841660
00841930	FUN_00841930
00841B20	FUN_00841b20
00841C10	FUN_00841c10
00841C90	FUN_00841c90
00841FB0	FUN_00841fb0
008420E0	FUN_008420e0
00842210	FUN_00842210
00842400	FUN_00842400
00842490	FUN_00842490
00842510	FUN_00842510
00842560	FUN_00842560
00842650	FUN_00842650
008427D0	FUN_008427d0
00842B00	FUN_00842b00
00842C60	FUN_00842c60
00842DD0	FUN_00842dd0
00842F00	FUN_00842f00
008431B0	FUN_008431b0
00843240	FUN_00843240
00843290	FUN_00843290
00843370	FUN_00843370
008434F0	FUN_008434f0
00843820	FUN_00843820
00843980	FUN_00843980
00843B20	FUN_00843b20
00843C80	FUN_00843c80
00843FC0	FUN_00843fc0
00844030	FUN_00844030
00844050	FUN_00844050
008440E0	FUN_008440e0
008442E0	FUN_008442e0
00844360	FUN_00844360
00844560	FUN_00844560
008445D0	FUN_008445d0
00844650	FUN_00844650
00844680	FUN_00844680
008446A0	FUN_008446a0
00844710	FUN_00844710
00844750	FUN_00844750
00844760	FUN_00844760
00844780	FUN_00844780
008447A0	FUN_008447a0
00844880	FUN_00844880
008448B0	FUN_008448b0
008448D0	FUN_008448d0
008449A0	FUN_008449a0
00844A70	FUN_00844a70
00844AE0	FUN_00844ae0
00844BC0	FUN_00844bc0
00844C30	FUN_00844c30
00844D30	FUN_00844d30
00844D80	FUN_00844d80
00844EE0	FUN_00844ee0
00844FB0	FUN_00844fb0
00845090	FUN_00845090
00845170	FUN_00845170
00845190	FUN_00845190
00845260	FUN_00845260
008452A0	FUN_008452a0
00845370	FUN_00845370
008453B0	FUN_008453b0
00845480	FUN_00845480
008454B0	FUN_008454b0
008454E0	FUN_008454e0
008455B0	FUN_008455b0
00845680	FUN_00845680
00845760	FUN_00845760
00845840	FUN_00845840
00845880	FUN_00845880
00845960	FUN_00845960
008459A0	FUN_008459a0
00845A70	FUN_00845a70
00845AA0	FUN_00845aa0
00845AF0	FUN_00845af0
00845B10	FUN_00845b10
00845C60	FUN_00845c60
00846080	FUN_00846080
00846150	FUN_00846150
00846180	FUN_00846180
00846260	FUN_00846260
00846280	FUN_00846280
008462F0	FUN_008462f0
00846320	FUN_00846320
00846340	FUN_00846340
00846350	FUN_00846350
00846430	FUN_00846430
00846510	FUN_00846510
008465F0	FUN_008465f0
008466D0	FUN_008466d0
00846710	FUN_00846710
00846730	FUN_00846730
00846750	FUN_00846750
00846830	FUN_00846830
00846910	FUN_00846910
008469F0	FUN_008469f0
00846AD0	FUN_00846ad0
00846B10	FUN_00846b10
00846B30	FUN_00846b30
00846B40	FUN_00846b40
00846C20	FUN_00846c20
00846CF0	FUN_00846cf0
00846DC0	FUN_00846dc0
00846EC0	FUN_00846ec0
00846F00	FUN_00846f00
00846F20	FUN_00846f20
00846F40	FUN_00846f40
00847020	FUN_00847020
008470F0	FUN_008470f0
008471C0	FUN_008471c0
00847290	FUN_00847290
00847450	FUN_00847450
00847A30	FUN_00847a30
00847AB0	FUN_00847ab0
00847B30	FUN_00847b30
00847B80	FUN_00847b80
00847C10	FUN_00847c10
00847C40	FUN_00847c40
00847DA0	FUN_00847da0
00847E60	FUN_00847e60
00847F20	FUN_00847f20
00847FB0	FUN_00847fb0
00848060	FUN_00848060
00848150	FUN_00848150
008482F0	FUN_008482f0
008485A0	FUN_008485a0
00848700	FUN_00848700
00848870	FUN_00848870
00848890	FUN_00848890
008488B0	FUN_008488b0
008488D0	FUN_008488d0
008489C0	FUN_008489c0
00848BE0	FUN_00848be0
00848C90	FUN_00848c90
00849000	FUN_00849000
00849370	FUN_00849370
008493E0	FUN_008493e0
00849410	FUN_00849410
0084941B	FUN_0084941b
0084944F	FUN_0084944f
00849456	FUN_00849456
0084945D	FUN_0084945d
008494AC	FUN_008494ac
008494E2	FUN_008494e2
00849536	FUN_00849536
0084955B	FUN_0084955b
00849611	FUN_00849611
00849686	FUN_00849686
00849701	FUN_00849701
00849718	FUN_00849718
00849719	FUN_00849719
00849754	__global_unwind2
00849796	__local_unwind2
008497FE	__abnormal_termination
00849821	__NLG_Notify1
0084982A	FUN_0084982a
00849842	operator_new
00849850	FUN_00849850
00849881	__fclose_lk
008498CD	FUN_008498cd
008498F9	FUN_008498f9
00849986	FUN_00849986
008499B5	FUN_008499b5
00849A9D	FUN_00849a9d
00849ACE	FUN_00849ace
00849AE1	FUN_00849ae1
00849B33	FUN_00849b33
00849B40	_rand
00849B70	FUN_00849b70
00849EA5	__CxxThrowException@8
00849EDF	FUN_00849edf
00849F5D	FUN_00849f5d
00849FA0	FUN_00849fa0
00849FC2	FUN_00849fc2
0084A195	FUN_0084a195
0084A1CA	FUN_0084a1ca
0084A1F4	__ftol
0084A220	__alldiv
0084A2D0	__allmul
0084A304	FUN_0084a304
0084A3D3	FUN_0084a3d3
0084A45D	FUN_0084a45d
0084A47F	FUN_0084a47f
0084A5E0	FUN_0084a5e0
0084A60F	FUN_0084a60f
0084A719	FUN_0084a719
0084A742	FUN_0084a742
0084A760	FUN_0084a760
0084A7F0	_strncpy
0084A8EE	FUN_0084a8ee
0084A910	FUN_0084a910
0084A92C	~exception
0084A931	FUN_0084a931
0084A949	FUN_0084a949
0084A961	FUN_0084a961
0084AA78	FUN_0084aa78
0084AA90	FUN_0084aa90
0084AAAA	FUN_0084aaaa
0084AB04	FUN_0084ab04
0084ABFD	FUN_0084abfd
0084AD35	FUN_0084ad35
0084AD60	FUN_0084ad60
0084ADA0	FUN_0084ada0
0084AE5C	FUN_0084ae5c
0084AEC4	FUN_0084aec4
0084AEDC	FUN_0084aedc
0084AF50	FUN_0084af50
0084AF7D	FUN_0084af7d
0084AF8E	__exit
0084AF9F	FUN_0084af9f
0084B044	FUN_0084b044
0084B04D	FUN_0084b04d
0084B056	FUN_0084b056
0084B070	FUN_0084b070
0084B0DA	FUN_0084b0da
0084B0F2	FUN_0084b0f2
0084B156	FUN_0084b156
0084B183	FUN_0084b183
0084B1BF	FUN_0084b1bf
0084B24A	FUN_0084b24a
0084B255	FUN_0084b255
0084B2B7	FUN_0084b2b7
0084B2E5	FUN_0084b2e5
0084B30D	FUN_0084b30d
0084B363	FUN_0084b363
0084B3C0	FUN_0084b3c0
0084B3DD	FUN_0084b3dd
0084B48B	FUN_0084b48b
0084B4C0	_strncmp
0084B500	_strrchr
0084B527	FUN_0084b527
0084B556	FUN_0084b556
0084B584	FUN_0084b584
0084B5E9	FUN_0084b5e9
0084B68D	FUN_0084b68d
0084B769	FUN_0084b769
0084B795	FUN_0084b795
0084B7BF	FUN_0084b7bf
0084B7E4	FUN_0084b7e4
0084B853	__copysign
0084B874	FUN_0084b874
0084B888	FUN_0084b888
0084B8B6	FUN_0084b8b6
0084B948	FUN_0084b948
0084B97A	FUN_0084b97a
0084B9E4	FUN_0084b9e4
0084BA3C	FUN_0084ba3c
0084BA63	_malloc
0084BA75	__nh_malloc
0084BAA1	FUN_0084baa1
0084BB08	FUN_0084bb08
0084BB67	FUN_0084bb67
0084BB9D	FUN_0084bb9d
0084BC14	FUN_0084bc14
0084BCA7	FUN_0084bca7
0084BCE6	FUN_0084bce6
0084BD55	FUN_0084bd55
0084BE21	FUN_0084be21
0084BE67	FUN_0084be67
0084BF34	FUN_0084bf34
0084BFFC	FUN_0084bffc
0084C01C	___timet_from_ft
0084C080	FUN_0084c080
0084C09D	FUN_0084c09d
0084C0D3	FUN_0084c0d3
0084C110	FUN_0084c110
0084C17F	FUN_0084c17f
0084C24A	FUN_0084c24a
0084C261	FUN_0084c261
0084C466	FUN_0084c466
0084C47D	FUN_0084c47d
0084C4CE	FUN_0084c4ce
0084C53C	FUN_0084c53c
0084C670	GetCurrentProcessId
0084C676	FUN_0084c676
0084C801	FUN_0084c801
0084C94F	FUN_0084c94f
0084C9A5	FUN_0084c9a5
0084CA49	FUN_0084ca49
0084CB3C	FUN_0084cb3c
0084CBAF	FUN_0084cbaf
0084CBB8	FUN_0084cbb8
0084CBC1	FUN_0084cbc1
0084CC11	FUN_0084cc11
0084CD49	FUN_0084cd49
0084CD78	FUN_0084cd78
0084CD9B	FUN_0084cd9b
0084CDCA	FUN_0084cdca
0084CE80	__allshl
0084CE9F	FUN_0084ce9f
0084CFE6	FUN_0084cfe6
0084D030	_strncat
0084D153	FUN_0084d153
0084D194	FUN_0084d194
0084D1BD	FUN_0084d1bd
0084D1FE	FUN_0084d1fe
0084D227	FUN_0084d227
0084D37B	FUN_0084d37b
0084D3C9	FUN_0084d3c9
0084D3F5	FUN_0084d3f5
0084D4D4	FUN_0084d4d4
0084D548	FUN_0084d548
0084D5C0	FUN_0084d5c0
0084D5DD	FUN_0084d5dd
0084D690	__allshr
0084D779	FUN_0084d779
0084D794	FUN_0084d794
0084D7A2	FUN_0084d7a2
0084D7B0	FUN_0084d7b0
0084D7E5	FUN_0084d7e5
0084D81A	FUN_0084d81a
0084D830	FUN_0084d830
0084D8C2	FUN_0084d8c2
0084D94B	FUN_0084d94b
0084D964	entry
0084DA6C	__amsg_exit
0084DA91	FUN_0084da91
0084DAB8	FUN_0084dab8
0084DAE0	_strlen
0084DB60	__aullrem
0084DBD5	FUN_0084dbd5
0084DBE6	FUN_0084dbe6
0084DC02	FUN_0084dc02
0084DC3F	FUN_0084dc3f
0084DC89	~exception
0084DCAC	FUN_0084dcac
0084DCC3	FUN_0084dcc3
0084DE7F	FUN_0084de7f
0084DFA2	FUN_0084dfa2
0084E01E	FUN_0084e01e
0084E09D	FUN_0084e09d
0084E0DF	FUN_0084e0df
0084E13E	FUN_0084e13e
0084E160	_memchr
0084E210	__aulldiv
0084E280	__aullshr
0084E29F	FUN_0084e29f
0084E2D2	FUN_0084e2d2
0084E30F	FUN_0084e30f
0084E370	FUN_0084e370
0084E3AE	FUN_0084e3ae
0084E449	FUN_0084e449
0084E5FC	FUN_0084e5fc
0084E6A6	FUN_0084e6a6
0084E703	FUN_0084e703
0084E7A1	FUN_0084e7a1
0084E81C	FUN_0084e81c
0084E8E9	FUN_0084e8e9
0084E961	FUN_0084e961
0084EB25	FUN_0084eb25
0084EB8C	FUN_0084eb8c
0084EBB0	__CallSettingFrame@12
0084EBFC	FUN_0084ebfc
0084EC50	FUN_0084ec50
0084EC63	FUN_0084ec63
0084ECCA	FUN_0084ecca
0084ED6A	FUN_0084ed6a
0084EDCB	FUN_0084edcb
0084EE21	FUN_0084ee21
0084EE33	FUN_0084ee33
0084EE71	FUN_0084ee71
0084EE9A	FUN_0084ee9a
0084EF5A	__fassign
0084EF98	FUN_0084ef98
0084EFF9	FUN_0084eff9
0084F0BB	FUN_0084f0bb
0084F110	FUN_0084f110
0084F1B7	FUN_0084f1b7
0084F24A	__cfltcvt
0084F29B	FUN_0084f29b
0084F2C0	FUN_0084f2c0
0084F31D	FUN_0084f31d
0084F3A0	__freebuf
0084F3CB	FUN_0084f3cb
0084F430	FUN_0084f430
0084F4A3	FUN_0084f4a3
0084F57F	FUN_0084f57f
0084F5E4	FUN_0084f5e4
0084F7C0	FUN_0084f7c0
0084FAF5	FUN_0084faf5
0084FC65	FUN_0084fc65
0084FD2D	FUN_0084fd2d
0084FE45	FUN_0084fe45
00850586	FUN_00850586
008505BB	FUN_008505bb
008505EC	FUN_008505ec
00850624	FUN_00850624
00850632	FUN_00850632
00850696	FUN_00850696
00850700	FUN_00850700
0085077B	FUN_0085077b
008509A0	__trandisp1
00850A07	__trandisp2
00850B70	FUN_00850b70
00850B87	__startOneArgErrorHandling
00850BD0	FUN_00850bd0
00850BE5	FUN_00850be5
00850BFC	FUN_00850bfc
00850C15	__fload_withFB
00850C58	FUN_00850c58
00850C6E	FUN_00850c6e
00850C7B	__math_exit
00850CB9	FUN_00850cb9
00850D5C	FUN_00850d5c
00850E8C	FUN_00850e8c
00850F00	__cintrindisp2
00850F3E	__cintrindisp1
00850F7B	__ctrandisp2
00850FC3	FUN_00850fc3
00850FCA	FUN_00850fca
008510FB	__ctrandisp1
0085112E	__fload
00851976	FUN_00851976
00851B7C	FUN_00851b7c
00851EFB	FUN_00851efb
00851F4F	FUN_00851f4f
00851FE7	FUN_00851fe7
0085229A	FUN_0085229a
008524B1	FUN_008524b1
00852539	FUN_00852539
00852561	FUN_00852561
00852586	FUN_00852586
008525B3	__frnd
008525C5	FUN_008525c5
008525EE	FUN_008525ee
00852648	FUN_00852648
00852709	FUN_00852709
00852717	FUN_00852717
00852726	FUN_00852726
00852749	FUN_00852749
0085279F	FUN_0085279f
00852804	FUN_00852804
0085298F	FUN_0085298f
008529B8	FUN_008529b8
00852A19	FUN_00852a19
00852A30	_strcmp
00852AB4	FUN_00852ab4
008534D9	FUN_008534d9
00853510	FUN_00853510
0085352A	FUN_0085352a
00853541	FUN_00853541
00853565	FUN_00853565
008535F2	FUN_008535f2
0085361C	FUN_0085361c
00853691	FUN_00853691
00853710	FUN_00853710
008537A3	FUN_008537a3
00853865	FUN_00853865
00853FB2	FUN_00853fb2
00853FD2	FUN_00853fd2
00854003	FUN_00854003
0085403C	FUN_0085403c
00854049	FUN_00854049
00854059	FUN_00854059
00854086	FUN_00854086
008540E2	FUN_008540e2
0085410F	FUN_0085410f
00854257	FUN_00854257
008542B4	FUN_008542b4
008542FC	FUN_008542fc
00854327	FUN_00854327
00854650	FUN_00854650
00854959	FUN_00854959
00854A0A	FUN_00854a0a
00854B05	FUN_00854b05
00854DFB	FUN_00854dfb
00854F3F	FUN_00854f3f
00854F95	FUN_00854f95
00855057	FUN_00855057
008550AE	FUN_008550ae
008550F3	FUN_008550f3
008552FB	FUN_008552fb
0085541F	FUN_0085541f
008554C8	FUN_008554c8
008554E3	FUN_008554e3
0085557C	FUN_0085557c
00855605	FUN_00855605
00855620	FUN_00855620
0085575E	FUN_0085575e
00855798	FUN_00855798
008559C0	FUN_008559c0
008559D0	FUN_008559d0
00855AB0	FUN_00855ab0
0085657F	FUN_0085657f
008565D9	FUN_008565d9
008565E4	FUN_008565e4
008565FD	FUN_008565fd
008566A3	FUN_008566a3
00856850	FUN_00856850
0085689A	FUN_0085689a
008568CD	FUN_008568cd
008568F6	FUN_008568f6
00856A7B	FUN_00856a7b
00856A97	FUN_00856a97
00856B31	FUN_00856b31
00856BA6	FUN_00856ba6
00856DAF	FUN_00856daf
00856DDF	FUN_00856ddf
00856E31	FUN_00856e31
00856FB3	FUN_00856fb3
00856FF0	FUN_00856ff0
00857048	FUN_00857048
00857101	FUN_00857101
0085719A	FUN_0085719a
0085734E	FUN_0085734e
00857480	FUN_00857480
008574B9	FUN_008574b9
00857610	FUN_00857610
00857650	_memset
008576A8	FUN_008576a8
00857704	FUN_00857704
008577BA	FUN_008577ba
00857831	FUN_00857831
0085784D	FUN_0085784d
00857869	FUN_00857869
00857881	FUN_00857881
008578CA	FUN_008578ca
00857920	FUN_00857920
008579AC	FUN_008579ac
008579C7	FUN_008579c7
008579D3	FUN_008579d3
008579EE	FUN_008579ee
00857A7B	FUN_00857a7b
00857BE7	FUN_00857be7
00857BFD	FUN_00857bfd
00857C13	FUN_00857c13
00857C40	FUN_00857c40
00857C6D	FUN_00857c6d
00857C76	FUN_00857c76
00857CBA	FUN_00857cba
00857F89	FUN_00857f89
00857FB2	FUN_00857fb2
0085800B	FUN_0085800b
00858074	FUN_00858074
00858144	FUN_00858144
00858147	FUN_00858147
008581A4	FUN_008581a4
0085826D	FUN_0085826d
00858296	FUN_00858296
00858304	FUN_00858304
0085844D	FUN_0085844d
0085891E	FUN_0085891e
0085894C	FUN_0085894c
00858BD3	FUN_00858bd3
00858BF4	FUN_00858bf4
00858DA0	FUN_00858da0
00858EE0	FUN_00858ee0
00858FD9	FUN_00858fd9
00859036	FUN_00859036
008591E5	FUN_008591e5
00859214	FUN_00859214
00859305	FUN_00859305
008593F2	FUN_008593f2
008595B7	FUN_008595b7
008595C8	FUN_008595c8
008595F9	FUN_008595f9
00859690	FUN_00859690
00859760	FUN_00859760
00859861	FUN_00859861
00859AF4	FUN_00859af4
00859B15	___add_12
00859B73	FUN_00859b73
00859BA1	FUN_00859ba1
00859BCE	FUN_00859bce
00859C95	FUN_00859c95
00859DBA	FUN_00859dba
00859FDA	FUN_00859fda
0085A056	FUN_0085a056
0085A0D3	FUN_0085a0d3
0085A1FA	FUN_0085a1fa
0085A2E1	FUN_0085a2e1
0085A33A	FUN_0085a33a
0085A39B	__mbsnbicoll
0085A3DA	FUN_0085a3da
0085A448	FUN_0085a448
0085A6C5	FUN_0085a6c5
0085A6F0	FUN_0085a6f0
0085A877	FUN_0085a877
0085A8CF	FUN_0085a8cf
0085A936	FUN_0085a936
0085A9CD	FUN_0085a9cd
0085AA00	RtlUnwind
0085AA06	ImmGetProperty
0085AA0C	ImmReleaseContext
0085AA12	ImmGetContext
0085AA18	ImmNotifyIME
0085AA1E	ImmSetCompositionStringW
0085AA24	ImmGetCandidateListW
0085AA2A	ImmGetCandidateListCountW
0085AA30	ImmGetCompositionStringW
0085AA36	ImmSetCandidateWindow
0085AA3C	ImmSetOpenStatus
0085AA42	VerQueryValueA
0085AA48	GetFileVersionInfoA
0085AA4E	GetFileVersionInfoSizeA
0085AA60	FUN_0085aa60
0085AB51	FUN_0085ab51
0085AB59	FUN_0085ab59
0085AC90	Unwind@0085ac90
0085AC9B	Unwind@0085ac9b
0085ACA6	Unwind@0085aca6
0085ACB1	Unwind@0085acb1
0085ACBC	Unwind@0085acbc
0085ACC7	Unwind@0085acc7
0085ACDC	Unwind@0085acdc
0085ACE7	Unwind@0085ace7
0085ACF2	Unwind@0085acf2
0085ACFD	Unwind@0085acfd
0085AD08	Unwind@0085ad08
0085AD13	Unwind@0085ad13
0085AD1E	Unwind@0085ad1e
0085AD26	Unwind@0085ad26
0085AD31	Unwind@0085ad31
0085AD3C	Unwind@0085ad3c
0085AD51	Unwind@0085ad51
0085AD66	Unwind@0085ad66
0085AD71	Unwind@0085ad71
0085AD86	Unwind@0085ad86
0085AD91	Unwind@0085ad91
0085ADA6	Unwind@0085ada6
0085ADAE	Unwind@0085adae
0085ADB6	Unwind@0085adb6
0085ADBE	Unwind@0085adbe
0085ADC6	Unwind@0085adc6
0085ADCE	Unwind@0085adce
0085ADD6	Unwind@0085add6
0085ADDE	Unwind@0085adde
0085ADE6	Unwind@0085ade6
0085ADEE	Unwind@0085adee
0085AE00	Unwind@0085ae00
0085AE20	Unwind@0085ae20
0085AE40	Unwind@0085ae40
0085AE60	Unwind@0085ae60
0085AE80	Unwind@0085ae80
0085AE88	Unwind@0085ae88
0085AE93	Unwind@0085ae93
0085AEB0	Unwind@0085aeb0
0085AEE0	Unwind@0085aee0
0085AF10	Unwind@0085af10
0085AF30	Unwind@0085af30
0085AF38	Unwind@0085af38
0085AF43	Unwind@0085af43
0085AF60	Unwind@0085af60
0085AF6B	Unwind@0085af6b
0085AF76	Unwind@0085af76
0085AF90	Unwind@0085af90
0085AF9B	Unwind@0085af9b
0085AFA6	Unwind@0085afa6
0085AFB1	Unwind@0085afb1
0085AFC6	Unwind@0085afc6
0085AFD1	Unwind@0085afd1
0085AFDC	Unwind@0085afdc
0085AFE7	Unwind@0085afe7
0085AFF2	Unwind@0085aff2
0085AFFD	Unwind@0085affd
0085B008	Unwind@0085b008
0085B013	Unwind@0085b013
0085B01E	Unwind@0085b01e
0085B029	Unwind@0085b029
0085B034	Unwind@0085b034
0085B03F	Unwind@0085b03f
0085B054	Unwind@0085b054
0085B05F	Unwind@0085b05f
0085B06A	Unwind@0085b06a
0085B07F	Unwind@0085b07f
0085B08A	Unwind@0085b08a
0085B095	Unwind@0085b095
0085B0A0	Unwind@0085b0a0
0085B0B5	Unwind@0085b0b5
0085B0C0	Unwind@0085b0c0
0085B0CB	Unwind@0085b0cb
0085B0D6	Unwind@0085b0d6
0085B0EB	Unwind@0085b0eb
0085B0F6	Unwind@0085b0f6
0085B101	Unwind@0085b101
0085B10C	Unwind@0085b10c
0085B117	Unwind@0085b117
0085B122	Unwind@0085b122
0085B12D	Unwind@0085b12d
0085B138	Unwind@0085b138
0085B143	Unwind@0085b143
0085B14E	Unwind@0085b14e
0085B159	Unwind@0085b159
0085B164	Unwind@0085b164
0085B16F	Unwind@0085b16f
0085B17A	Unwind@0085b17a
0085B185	Unwind@0085b185
0085B190	Unwind@0085b190
0085B1B0	Unwind@0085b1b0
0085B1D0	Unwind@0085b1d0
0085B1D8	Unwind@0085b1d8
0085B1E0	Unwind@0085b1e0
0085B1E8	Unwind@0085b1e8
0085B200	Unwind@0085b200
0085B220	Unwind@0085b220
0085B240	Unwind@0085b240
0085B24B	Unwind@0085b24b
0085B259	Unwind@0085b259
0085B264	Unwind@0085b264
0085B272	Unwind@0085b272
0085B27D	Unwind@0085b27d
0085B28B	Unwind@0085b28b
0085B296	Unwind@0085b296
0085B2A4	Unwind@0085b2a4
0085B2BF	Unwind@0085b2bf
0085B2CA	Unwind@0085b2ca
0085B2D5	Unwind@0085b2d5
0085B2E0	Unwind@0085b2e0
0085B2EB	Unwind@0085b2eb
0085B2F9	Unwind@0085b2f9
0085B304	Unwind@0085b304
0085B30F	Unwind@0085b30f
0085B31A	Unwind@0085b31a
0085B32F	Unwind@0085b32f
0085B344	Unwind@0085b344
0085B34F	Unwind@0085b34f
0085B35A	Unwind@0085b35a
0085B365	Unwind@0085b365
0085B370	Unwind@0085b370
0085B37B	Unwind@0085b37b
0085B386	Unwind@0085b386
0085B391	Unwind@0085b391
0085B39C	Unwind@0085b39c
0085B3A7	Unwind@0085b3a7
0085B3B2	Unwind@0085b3b2
0085B3BD	Unwind@0085b3bd
0085B3C8	Unwind@0085b3c8
0085B3D3	Unwind@0085b3d3
0085B3DE	Unwind@0085b3de
0085B3EC	Unwind@0085b3ec
0085B3FA	Unwind@0085b3fa
0085B408	Unwind@0085b408
0085B420	Unwind@0085b420
0085B440	Unwind@0085b440
0085B460	Unwind@0085b460
0085B480	Unwind@0085b480
0085B4A0	Unwind@0085b4a0
0085B4F0	Unwind@0085b4f0
0085B510	Unwind@0085b510
0085B560	Unwind@0085b560
0085B580	Unwind@0085b580
0085B58B	Unwind@0085b58b
0085B593	Unwind@0085b593
0085B59B	Unwind@0085b59b
0085B5A3	Unwind@0085b5a3
0085B5AB	Unwind@0085b5ab
0085B5B3	Unwind@0085b5b3
0085B5BB	Unwind@0085b5bb
0085B5C3	Unwind@0085b5c3
0085B5CB	Unwind@0085b5cb
0085B5DD	Unwind@0085b5dd
0085B5E8	Unwind@0085b5e8
0085B5F0	Unwind@0085b5f0
0085B5F8	Unwind@0085b5f8
0085B600	Unwind@0085b600
0085B608	Unwind@0085b608
0085B610	Unwind@0085b610
0085B618	Unwind@0085b618
0085B620	Unwind@0085b620
0085B628	Unwind@0085b628
0085B640	Unwind@0085b640
0085B660	Unwind@0085b660
0085B680	Unwind@0085b680
0085B6A0	Unwind@0085b6a0
0085B6C0	Unwind@0085b6c0
0085B6C8	Unwind@0085b6c8
0085B6D3	Unwind@0085b6d3
0085B6DE	Unwind@0085b6de
0085B6E9	Unwind@0085b6e9
0085B6F4	Unwind@0085b6f4
0085B710	Unwind@0085b710
0085B71B	Unwind@0085b71b
0085B723	Unwind@0085b723
0085B72B	Unwind@0085b72b
0085B733	Unwind@0085b733
0085B73E	Unwind@0085b73e
0085B746	Unwind@0085b746
0085B74E	Unwind@0085b74e
0085B759	Unwind@0085b759
0085B761	Unwind@0085b761
0085B780	Unwind@0085b780
0085B788	Unwind@0085b788
0085B79D	Unwind@0085b79d
0085B7D0	Unwind@0085b7d0
0085B7E5	Unwind@0085b7e5
0085B7F7	Unwind@0085b7f7
0085B802	Unwind@0085b802
0085B80D	Unwind@0085b80d
0085B818	Unwind@0085b818
0085B823	Unwind@0085b823
0085B82E	Unwind@0085b82e
0085B839	Unwind@0085b839
0085B844	Unwind@0085b844
0085B84F	Unwind@0085b84f
0085B85A	Unwind@0085b85a
0085B865	Unwind@0085b865
0085B870	Unwind@0085b870
0085B87B	Unwind@0085b87b
0085B886	Unwind@0085b886
0085B891	Unwind@0085b891
0085B89C	Unwind@0085b89c
0085B8AA	Unwind@0085b8aa
0085B8B8	Unwind@0085b8b8
0085B8D0	Unwind@0085b8d0
0085B8DB	Unwind@0085b8db
0085B8E6	Unwind@0085b8e6
0085B8F1	Unwind@0085b8f1
0085B8FC	Unwind@0085b8fc
0085B90E	Unwind@0085b90e
0085B919	Unwind@0085b919
0085B92E	Unwind@0085b92e
0085B936	Unwind@0085b936
0085B93E	Unwind@0085b93e
0085B946	Unwind@0085b946
0085B960	Unwind@0085b960
0085B968	Unwind@0085b968
0085B973	Unwind@0085b973
0085B990	Unwind@0085b990
0085B99B	Unwind@0085b99b
0085B9A3	Unwind@0085b9a3
0085B9AE	Unwind@0085b9ae
0085B9B6	Unwind@0085b9b6
0085B9C1	Unwind@0085b9c1
0085B9C9	Unwind@0085b9c9
0085B9D1	Unwind@0085b9d1
0085B9D9	Unwind@0085b9d9
0085B9F0	Unwind@0085b9f0
0085B9FB	Unwind@0085b9fb
0085BA06	Unwind@0085ba06
0085BA20	Unwind@0085ba20
0085BA40	Unwind@0085ba40
0085BA60	Unwind@0085ba60
0085BA80	Unwind@0085ba80
0085BA91	Unwind@0085ba91
0085BA99	Unwind@0085ba99
0085BAA1	Unwind@0085baa1
0085BAC0	Unwind@0085bac0
0085BAE0	Unwind@0085bae0
0085BB10	Unwind@0085bb10
0085BB30	Unwind@0085bb30
0085BB3B	Unwind@0085bb3b
0085BB50	Unwind@0085bb50
0085BB70	Unwind@0085bb70
0085BB78	Unwind@0085bb78
0085BB80	Unwind@0085bb80
0085BB88	Unwind@0085bb88
0085BBA0	Unwind@0085bba0
0085BBC0	Unwind@0085bbc0
0085BBD1	Unwind@0085bbd1
0085BBD9	Unwind@0085bbd9
0085BBF0	Unwind@0085bbf0
0085BC01	Unwind@0085bc01
0085BC09	Unwind@0085bc09
0085BC14	Unwind@0085bc14
0085BC30	Unwind@0085bc30
0085BC41	Unwind@0085bc41
0085BC49	Unwind@0085bc49
0085BC54	Unwind@0085bc54
0085BC70	Unwind@0085bc70
0085BC90	Unwind@0085bc90
0085BCB0	Unwind@0085bcb0
0085BCB8	Unwind@0085bcb8
0085BCC0	Unwind@0085bcc0
0085BCC8	Unwind@0085bcc8
0085BCE0	Unwind@0085bce0
0085BD00	Unwind@0085bd00
0085BD0B	Unwind@0085bd0b
0085BD16	Unwind@0085bd16
0085BD21	Unwind@0085bd21
0085BD2F	Unwind@0085bd2f
0085BD44	Unwind@0085bd44
0085BD4C	Unwind@0085bd4c
0085BD57	Unwind@0085bd57
0085BD5F	Unwind@0085bd5f
0085BD6A	Unwind@0085bd6a
0085BD7F	Unwind@0085bd7f
0085BDA0	Unwind@0085bda0
0085BDC0	Unwind@0085bdc0
0085BDC8	Unwind@0085bdc8
0085BDD3	Unwind@0085bdd3
0085BDF0	Unwind@0085bdf0
0085BDF8	Unwind@0085bdf8
0085BE00	Unwind@0085be00
0085BE20	Unwind@0085be20
0085BE40	Unwind@0085be40
0085BE60	Unwind@0085be60
0085BE90	Unwind@0085be90
0085BEA1	Unwind@0085bea1
0085BEA9	Unwind@0085bea9
0085BEB1	Unwind@0085beb1
0085BEE0	Unwind@0085bee0
0085BEE8	Unwind@0085bee8
0085BEF3	Unwind@0085bef3
0085BF10	Unwind@0085bf10
0085BF30	Unwind@0085bf30
0085BF41	Unwind@0085bf41
0085BF49	Unwind@0085bf49
0085BF54	Unwind@0085bf54
0085BF5C	Unwind@0085bf5c
0085BF80	Unwind@0085bf80
0085BF91	Unwind@0085bf91
0085BF99	Unwind@0085bf99
0085BFA4	Unwind@0085bfa4
0085BFAC	Unwind@0085bfac
0085BFE0	Unwind@0085bfe0
0085BFE8	Unwind@0085bfe8
0085BFF0	Unwind@0085bff0
0085BFF8	Unwind@0085bff8
0085C010	Unwind@0085c010
0085C018	Unwind@0085c018
0085C023	Unwind@0085c023
0085C050	Unwind@0085c050
0085C05B	Unwind@0085c05b
0085C070	Unwind@0085c070
0085C07B	Unwind@0085c07b
0085C0B0	Unwind@0085c0b0
0085C0B8	Unwind@0085c0b8
0085C0C0	Unwind@0085c0c0
0085C0D2	Unwind@0085c0d2
0085C0DD	Unwind@0085c0dd
0085C0E8	Unwind@0085c0e8
0085C0F3	Unwind@0085c0f3
0085C0FE	Unwind@0085c0fe
0085C109	Unwind@0085c109
0085C114	Unwind@0085c114
0085C11F	Unwind@0085c11f
0085C12A	Unwind@0085c12a
0085C135	Unwind@0085c135
0085C140	Unwind@0085c140
0085C14B	Unwind@0085c14b
0085C156	Unwind@0085c156
0085C15E	Unwind@0085c15e
0085C166	Unwind@0085c166
0085C16E	Unwind@0085c16e
0085C180	Unwind@0085c180
0085C188	Unwind@0085c188
0085C190	Unwind@0085c190
0085C198	Unwind@0085c198
0085C1A0	Unwind@0085c1a0
0085C1A8	Unwind@0085c1a8
0085C1B0	Unwind@0085c1b0
0085C1B8	Unwind@0085c1b8
0085C1CA	Unwind@0085c1ca
0085C1D2	Unwind@0085c1d2
0085C1DA	Unwind@0085c1da
0085C1E2	Unwind@0085c1e2
0085C1EA	Unwind@0085c1ea
0085C1F2	Unwind@0085c1f2
0085C1FA	Unwind@0085c1fa
0085C202	Unwind@0085c202
0085C220	Unwind@0085c220
0085C240	Unwind@0085c240
0085C248	Unwind@0085c248
0085C250	Unwind@0085c250
0085C258	Unwind@0085c258
0085C263	Unwind@0085c263
0085C26B	Unwind@0085c26b
0085C273	Unwind@0085c273
0085C27E	Unwind@0085c27e
0085C286	Unwind@0085c286
0085C2A0	Unwind@0085c2a0
0085C2A8	Unwind@0085c2a8
0085C2BA	Unwind@0085c2ba
0085C2C5	Unwind@0085c2c5
0085C2D0	Unwind@0085c2d0
0085C2DB	Unwind@0085c2db
0085C2E6	Unwind@0085c2e6
0085C2F1	Unwind@0085c2f1
0085C2FC	Unwind@0085c2fc
0085C307	Unwind@0085c307
0085C320	Unwind@0085c320
0085C32B	Unwind@0085c32b
0085C33C	Unwind@0085c33c
0085C357	Unwind@0085c357
0085C362	Unwind@0085c362
0085C373	Unwind@0085c373
0085C384	Unwind@0085c384
0085C395	Unwind@0085c395
0085C3A0	Unwind@0085c3a0
0085C3AB	Unwind@0085c3ab
0085C3C6	Unwind@0085c3c6
0085C3D4	Unwind@0085c3d4
0085C3EC	Unwind@0085c3ec
0085C3FA	Unwind@0085c3fa
0085C408	Unwind@0085c408
0085C416	Unwind@0085c416
0085C41E	Unwind@0085c41e
0085C426	Unwind@0085c426
0085C431	Unwind@0085c431
0085C439	Unwind@0085c439
0085C444	Unwind@0085c444
0085C44F	Unwind@0085c44f
0085C464	Unwind@0085c464
0085C46F	Unwind@0085c46f
0085C47A	Unwind@0085c47a
0085C491	Unwind@0085c491
0085C49C	Unwind@0085c49c
0085C4A7	Unwind@0085c4a7
0085C4BE	Unwind@0085c4be
0085C4C9	Unwind@0085c4c9
0085C4D4	Unwind@0085c4d4
0085C4EB	Unwind@0085c4eb
0085C4F6	Unwind@0085c4f6
0085C501	Unwind@0085c501
0085C518	Unwind@0085c518
0085C523	Unwind@0085c523
0085C52E	Unwind@0085c52e
0085C539	Unwind@0085c539
0085C544	Unwind@0085c544
0085C54F	Unwind@0085c54f
0085C55D	Unwind@0085c55d
0085C568	Unwind@0085c568
0085C573	Unwind@0085c573
0085C58A	Unwind@0085c58a
0085C595	Unwind@0085c595
0085C5A3	Unwind@0085c5a3
0085C5AE	Unwind@0085c5ae
0085C5C5	Unwind@0085c5c5
0085C5D0	Unwind@0085c5d0
0085C5DE	Unwind@0085c5de
0085C5E9	Unwind@0085c5e9
0085C5F4	Unwind@0085c5f4
0085C602	Unwind@0085c602
0085C61A	Unwind@0085c61a
0085C625	Unwind@0085c625
0085C630	Unwind@0085c630
0085C647	Unwind@0085c647
0085C652	Unwind@0085c652
0085C667	Unwind@0085c667
0085C672	Unwind@0085c672
0085C67D	Unwind@0085c67d
0085C688	Unwind@0085c688
0085C693	Unwind@0085c693
0085C69E	Unwind@0085c69e
0085C6A9	Unwind@0085c6a9
0085C6B4	Unwind@0085c6b4
0085C6BF	Unwind@0085c6bf
0085C6CA	Unwind@0085c6ca
0085C6D5	Unwind@0085c6d5
0085C6E0	Unwind@0085c6e0
0085C6EB	Unwind@0085c6eb
0085C6F6	Unwind@0085c6f6
0085C701	Unwind@0085c701
0085C70C	Unwind@0085c70c
0085C717	Unwind@0085c717
0085C722	Unwind@0085c722
0085C72D	Unwind@0085c72d
0085C738	Unwind@0085c738
0085C743	Unwind@0085c743
0085C74E	Unwind@0085c74e
0085C759	Unwind@0085c759
0085C764	Unwind@0085c764
0085C76F	Unwind@0085c76f
0085C77A	Unwind@0085c77a
0085C785	Unwind@0085c785
0085C790	Unwind@0085c790
0085C79B	Unwind@0085c79b
0085C7A6	Unwind@0085c7a6
0085C7B1	Unwind@0085c7b1
0085C7BC	Unwind@0085c7bc
0085C7C7	Unwind@0085c7c7
0085C7D2	Unwind@0085c7d2
0085C7DD	Unwind@0085c7dd
0085C7E8	Unwind@0085c7e8
0085C7F3	Unwind@0085c7f3
0085C7FE	Unwind@0085c7fe
0085C809	Unwind@0085c809
0085C814	Unwind@0085c814
0085C81F	Unwind@0085c81f
0085C82A	Unwind@0085c82a
0085C835	Unwind@0085c835
0085C840	Unwind@0085c840
0085C84B	Unwind@0085c84b
0085C856	Unwind@0085c856
0085C861	Unwind@0085c861
0085C86C	Unwind@0085c86c
0085C877	Unwind@0085c877
0085C882	Unwind@0085c882
0085C88D	Unwind@0085c88d
0085C898	Unwind@0085c898
0085C8A3	Unwind@0085c8a3
0085C8AE	Unwind@0085c8ae
0085C8B9	Unwind@0085c8b9
0085C8C4	Unwind@0085c8c4
0085C8CF	Unwind@0085c8cf
0085C8DA	Unwind@0085c8da
0085C8E5	Unwind@0085c8e5
0085C8F0	Unwind@0085c8f0
0085C8FB	Unwind@0085c8fb
0085C906	Unwind@0085c906
0085C911	Unwind@0085c911
0085C91C	Unwind@0085c91c
0085C927	Unwind@0085c927
0085C932	Unwind@0085c932
0085C93D	Unwind@0085c93d
0085C948	Unwind@0085c948
0085C953	Unwind@0085c953
0085C95E	Unwind@0085c95e
0085C969	Unwind@0085c969
0085C974	Unwind@0085c974
0085C97F	Unwind@0085c97f
0085C98A	Unwind@0085c98a
0085C995	Unwind@0085c995
0085C9A0	Unwind@0085c9a0
0085C9AB	Unwind@0085c9ab
0085C9B6	Unwind@0085c9b6
0085C9C1	Unwind@0085c9c1
0085C9CC	Unwind@0085c9cc
0085C9D7	Unwind@0085c9d7
0085C9E2	Unwind@0085c9e2
0085C9ED	Unwind@0085c9ed
0085C9F8	Unwind@0085c9f8
0085CA03	Unwind@0085ca03
0085CA0E	Unwind@0085ca0e
0085CA19	Unwind@0085ca19
0085CA24	Unwind@0085ca24
0085CA2F	Unwind@0085ca2f
0085CA3A	Unwind@0085ca3a
0085CA45	Unwind@0085ca45
0085CA50	Unwind@0085ca50
0085CA5B	Unwind@0085ca5b
0085CA66	Unwind@0085ca66
0085CA71	Unwind@0085ca71
0085CA7C	Unwind@0085ca7c
0085CA87	Unwind@0085ca87
0085CA92	Unwind@0085ca92
0085CA9D	Unwind@0085ca9d
0085CAA8	Unwind@0085caa8
0085CAB3	Unwind@0085cab3
0085CABE	Unwind@0085cabe
0085CAC9	Unwind@0085cac9
0085CAD4	Unwind@0085cad4
0085CADF	Unwind@0085cadf
0085CAEA	Unwind@0085caea
0085CAF5	Unwind@0085caf5
0085CB00	Unwind@0085cb00
0085CB0B	Unwind@0085cb0b
0085CB16	Unwind@0085cb16
0085CB21	Unwind@0085cb21
0085CB2C	Unwind@0085cb2c
0085CB37	Unwind@0085cb37
0085CB42	Unwind@0085cb42
0085CB4D	Unwind@0085cb4d
0085CB58	Unwind@0085cb58
0085CB63	Unwind@0085cb63
0085CB6E	Unwind@0085cb6e
0085CB83	Unwind@0085cb83
0085CB8E	Unwind@0085cb8e
0085CB99	Unwind@0085cb99
0085CBA4	Unwind@0085cba4
0085CBAF	Unwind@0085cbaf
0085CBBA	Unwind@0085cbba
0085CBC5	Unwind@0085cbc5
0085CBD0	Unwind@0085cbd0
0085CBDB	Unwind@0085cbdb
0085CBE6	Unwind@0085cbe6
0085CBF1	Unwind@0085cbf1
0085CBFC	Unwind@0085cbfc
0085CC07	Unwind@0085cc07
0085CC12	Unwind@0085cc12
0085CC1D	Unwind@0085cc1d
0085CC28	Unwind@0085cc28
0085CC33	Unwind@0085cc33
0085CC3E	Unwind@0085cc3e
0085CC49	Unwind@0085cc49
0085CC54	Unwind@0085cc54
0085CC5F	Unwind@0085cc5f
0085CC6A	Unwind@0085cc6a
0085CC75	Unwind@0085cc75
0085CC80	Unwind@0085cc80
0085CC8B	Unwind@0085cc8b
0085CC96	Unwind@0085cc96
0085CCA1	Unwind@0085cca1
0085CCAC	Unwind@0085ccac
0085CCB7	Unwind@0085ccb7
0085CCC2	Unwind@0085ccc2
0085CCCD	Unwind@0085cccd
0085CCD8	Unwind@0085ccd8
0085CCE3	Unwind@0085cce3
0085CCEE	Unwind@0085ccee
0085CCF9	Unwind@0085ccf9
0085CD04	Unwind@0085cd04
0085CD0F	Unwind@0085cd0f
0085CD1A	Unwind@0085cd1a
0085CD25	Unwind@0085cd25
0085CD30	Unwind@0085cd30
0085CD3B	Unwind@0085cd3b
0085CD46	Unwind@0085cd46
0085CD51	Unwind@0085cd51
0085CD5C	Unwind@0085cd5c
0085CD67	Unwind@0085cd67
0085CD72	Unwind@0085cd72
0085CD7D	Unwind@0085cd7d
0085CD88	Unwind@0085cd88
0085CD93	Unwind@0085cd93
0085CD9E	Unwind@0085cd9e
0085CDA9	Unwind@0085cda9
0085CDB4	Unwind@0085cdb4
0085CDBF	Unwind@0085cdbf
0085CDCA	Unwind@0085cdca
0085CDD5	Unwind@0085cdd5
0085CDE0	Unwind@0085cde0
0085CDEB	Unwind@0085cdeb
0085CDF6	Unwind@0085cdf6
0085CE01	Unwind@0085ce01
0085CE0C	Unwind@0085ce0c
0085CE17	Unwind@0085ce17
0085CE22	Unwind@0085ce22
0085CE2D	Unwind@0085ce2d
0085CE38	Unwind@0085ce38
0085CE43	Unwind@0085ce43
0085CE4E	Unwind@0085ce4e
0085CE63	Unwind@0085ce63
0085CE6B	Unwind@0085ce6b
0085CE73	Unwind@0085ce73
0085CE7B	Unwind@0085ce7b
0085CE83	Unwind@0085ce83
0085CE8B	Unwind@0085ce8b
0085CE93	Unwind@0085ce93
0085CEA5	Unwind@0085cea5
0085CEB7	Unwind@0085ceb7
0085CEC2	Unwind@0085cec2
0085CED0	Unwind@0085ced0
0085CEDE	Unwind@0085cede
0085CEEC	Unwind@0085ceec
0085CEFA	Unwind@0085cefa
0085CF08	Unwind@0085cf08
0085CF20	Unwind@0085cf20
0085CF2B	Unwind@0085cf2b
0085CF36	Unwind@0085cf36
0085CF44	Unwind@0085cf44
0085CF5C	Unwind@0085cf5c
0085CF67	Unwind@0085cf67
0085CF80	Unwind@0085cf80
0085CF88	Unwind@0085cf88
0085CFA0	Unwind@0085cfa0
0085CFC0	Unwind@0085cfc0
0085CFE0	Unwind@0085cfe0
0085CFE8	Unwind@0085cfe8
0085D000	Unwind@0085d000
0085D008	Unwind@0085d008
0085D020	Unwind@0085d020
0085D040	Unwind@0085d040
0085D060	Unwind@0085d060
0085D080	Unwind@0085d080
0085D0A0	Unwind@0085d0a0
0085D0C0	Unwind@0085d0c0
0085D0C8	Unwind@0085d0c8
0085D0D3	Unwind@0085d0d3
0085D0F0	Unwind@0085d0f0
0085D0F8	Unwind@0085d0f8
0085D103	Unwind@0085d103
0085D120	Unwind@0085d120
0085D140	Unwind@0085d140
0085D160	Unwind@0085d160
0085D180	Unwind@0085d180
0085D188	Unwind@0085d188
0085D1A0	Unwind@0085d1a0
0085D1A8	Unwind@0085d1a8
0085D1C0	Unwind@0085d1c0
0085D1F0	Unwind@0085d1f0
0085D220	Unwind@0085d220
0085D250	Unwind@0085d250
0085D261	Unwind@0085d261
0085D269	Unwind@0085d269
0085D271	Unwind@0085d271
0085D290	Unwind@0085d290
0085D298	Unwind@0085d298
0085D2A3	Unwind@0085d2a3
0085D2C0	Unwind@0085d2c0
0085D2E0	Unwind@0085d2e0
0085D2F1	Unwind@0085d2f1
0085D2F9	Unwind@0085d2f9
0085D301	Unwind@0085d301
0085D320	Unwind@0085d320
0085D328	Unwind@0085d328
0085D330	Unwind@0085d330
0085D350	Unwind@0085d350
0085D380	Unwind@0085d380
0085D3C0	Unwind@0085d3c0
0085D3E0	Unwind@0085d3e0
0085D400	Unwind@0085d400
0085D408	Unwind@0085d408
0085D413	Unwind@0085d413
0085D430	Unwind@0085d430
0085D450	Unwind@0085d450
0085D470	Unwind@0085d470
0085D490	Unwind@0085d490
0085D4A1	Unwind@0085d4a1
0085D4A9	Unwind@0085d4a9
0085D4B4	Unwind@0085d4b4
0085D4BC	Unwind@0085d4bc
0085D4E0	Unwind@0085d4e0
0085D4F1	Unwind@0085d4f1
0085D4F9	Unwind@0085d4f9
0085D504	Unwind@0085d504
0085D50C	Unwind@0085d50c
0085D530	Unwind@0085d530
0085D541	Unwind@0085d541
0085D549	Unwind@0085d549
0085D554	Unwind@0085d554
0085D55C	Unwind@0085d55c
0085D580	Unwind@0085d580
0085D591	Unwind@0085d591
0085D599	Unwind@0085d599
0085D5A4	Unwind@0085d5a4
0085D5AC	Unwind@0085d5ac
0085D5D0	Unwind@0085d5d0
0085D5D8	Unwind@0085d5d8
0085D5E3	Unwind@0085d5e3
0085D610	Unwind@0085d610
0085D618	Unwind@0085d618
0085D623	Unwind@0085d623
0085D640	Unwind@0085d640
0085D660	Unwind@0085d660
0085D6A0	Unwind@0085d6a0
0085D6B1	Unwind@0085d6b1
0085D6B9	Unwind@0085d6b9
0085D6C4	Unwind@0085d6c4
0085D6F0	Unwind@0085d6f0
0085D702	Unwind@0085d702
0085D720	Unwind@0085d720
0085D728	Unwind@0085d728
0085D73A	Unwind@0085d73a
0085D742	Unwind@0085d742
0085D750	Unwind@0085d750
0085D765	Unwind@0085d765
0085D777	Unwind@0085d777
0085D77F	Unwind@0085d77f
0085D787	Unwind@0085d787
0085D78F	Unwind@0085d78f
0085D797	Unwind@0085d797
0085D79F	Unwind@0085d79f
0085D7A7	Unwind@0085d7a7
0085D7AF	Unwind@0085d7af
0085D7B7	Unwind@0085d7b7
0085D7BF	Unwind@0085d7bf
0085D7C7	Unwind@0085d7c7
0085D7CF	Unwind@0085d7cf
0085D7D7	Unwind@0085d7d7
0085D7DF	Unwind@0085d7df
0085D7E7	Unwind@0085d7e7
0085D7EF	Unwind@0085d7ef
0085D801	Unwind@0085d801
0085D80C	Unwind@0085d80c
0085D817	Unwind@0085d817
0085D822	Unwind@0085d822
0085D837	Unwind@0085d837
0085D83F	Unwind@0085d83f
0085D847	Unwind@0085d847
0085D84F	Unwind@0085d84f
0085D861	Unwind@0085d861
0085D86C	Unwind@0085d86c
0085D877	Unwind@0085d877
0085D882	Unwind@0085d882
0085D897	Unwind@0085d897
0085D8A2	Unwind@0085d8a2
0085D8AD	Unwind@0085d8ad
0085D8B8	Unwind@0085d8b8
0085D8C3	Unwind@0085d8c3
0085D8CE	Unwind@0085d8ce
0085D8D9	Unwind@0085d8d9
0085D8E4	Unwind@0085d8e4
0085D8EF	Unwind@0085d8ef
0085D8FA	Unwind@0085d8fa
0085D905	Unwind@0085d905
0085D910	Unwind@0085d910
0085D91B	Unwind@0085d91b
0085D926	Unwind@0085d926
0085D931	Unwind@0085d931
0085D93C	Unwind@0085d93c
0085D947	Unwind@0085d947
0085D952	Unwind@0085d952
0085D95D	Unwind@0085d95d
0085D968	Unwind@0085d968
0085D973	Unwind@0085d973
0085D981	Unwind@0085d981
0085D98F	Unwind@0085d98f
0085D9A7	Unwind@0085d9a7
0085D9AF	Unwind@0085d9af
0085D9B7	Unwind@0085d9b7
0085D9BF	Unwind@0085d9bf
0085D9C7	Unwind@0085d9c7
0085D9CF	Unwind@0085d9cf
0085D9D7	Unwind@0085d9d7
0085D9DF	Unwind@0085d9df
0085D9F1	Unwind@0085d9f1
0085D9F9	Unwind@0085d9f9
0085DA01	Unwind@0085da01
0085DA09	Unwind@0085da09
0085DA11	Unwind@0085da11
0085DA19	Unwind@0085da19
0085DA21	Unwind@0085da21
0085DA29	Unwind@0085da29
0085DA40	Unwind@0085da40
0085DA70	Unwind@0085da70
0085DA7B	Unwind@0085da7b
0085DA86	Unwind@0085da86
0085DA91	Unwind@0085da91
0085DA9C	Unwind@0085da9c
0085DAA7	Unwind@0085daa7
0085DAB2	Unwind@0085dab2
0085DABD	Unwind@0085dabd
0085DAC8	Unwind@0085dac8
0085DAD3	Unwind@0085dad3
0085DADE	Unwind@0085dade
0085DAE9	Unwind@0085dae9
0085DAF4	Unwind@0085daf4
0085DAFF	Unwind@0085daff
0085DB0A	Unwind@0085db0a
0085DB15	Unwind@0085db15
0085DB20	Unwind@0085db20
0085DB2B	Unwind@0085db2b
0085DB36	Unwind@0085db36
0085DB41	Unwind@0085db41
0085DB4C	Unwind@0085db4c
0085DB57	Unwind@0085db57
0085DB62	Unwind@0085db62
0085DB6D	Unwind@0085db6d
0085DB78	Unwind@0085db78
0085DB83	Unwind@0085db83
0085DB8E	Unwind@0085db8e
0085DB99	Unwind@0085db99
0085DBA4	Unwind@0085dba4
0085DBAF	Unwind@0085dbaf
0085DBBA	Unwind@0085dbba
0085DBC5	Unwind@0085dbc5
0085DBD0	Unwind@0085dbd0
0085DBDB	Unwind@0085dbdb
0085DBF0	Unwind@0085dbf0
0085DBFB	Unwind@0085dbfb
0085DC06	Unwind@0085dc06
0085DC11	Unwind@0085dc11
0085DC1C	Unwind@0085dc1c
0085DC33	Unwind@0085dc33
0085DC3E	Unwind@0085dc3e
0085DC4C	Unwind@0085dc4c
0085DC57	Unwind@0085dc57
0085DC6E	Unwind@0085dc6e
0085DC79	Unwind@0085dc79
0085DC84	Unwind@0085dc84
0085DC92	Unwind@0085dc92
0085DC9D	Unwind@0085dc9d
0085DCA8	Unwind@0085dca8
0085DCB6	Unwind@0085dcb6
0085DCC4	Unwind@0085dcc4
0085DCCF	Unwind@0085dccf
0085DCF0	Unwind@0085dcf0
0085DD10	Unwind@0085dd10
0085DD18	Unwind@0085dd18
0085DD23	Unwind@0085dd23
0085DD40	Unwind@0085dd40
0085DD60	Unwind@0085dd60
0085DD80	Unwind@0085dd80
0085DDA0	Unwind@0085dda0
0085DDC0	Unwind@0085ddc0
0085DDC8	Unwind@0085ddc8
0085DDD3	Unwind@0085ddd3
0085DDDE	Unwind@0085ddde
0085DDE9	Unwind@0085dde9
0085DDF4	Unwind@0085ddf4
0085DDFC	Unwind@0085ddfc
0085DE20	Unwind@0085de20
0085DE40	Unwind@0085de40
0085DE51	Unwind@0085de51
0085DE70	Unwind@0085de70
0085DE90	Unwind@0085de90
0085DED0	Unwind@0085ded0
0085DEE1	Unwind@0085dee1
0085DEEC	Unwind@0085deec
0085DEF7	Unwind@0085def7
0085DF02	Unwind@0085df02
0085DF0D	Unwind@0085df0d
0085DF18	Unwind@0085df18
0085DF30	Unwind@0085df30
0085DF50	Unwind@0085df50
0085DF61	Unwind@0085df61
0085DF69	Unwind@0085df69
0085DF74	Unwind@0085df74
0085DF90	Unwind@0085df90
0085DFA1	Unwind@0085dfa1
0085DFA9	Unwind@0085dfa9
0085DFB4	Unwind@0085dfb4
0085DFD0	Unwind@0085dfd0
0085DFE1	Unwind@0085dfe1
0085DFE9	Unwind@0085dfe9
0085DFF1	Unwind@0085dff1
0085DFFC	Unwind@0085dffc
0085E004	Unwind@0085e004
0085E00C	Unwind@0085e00c
0085E017	Unwind@0085e017
0085E022	Unwind@0085e022
0085E02D	Unwind@0085e02d
0085E038	Unwind@0085e038
0085E043	Unwind@0085e043
0085E04E	Unwind@0085e04e
0085E060	Unwind@0085e060
0085E071	Unwind@0085e071
0085E079	Unwind@0085e079
0085E081	Unwind@0085e081
0085E08C	Unwind@0085e08c
0085E094	Unwind@0085e094
0085E09C	Unwind@0085e09c
0085E0A7	Unwind@0085e0a7
0085E0B2	Unwind@0085e0b2
0085E0BD	Unwind@0085e0bd
0085E0C8	Unwind@0085e0c8
0085E0D3	Unwind@0085e0d3
0085E0DE	Unwind@0085e0de
0085E0F0	Unwind@0085e0f0
0085E0F8	Unwind@0085e0f8
0085E103	Unwind@0085e103
0085E10B	Unwind@0085e10b
0085E116	Unwind@0085e116
0085E11E	Unwind@0085e11e
0085E129	Unwind@0085e129
0085E131	Unwind@0085e131
0085E13C	Unwind@0085e13c
0085E144	Unwind@0085e144
0085E14F	Unwind@0085e14f
0085E157	Unwind@0085e157
0085E170	Unwind@0085e170
0085E178	Unwind@0085e178
0085E190	Unwind@0085e190
0085E198	Unwind@0085e198
0085E1B0	Unwind@0085e1b0
0085E1D0	Unwind@0085e1d0
0085E1F0	Unwind@0085e1f0
0085E210	Unwind@0085e210
0085E218	Unwind@0085e218
0085E223	Unwind@0085e223
0085E22E	Unwind@0085e22e
0085E239	Unwind@0085e239
0085E250	Unwind@0085e250
0085E25B	Unwind@0085e25b
0085E266	Unwind@0085e266
0085E271	Unwind@0085e271
0085E27C	Unwind@0085e27c
0085E287	Unwind@0085e287
0085E292	Unwind@0085e292
0085E29A	Unwind@0085e29a
0085E2B0	Unwind@0085e2b0
0085E2C1	Unwind@0085e2c1
0085E2C9	Unwind@0085e2c9
0085E2D4	Unwind@0085e2d4
0085E2F0	Unwind@0085e2f0
0085E2FB	Unwind@0085e2fb
0085E306	Unwind@0085e306
0085E314	Unwind@0085e314
0085E322	Unwind@0085e322
0085E330	Unwind@0085e330
0085E348	Unwind@0085e348
0085E353	Unwind@0085e353
0085E35E	Unwind@0085e35e
0085E373	Unwind@0085e373
0085E37B	Unwind@0085e37b
0085E389	Unwind@0085e389
0085E391	Unwind@0085e391
0085E39F	Unwind@0085e39f
0085E3A7	Unwind@0085e3a7
0085E3B5	Unwind@0085e3b5
0085E3C3	Unwind@0085e3c3
0085E3D1	Unwind@0085e3d1
0085E3DF	Unwind@0085e3df
0085E3E7	Unwind@0085e3e7
0085E3F5	Unwind@0085e3f5
0085E3FD	Unwind@0085e3fd
0085E40B	Unwind@0085e40b
0085E413	Unwind@0085e413
0085E421	Unwind@0085e421
0085E429	Unwind@0085e429
0085E437	Unwind@0085e437
0085E43F	Unwind@0085e43f
0085E44D	Unwind@0085e44d
0085E455	Unwind@0085e455
0085E463	Unwind@0085e463
0085E46B	Unwind@0085e46b
0085E479	Unwind@0085e479
0085E481	Unwind@0085e481
0085E48F	Unwind@0085e48f
0085E49D	Unwind@0085e49d
0085E4B8	Unwind@0085e4b8
0085E4C6	Unwind@0085e4c6
0085E4D4	Unwind@0085e4d4
0085E4DC	Unwind@0085e4dc
0085E4EA	Unwind@0085e4ea
0085E4F8	Unwind@0085e4f8
0085E506	Unwind@0085e506
0085E50E	Unwind@0085e50e
0085E51C	Unwind@0085e51c
0085E52A	Unwind@0085e52a
0085E532	Unwind@0085e532
0085E540	Unwind@0085e540
0085E548	Unwind@0085e548
0085E556	Unwind@0085e556
0085E55E	Unwind@0085e55e
0085E56C	Unwind@0085e56c
0085E574	Unwind@0085e574
0085E582	Unwind@0085e582
0085E58A	Unwind@0085e58a
0085E598	Unwind@0085e598
0085E5A0	Unwind@0085e5a0
0085E5AE	Unwind@0085e5ae
0085E5B6	Unwind@0085e5b6
0085E5C4	Unwind@0085e5c4
0085E5CC	Unwind@0085e5cc
0085E5DA	Unwind@0085e5da
0085E5E2	Unwind@0085e5e2
0085E5F0	Unwind@0085e5f0
0085E5FE	Unwind@0085e5fe
0085E606	Unwind@0085e606
0085E60E	Unwind@0085e60e
0085E61C	Unwind@0085e61c
0085E62A	Unwind@0085e62a
0085E642	Unwind@0085e642
0085E650	Unwind@0085e650
0085E65E	Unwind@0085e65e
0085E66C	Unwind@0085e66c
0085E67A	Unwind@0085e67a
0085E688	Unwind@0085e688
0085E696	Unwind@0085e696
0085E6A4	Unwind@0085e6a4
0085E6B2	Unwind@0085e6b2
0085E6C0	Unwind@0085e6c0
0085E6CE	Unwind@0085e6ce
0085E6DC	Unwind@0085e6dc
0085E6EA	Unwind@0085e6ea
0085E6F8	Unwind@0085e6f8
0085E706	Unwind@0085e706
0085E714	Unwind@0085e714
0085E72F	Unwind@0085e72f
0085E73D	Unwind@0085e73d
0085E74B	Unwind@0085e74b
0085E759	Unwind@0085e759
0085E767	Unwind@0085e767
0085E775	Unwind@0085e775
0085E783	Unwind@0085e783
0085E791	Unwind@0085e791
0085E79F	Unwind@0085e79f
0085E7AD	Unwind@0085e7ad
0085E7BB	Unwind@0085e7bb
0085E7C9	Unwind@0085e7c9
0085E7D7	Unwind@0085e7d7
0085E7E5	Unwind@0085e7e5
0085E7F3	Unwind@0085e7f3
0085E801	Unwind@0085e801
0085E80F	Unwind@0085e80f
0085E81D	Unwind@0085e81d
0085E82B	Unwind@0085e82b
0085E839	Unwind@0085e839
0085E847	Unwind@0085e847
0085E859	Unwind@0085e859
0085E864	Unwind@0085e864
0085E86F	Unwind@0085e86f
0085E87A	Unwind@0085e87a
0085E885	Unwind@0085e885
0085E890	Unwind@0085e890
0085E8A5	Unwind@0085e8a5
0085E8AD	Unwind@0085e8ad
0085E8B5	Unwind@0085e8b5
0085E8BD	Unwind@0085e8bd
0085E8C5	Unwind@0085e8c5
0085E8CD	Unwind@0085e8cd
0085E8D5	Unwind@0085e8d5
0085E8E7	Unwind@0085e8e7
0085E8F2	Unwind@0085e8f2
0085E8FD	Unwind@0085e8fd
0085E908	Unwind@0085e908
0085E91D	Unwind@0085e91d
0085E928	Unwind@0085e928
0085E933	Unwind@0085e933
0085E948	Unwind@0085e948
0085E950	Unwind@0085e950
0085E958	Unwind@0085e958
0085E960	Unwind@0085e960
0085E972	Unwind@0085e972
0085E97A	Unwind@0085e97a
0085E982	Unwind@0085e982
0085E994	Unwind@0085e994
0085E99C	Unwind@0085e99c
0085E9A4	Unwind@0085e9a4
0085E9AC	Unwind@0085e9ac
0085E9B4	Unwind@0085e9b4
0085E9BC	Unwind@0085e9bc
0085E9C4	Unwind@0085e9c4
0085E9CC	Unwind@0085e9cc
0085E9DE	Unwind@0085e9de
0085E9E9	Unwind@0085e9e9
0085E9F4	Unwind@0085e9f4
0085E9FC	Unwind@0085e9fc
0085EA04	Unwind@0085ea04
0085EA0F	Unwind@0085ea0f
0085EA1A	Unwind@0085ea1a
0085EA25	Unwind@0085ea25
0085EA37	Unwind@0085ea37
0085EA3F	Unwind@0085ea3f
0085EA47	Unwind@0085ea47
0085EA4F	Unwind@0085ea4f
0085EA57	Unwind@0085ea57
0085EA5F	Unwind@0085ea5f
0085EA67	Unwind@0085ea67
0085EA6F	Unwind@0085ea6f
0085EA81	Unwind@0085ea81
0085EA8C	Unwind@0085ea8c
0085EA97	Unwind@0085ea97
0085EAA2	Unwind@0085eaa2
0085EAAD	Unwind@0085eaad
0085EAB8	Unwind@0085eab8
0085EAC3	Unwind@0085eac3
0085EACE	Unwind@0085eace
0085EAD9	Unwind@0085ead9
0085EAE4	Unwind@0085eae4
0085EAEF	Unwind@0085eaef
0085EAFA	Unwind@0085eafa
0085EB05	Unwind@0085eb05
0085EB10	Unwind@0085eb10
0085EB1B	Unwind@0085eb1b
0085EB26	Unwind@0085eb26
0085EB31	Unwind@0085eb31
0085EB3C	Unwind@0085eb3c
0085EB47	Unwind@0085eb47
0085EB52	Unwind@0085eb52
0085EB5D	Unwind@0085eb5d
0085EB68	Unwind@0085eb68
0085EB73	Unwind@0085eb73
0085EB7E	Unwind@0085eb7e
0085EB89	Unwind@0085eb89
0085EB94	Unwind@0085eb94
0085EB9F	Unwind@0085eb9f
0085EBAA	Unwind@0085ebaa
0085EBB5	Unwind@0085ebb5
0085EBC0	Unwind@0085ebc0
0085EBCB	Unwind@0085ebcb
0085EBD6	Unwind@0085ebd6
0085EBE1	Unwind@0085ebe1
0085EBEC	Unwind@0085ebec
0085EBF7	Unwind@0085ebf7
0085EC02	Unwind@0085ec02
0085EC0D	Unwind@0085ec0d
0085EC18	Unwind@0085ec18
0085EC23	Unwind@0085ec23
0085EC2E	Unwind@0085ec2e
0085EC39	Unwind@0085ec39
0085EC44	Unwind@0085ec44
0085EC4F	Unwind@0085ec4f
0085EC5A	Unwind@0085ec5a
0085EC6F	Unwind@0085ec6f
0085EC7A	Unwind@0085ec7a
0085EC85	Unwind@0085ec85
0085EC97	Unwind@0085ec97
0085ECA2	Unwind@0085eca2
0085ECAD	Unwind@0085ecad
0085ECB8	Unwind@0085ecb8
0085ECC3	Unwind@0085ecc3
0085ECCE	Unwind@0085ecce
0085ECD9	Unwind@0085ecd9
0085ECE4	Unwind@0085ece4
0085ECF9	Unwind@0085ecf9
0085ED04	Unwind@0085ed04
0085ED0F	Unwind@0085ed0f
0085ED1A	Unwind@0085ed1a
0085ED25	Unwind@0085ed25
0085ED30	Unwind@0085ed30
0085ED3B	Unwind@0085ed3b
0085ED46	Unwind@0085ed46
0085ED51	Unwind@0085ed51
0085ED5C	Unwind@0085ed5c
0085ED67	Unwind@0085ed67
0085ED72	Unwind@0085ed72
0085ED7D	Unwind@0085ed7d
0085ED88	Unwind@0085ed88
0085ED93	Unwind@0085ed93
0085ED9E	Unwind@0085ed9e
0085EDA9	Unwind@0085eda9
0085EDB4	Unwind@0085edb4
0085EDBF	Unwind@0085edbf
0085EDCA	Unwind@0085edca
0085EDD5	Unwind@0085edd5
0085EDE0	Unwind@0085ede0
0085EDEB	Unwind@0085edeb
0085EDF6	Unwind@0085edf6
0085EE01	Unwind@0085ee01
0085EE16	Unwind@0085ee16
0085EE21	Unwind@0085ee21
0085EE2C	Unwind@0085ee2c
0085EE37	Unwind@0085ee37
0085EE42	Unwind@0085ee42
0085EE4D	Unwind@0085ee4d
0085EE58	Unwind@0085ee58
0085EE63	Unwind@0085ee63
0085EE6E	Unwind@0085ee6e
0085EE79	Unwind@0085ee79
0085EE84	Unwind@0085ee84
0085EE8F	Unwind@0085ee8f
0085EE9A	Unwind@0085ee9a
0085EEA5	Unwind@0085eea5
0085EEB0	Unwind@0085eeb0
0085EEBB	Unwind@0085eebb
0085EEC6	Unwind@0085eec6
0085EED1	Unwind@0085eed1
0085EEDC	Unwind@0085eedc
0085EEE7	Unwind@0085eee7
0085EEF2	Unwind@0085eef2
0085EEFD	Unwind@0085eefd
0085EF08	Unwind@0085ef08
0085EF13	Unwind@0085ef13
0085EF1E	Unwind@0085ef1e
0085EF29	Unwind@0085ef29
0085EF34	Unwind@0085ef34
0085EF3F	Unwind@0085ef3f
0085EF4A	Unwind@0085ef4a
0085EF55	Unwind@0085ef55
0085EF60	Unwind@0085ef60
0085EF6B	Unwind@0085ef6b
0085EF76	Unwind@0085ef76
0085EF81	Unwind@0085ef81
0085EF8C	Unwind@0085ef8c
0085EF97	Unwind@0085ef97
0085EFAC	Unwind@0085efac
0085EFB7	Unwind@0085efb7
0085EFC2	Unwind@0085efc2
0085EFCD	Unwind@0085efcd
0085EFD8	Unwind@0085efd8
0085EFE3	Unwind@0085efe3
0085EFEE	Unwind@0085efee
0085EFF9	Unwind@0085eff9
0085F00E	Unwind@0085f00e
0085F019	Unwind@0085f019
0085F024	Unwind@0085f024
0085F02F	Unwind@0085f02f
0085F03A	Unwind@0085f03a
0085F045	Unwind@0085f045
0085F050	Unwind@0085f050
0085F05B	Unwind@0085f05b
0085F066	Unwind@0085f066
0085F071	Unwind@0085f071
0085F07C	Unwind@0085f07c
0085F087	Unwind@0085f087
0085F092	Unwind@0085f092
0085F09D	Unwind@0085f09d
0085F0A8	Unwind@0085f0a8
0085F0B3	Unwind@0085f0b3
0085F0BE	Unwind@0085f0be
0085F0C9	Unwind@0085f0c9
0085F0D4	Unwind@0085f0d4
0085F0DF	Unwind@0085f0df
0085F0EA	Unwind@0085f0ea
0085F0F5	Unwind@0085f0f5
0085F100	Unwind@0085f100
0085F10B	Unwind@0085f10b
0085F116	Unwind@0085f116
0085F124	Unwind@0085f124
0085F13C	Unwind@0085f13c
0085F147	Unwind@0085f147
0085F152	Unwind@0085f152
0085F15D	Unwind@0085f15d
0085F168	Unwind@0085f168
0085F173	Unwind@0085f173
0085F17E	Unwind@0085f17e
0085F189	Unwind@0085f189
0085F194	Unwind@0085f194
0085F1A2	Unwind@0085f1a2
0085F1B0	Unwind@0085f1b0
0085F1C8	Unwind@0085f1c8
0085F1D3	Unwind@0085f1d3
0085F1E8	Unwind@0085f1e8
0085F1F3	Unwind@0085f1f3
0085F1FB	Unwind@0085f1fb
0085F206	Unwind@0085f206
0085F20E	Unwind@0085f20e
0085F216	Unwind@0085f216
0085F21E	Unwind@0085f21e
0085F226	Unwind@0085f226
0085F22E	Unwind@0085f22e
0085F236	Unwind@0085f236
0085F23E	Unwind@0085f23e
0085F246	Unwind@0085f246
0085F24E	Unwind@0085f24e
0085F259	Unwind@0085f259
0085F264	Unwind@0085f264
0085F279	Unwind@0085f279
0085F281	Unwind@0085f281
0085F28C	Unwind@0085f28c
0085F297	Unwind@0085f297
0085F2A2	Unwind@0085f2a2
0085F2AD	Unwind@0085f2ad
0085F2B8	Unwind@0085f2b8
0085F2C3	Unwind@0085f2c3
0085F2CB	Unwind@0085f2cb
0085F2D6	Unwind@0085f2d6
0085F2E1	Unwind@0085f2e1
0085F2EC	Unwind@0085f2ec
0085F2F7	Unwind@0085f2f7
0085F2FF	Unwind@0085f2ff
0085F30D	Unwind@0085f30d
0085F31B	Unwind@0085f31b
0085F333	Unwind@0085f333
0085F33E	Unwind@0085f33e
0085F353	Unwind@0085f353
0085F35E	Unwind@0085f35e
0085F369	Unwind@0085f369
0085F374	Unwind@0085f374
0085F37F	Unwind@0085f37f
0085F38A	Unwind@0085f38a
0085F395	Unwind@0085f395
0085F3A0	Unwind@0085f3a0
0085F3AB	Unwind@0085f3ab
0085F3B6	Unwind@0085f3b6
0085F3C1	Unwind@0085f3c1
0085F3CC	Unwind@0085f3cc
0085F3D7	Unwind@0085f3d7
0085F3E2	Unwind@0085f3e2
0085F3ED	Unwind@0085f3ed
0085F3F8	Unwind@0085f3f8
0085F403	Unwind@0085f403
0085F40E	Unwind@0085f40e
0085F419	Unwind@0085f419
0085F424	Unwind@0085f424
0085F42F	Unwind@0085f42f
0085F43A	Unwind@0085f43a
0085F445	Unwind@0085f445
0085F450	Unwind@0085f450
0085F45B	Unwind@0085f45b
0085F466	Unwind@0085f466
0085F471	Unwind@0085f471
0085F47C	Unwind@0085f47c
0085F487	Unwind@0085f487
0085F495	Unwind@0085f495
0085F4AA	Unwind@0085f4aa
0085F4B5	Unwind@0085f4b5
0085F4C0	Unwind@0085f4c0
0085F4CB	Unwind@0085f4cb
0085F4D6	Unwind@0085f4d6
0085F4E1	Unwind@0085f4e1
0085F4EC	Unwind@0085f4ec
0085F4F7	Unwind@0085f4f7
0085F502	Unwind@0085f502
0085F50D	Unwind@0085f50d
0085F518	Unwind@0085f518
0085F523	Unwind@0085f523
0085F52E	Unwind@0085f52e
0085F539	Unwind@0085f539
0085F544	Unwind@0085f544
0085F54F	Unwind@0085f54f
0085F564	Unwind@0085f564
0085F56F	Unwind@0085f56f
0085F57A	Unwind@0085f57a
0085F585	Unwind@0085f585
0085F590	Unwind@0085f590
0085F59B	Unwind@0085f59b
0085F5A6	Unwind@0085f5a6
0085F5B1	Unwind@0085f5b1
0085F5C6	Unwind@0085f5c6
0085F5D1	Unwind@0085f5d1
0085F5DC	Unwind@0085f5dc
0085F5E7	Unwind@0085f5e7
0085F5F2	Unwind@0085f5f2
0085F5FD	Unwind@0085f5fd
0085F608	Unwind@0085f608
0085F613	Unwind@0085f613
0085F628	Unwind@0085f628
0085F633	Unwind@0085f633
0085F63E	Unwind@0085f63e
0085F649	Unwind@0085f649
0085F654	Unwind@0085f654
0085F65F	Unwind@0085f65f
0085F66A	Unwind@0085f66a
0085F675	Unwind@0085f675
0085F680	Unwind@0085f680
0085F68B	Unwind@0085f68b
0085F696	Unwind@0085f696
0085F6A1	Unwind@0085f6a1
0085F6AC	Unwind@0085f6ac
0085F6B7	Unwind@0085f6b7
0085F6C2	Unwind@0085f6c2
0085F6CD	Unwind@0085f6cd
0085F6D8	Unwind@0085f6d8
0085F6E3	Unwind@0085f6e3
0085F6EE	Unwind@0085f6ee
0085F6F9	Unwind@0085f6f9
0085F704	Unwind@0085f704
0085F70F	Unwind@0085f70f
0085F71A	Unwind@0085f71a
0085F725	Unwind@0085f725
0085F730	Unwind@0085f730
0085F73B	Unwind@0085f73b
0085F746	Unwind@0085f746
0085F751	Unwind@0085f751
0085F75C	Unwind@0085f75c
0085F767	Unwind@0085f767
0085F772	Unwind@0085f772
0085F77D	Unwind@0085f77d
0085F788	Unwind@0085f788
0085F793	Unwind@0085f793
0085F79E	Unwind@0085f79e
0085F7B3	Unwind@0085f7b3
0085F7C9	Unwind@0085f7c9
0085F7D4	Unwind@0085f7d4
0085F7DF	Unwind@0085f7df
0085F7EA	Unwind@0085f7ea
0085F7F5	Unwind@0085f7f5
0085F800	Unwind@0085f800
0085F80B	Unwind@0085f80b
0085F816	Unwind@0085f816
0085F821	Unwind@0085f821
0085F82C	Unwind@0085f82c
0085F837	Unwind@0085f837
0085F842	Unwind@0085f842
0085F84D	Unwind@0085f84d
0085F858	Unwind@0085f858
0085F863	Unwind@0085f863
0085F86E	Unwind@0085f86e
0085F879	Unwind@0085f879
0085F884	Unwind@0085f884
0085F88F	Unwind@0085f88f
0085F89A	Unwind@0085f89a
0085F8A5	Unwind@0085f8a5
0085F8B0	Unwind@0085f8b0
0085F8BB	Unwind@0085f8bb
0085F8C6	Unwind@0085f8c6
0085F8D1	Unwind@0085f8d1
0085F8DC	Unwind@0085f8dc
0085F8E7	Unwind@0085f8e7
0085F8F2	Unwind@0085f8f2
0085F8FD	Unwind@0085f8fd
0085F908	Unwind@0085f908
0085F913	Unwind@0085f913
0085F91E	Unwind@0085f91e
0085F929	Unwind@0085f929
0085F934	Unwind@0085f934
0085F93F	Unwind@0085f93f
0085F94A	Unwind@0085f94a
0085F955	Unwind@0085f955
0085F960	Unwind@0085f960
0085F96B	Unwind@0085f96b
0085F976	Unwind@0085f976
0085F98B	Unwind@0085f98b
0085F996	Unwind@0085f996
0085F9A1	Unwind@0085f9a1
0085F9AC	Unwind@0085f9ac
0085F9B7	Unwind@0085f9b7
0085F9C2	Unwind@0085f9c2
0085F9CD	Unwind@0085f9cd
0085F9D8	Unwind@0085f9d8
0085F9ED	Unwind@0085f9ed
0085F9F8	Unwind@0085f9f8
0085FA03	Unwind@0085fa03
0085FA0E	Unwind@0085fa0e
0085FA19	Unwind@0085fa19
0085FA24	Unwind@0085fa24
0085FA2F	Unwind@0085fa2f
0085FA3A	Unwind@0085fa3a
0085FA45	Unwind@0085fa45
0085FA50	Unwind@0085fa50
0085FA5B	Unwind@0085fa5b
0085FA66	Unwind@0085fa66
0085FA71	Unwind@0085fa71
0085FA7C	Unwind@0085fa7c
0085FA87	Unwind@0085fa87
0085FA92	Unwind@0085fa92
0085FA9D	Unwind@0085fa9d
0085FAA8	Unwind@0085faa8
0085FAB3	Unwind@0085fab3
0085FABE	Unwind@0085fabe
0085FAC9	Unwind@0085fac9
0085FAD4	Unwind@0085fad4
0085FADF	Unwind@0085fadf
0085FAEA	Unwind@0085faea
0085FAF5	Unwind@0085faf5
0085FB00	Unwind@0085fb00
0085FB0B	Unwind@0085fb0b
0085FB16	Unwind@0085fb16
0085FB21	Unwind@0085fb21
0085FB2C	Unwind@0085fb2c
0085FB37	Unwind@0085fb37
0085FB42	Unwind@0085fb42
0085FB4D	Unwind@0085fb4d
0085FB58	Unwind@0085fb58
0085FB63	Unwind@0085fb63
0085FB6E	Unwind@0085fb6e
0085FB79	Unwind@0085fb79
0085FB84	Unwind@0085fb84
0085FB8F	Unwind@0085fb8f
0085FB9A	Unwind@0085fb9a
0085FBAF	Unwind@0085fbaf
0085FBBA	Unwind@0085fbba
0085FBC5	Unwind@0085fbc5
0085FBD0	Unwind@0085fbd0
0085FBDB	Unwind@0085fbdb
0085FBE6	Unwind@0085fbe6
0085FBF1	Unwind@0085fbf1
0085FBFC	Unwind@0085fbfc
0085FC07	Unwind@0085fc07
0085FC12	Unwind@0085fc12
0085FC1D	Unwind@0085fc1d
0085FC28	Unwind@0085fc28
0085FC33	Unwind@0085fc33
0085FC3E	Unwind@0085fc3e
0085FC49	Unwind@0085fc49
0085FC54	Unwind@0085fc54
0085FC5F	Unwind@0085fc5f
0085FC6A	Unwind@0085fc6a
0085FC75	Unwind@0085fc75
0085FC80	Unwind@0085fc80
0085FC8B	Unwind@0085fc8b
0085FC96	Unwind@0085fc96
0085FCA1	Unwind@0085fca1
0085FCAC	Unwind@0085fcac
0085FCB7	Unwind@0085fcb7
0085FCC2	Unwind@0085fcc2
0085FCCD	Unwind@0085fccd
0085FCD8	Unwind@0085fcd8
0085FCE3	Unwind@0085fce3
0085FCEE	Unwind@0085fcee
0085FCF9	Unwind@0085fcf9
0085FD04	Unwind@0085fd04
0085FD0F	Unwind@0085fd0f
0085FD1A	Unwind@0085fd1a
0085FD25	Unwind@0085fd25
0085FD30	Unwind@0085fd30
0085FD3B	Unwind@0085fd3b
0085FD46	Unwind@0085fd46
0085FD51	Unwind@0085fd51
0085FD5C	Unwind@0085fd5c
0085FD71	Unwind@0085fd71
0085FD86	Unwind@0085fd86
0085FD91	Unwind@0085fd91
0085FDA6	Unwind@0085fda6
0085FDB1	Unwind@0085fdb1
0085FDBC	Unwind@0085fdbc
0085FDC7	Unwind@0085fdc7
0085FDD2	Unwind@0085fdd2
0085FDDD	Unwind@0085fddd
0085FDE8	Unwind@0085fde8
0085FDF3	Unwind@0085fdf3
0085FE08	Unwind@0085fe08
0085FE13	Unwind@0085fe13
0085FE1E	Unwind@0085fe1e
0085FE29	Unwind@0085fe29
0085FE34	Unwind@0085fe34
0085FE3F	Unwind@0085fe3f
0085FE4A	Unwind@0085fe4a
0085FE55	Unwind@0085fe55
0085FE60	Unwind@0085fe60
0085FE6B	Unwind@0085fe6b
0085FE76	Unwind@0085fe76
0085FE81	Unwind@0085fe81
0085FE8C	Unwind@0085fe8c
0085FE97	Unwind@0085fe97
0085FEAC	Unwind@0085feac
0085FEB7	Unwind@0085feb7
0085FEC2	Unwind@0085fec2
0085FECD	Unwind@0085fecd
0085FED8	Unwind@0085fed8
0085FEE3	Unwind@0085fee3
0085FEEE	Unwind@0085feee
0085FEF9	Unwind@0085fef9
0085FF04	Unwind@0085ff04
0085FF0F	Unwind@0085ff0f
0085FF1A	Unwind@0085ff1a
0085FF25	Unwind@0085ff25
0085FF30	Unwind@0085ff30
0085FF3B	Unwind@0085ff3b
0085FF46	Unwind@0085ff46
0085FF51	Unwind@0085ff51
0085FF5C	Unwind@0085ff5c
0085FF67	Unwind@0085ff67
0085FF72	Unwind@0085ff72
0085FF7D	Unwind@0085ff7d
0085FF88	Unwind@0085ff88
0085FF93	Unwind@0085ff93
0085FF9E	Unwind@0085ff9e
0085FFA9	Unwind@0085ffa9
0085FFB4	Unwind@0085ffb4
0085FFBF	Unwind@0085ffbf
0085FFCA	Unwind@0085ffca
0085FFD5	Unwind@0085ffd5
0085FFE0	Unwind@0085ffe0
0085FFEB	Unwind@0085ffeb
0085FFF6	Unwind@0085fff6
00860001	Unwind@00860001
0086000C	Unwind@0086000c
00860017	Unwind@00860017
00860022	Unwind@00860022
00860030	Unwind@00860030
0086003E	Unwind@0086003e
0086004C	Unwind@0086004c
00860057	Unwind@00860057
00860062	Unwind@00860062
0086006D	Unwind@0086006d
00860078	Unwind@00860078
00860083	Unwind@00860083
0086008E	Unwind@0086008e
00860099	Unwind@00860099
008600A4	Unwind@008600a4
008600AF	Unwind@008600af
008600BA	Unwind@008600ba
008600CF	Unwind@008600cf
008600DA	Unwind@008600da
008600E5	Unwind@008600e5
008600F0	Unwind@008600f0
008600FB	Unwind@008600fb
00860106	Unwind@00860106
00860111	Unwind@00860111
0086011C	Unwind@0086011c
00860127	Unwind@00860127
00860132	Unwind@00860132
0086013D	Unwind@0086013d
00860148	Unwind@00860148
00860153	Unwind@00860153
0086015E	Unwind@0086015e
00860169	Unwind@00860169
00860174	Unwind@00860174
0086017F	Unwind@0086017f
0086018A	Unwind@0086018a
00860195	Unwind@00860195
008601A0	Unwind@008601a0
008601AB	Unwind@008601ab
008601B6	Unwind@008601b6
008601C1	Unwind@008601c1
008601CC	Unwind@008601cc
008601D7	Unwind@008601d7
008601E2	Unwind@008601e2
008601ED	Unwind@008601ed
008601F8	Unwind@008601f8
00860203	Unwind@00860203
0086020E	Unwind@0086020e
00860219	Unwind@00860219
00860224	Unwind@00860224
0086022F	Unwind@0086022f
0086023A	Unwind@0086023a
00860245	Unwind@00860245
00860250	Unwind@00860250
0086025B	Unwind@0086025b
00860266	Unwind@00860266
00860271	Unwind@00860271
0086027C	Unwind@0086027c
00860287	Unwind@00860287
00860292	Unwind@00860292
0086029D	Unwind@0086029d
008602A8	Unwind@008602a8
008602B3	Unwind@008602b3
008602BE	Unwind@008602be
008602C9	Unwind@008602c9
008602D4	Unwind@008602d4
008602DF	Unwind@008602df
008602EA	Unwind@008602ea
008602F5	Unwind@008602f5
00860300	Unwind@00860300
0086030B	Unwind@0086030b
00860316	Unwind@00860316
00860321	Unwind@00860321
0086032C	Unwind@0086032c
00860337	Unwind@00860337
00860342	Unwind@00860342
0086034D	Unwind@0086034d
00860358	Unwind@00860358
00860363	Unwind@00860363
0086036E	Unwind@0086036e
00860379	Unwind@00860379
00860384	Unwind@00860384
0086038F	Unwind@0086038f
0086039A	Unwind@0086039a
008603A5	Unwind@008603a5
008603B0	Unwind@008603b0
008603BB	Unwind@008603bb
008603C6	Unwind@008603c6
008603D1	Unwind@008603d1
008603DC	Unwind@008603dc
008603E7	Unwind@008603e7
008603F2	Unwind@008603f2
008603FD	Unwind@008603fd
00860408	Unwind@00860408
00860413	Unwind@00860413
0086041E	Unwind@0086041e
00860429	Unwind@00860429
00860434	Unwind@00860434
0086043F	Unwind@0086043f
0086044A	Unwind@0086044a
00860455	Unwind@00860455
00860460	Unwind@00860460
0086046B	Unwind@0086046b
00860476	Unwind@00860476
00860481	Unwind@00860481
0086048C	Unwind@0086048c
00860497	Unwind@00860497
008604A2	Unwind@008604a2
008604AD	Unwind@008604ad
008604B8	Unwind@008604b8
008604C3	Unwind@008604c3
008604CE	Unwind@008604ce
008604D9	Unwind@008604d9
008604E4	Unwind@008604e4
008604EF	Unwind@008604ef
008604FA	Unwind@008604fa
00860505	Unwind@00860505
00860510	Unwind@00860510
0086051B	Unwind@0086051b
00860530	Unwind@00860530
0086053B	Unwind@0086053b
00860546	Unwind@00860546
00860551	Unwind@00860551
0086055C	Unwind@0086055c
00860567	Unwind@00860567
00860572	Unwind@00860572
0086057D	Unwind@0086057d
00860588	Unwind@00860588
00860593	Unwind@00860593
0086059E	Unwind@0086059e
008605A9	Unwind@008605a9
008605B4	Unwind@008605b4
008605BF	Unwind@008605bf
008605CA	Unwind@008605ca
008605D5	Unwind@008605d5
008605E0	Unwind@008605e0
008605EB	Unwind@008605eb
008605F6	Unwind@008605f6
00860601	Unwind@00860601
0086060C	Unwind@0086060c
00860617	Unwind@00860617
00860622	Unwind@00860622
0086062D	Unwind@0086062d
00860638	Unwind@00860638
00860643	Unwind@00860643
00860658	Unwind@00860658
00860663	Unwind@00860663
0086066E	Unwind@0086066e
00860679	Unwind@00860679
00860684	Unwind@00860684
0086068F	Unwind@0086068f
0086069A	Unwind@0086069a
008606A5	Unwind@008606a5
008606B3	Unwind@008606b3
008606C1	Unwind@008606c1
008606CF	Unwind@008606cf
008606DA	Unwind@008606da
008606E5	Unwind@008606e5
008606F0	Unwind@008606f0
008606FB	Unwind@008606fb
00860706	Unwind@00860706
00860711	Unwind@00860711
0086071C	Unwind@0086071c
0086072A	Unwind@0086072a
00860738	Unwind@00860738
00860750	Unwind@00860750
0086075B	Unwind@0086075b
00860766	Unwind@00860766
0086077B	Unwind@0086077b
00860786	Unwind@00860786
00860791	Unwind@00860791
0086079C	Unwind@0086079c
008607A7	Unwind@008607a7
008607B2	Unwind@008607b2
008607BD	Unwind@008607bd
008607C8	Unwind@008607c8
008607D3	Unwind@008607d3
008607DE	Unwind@008607de
008607E9	Unwind@008607e9
008607FE	Unwind@008607fe
00860813	Unwind@00860813
0086081E	Unwind@0086081e
00860829	Unwind@00860829
00860834	Unwind@00860834
0086083F	Unwind@0086083f
0086084A	Unwind@0086084a
00860855	Unwind@00860855
00860860	Unwind@00860860
0086086B	Unwind@0086086b
00860876	Unwind@00860876
00860881	Unwind@00860881
0086088C	Unwind@0086088c
00860897	Unwind@00860897
008608AC	Unwind@008608ac
008608B7	Unwind@008608b7
008608C2	Unwind@008608c2
008608CD	Unwind@008608cd
008608D8	Unwind@008608d8
008608E3	Unwind@008608e3
008608EE	Unwind@008608ee
008608F9	Unwind@008608f9
00860907	Unwind@00860907
00860915	Unwind@00860915
0086092D	Unwind@0086092d
00860935	Unwind@00860935
00860940	Unwind@00860940
0086094B	Unwind@0086094b
00860956	Unwind@00860956
00860961	Unwind@00860961
0086096C	Unwind@0086096c
00860977	Unwind@00860977
00860982	Unwind@00860982
00860997	Unwind@00860997
008609A2	Unwind@008609a2
008609AD	Unwind@008609ad
008609B8	Unwind@008609b8
008609C0	Unwind@008609c0
008609C8	Unwind@008609c8
008609D3	Unwind@008609d3
008609DE	Unwind@008609de
008609E9	Unwind@008609e9
008609FB	Unwind@008609fb
00860A06	Unwind@00860a06
00860A11	Unwind@00860a11
00860A1C	Unwind@00860a1c
00860A27	Unwind@00860a27
00860A32	Unwind@00860a32
00860A3D	Unwind@00860a3d
00860A48	Unwind@00860a48
00860A56	Unwind@00860a56
00860A64	Unwind@00860a64
00860A7C	Unwind@00860a7c
00860A87	Unwind@00860a87
00860A92	Unwind@00860a92
00860A9D	Unwind@00860a9d
00860AA8	Unwind@00860aa8
00860AB3	Unwind@00860ab3
00860ABE	Unwind@00860abe
00860AC9	Unwind@00860ac9
00860ADE	Unwind@00860ade
00860AE9	Unwind@00860ae9
00860AF4	Unwind@00860af4
00860AFF	Unwind@00860aff
00860B0A	Unwind@00860b0a
00860B15	Unwind@00860b15
00860B20	Unwind@00860b20
00860B2B	Unwind@00860b2b
00860B36	Unwind@00860b36
00860B41	Unwind@00860b41
00860B4C	Unwind@00860b4c
00860B57	Unwind@00860b57
00860B6C	Unwind@00860b6c
00860B77	Unwind@00860b77
00860B82	Unwind@00860b82
00860B8D	Unwind@00860b8d
00860B98	Unwind@00860b98
00860BA3	Unwind@00860ba3
00860BAE	Unwind@00860bae
00860BB9	Unwind@00860bb9
00860BCE	Unwind@00860bce
00860BD9	Unwind@00860bd9
00860BE4	Unwind@00860be4
00860BEF	Unwind@00860bef
00860BFA	Unwind@00860bfa
00860C05	Unwind@00860c05
00860C10	Unwind@00860c10
00860C1B	Unwind@00860c1b
00860C30	Unwind@00860c30
00860C3B	Unwind@00860c3b
00860C46	Unwind@00860c46
00860C51	Unwind@00860c51
00860C5C	Unwind@00860c5c
00860C67	Unwind@00860c67
00860C72	Unwind@00860c72
00860C7D	Unwind@00860c7d
00860C88	Unwind@00860c88
00860C93	Unwind@00860c93
00860C9E	Unwind@00860c9e
00860CA9	Unwind@00860ca9
00860CB4	Unwind@00860cb4
00860CC2	Unwind@00860cc2
00860CD0	Unwind@00860cd0
00860CDE	Unwind@00860cde
00860CE9	Unwind@00860ce9
00860CF4	Unwind@00860cf4
00860CFF	Unwind@00860cff
00860D0A	Unwind@00860d0a
00860D15	Unwind@00860d15
00860D20	Unwind@00860d20
00860D2B	Unwind@00860d2b
00860D36	Unwind@00860d36
00860D41	Unwind@00860d41
00860D4C	Unwind@00860d4c
00860D57	Unwind@00860d57
00860D62	Unwind@00860d62
00860D6D	Unwind@00860d6d
00860D7B	Unwind@00860d7b
00860D89	Unwind@00860d89
00860D97	Unwind@00860d97
00860DA2	Unwind@00860da2
00860DAD	Unwind@00860dad
00860DB8	Unwind@00860db8
00860DC6	Unwind@00860dc6
00860DD4	Unwind@00860dd4
00860DE2	Unwind@00860de2
00860DED	Unwind@00860ded
00860DF8	Unwind@00860df8
00860E03	Unwind@00860e03
00860E0E	Unwind@00860e0e
00860E19	Unwind@00860e19
00860E24	Unwind@00860e24
00860E2F	Unwind@00860e2f
00860E3D	Unwind@00860e3d
00860E4B	Unwind@00860e4b
00860E63	Unwind@00860e63
00860E6E	Unwind@00860e6e
00860E76	Unwind@00860e76
00860E7E	Unwind@00860e7e
00860E86	Unwind@00860e86
00860E8E	Unwind@00860e8e
00860E96	Unwind@00860e96
00860E9E	Unwind@00860e9e
00860EA6	Unwind@00860ea6
00860EB8	Unwind@00860eb8
00860EC3	Unwind@00860ec3
00860ECE	Unwind@00860ece
00860ED9	Unwind@00860ed9
00860EE4	Unwind@00860ee4
00860EEF	Unwind@00860eef
00860EFA	Unwind@00860efa
00860F05	Unwind@00860f05
00860F1A	Unwind@00860f1a
00860F25	Unwind@00860f25
00860F30	Unwind@00860f30
00860F3B	Unwind@00860f3b
00860F46	Unwind@00860f46
00860F51	Unwind@00860f51
00860F5C	Unwind@00860f5c
00860F67	Unwind@00860f67
00860F72	Unwind@00860f72
00860F7D	Unwind@00860f7d
00860F8B	Unwind@00860f8b
00860F99	Unwind@00860f99
00860FB1	Unwind@00860fb1
00860FBC	Unwind@00860fbc
00860FC7	Unwind@00860fc7
00860FD2	Unwind@00860fd2
00860FDD	Unwind@00860fdd
00860FE8	Unwind@00860fe8
00860FF3	Unwind@00860ff3
00860FFE	Unwind@00860ffe
00861013	Unwind@00861013
0086101E	Unwind@0086101e
00861029	Unwind@00861029
00861031	Unwind@00861031
00861039	Unwind@00861039
00861044	Unwind@00861044
0086104F	Unwind@0086104f
0086105A	Unwind@0086105a
0086106C	Unwind@0086106c
00861074	Unwind@00861074
0086107C	Unwind@0086107c
00861084	Unwind@00861084
0086108C	Unwind@0086108c
00861094	Unwind@00861094
0086109C	Unwind@0086109c
008610A4	Unwind@008610a4
008610B6	Unwind@008610b6
008610C8	Unwind@008610c8
008610D0	Unwind@008610d0
008610D8	Unwind@008610d8
008610E0	Unwind@008610e0
008610E8	Unwind@008610e8
008610F0	Unwind@008610f0
008610F8	Unwind@008610f8
00861100	Unwind@00861100
00861112	Unwind@00861112
0086111A	Unwind@0086111a
00861122	Unwind@00861122
0086112A	Unwind@0086112a
00861135	Unwind@00861135
0086113D	Unwind@0086113d
00861145	Unwind@00861145
0086114D	Unwind@0086114d
00861155	Unwind@00861155
0086115D	Unwind@0086115d
00861165	Unwind@00861165
0086116D	Unwind@0086116d
0086117B	Unwind@0086117b
00861189	Unwind@00861189
008611A1	Unwind@008611a1
008611AC	Unwind@008611ac
008611B7	Unwind@008611b7
008611C2	Unwind@008611c2
008611CD	Unwind@008611cd
008611D8	Unwind@008611d8
008611E3	Unwind@008611e3
008611EE	Unwind@008611ee
008611F9	Unwind@008611f9
00861204	Unwind@00861204
0086120F	Unwind@0086120f
0086121A	Unwind@0086121a
0086122F	Unwind@0086122f
0086123A	Unwind@0086123a
00861242	Unwind@00861242
0086124A	Unwind@0086124a
00861252	Unwind@00861252
0086125D	Unwind@0086125d
00861268	Unwind@00861268
00861270	Unwind@00861270
00861278	Unwind@00861278
00861283	Unwind@00861283
0086128B	Unwind@0086128b
00861293	Unwind@00861293
0086129B	Unwind@0086129b
008612A6	Unwind@008612a6
008612B1	Unwind@008612b1
008612B9	Unwind@008612b9
008612CB	Unwind@008612cb
008612D6	Unwind@008612d6
008612E1	Unwind@008612e1
008612EC	Unwind@008612ec
008612F7	Unwind@008612f7
00861302	Unwind@00861302
0086130D	Unwind@0086130d
00861318	Unwind@00861318
00861323	Unwind@00861323
00861331	Unwind@00861331
0086133F	Unwind@0086133f
0086134A	Unwind@0086134a
00861355	Unwind@00861355
00861360	Unwind@00861360
0086136B	Unwind@0086136b
00861376	Unwind@00861376
00861381	Unwind@00861381
0086138C	Unwind@0086138c
00861397	Unwind@00861397
008613A5	Unwind@008613a5
008613BD	Unwind@008613bd
008613C8	Unwind@008613c8
008613D3	Unwind@008613d3
008613DE	Unwind@008613de
008613E9	Unwind@008613e9
008613F4	Unwind@008613f4
008613FF	Unwind@008613ff
0086140A	Unwind@0086140a
00861415	Unwind@00861415
00861420	Unwind@00861420
0086142B	Unwind@0086142b
00861436	Unwind@00861436
00861444	Unwind@00861444
00861452	Unwind@00861452
0086146A	Unwind@0086146a
00861475	Unwind@00861475
0086147D	Unwind@0086147d
00861485	Unwind@00861485
0086148D	Unwind@0086148d
00861498	Unwind@00861498
008614A3	Unwind@008614a3
008614AB	Unwind@008614ab
008614B3	Unwind@008614b3
008614BE	Unwind@008614be
008614C6	Unwind@008614c6
008614CE	Unwind@008614ce
008614D6	Unwind@008614d6
008614E1	Unwind@008614e1
008614EC	Unwind@008614ec
008614F4	Unwind@008614f4
00861506	Unwind@00861506
00861511	Unwind@00861511
00861519	Unwind@00861519
00861521	Unwind@00861521
00861529	Unwind@00861529
00861534	Unwind@00861534
0086153F	Unwind@0086153f
00861547	Unwind@00861547
0086154F	Unwind@0086154f
0086155A	Unwind@0086155a
00861562	Unwind@00861562
0086156A	Unwind@0086156a
00861572	Unwind@00861572
0086157D	Unwind@0086157d
00861588	Unwind@00861588
00861590	Unwind@00861590
008615A2	Unwind@008615a2
008615AD	Unwind@008615ad
008615B5	Unwind@008615b5
008615BD	Unwind@008615bd
008615C5	Unwind@008615c5
008615D0	Unwind@008615d0
008615DB	Unwind@008615db
008615E3	Unwind@008615e3
008615EB	Unwind@008615eb
008615F6	Unwind@008615f6
008615FE	Unwind@008615fe
00861606	Unwind@00861606
0086160E	Unwind@0086160e
00861619	Unwind@00861619
00861624	Unwind@00861624
0086162C	Unwind@0086162c
0086163E	Unwind@0086163e
00861653	Unwind@00861653
00861668	Unwind@00861668
00861673	Unwind@00861673
0086167E	Unwind@0086167e
00861689	Unwind@00861689
00861694	Unwind@00861694
0086169F	Unwind@0086169f
008616AA	Unwind@008616aa
008616B5	Unwind@008616b5
008616C0	Unwind@008616c0
008616CB	Unwind@008616cb
008616D6	Unwind@008616d6
008616E1	Unwind@008616e1
008616EC	Unwind@008616ec
008616F7	Unwind@008616f7
00861702	Unwind@00861702
0086170D	Unwind@0086170d
00861718	Unwind@00861718
00861723	Unwind@00861723
0086172E	Unwind@0086172e
00861739	Unwind@00861739
00861744	Unwind@00861744
0086174F	Unwind@0086174f
0086175A	Unwind@0086175a
00861765	Unwind@00861765
00861770	Unwind@00861770
0086177B	Unwind@0086177b
00861786	Unwind@00861786
00861791	Unwind@00861791
0086179C	Unwind@0086179c
008617A7	Unwind@008617a7
008617B2	Unwind@008617b2
008617BD	Unwind@008617bd
008617C8	Unwind@008617c8
008617D6	Unwind@008617d6
008617E4	Unwind@008617e4
008617FC	Unwind@008617fc
00861807	Unwind@00861807
0086181C	Unwind@0086181c
00861827	Unwind@00861827
00861832	Unwind@00861832
0086183D	Unwind@0086183d
00861848	Unwind@00861848
00861853	Unwind@00861853
0086185E	Unwind@0086185e
00861869	Unwind@00861869
00861874	Unwind@00861874
0086187F	Unwind@0086187f
0086188A	Unwind@0086188a
00861895	Unwind@00861895
008618A0	Unwind@008618a0
008618AB	Unwind@008618ab
008618C0	Unwind@008618c0
008618CB	Unwind@008618cb
008618D6	Unwind@008618d6
008618E1	Unwind@008618e1
008618EC	Unwind@008618ec
008618F7	Unwind@008618f7
00861902	Unwind@00861902
0086190D	Unwind@0086190d
00861918	Unwind@00861918
00861926	Unwind@00861926
00861934	Unwind@00861934
0086194C	Unwind@0086194c
00861957	Unwind@00861957
00861962	Unwind@00861962
0086196D	Unwind@0086196d
00861978	Unwind@00861978
00861983	Unwind@00861983
0086198E	Unwind@0086198e
00861999	Unwind@00861999
008619A4	Unwind@008619a4
008619AF	Unwind@008619af
008619BA	Unwind@008619ba
008619C5	Unwind@008619c5
008619DA	Unwind@008619da
008619E5	Unwind@008619e5
008619F0	Unwind@008619f0
008619FB	Unwind@008619fb
00861A06	Unwind@00861a06
00861A11	Unwind@00861a11
00861A1C	Unwind@00861a1c
00861A27	Unwind@00861a27
00861A32	Unwind@00861a32
00861A3D	Unwind@00861a3d
00861A52	Unwind@00861a52
00861A5D	Unwind@00861a5d
00861A68	Unwind@00861a68
00861A73	Unwind@00861a73
00861A88	Unwind@00861a88
00861A9D	Unwind@00861a9d
00861AA8	Unwind@00861aa8
00861AB3	Unwind@00861ab3
00861ABE	Unwind@00861abe
00861AC9	Unwind@00861ac9
00861AD4	Unwind@00861ad4
00861ADF	Unwind@00861adf
00861AEA	Unwind@00861aea
00861AF5	Unwind@00861af5
00861B00	Unwind@00861b00
00861B0B	Unwind@00861b0b
00861B16	Unwind@00861b16
00861B21	Unwind@00861b21
00861B2C	Unwind@00861b2c
00861B37	Unwind@00861b37
00861B42	Unwind@00861b42
00861B4D	Unwind@00861b4d
00861B58	Unwind@00861b58
00861B6D	Unwind@00861b6d
00861B78	Unwind@00861b78
00861B83	Unwind@00861b83
00861B8E	Unwind@00861b8e
00861B99	Unwind@00861b99
00861BA4	Unwind@00861ba4
00861BAF	Unwind@00861baf
00861BBA	Unwind@00861bba
00861BC8	Unwind@00861bc8
00861BD6	Unwind@00861bd6
00861BEE	Unwind@00861bee
00861BF9	Unwind@00861bf9
00861C04	Unwind@00861c04
00861C0F	Unwind@00861c0f
00861C1A	Unwind@00861c1a
00861C25	Unwind@00861c25
00861C30	Unwind@00861c30
00861C45	Unwind@00861c45
00861C4D	Unwind@00861c4d
00861C5F	Unwind@00861c5f
00861C6A	Unwind@00861c6a
00861C75	Unwind@00861c75
00861C80	Unwind@00861c80
00861C8B	Unwind@00861c8b
00861C96	Unwind@00861c96
00861CA1	Unwind@00861ca1
00861CAC	Unwind@00861cac
00861CC1	Unwind@00861cc1
00861CCC	Unwind@00861ccc
00861CD4	Unwind@00861cd4
00861CDC	Unwind@00861cdc
00861CE4	Unwind@00861ce4
00861CEC	Unwind@00861cec
00861CF4	Unwind@00861cf4
00861CFC	Unwind@00861cfc
00861D04	Unwind@00861d04
00861D16	Unwind@00861d16
00861D1E	Unwind@00861d1e
00861D26	Unwind@00861d26
00861D2E	Unwind@00861d2e
00861D36	Unwind@00861d36
00861D3E	Unwind@00861d3e
00861D46	Unwind@00861d46
00861D4E	Unwind@00861d4e
00861D56	Unwind@00861d56
00861D5E	Unwind@00861d5e
00861D66	Unwind@00861d66
00861D6E	Unwind@00861d6e
00861D76	Unwind@00861d76
00861D7E	Unwind@00861d7e
00861D86	Unwind@00861d86
00861D8E	Unwind@00861d8e
00861D96	Unwind@00861d96
00861DA8	Unwind@00861da8
00861DB3	Unwind@00861db3
00861DBE	Unwind@00861dbe
00861DC9	Unwind@00861dc9
00861DD1	Unwind@00861dd1
00861DDC	Unwind@00861ddc
00861DE7	Unwind@00861de7
00861DEF	Unwind@00861def
00861DFA	Unwind@00861dfa
00861E05	Unwind@00861e05
00861E10	Unwind@00861e10
00861E1B	Unwind@00861e1b
00861E23	Unwind@00861e23
00861E2B	Unwind@00861e2b
00861E39	Unwind@00861e39
00861E47	Unwind@00861e47
00861E5F	Unwind@00861e5f
00861E6A	Unwind@00861e6a
00861E75	Unwind@00861e75
00861E8A	Unwind@00861e8a
00861E95	Unwind@00861e95
00861EA0	Unwind@00861ea0
00861EAB	Unwind@00861eab
00861EC0	Unwind@00861ec0
00861EC8	Unwind@00861ec8
00861ED0	Unwind@00861ed0
00861ED8	Unwind@00861ed8
00861EE0	Unwind@00861ee0
00861EE8	Unwind@00861ee8
00861EF0	Unwind@00861ef0
00861EF8	Unwind@00861ef8
00861F00	Unwind@00861f00
00861F0B	Unwind@00861f0b
00861F16	Unwind@00861f16
00861F21	Unwind@00861f21
00861F33	Unwind@00861f33
00861F3B	Unwind@00861f3b
00861F43	Unwind@00861f43
00861F4B	Unwind@00861f4b
00861F53	Unwind@00861f53
00861F5B	Unwind@00861f5b
00861F63	Unwind@00861f63
00861F6B	Unwind@00861f6b
00861F7D	Unwind@00861f7d
00861F85	Unwind@00861f85
00861F8D	Unwind@00861f8d
00861F9F	Unwind@00861f9f
00861FA7	Unwind@00861fa7
00861FAF	Unwind@00861faf
00861FC1	Unwind@00861fc1
00861FC9	Unwind@00861fc9
00861FD1	Unwind@00861fd1
00861FE3	Unwind@00861fe3
00861FEE	Unwind@00861fee
00861FF6	Unwind@00861ff6
00861FFE	Unwind@00861ffe
00862009	Unwind@00862009
00862014	Unwind@00862014
0086201C	Unwind@0086201c
00862024	Unwind@00862024
0086203C	Unwind@0086203c
00862047	Unwind@00862047
00862052	Unwind@00862052
0086205D	Unwind@0086205d
00862068	Unwind@00862068
00862073	Unwind@00862073
0086207E	Unwind@0086207e
00862089	Unwind@00862089
0086209E	Unwind@0086209e
008620A9	Unwind@008620a9
008620B1	Unwind@008620b1
008620B9	Unwind@008620b9
008620C1	Unwind@008620c1
008620CC	Unwind@008620cc
008620D7	Unwind@008620d7
008620DF	Unwind@008620df
008620E7	Unwind@008620e7
008620EF	Unwind@008620ef
008620F7	Unwind@008620f7
00862105	Unwind@00862105
00862113	Unwind@00862113
00862121	Unwind@00862121
00862136	Unwind@00862136
0086213E	Unwind@0086213e
00862150	Unwind@00862150
0086215B	Unwind@0086215b
00862166	Unwind@00862166
00862171	Unwind@00862171
0086217C	Unwind@0086217c
00862187	Unwind@00862187
0086218F	Unwind@0086218f
00862197	Unwind@00862197
0086219F	Unwind@0086219f
008621A7	Unwind@008621a7
008621AF	Unwind@008621af
008621B7	Unwind@008621b7
008621BF	Unwind@008621bf
008621C7	Unwind@008621c7
008621D2	Unwind@008621d2
008621E7	Unwind@008621e7
008621F2	Unwind@008621f2
008621FD	Unwind@008621fd
00862208	Unwind@00862208
0086221D	Unwind@0086221d
00862228	Unwind@00862228
00862233	Unwind@00862233
0086223E	Unwind@0086223e
00862253	Unwind@00862253
0086225B	Unwind@0086225b
00862263	Unwind@00862263
0086226B	Unwind@0086226b
00862276	Unwind@00862276
00862281	Unwind@00862281
0086228C	Unwind@0086228c
008622A4	Unwind@008622a4
008622AF	Unwind@008622af
008622BA	Unwind@008622ba
008622C5	Unwind@008622c5
008622D0	Unwind@008622d0
008622DB	Unwind@008622db
008622E6	Unwind@008622e6
008622FB	Unwind@008622fb
00862306	Unwind@00862306
00862311	Unwind@00862311
0086231C	Unwind@0086231c
00862327	Unwind@00862327
00862332	Unwind@00862332
0086233D	Unwind@0086233d
00862348	Unwind@00862348
00862353	Unwind@00862353
0086235E	Unwind@0086235e
00862366	Unwind@00862366
0086236E	Unwind@0086236e
00862376	Unwind@00862376
00862388	Unwind@00862388
00862393	Unwind@00862393
0086239E	Unwind@0086239e
008623A9	Unwind@008623a9
008623B4	Unwind@008623b4
008623BF	Unwind@008623bf
008623CA	Unwind@008623ca
008623D5	Unwind@008623d5
008623E0	Unwind@008623e0
008623EB	Unwind@008623eb
008623F6	Unwind@008623f6
00862401	Unwind@00862401
0086240C	Unwind@0086240c
00862417	Unwind@00862417
00862422	Unwind@00862422
0086242D	Unwind@0086242d
00862438	Unwind@00862438
00862443	Unwind@00862443
0086244E	Unwind@0086244e
00862459	Unwind@00862459
00862464	Unwind@00862464
00862479	Unwind@00862479
00862484	Unwind@00862484
0086248F	Unwind@0086248f
0086249A	Unwind@0086249a
008624A5	Unwind@008624a5
008624B0	Unwind@008624b0
008624BB	Unwind@008624bb
008624C6	Unwind@008624c6
008624D1	Unwind@008624d1
008624DC	Unwind@008624dc
008624E7	Unwind@008624e7
008624F2	Unwind@008624f2
008624FD	Unwind@008624fd
00862508	Unwind@00862508
00862513	Unwind@00862513
0086251E	Unwind@0086251e
00862529	Unwind@00862529
00862534	Unwind@00862534
0086253F	Unwind@0086253f
0086254A	Unwind@0086254a
00862555	Unwind@00862555
0086256A	Unwind@0086256a
00862575	Unwind@00862575
0086257D	Unwind@0086257d
00862585	Unwind@00862585
0086258D	Unwind@0086258d
00862598	Unwind@00862598
008625A3	Unwind@008625a3
008625AB	Unwind@008625ab
008625B3	Unwind@008625b3
008625BE	Unwind@008625be
008625C6	Unwind@008625c6
008625CE	Unwind@008625ce
008625D6	Unwind@008625d6
008625E1	Unwind@008625e1
008625EC	Unwind@008625ec
008625F4	Unwind@008625f4
008625FC	Unwind@008625fc
00862607	Unwind@00862607
0086260F	Unwind@0086260f
00862617	Unwind@00862617
0086261F	Unwind@0086261f
00862634	Unwind@00862634
0086263C	Unwind@0086263c
00862647	Unwind@00862647
00862652	Unwind@00862652
0086265A	Unwind@0086265a
00862662	Unwind@00862662
0086267A	Unwind@0086267a
00862682	Unwind@00862682
0086268D	Unwind@0086268d
00862698	Unwind@00862698
008626A0	Unwind@008626a0
008626A8	Unwind@008626a8
008626C0	Unwind@008626c0
008626CB	Unwind@008626cb
008626D6	Unwind@008626d6
008626E1	Unwind@008626e1
008626EC	Unwind@008626ec
008626F7	Unwind@008626f7
00862702	Unwind@00862702
0086270D	Unwind@0086270d
00862718	Unwind@00862718
00862723	Unwind@00862723
0086272E	Unwind@0086272e
00862739	Unwind@00862739
00862744	Unwind@00862744
0086274F	Unwind@0086274f
0086275A	Unwind@0086275a
00862765	Unwind@00862765
0086277A	Unwind@0086277a
00862785	Unwind@00862785
00862790	Unwind@00862790
0086279B	Unwind@0086279b
008627A6	Unwind@008627a6
008627B1	Unwind@008627b1
008627BC	Unwind@008627bc
008627C7	Unwind@008627c7
008627D2	Unwind@008627d2
008627DD	Unwind@008627dd
008627E8	Unwind@008627e8
008627F3	Unwind@008627f3
00862801	Unwind@00862801
0086280F	Unwind@0086280f
0086281D	Unwind@0086281d
00862828	Unwind@00862828
00862840	Unwind@00862840
00862848	Unwind@00862848
00862860	Unwind@00862860
00862868	Unwind@00862868
00862880	Unwind@00862880
0086288B	Unwind@0086288b
00862893	Unwind@00862893
008628B0	Unwind@008628b0
008628BB	Unwind@008628bb
008628C6	Unwind@008628c6
008628E0	Unwind@008628e0
00862900	Unwind@00862900
00862920	Unwind@00862920
00862928	Unwind@00862928
00862940	Unwind@00862940
00862948	Unwind@00862948
00862960	Unwind@00862960
00862980	Unwind@00862980
00862988	Unwind@00862988
00862993	Unwind@00862993
008629B0	Unwind@008629b0
008629D0	Unwind@008629d0
008629D8	Unwind@008629d8
008629E3	Unwind@008629e3
00862A00	Unwind@00862a00
00862A20	Unwind@00862a20
00862A40	Unwind@00862a40
00862A48	Unwind@00862a48
00862A53	Unwind@00862a53
00862A5E	Unwind@00862a5e
00862A69	Unwind@00862a69
00862A80	Unwind@00862a80
00862AA0	Unwind@00862aa0
00862AC0	Unwind@00862ac0
00862AE0	Unwind@00862ae0
00862B00	Unwind@00862b00
00862B20	Unwind@00862b20
00862B40	Unwind@00862b40
00862B60	Unwind@00862b60
00862B80	Unwind@00862b80
00862B8B	Unwind@00862b8b
00862BA0	Unwind@00862ba0
00862BC0	Unwind@00862bc0
00862BE0	Unwind@00862be0
00862C00	Unwind@00862c00
00862C20	Unwind@00862c20
00862C40	Unwind@00862c40
00862C60	Unwind@00862c60
00862C80	Unwind@00862c80
00862CA0	Unwind@00862ca0
00862CC0	Unwind@00862cc0
00862CE0	Unwind@00862ce0
00862D00	Unwind@00862d00
00862D20	Unwind@00862d20
00862D40	Unwind@00862d40
00862D60	Unwind@00862d60
00862D80	Unwind@00862d80
00862DA0	Unwind@00862da0
00862DC0	Unwind@00862dc0
00862DE0	Unwind@00862de0
00862E00	Unwind@00862e00
00862E20	Unwind@00862e20
00862E40	Unwind@00862e40
00862E60	Unwind@00862e60
00862EA0	Unwind@00862ea0
00862EC0	Unwind@00862ec0
00862EE0	Unwind@00862ee0
00862F00	Unwind@00862f00
00862F40	Unwind@00862f40
00862F60	Unwind@00862f60
00862F90	Unwind@00862f90
00862FB0	Unwind@00862fb0
00862FE0	Unwind@00862fe0
00862FF1	Unwind@00862ff1
00862FFC	Unwind@00862ffc
00863020	Unwind@00863020
00863040	Unwind@00863040
00863048	Unwind@00863048
00863053	Unwind@00863053
0086305B	Unwind@0086305b
00863063	Unwind@00863063
0086306E	Unwind@0086306e
00863090	Unwind@00863090
008630C0	Unwind@008630c0
008630F0	Unwind@008630f0
00863120	Unwind@00863120
00863150	Unwind@00863150
00863170	Unwind@00863170
008631A0	Unwind@008631a0
008631D0	Unwind@008631d0
00863200	Unwind@00863200
00863230	Unwind@00863230
00863270	Unwind@00863270
008632A0	Unwind@008632a0
008632D0	Unwind@008632d0
00863300	Unwind@00863300
00863330	Unwind@00863330
00863360	Unwind@00863360
00863390	Unwind@00863390
008633C0	Unwind@008633c0
008633F0	Unwind@008633f0
00863420	Unwind@00863420
00863440	Unwind@00863440
00863448	Unwind@00863448
00863450	Unwind@00863450
00863470	Unwind@00863470
00863478	Unwind@00863478
00863486	Unwind@00863486
00863494	Unwind@00863494
008634A2	Unwind@008634a2
008634AD	Unwind@008634ad
008634B5	Unwind@008634b5
008634BD	Unwind@008634bd
008634C5	Unwind@008634c5
008634D3	Unwind@008634d3
00863540	Unwind@00863540
00863560	Unwind@00863560
00863580	Unwind@00863580
008635A0	Unwind@008635a0
008635A8	Unwind@008635a8
008635B3	Unwind@008635b3
008635BB	Unwind@008635bb
008635C6	Unwind@008635c6
008635CE	Unwind@008635ce
008635E0	Unwind@008635e0
008635E8	Unwind@008635e8
008635F3	Unwind@008635f3
008635FB	Unwind@008635fb
00863606	Unwind@00863606
0086360E	Unwind@0086360e
00863620	Unwind@00863620
0086362B	Unwind@0086362b
00863636	Unwind@00863636
00863641	Unwind@00863641
0086364C	Unwind@0086364c
00863670	Unwind@00863670
00863690	Unwind@00863690
0086369B	Unwind@0086369b
008636A6	Unwind@008636a6
008636B1	Unwind@008636b1
008636BC	Unwind@008636bc
008636E0	Unwind@008636e0
008636E8	Unwind@008636e8
008636F3	Unwind@008636f3
008636FB	Unwind@008636fb
00863706	Unwind@00863706
00863720	Unwind@00863720
0086372B	Unwind@0086372b
00863736	Unwind@00863736
0086373E	Unwind@0086373e
00863749	Unwind@00863749
00863760	Unwind@00863760
0086376E	Unwind@0086376e
0086377C	Unwind@0086377c
0086378A	Unwind@0086378a
00863798	Unwind@00863798
008637B0	Unwind@008637b0
008637BB	Unwind@008637bb
008637C6	Unwind@008637c6
008637D1	Unwind@008637d1
008637DC	Unwind@008637dc
00863800	Unwind@00863800
00863811	Unwind@00863811
00863819	Unwind@00863819
00863824	Unwind@00863824
0086382C	Unwind@0086382c
00863837	Unwind@00863837
0086383F	Unwind@0086383f
00863860	Unwind@00863860
00863871	Unwind@00863871
00863879	Unwind@00863879
00863881	Unwind@00863881
0086388C	Unwind@0086388c
00863897	Unwind@00863897
008638A2	Unwind@008638a2
008638C0	Unwind@008638c0
008638D1	Unwind@008638d1
008638D9	Unwind@008638d9
008638E1	Unwind@008638e1
008638EC	Unwind@008638ec
008638F7	Unwind@008638f7
00863902	Unwind@00863902
00863920	Unwind@00863920
00863928	Unwind@00863928
00863933	Unwind@00863933
0086393B	Unwind@0086393b
00863946	Unwind@00863946
0086394E	Unwind@0086394e
00863970	Unwind@00863970
00863978	Unwind@00863978
008639B0	Unwind@008639b0
008639B8	Unwind@008639b8
008639C0	Unwind@008639c0
008639CB	Unwind@008639cb
008639D3	Unwind@008639d3
008639F0	Unwind@008639f0
008639F8	Unwind@008639f8
00863A00	Unwind@00863a00
00863A0B	Unwind@00863a0b
00863A13	Unwind@00863a13
00863A30	Unwind@00863a30
00863A38	Unwind@00863a38
00863A40	Unwind@00863a40
00863A4B	Unwind@00863a4b
00863A60	Unwind@00863a60
00863A6B	Unwind@00863a6b
00863A73	Unwind@00863a73
00863A7E	Unwind@00863a7e
00863AA0	Unwind@00863aa0
00863AC0	Unwind@00863ac0
00863AC8	Unwind@00863ac8
00863AD3	Unwind@00863ad3
00863ADB	Unwind@00863adb
00863AE3	Unwind@00863ae3
00863AEE	Unwind@00863aee
00863AF6	Unwind@00863af6
00863AFE	Unwind@00863afe
00863B09	Unwind@00863b09
00863B11	Unwind@00863b11
00863B1C	Unwind@00863b1c
00863B24	Unwind@00863b24
00863B40	Unwind@00863b40
00863B48	Unwind@00863b48
00863B53	Unwind@00863b53
00863B5B	Unwind@00863b5b
00863B63	Unwind@00863b63
00863B6E	Unwind@00863b6e
00863B76	Unwind@00863b76
00863B7E	Unwind@00863b7e
00863B89	Unwind@00863b89
00863B91	Unwind@00863b91
00863B9C	Unwind@00863b9c
00863BA4	Unwind@00863ba4
00863BC0	Unwind@00863bc0
00863BC8	Unwind@00863bc8
00863BD3	Unwind@00863bd3
00863BDB	Unwind@00863bdb
00863BE6	Unwind@00863be6
00863BEE	Unwind@00863bee
00863BF9	Unwind@00863bf9
00863C01	Unwind@00863c01
00863C0C	Unwind@00863c0c
00863C14	Unwind@00863c14
00863C30	Unwind@00863c30
00863C3B	Unwind@00863c3b
00863C46	Unwind@00863c46
00863C51	Unwind@00863c51
00863C5C	Unwind@00863c5c
00863C67	Unwind@00863c67
00863C72	Unwind@00863c72
00863C7A	Unwind@00863c7a
00863C85	Unwind@00863c85
00863C8D	Unwind@00863c8d
00863CF0	Unwind@00863cf0
00863CFB	Unwind@00863cfb
00863D06	Unwind@00863d06
00863D11	Unwind@00863d11
00863D1C	Unwind@00863d1c
00863D27	Unwind@00863d27
00863D32	Unwind@00863d32
00863D3D	Unwind@00863d3d
00863D48	Unwind@00863d48
00863D53	Unwind@00863d53
00863D5E	Unwind@00863d5e
00863D69	Unwind@00863d69
00863D74	Unwind@00863d74
00863D7F	Unwind@00863d7f
00863D8A	Unwind@00863d8a
00863D95	Unwind@00863d95
00863DA0	Unwind@00863da0
00863DAB	Unwind@00863dab
00863DB6	Unwind@00863db6
00863DC1	Unwind@00863dc1
00863DCC	Unwind@00863dcc
00863DD7	Unwind@00863dd7
00863DE2	Unwind@00863de2
00863DED	Unwind@00863ded
00863DF8	Unwind@00863df8
00863E03	Unwind@00863e03
00863E18	Unwind@00863e18
00863E38	Unwind@00863e38
00863E43	Unwind@00863e43
00863E4E	Unwind@00863e4e
00863E59	Unwind@00863e59
00863E64	Unwind@00863e64
00863E79	Unwind@00863e79
00863E84	Unwind@00863e84
00863E8F	Unwind@00863e8f
00863E9A	Unwind@00863e9a
00863EA5	Unwind@00863ea5
00863EB0	Unwind@00863eb0
00863ED0	Unwind@00863ed0
00863F10	Unwind@00863f10
00863F25	Unwind@00863f25
00863F30	Unwind@00863f30
00863F3B	Unwind@00863f3b
00863F46	Unwind@00863f46
00863F51	Unwind@00863f51
00863F66	Unwind@00863f66
00863F78	Unwind@00863f78
00863F83	Unwind@00863f83
00863F8E	Unwind@00863f8e
00863F99	Unwind@00863f99
00863FA4	Unwind@00863fa4
00863FAF	Unwind@00863faf
00863FBA	Unwind@00863fba
00863FC5	Unwind@00863fc5
00863FDA	Unwind@00863fda
00863FEC	Unwind@00863fec
00863FF7	Unwind@00863ff7
00864002	Unwind@00864002
0086400D	Unwind@0086400d
00864018	Unwind@00864018
00864023	Unwind@00864023
0086402E	Unwind@0086402e
00864039	Unwind@00864039
00864044	Unwind@00864044
0086404F	Unwind@0086404f
0086405A	Unwind@0086405a
00864065	Unwind@00864065
00864070	Unwind@00864070
0086407B	Unwind@0086407b
00864086	Unwind@00864086
00864091	Unwind@00864091
0086409C	Unwind@0086409c
008640A7	Unwind@008640a7
008640B2	Unwind@008640b2
008640BD	Unwind@008640bd
008640C8	Unwind@008640c8
008640D3	Unwind@008640d3
008640DE	Unwind@008640de
008640E9	Unwind@008640e9
008640F4	Unwind@008640f4
008640FF	Unwind@008640ff
0086410A	Unwind@0086410a
00864115	Unwind@00864115
00864120	Unwind@00864120
0086412B	Unwind@0086412b
00864136	Unwind@00864136
00864144	Unwind@00864144
00864152	Unwind@00864152
00864160	Unwind@00864160
00864175	Unwind@00864175
00864187	Unwind@00864187
00864192	Unwind@00864192
0086419D	Unwind@0086419d
008641A8	Unwind@008641a8
008641B3	Unwind@008641b3
008641BE	Unwind@008641be
008641C9	Unwind@008641c9
008641D4	Unwind@008641d4
008641DF	Unwind@008641df
008641EA	Unwind@008641ea
008641F5	Unwind@008641f5
00864200	Unwind@00864200
0086420B	Unwind@0086420b
00864216	Unwind@00864216
00864221	Unwind@00864221
0086422C	Unwind@0086422c
00864237	Unwind@00864237
00864242	Unwind@00864242
0086424D	Unwind@0086424d
00864258	Unwind@00864258
00864263	Unwind@00864263
0086426E	Unwind@0086426e
00864279	Unwind@00864279
00864284	Unwind@00864284
0086428F	Unwind@0086428f
0086429A	Unwind@0086429a
008642A5	Unwind@008642a5
008642B0	Unwind@008642b0
008642BB	Unwind@008642bb
008642C6	Unwind@008642c6
008642D1	Unwind@008642d1
008642DC	Unwind@008642dc
008642E7	Unwind@008642e7
008642F2	Unwind@008642f2
008642FD	Unwind@008642fd
00864308	Unwind@00864308
00864313	Unwind@00864313
0086431E	Unwind@0086431e
00864329	Unwind@00864329
00864334	Unwind@00864334
0086433F	Unwind@0086433f
0086434A	Unwind@0086434a
00864355	Unwind@00864355
00864360	Unwind@00864360
00864375	Unwind@00864375
00864380	Unwind@00864380
0086438B	Unwind@0086438b
00864396	Unwind@00864396
008643A1	Unwind@008643a1
008643AC	Unwind@008643ac
008643B7	Unwind@008643b7
008643C2	Unwind@008643c2
008643CD	Unwind@008643cd
008643D8	Unwind@008643d8
008643E3	Unwind@008643e3
008643EE	Unwind@008643ee
008643F9	Unwind@008643f9
00864404	Unwind@00864404
0086440F	Unwind@0086440f
0086441A	Unwind@0086441a
00864425	Unwind@00864425
00864430	Unwind@00864430
0086443E	Unwind@0086443e
0086444C	Unwind@0086444c
0086445A	Unwind@0086445a
00864465	Unwind@00864465
00864470	Unwind@00864470
0086447B	Unwind@0086447b
00864486	Unwind@00864486
00864491	Unwind@00864491
0086449C	Unwind@0086449c
008644A7	Unwind@008644a7
008644B5	Unwind@008644b5
008644C3	Unwind@008644c3
008644D1	Unwind@008644d1
008644DC	Unwind@008644dc
008644E7	Unwind@008644e7
008644F2	Unwind@008644f2
008644FD	Unwind@008644fd
00864508	Unwind@00864508
00864513	Unwind@00864513
0086451E	Unwind@0086451e
00864529	Unwind@00864529
00864534	Unwind@00864534
00864542	Unwind@00864542
00864550	Unwind@00864550
0086455E	Unwind@0086455e
00864569	Unwind@00864569
00864574	Unwind@00864574
0086457F	Unwind@0086457f
0086458A	Unwind@0086458a
00864595	Unwind@00864595
008645A0	Unwind@008645a0
008645AB	Unwind@008645ab
008645B6	Unwind@008645b6
008645C1	Unwind@008645c1
008645CC	Unwind@008645cc
008645D7	Unwind@008645d7
008645E2	Unwind@008645e2
008645ED	Unwind@008645ed
008645FB	Unwind@008645fb
00864609	Unwind@00864609
00864617	Unwind@00864617
0086462C	Unwind@0086462c
00864637	Unwind@00864637
00864642	Unwind@00864642
0086464D	Unwind@0086464d
00864658	Unwind@00864658
00864663	Unwind@00864663
00864678	Unwind@00864678
00864683	Unwind@00864683
0086468E	Unwind@0086468e
00864696	Unwind@00864696
0086469E	Unwind@0086469e
008646A6	Unwind@008646a6
008646B1	Unwind@008646b1
008646BC	Unwind@008646bc
008646C4	Unwind@008646c4
008646CC	Unwind@008646cc
008646D7	Unwind@008646d7
008646E2	Unwind@008646e2
008646ED	Unwind@008646ed
008646F8	Unwind@008646f8
00864703	Unwind@00864703
0086470E	Unwind@0086470e
00864719	Unwind@00864719
00864724	Unwind@00864724
0086472F	Unwind@0086472f
0086473A	Unwind@0086473a
00864745	Unwind@00864745
0086475A	Unwind@0086475a
00864765	Unwind@00864765
00864770	Unwind@00864770
0086477B	Unwind@0086477b
00864786	Unwind@00864786
00864791	Unwind@00864791
0086479C	Unwind@0086479c
008647A7	Unwind@008647a7
008647B2	Unwind@008647b2
008647BD	Unwind@008647bd
008647C8	Unwind@008647c8
008647D3	Unwind@008647d3
008647DE	Unwind@008647de
008647E9	Unwind@008647e9
008647F7	Unwind@008647f7
00864805	Unwind@00864805
0086481D	Unwind@0086481d
00864825	Unwind@00864825
0086482D	Unwind@0086482d
00864835	Unwind@00864835
00864847	Unwind@00864847
00864852	Unwind@00864852
00864870	Unwind@00864870
0086487B	Unwind@0086487b
00864886	Unwind@00864886
00864891	Unwind@00864891
0086489C	Unwind@0086489c
008648A7	Unwind@008648a7
008648B2	Unwind@008648b2
008648BD	Unwind@008648bd
008648C8	Unwind@008648c8
008648D3	Unwind@008648d3
008648DE	Unwind@008648de
008648EC	Unwind@008648ec
008648FA	Unwind@008648fa
00864908	Unwind@00864908
00864913	Unwind@00864913
0086491E	Unwind@0086491e
00864929	Unwind@00864929
00864934	Unwind@00864934
0086493F	Unwind@0086493f
0086494A	Unwind@0086494a
00864955	Unwind@00864955
00864960	Unwind@00864960
0086496B	Unwind@0086496b
00864976	Unwind@00864976
00864981	Unwind@00864981
0086498F	Unwind@0086498f
0086499D	Unwind@0086499d
008649B5	Unwind@008649b5
008649C0	Unwind@008649c0
008649CB	Unwind@008649cb
008649D6	Unwind@008649d6
008649E1	Unwind@008649e1
008649EC	Unwind@008649ec
008649F7	Unwind@008649f7
00864A02	Unwind@00864a02
00864A0D	Unwind@00864a0d
00864A18	Unwind@00864a18
00864A23	Unwind@00864a23
00864A2E	Unwind@00864a2e
00864A39	Unwind@00864a39
00864A44	Unwind@00864a44
00864A4F	Unwind@00864a4f
00864A5A	Unwind@00864a5a
00864A65	Unwind@00864a65
00864A70	Unwind@00864a70
00864A7B	Unwind@00864a7b
00864A86	Unwind@00864a86
00864A91	Unwind@00864a91
00864A9C	Unwind@00864a9c
00864AA7	Unwind@00864aa7
00864AB2	Unwind@00864ab2
00864ABD	Unwind@00864abd
00864AC8	Unwind@00864ac8
00864AD3	Unwind@00864ad3
00864ADE	Unwind@00864ade
00864AE9	Unwind@00864ae9
00864AF4	Unwind@00864af4
00864AFF	Unwind@00864aff
00864B0A	Unwind@00864b0a
00864B15	Unwind@00864b15
00864B20	Unwind@00864b20
00864B2B	Unwind@00864b2b
00864B36	Unwind@00864b36
00864B41	Unwind@00864b41
00864B4C	Unwind@00864b4c
00864B57	Unwind@00864b57
00864B62	Unwind@00864b62
00864B6D	Unwind@00864b6d
00864B78	Unwind@00864b78
00864B80	Unwind@00864b80
00864B8B	Unwind@00864b8b
00864B96	Unwind@00864b96
00864BA1	Unwind@00864ba1
00864BAC	Unwind@00864bac
00864BB7	Unwind@00864bb7
00864BC2	Unwind@00864bc2
00864BCD	Unwind@00864bcd
00864BD8	Unwind@00864bd8
00864BE3	Unwind@00864be3
00864BF8	Unwind@00864bf8
00864C03	Unwind@00864c03
00864C0E	Unwind@00864c0e
00864C19	Unwind@00864c19
00864C24	Unwind@00864c24
00864C2F	Unwind@00864c2f
00864C3A	Unwind@00864c3a
00864C45	Unwind@00864c45
00864C50	Unwind@00864c50
00864C5E	Unwind@00864c5e
00864C6C	Unwind@00864c6c
00864C7A	Unwind@00864c7a
00864C85	Unwind@00864c85
00864C90	Unwind@00864c90
00864C9B	Unwind@00864c9b
00864CA6	Unwind@00864ca6
00864CB1	Unwind@00864cb1
00864CBC	Unwind@00864cbc
00864CC7	Unwind@00864cc7
00864CD2	Unwind@00864cd2
00864CDD	Unwind@00864cdd
00864CE8	Unwind@00864ce8
00864CF3	Unwind@00864cf3
00864CFE	Unwind@00864cfe
00864D0C	Unwind@00864d0c
00864D1A	Unwind@00864d1a
00864D28	Unwind@00864d28
00864D33	Unwind@00864d33
00864D3E	Unwind@00864d3e
00864D49	Unwind@00864d49
00864D54	Unwind@00864d54
00864D5F	Unwind@00864d5f
00864D6A	Unwind@00864d6a
00864D75	Unwind@00864d75
00864D80	Unwind@00864d80
00864D8B	Unwind@00864d8b
00864D96	Unwind@00864d96
00864DA1	Unwind@00864da1
00864DAC	Unwind@00864dac
00864DB7	Unwind@00864db7
00864DC2	Unwind@00864dc2
00864DD0	Unwind@00864dd0
00864DDE	Unwind@00864dde
00864DEC	Unwind@00864dec
00864DF7	Unwind@00864df7
00864E02	Unwind@00864e02
00864E0D	Unwind@00864e0d
00864E18	Unwind@00864e18
00864E23	Unwind@00864e23
00864E2E	Unwind@00864e2e
00864E39	Unwind@00864e39
00864E50	Unwind@00864e50
00864E70	Unwind@00864e70
00864E78	Unwind@00864e78
00864E83	Unwind@00864e83
00864E8B	Unwind@00864e8b
00864E93	Unwind@00864e93
00864E9B	Unwind@00864e9b
00864EA6	Unwind@00864ea6
00864EB1	Unwind@00864eb1
00864EB9	Unwind@00864eb9
00864EC1	Unwind@00864ec1
00864ECC	Unwind@00864ecc
00864ED7	Unwind@00864ed7
00864EE2	Unwind@00864ee2
00864EED	Unwind@00864eed
00864EF8	Unwind@00864ef8
00864F03	Unwind@00864f03
00864F0E	Unwind@00864f0e
00864F19	Unwind@00864f19
00864F24	Unwind@00864f24
00864F2F	Unwind@00864f2f
00864F3A	Unwind@00864f3a
00864F48	Unwind@00864f48
00864F56	Unwind@00864f56
00864F64	Unwind@00864f64
00864F6F	Unwind@00864f6f
00864F7A	Unwind@00864f7a
00864F85	Unwind@00864f85
00864F90	Unwind@00864f90
00864F9B	Unwind@00864f9b
00864FA6	Unwind@00864fa6
00864FB1	Unwind@00864fb1
00864FC6	Unwind@00864fc6
00864FD8	Unwind@00864fd8
00864FE3	Unwind@00864fe3
00864FEE	Unwind@00864fee
00864FF9	Unwind@00864ff9
00865004	Unwind@00865004
0086500F	Unwind@0086500f
0086501A	Unwind@0086501a
00865025	Unwind@00865025
00865030	Unwind@00865030
0086503B	Unwind@0086503b
00865046	Unwind@00865046
00865051	Unwind@00865051
0086505C	Unwind@0086505c
00865067	Unwind@00865067
00865072	Unwind@00865072
0086507D	Unwind@0086507d
00865088	Unwind@00865088
00865093	Unwind@00865093
0086509E	Unwind@0086509e
008650A9	Unwind@008650a9
008650B4	Unwind@008650b4
008650BF	Unwind@008650bf
008650CA	Unwind@008650ca
008650D5	Unwind@008650d5
008650E0	Unwind@008650e0
008650EE	Unwind@008650ee
008650F9	Unwind@008650f9
00865104	Unwind@00865104
0086510F	Unwind@0086510f
0086511A	Unwind@0086511a
00865125	Unwind@00865125
00865130	Unwind@00865130
0086513B	Unwind@0086513b
00865146	Unwind@00865146
00865151	Unwind@00865151
0086515C	Unwind@0086515c
00865167	Unwind@00865167
00865172	Unwind@00865172
0086517D	Unwind@0086517d
00865188	Unwind@00865188
00865193	Unwind@00865193
0086519E	Unwind@0086519e
008651A9	Unwind@008651a9
008651B4	Unwind@008651b4
008651BF	Unwind@008651bf
008651CA	Unwind@008651ca
008651D5	Unwind@008651d5
008651E0	Unwind@008651e0
008651EB	Unwind@008651eb
00865200	Unwind@00865200
0086520B	Unwind@0086520b
00865216	Unwind@00865216
00865221	Unwind@00865221
0086522C	Unwind@0086522c
00865237	Unwind@00865237
00865242	Unwind@00865242
0086524D	Unwind@0086524d
00865258	Unwind@00865258
00865263	Unwind@00865263
0086526E	Unwind@0086526e
0086527C	Unwind@0086527c
00865287	Unwind@00865287
00865292	Unwind@00865292
0086529D	Unwind@0086529d
008652A8	Unwind@008652a8
008652B3	Unwind@008652b3
008652BE	Unwind@008652be
008652C9	Unwind@008652c9
008652D4	Unwind@008652d4
008652E9	Unwind@008652e9
008652F4	Unwind@008652f4
008652FF	Unwind@008652ff
0086530A	Unwind@0086530a
00865315	Unwind@00865315
00865320	Unwind@00865320
0086532B	Unwind@0086532b
00865336	Unwind@00865336
00865341	Unwind@00865341
0086534C	Unwind@0086534c
00865357	Unwind@00865357
00865362	Unwind@00865362
0086536D	Unwind@0086536d
00865378	Unwind@00865378
00865383	Unwind@00865383
0086538E	Unwind@0086538e
00865399	Unwind@00865399
008653A4	Unwind@008653a4
008653AF	Unwind@008653af
008653BA	Unwind@008653ba
008653C5	Unwind@008653c5
008653D0	Unwind@008653d0
008653DB	Unwind@008653db
008653E6	Unwind@008653e6
008653F1	Unwind@008653f1
008653FC	Unwind@008653fc
00865407	Unwind@00865407
0086541C	Unwind@0086541c
00865427	Unwind@00865427
00865432	Unwind@00865432
0086543D	Unwind@0086543d
00865448	Unwind@00865448
00865453	Unwind@00865453
00865468	Unwind@00865468
00865473	Unwind@00865473
0086547E	Unwind@0086547e
00865489	Unwind@00865489
00865494	Unwind@00865494
0086549F	Unwind@0086549f
008654AA	Unwind@008654aa
008654BF	Unwind@008654bf
008654CA	Unwind@008654ca
008654D5	Unwind@008654d5
008654E0	Unwind@008654e0
008654EB	Unwind@008654eb
008654F6	Unwind@008654f6
00865501	Unwind@00865501
0086550C	Unwind@0086550c
00865517	Unwind@00865517
00865522	Unwind@00865522
0086552D	Unwind@0086552d
00865538	Unwind@00865538
00865543	Unwind@00865543
0086554E	Unwind@0086554e
00865559	Unwind@00865559
00865564	Unwind@00865564
0086556F	Unwind@0086556f
0086557A	Unwind@0086557a
00865585	Unwind@00865585
00865590	Unwind@00865590
0086559B	Unwind@0086559b
008655A6	Unwind@008655a6
008655B1	Unwind@008655b1
008655BC	Unwind@008655bc
008655C7	Unwind@008655c7
008655D2	Unwind@008655d2
008655DD	Unwind@008655dd
008655E8	Unwind@008655e8
008655F3	Unwind@008655f3
008655FE	Unwind@008655fe
00865609	Unwind@00865609
00865614	Unwind@00865614
0086561F	Unwind@0086561f
0086562A	Unwind@0086562a
00865635	Unwind@00865635
00865640	Unwind@00865640
0086564B	Unwind@0086564b
00865656	Unwind@00865656
00865661	Unwind@00865661
0086566C	Unwind@0086566c
00865677	Unwind@00865677
00865682	Unwind@00865682
0086568D	Unwind@0086568d
00865698	Unwind@00865698
008656A3	Unwind@008656a3
008656AE	Unwind@008656ae
008656B9	Unwind@008656b9
008656C4	Unwind@008656c4
008656CF	Unwind@008656cf
008656DA	Unwind@008656da
008656E5	Unwind@008656e5
008656F0	Unwind@008656f0
008656FB	Unwind@008656fb
00865706	Unwind@00865706
00865711	Unwind@00865711
0086571C	Unwind@0086571c
00865727	Unwind@00865727
00865732	Unwind@00865732
0086573D	Unwind@0086573d
00865748	Unwind@00865748
00865753	Unwind@00865753
0086575E	Unwind@0086575e
00865769	Unwind@00865769
00865774	Unwind@00865774
0086577F	Unwind@0086577f
0086578A	Unwind@0086578a
00865795	Unwind@00865795
008657A0	Unwind@008657a0
008657AB	Unwind@008657ab
008657B6	Unwind@008657b6
008657C1	Unwind@008657c1
008657CC	Unwind@008657cc
008657D7	Unwind@008657d7
008657E2	Unwind@008657e2
008657ED	Unwind@008657ed
008657F8	Unwind@008657f8
00865803	Unwind@00865803
0086580E	Unwind@0086580e
00865819	Unwind@00865819
00865824	Unwind@00865824
0086582F	Unwind@0086582f
0086583A	Unwind@0086583a
00865845	Unwind@00865845
00865850	Unwind@00865850
0086585B	Unwind@0086585b
00865866	Unwind@00865866
00865871	Unwind@00865871
0086587C	Unwind@0086587c
00865891	Unwind@00865891
0086589C	Unwind@0086589c
008658A7	Unwind@008658a7
008658B2	Unwind@008658b2
008658BD	Unwind@008658bd
008658C8	Unwind@008658c8
008658D3	Unwind@008658d3
008658DE	Unwind@008658de
008658E9	Unwind@008658e9
008658F4	Unwind@008658f4
008658FF	Unwind@008658ff
0086590A	Unwind@0086590a
00865915	Unwind@00865915
00865920	Unwind@00865920
0086592B	Unwind@0086592b
00865936	Unwind@00865936
00865941	Unwind@00865941
0086594C	Unwind@0086594c
00865957	Unwind@00865957
00865962	Unwind@00865962
0086596D	Unwind@0086596d
00865978	Unwind@00865978
00865983	Unwind@00865983
0086598E	Unwind@0086598e
00865999	Unwind@00865999
008659A4	Unwind@008659a4
008659AF	Unwind@008659af
008659BA	Unwind@008659ba
008659C5	Unwind@008659c5
008659D0	Unwind@008659d0
008659DB	Unwind@008659db
008659E6	Unwind@008659e6
008659F1	Unwind@008659f1
008659FC	Unwind@008659fc
00865A07	Unwind@00865a07
00865A1C	Unwind@00865a1c
00865A27	Unwind@00865a27
00865A32	Unwind@00865a32
00865A3D	Unwind@00865a3d
00865A48	Unwind@00865a48
00865A53	Unwind@00865a53
00865A5E	Unwind@00865a5e
00865A69	Unwind@00865a69
00865A74	Unwind@00865a74
00865A7F	Unwind@00865a7f
00865A8A	Unwind@00865a8a
00865A95	Unwind@00865a95
00865AA0	Unwind@00865aa0
00865AAB	Unwind@00865aab
00865AB6	Unwind@00865ab6
00865AC1	Unwind@00865ac1
00865ACC	Unwind@00865acc
00865AD7	Unwind@00865ad7
00865AE2	Unwind@00865ae2
00865AED	Unwind@00865aed
00865AF8	Unwind@00865af8
00865B03	Unwind@00865b03
00865B0E	Unwind@00865b0e
00865B19	Unwind@00865b19
00865B30	Unwind@00865b30
00865B50	Unwind@00865b50
00865B62	Unwind@00865b62
00865B6D	Unwind@00865b6d
00865B75	Unwind@00865b75
00865B7D	Unwind@00865b7d
00865B85	Unwind@00865b85
00865B90	Unwind@00865b90
00865B9B	Unwind@00865b9b
00865BA3	Unwind@00865ba3
00865BB5	Unwind@00865bb5
00865BC0	Unwind@00865bc0
00865BCB	Unwind@00865bcb
00865BD6	Unwind@00865bd6
00865BE1	Unwind@00865be1
00865BEC	Unwind@00865bec
00865BF7	Unwind@00865bf7
00865C02	Unwind@00865c02
00865C0D	Unwind@00865c0d
00865C18	Unwind@00865c18
00865C23	Unwind@00865c23
00865C2E	Unwind@00865c2e
00865C39	Unwind@00865c39
00865C44	Unwind@00865c44
00865C4F	Unwind@00865c4f
00865C5A	Unwind@00865c5a
00865C65	Unwind@00865c65
00865C70	Unwind@00865c70
00865C7B	Unwind@00865c7b
00865C86	Unwind@00865c86
00865C91	Unwind@00865c91
00865C9C	Unwind@00865c9c
00865CA7	Unwind@00865ca7
00865CB2	Unwind@00865cb2
00865CBD	Unwind@00865cbd
00865CC8	Unwind@00865cc8
00865CD3	Unwind@00865cd3
00865CDE	Unwind@00865cde
00865CE9	Unwind@00865ce9
00865CF4	Unwind@00865cf4
00865CFF	Unwind@00865cff
00865D0A	Unwind@00865d0a
00865D15	Unwind@00865d15
00865D20	Unwind@00865d20
00865D2B	Unwind@00865d2b
00865D36	Unwind@00865d36
00865D41	Unwind@00865d41
00865D4C	Unwind@00865d4c
00865D57	Unwind@00865d57
00865D62	Unwind@00865d62
00865D6D	Unwind@00865d6d
00865D78	Unwind@00865d78
00865D83	Unwind@00865d83
00865D8E	Unwind@00865d8e
00865D99	Unwind@00865d99
00865DA4	Unwind@00865da4
00865DAF	Unwind@00865daf
00865DBA	Unwind@00865dba
00865DC5	Unwind@00865dc5
00865DD0	Unwind@00865dd0
00865DDB	Unwind@00865ddb
00865DE6	Unwind@00865de6
00865DF1	Unwind@00865df1
00865DFC	Unwind@00865dfc
00865E07	Unwind@00865e07
00865E1C	Unwind@00865e1c
00865E27	Unwind@00865e27
00865E32	Unwind@00865e32
00865E3D	Unwind@00865e3d
00865E48	Unwind@00865e48
00865E53	Unwind@00865e53
00865E5E	Unwind@00865e5e
00865E69	Unwind@00865e69
00865E74	Unwind@00865e74
00865E7F	Unwind@00865e7f
00865E8A	Unwind@00865e8a
00865E95	Unwind@00865e95
00865EA0	Unwind@00865ea0
00865EAB	Unwind@00865eab
00865EB6	Unwind@00865eb6
00865EC1	Unwind@00865ec1
00865ECC	Unwind@00865ecc
00865ED7	Unwind@00865ed7
00865EE2	Unwind@00865ee2
00865EED	Unwind@00865eed
00865EF8	Unwind@00865ef8
00865F03	Unwind@00865f03
00865F0E	Unwind@00865f0e
00865F19	Unwind@00865f19
00865F24	Unwind@00865f24
00865F2F	Unwind@00865f2f
00865F3A	Unwind@00865f3a
00865F45	Unwind@00865f45
00865F50	Unwind@00865f50
00865F5B	Unwind@00865f5b
00865F66	Unwind@00865f66
00865F71	Unwind@00865f71
00865F7C	Unwind@00865f7c
00865F87	Unwind@00865f87
00865F92	Unwind@00865f92
00865F9D	Unwind@00865f9d
00865FA8	Unwind@00865fa8
00865FB3	Unwind@00865fb3
00865FBE	Unwind@00865fbe
00865FC9	Unwind@00865fc9
00865FD4	Unwind@00865fd4
00865FDF	Unwind@00865fdf
00865FEA	Unwind@00865fea
00865FF5	Unwind@00865ff5
00866000	Unwind@00866000
0086600B	Unwind@0086600b
00866016	Unwind@00866016
00866021	Unwind@00866021
0086602C	Unwind@0086602c
00866037	Unwind@00866037
00866042	Unwind@00866042
0086604D	Unwind@0086604d
00866058	Unwind@00866058
00866063	Unwind@00866063
0086606E	Unwind@0086606e
00866079	Unwind@00866079
00866084	Unwind@00866084
0086608F	Unwind@0086608f
0086609A	Unwind@0086609a
008660A5	Unwind@008660a5
008660B0	Unwind@008660b0
008660BB	Unwind@008660bb
008660C6	Unwind@008660c6
008660D1	Unwind@008660d1
008660DC	Unwind@008660dc
008660E7	Unwind@008660e7
008660F2	Unwind@008660f2
008660FD	Unwind@008660fd
00866108	Unwind@00866108
00866113	Unwind@00866113
0086611E	Unwind@0086611e
00866150	Unwind@00866150
00866158	Unwind@00866158
00866160	Unwind@00866160
00866168	Unwind@00866168
00866176	Unwind@00866176
0086617E	Unwind@0086617e
00866186	Unwind@00866186
0086618E	Unwind@0086618e
008661A6	Unwind@008661a6
008661B1	Unwind@008661b1
008661BC	Unwind@008661bc
008661C7	Unwind@008661c7
008661D2	Unwind@008661d2
008661DD	Unwind@008661dd
008661E8	Unwind@008661e8
008661F3	Unwind@008661f3
008661FE	Unwind@008661fe
00866209	Unwind@00866209
00866214	Unwind@00866214
0086621F	Unwind@0086621f
0086622A	Unwind@0086622a
00866235	Unwind@00866235
00866240	Unwind@00866240
0086624B	Unwind@0086624b
00866256	Unwind@00866256
00866261	Unwind@00866261
0086626C	Unwind@0086626c
00866277	Unwind@00866277
00866282	Unwind@00866282
0086628D	Unwind@0086628d
00866298	Unwind@00866298
008662A3	Unwind@008662a3
008662AE	Unwind@008662ae
008662B6	Unwind@008662b6
008662BE	Unwind@008662be
008662C6	Unwind@008662c6
008662D1	Unwind@008662d1
008662E6	Unwind@008662e6
008662F1	Unwind@008662f1
008662FC	Unwind@008662fc
00866307	Unwind@00866307
00866312	Unwind@00866312
0086631D	Unwind@0086631d
00866328	Unwind@00866328
00866333	Unwind@00866333
0086633E	Unwind@0086633e
00866349	Unwind@00866349
00866354	Unwind@00866354
0086635F	Unwind@0086635f
0086636A	Unwind@0086636a
00866375	Unwind@00866375
00866380	Unwind@00866380
0086638B	Unwind@0086638b
00866396	Unwind@00866396
008663A1	Unwind@008663a1
008663AC	Unwind@008663ac
008663B7	Unwind@008663b7
008663C2	Unwind@008663c2
008663CD	Unwind@008663cd
008663D8	Unwind@008663d8
008663E3	Unwind@008663e3
008663EE	Unwind@008663ee
008663F9	Unwind@008663f9
00866404	Unwind@00866404
0086640F	Unwind@0086640f
0086641A	Unwind@0086641a
00866425	Unwind@00866425
00866430	Unwind@00866430
0086643B	Unwind@0086643b
00866446	Unwind@00866446
00866451	Unwind@00866451
0086645C	Unwind@0086645c
00866467	Unwind@00866467
00866472	Unwind@00866472
0086647D	Unwind@0086647d
00866488	Unwind@00866488
00866493	Unwind@00866493
0086649E	Unwind@0086649e
008664A9	Unwind@008664a9
008664B4	Unwind@008664b4
008664BF	Unwind@008664bf
008664CA	Unwind@008664ca
008664D5	Unwind@008664d5
008664E0	Unwind@008664e0
008664EB	Unwind@008664eb
008664F6	Unwind@008664f6
00866501	Unwind@00866501
0086650C	Unwind@0086650c
0086651A	Unwind@0086651a
00866530	Unwind@00866530
00866542	Unwind@00866542
0086654A	Unwind@0086654a
00866558	Unwind@00866558
00866566	Unwind@00866566
0086657E	Unwind@0086657e
00866586	Unwind@00866586
00866594	Unwind@00866594
008665A2	Unwind@008665a2
008665AD	Unwind@008665ad
008665C2	Unwind@008665c2
008665CD	Unwind@008665cd
008665D8	Unwind@008665d8
008665E3	Unwind@008665e3
008665EE	Unwind@008665ee
008665F9	Unwind@008665f9
00866604	Unwind@00866604
0086660F	Unwind@0086660f
0086661A	Unwind@0086661a
00866625	Unwind@00866625
00866630	Unwind@00866630
0086663B	Unwind@0086663b
00866646	Unwind@00866646
00866651	Unwind@00866651
0086665C	Unwind@0086665c
00866667	Unwind@00866667
00866672	Unwind@00866672
0086667D	Unwind@0086667d
00866688	Unwind@00866688
00866693	Unwind@00866693
0086669E	Unwind@0086669e
008666A9	Unwind@008666a9
008666B4	Unwind@008666b4
008666BF	Unwind@008666bf
008666CA	Unwind@008666ca
008666D5	Unwind@008666d5
008666E0	Unwind@008666e0
008666EB	Unwind@008666eb
008666F6	Unwind@008666f6
00866701	Unwind@00866701
0086670C	Unwind@0086670c
00866717	Unwind@00866717
00866722	Unwind@00866722
0086672D	Unwind@0086672d
00866738	Unwind@00866738
00866743	Unwind@00866743
0086674E	Unwind@0086674e
00866759	Unwind@00866759
00866764	Unwind@00866764
0086676F	Unwind@0086676f
0086677A	Unwind@0086677a
00866785	Unwind@00866785
00866790	Unwind@00866790
0086679B	Unwind@0086679b
008667A6	Unwind@008667a6
008667B1	Unwind@008667b1
008667BC	Unwind@008667bc
008667C7	Unwind@008667c7
008667D2	Unwind@008667d2
008667DD	Unwind@008667dd
008667E8	Unwind@008667e8
008667F3	Unwind@008667f3
008667FE	Unwind@008667fe
00866809	Unwind@00866809
00866814	Unwind@00866814
0086681F	Unwind@0086681f
0086682A	Unwind@0086682a
00866835	Unwind@00866835
00866840	Unwind@00866840
0086684B	Unwind@0086684b
00866856	Unwind@00866856
00866861	Unwind@00866861
0086686C	Unwind@0086686c
00866877	Unwind@00866877
00866882	Unwind@00866882
0086688D	Unwind@0086688d
00866898	Unwind@00866898
008668A3	Unwind@008668a3
008668AE	Unwind@008668ae
008668B9	Unwind@008668b9
008668C4	Unwind@008668c4
008668CF	Unwind@008668cf
008668DA	Unwind@008668da
008668E5	Unwind@008668e5
008668FA	Unwind@008668fa
00866902	Unwind@00866902
0086690A	Unwind@0086690a
0086691C	Unwind@0086691c
00866927	Unwind@00866927
00866932	Unwind@00866932
0086693D	Unwind@0086693d
00866948	Unwind@00866948
00866953	Unwind@00866953
0086695E	Unwind@0086695e
00866969	Unwind@00866969
00866974	Unwind@00866974
0086697F	Unwind@0086697f
0086698A	Unwind@0086698a
00866995	Unwind@00866995
008669A0	Unwind@008669a0
008669AB	Unwind@008669ab
008669B6	Unwind@008669b6
008669C1	Unwind@008669c1
008669CC	Unwind@008669cc
008669D7	Unwind@008669d7
008669E2	Unwind@008669e2
008669ED	Unwind@008669ed
008669F8	Unwind@008669f8
00866A03	Unwind@00866a03
00866A0E	Unwind@00866a0e
00866A19	Unwind@00866a19
00866A24	Unwind@00866a24
00866A2F	Unwind@00866a2f
00866A3A	Unwind@00866a3a
00866A45	Unwind@00866a45
00866A50	Unwind@00866a50
00866A5B	Unwind@00866a5b
00866A66	Unwind@00866a66
00866A71	Unwind@00866a71
00866A7C	Unwind@00866a7c
00866A87	Unwind@00866a87
00866A92	Unwind@00866a92
00866A9D	Unwind@00866a9d
00866AAB	Unwind@00866aab
00866AB9	Unwind@00866ab9
00866AD1	Unwind@00866ad1
00866ADC	Unwind@00866adc
00866AE7	Unwind@00866ae7
00866AF2	Unwind@00866af2
00866AFD	Unwind@00866afd
00866B08	Unwind@00866b08
00866B13	Unwind@00866b13
00866B1E	Unwind@00866b1e
00866B29	Unwind@00866b29
00866B34	Unwind@00866b34
00866B3F	Unwind@00866b3f
00866B4A	Unwind@00866b4a
00866B55	Unwind@00866b55
00866B60	Unwind@00866b60
00866B6B	Unwind@00866b6b
00866B76	Unwind@00866b76
00866B81	Unwind@00866b81
00866B8C	Unwind@00866b8c
00866B97	Unwind@00866b97
00866BA2	Unwind@00866ba2
00866BAD	Unwind@00866bad
00866BB8	Unwind@00866bb8
00866BC3	Unwind@00866bc3
00866BCE	Unwind@00866bce
00866BD9	Unwind@00866bd9
00866BE4	Unwind@00866be4
00866BEF	Unwind@00866bef
00866BFA	Unwind@00866bfa
00866C05	Unwind@00866c05
00866C10	Unwind@00866c10
00866C1B	Unwind@00866c1b
00866C26	Unwind@00866c26
00866C31	Unwind@00866c31
00866C3C	Unwind@00866c3c
00866C47	Unwind@00866c47
00866C52	Unwind@00866c52
00866C5D	Unwind@00866c5d
00866C68	Unwind@00866c68
00866C76	Unwind@00866c76
00866C81	Unwind@00866c81
00866C8C	Unwind@00866c8c
00866C97	Unwind@00866c97
00866CA2	Unwind@00866ca2
00866CAD	Unwind@00866cad
00866CB8	Unwind@00866cb8
00866CC3	Unwind@00866cc3
00866CCE	Unwind@00866cce
00866CD9	Unwind@00866cd9
00866CE7	Unwind@00866ce7
00866CF2	Unwind@00866cf2
00866CFD	Unwind@00866cfd
00866D0F	Unwind@00866d0f
00866D17	Unwind@00866d17
00866D29	Unwind@00866d29
00866D34	Unwind@00866d34
00866D3F	Unwind@00866d3f
00866D4A	Unwind@00866d4a
00866D55	Unwind@00866d55
00866D60	Unwind@00866d60
00866D6B	Unwind@00866d6b
00866D80	Unwind@00866d80
00866D8B	Unwind@00866d8b
00866D96	Unwind@00866d96
00866DA1	Unwind@00866da1
00866DAC	Unwind@00866dac
00866DB7	Unwind@00866db7
00866DC2	Unwind@00866dc2
00866DCD	Unwind@00866dcd
00866DD8	Unwind@00866dd8
00866DE3	Unwind@00866de3
00866DEE	Unwind@00866dee
00866DF9	Unwind@00866df9
00866E04	Unwind@00866e04
00866E0F	Unwind@00866e0f
00866E1A	Unwind@00866e1a
00866E25	Unwind@00866e25
00866E30	Unwind@00866e30
00866E3B	Unwind@00866e3b
00866E46	Unwind@00866e46
00866E51	Unwind@00866e51
00866E5C	Unwind@00866e5c
00866E67	Unwind@00866e67
00866E72	Unwind@00866e72
00866E7D	Unwind@00866e7d
00866E88	Unwind@00866e88
00866E93	Unwind@00866e93
00866E9E	Unwind@00866e9e
00866EA9	Unwind@00866ea9
00866EB4	Unwind@00866eb4
00866EBF	Unwind@00866ebf
00866ECA	Unwind@00866eca
00866ED5	Unwind@00866ed5
00866EE0	Unwind@00866ee0
00866EEB	Unwind@00866eeb
00866EF6	Unwind@00866ef6
00866F01	Unwind@00866f01
00866F0C	Unwind@00866f0c
00866F17	Unwind@00866f17
00866F22	Unwind@00866f22
00866F2D	Unwind@00866f2d
00866F38	Unwind@00866f38
00866F43	Unwind@00866f43
00866F4E	Unwind@00866f4e
00866F59	Unwind@00866f59
00866F64	Unwind@00866f64
00866F6F	Unwind@00866f6f
00866F7A	Unwind@00866f7a
00866F85	Unwind@00866f85
00866F90	Unwind@00866f90
00866F9B	Unwind@00866f9b
00866FA6	Unwind@00866fa6
00866FB4	Unwind@00866fb4
00866FC2	Unwind@00866fc2
00866FCD	Unwind@00866fcd
00866FD8	Unwind@00866fd8
00866FE3	Unwind@00866fe3
00866FEE	Unwind@00866fee
00866FF9	Unwind@00866ff9
00867004	Unwind@00867004
0086700F	Unwind@0086700f
0086701A	Unwind@0086701a
00867025	Unwind@00867025
00867030	Unwind@00867030
0086703B	Unwind@0086703b
00867046	Unwind@00867046
00867051	Unwind@00867051
0086705C	Unwind@0086705c
00867067	Unwind@00867067
00867072	Unwind@00867072
0086707D	Unwind@0086707d
00867088	Unwind@00867088
00867093	Unwind@00867093
0086709E	Unwind@0086709e
008670A9	Unwind@008670a9
008670B4	Unwind@008670b4
008670BF	Unwind@008670bf
008670CA	Unwind@008670ca
008670D5	Unwind@008670d5
008670E0	Unwind@008670e0
008670EB	Unwind@008670eb
008670F6	Unwind@008670f6
00867101	Unwind@00867101
0086710C	Unwind@0086710c
00867117	Unwind@00867117
00867122	Unwind@00867122
0086712D	Unwind@0086712d
00867138	Unwind@00867138
00867143	Unwind@00867143
0086714E	Unwind@0086714e
00867159	Unwind@00867159
00867164	Unwind@00867164
0086716F	Unwind@0086716f
0086717A	Unwind@0086717a
00867185	Unwind@00867185
00867190	Unwind@00867190
0086719B	Unwind@0086719b
008671A6	Unwind@008671a6
008671BB	Unwind@008671bb
008671CD	Unwind@008671cd
008671D8	Unwind@008671d8
008671E3	Unwind@008671e3
008671EE	Unwind@008671ee
008671F8	Unwind@008671f8
00867203	Unwind@00867203
00867218	Unwind@00867218
00867223	Unwind@00867223
0086722E	Unwind@0086722e
00867239	Unwind@00867239
00867244	Unwind@00867244
0086724F	Unwind@0086724f
0086725A	Unwind@0086725a
00867265	Unwind@00867265
00867270	Unwind@00867270
00867282	Unwind@00867282
0086728D	Unwind@0086728d
00867298	Unwind@00867298
008672AD	Unwind@008672ad
008672BF	Unwind@008672bf
008672C7	Unwind@008672c7
008672CF	Unwind@008672cf
008672D7	Unwind@008672d7
008672E9	Unwind@008672e9
008672F4	Unwind@008672f4
008672FC	Unwind@008672fc
00867304	Unwind@00867304
0086730C	Unwind@0086730c
00867317	Unwind@00867317
00867322	Unwind@00867322
0086732A	Unwind@0086732a
0086733C	Unwind@0086733c
00867344	Unwind@00867344
0086734C	Unwind@0086734c
00867354	Unwind@00867354
0086735C	Unwind@0086735c
0086736E	Unwind@0086736e
00867379	Unwind@00867379
00867381	Unwind@00867381
00867389	Unwind@00867389
00867391	Unwind@00867391
00867399	Unwind@00867399
008673A1	Unwind@008673a1
008673A9	Unwind@008673a9
008673B1	Unwind@008673b1
008673B9	Unwind@008673b9
008673C4	Unwind@008673c4
008673D9	Unwind@008673d9
008673E4	Unwind@008673e4
008673EF	Unwind@008673ef
008673FA	Unwind@008673fa
0086740F	Unwind@0086740f
00867417	Unwind@00867417
0086741F	Unwind@0086741f
00867427	Unwind@00867427
0086742F	Unwind@0086742f
00867437	Unwind@00867437
0086743F	Unwind@0086743f
00867447	Unwind@00867447
00867459	Unwind@00867459
00867461	Unwind@00867461
00867473	Unwind@00867473
0086747B	Unwind@0086747b
00867486	Unwind@00867486
0086748E	Unwind@0086748e
00867499	Unwind@00867499
008674A4	Unwind@008674a4
008674AF	Unwind@008674af
008674BA	Unwind@008674ba
008674C5	Unwind@008674c5
008674D0	Unwind@008674d0
008674DB	Unwind@008674db
008674F0	Unwind@008674f0
008674FB	Unwind@008674fb
00867506	Unwind@00867506
00867511	Unwind@00867511
0086751C	Unwind@0086751c
00867527	Unwind@00867527
00867532	Unwind@00867532
0086753D	Unwind@0086753d
00867548	Unwind@00867548
00867553	Unwind@00867553
0086755E	Unwind@0086755e
00867566	Unwind@00867566
0086756E	Unwind@0086756e
00867576	Unwind@00867576
00867581	Unwind@00867581
0086758C	Unwind@0086758c
00867594	Unwind@00867594
008675A6	Unwind@008675a6
008675AE	Unwind@008675ae
008675B6	Unwind@008675b6
008675C8	Unwind@008675c8
008675D3	Unwind@008675d3
008675DE	Unwind@008675de
008675E9	Unwind@008675e9
008675F4	Unwind@008675f4
008675FF	Unwind@008675ff
0086760A	Unwind@0086760a
00867615	Unwind@00867615
00867620	Unwind@00867620
0086762B	Unwind@0086762b
00867633	Unwind@00867633
0086763B	Unwind@0086763b
00867643	Unwind@00867643
00867655	Unwind@00867655
00867667	Unwind@00867667
00867680	Unwind@00867680
008676A0	Unwind@008676a0
008676A8	Unwind@008676a8
008676B0	Unwind@008676b0
008676B8	Unwind@008676b8
008676C0	Unwind@008676c0
008676C8	Unwind@008676c8
008676D0	Unwind@008676d0
008676F0	Unwind@008676f0
008676F8	Unwind@008676f8
00867710	Unwind@00867710
00867718	Unwind@00867718
00867730	Unwind@00867730
0086773B	Unwind@0086773b
00867743	Unwind@00867743
00867760	Unwind@00867760
00867768	Unwind@00867768
00867780	Unwind@00867780
00867788	Unwind@00867788
00867790	Unwind@00867790
008677B0	Unwind@008677b0
008677D0	Unwind@008677d0
008677F0	Unwind@008677f0
008677F8	Unwind@008677f8
00867800	Unwind@00867800
00867808	Unwind@00867808
00867810	Unwind@00867810
0086781B	Unwind@0086781b
00867830	Unwind@00867830
00867850	Unwind@00867850
00867890	Unwind@00867890
008678B0	Unwind@008678b0
008678C1	Unwind@008678c1
008678C9	Unwind@008678c9
008678D4	Unwind@008678d4
008678F0	Unwind@008678f0
008678F8	Unwind@008678f8
00867900	Unwind@00867900
00867908	Unwind@00867908
00867910	Unwind@00867910
00867918	Unwind@00867918
00867920	Unwind@00867920
00867928	Unwind@00867928
00867930	Unwind@00867930
0086793B	Unwind@0086793b
00867943	Unwind@00867943
0086794B	Unwind@0086794b
0086795D	Unwind@0086795d
00867965	Unwind@00867965
0086796D	Unwind@0086796d
00867975	Unwind@00867975
0086797D	Unwind@0086797d
00867985	Unwind@00867985
0086798D	Unwind@0086798d
00867995	Unwind@00867995
0086799D	Unwind@0086799d
008679A5	Unwind@008679a5
008679AD	Unwind@008679ad
008679B5	Unwind@008679b5
008679BD	Unwind@008679bd
008679C5	Unwind@008679c5
008679CD	Unwind@008679cd
008679D5	Unwind@008679d5
008679DD	Unwind@008679dd
008679EF	Unwind@008679ef
008679F7	Unwind@008679f7
008679FF	Unwind@008679ff
00867A07	Unwind@00867a07
00867A0F	Unwind@00867a0f
00867A17	Unwind@00867a17
00867A1F	Unwind@00867a1f
00867A27	Unwind@00867a27
00867A39	Unwind@00867a39
00867A41	Unwind@00867a41
00867A49	Unwind@00867a49
00867A51	Unwind@00867a51
00867A59	Unwind@00867a59
00867A61	Unwind@00867a61
00867A69	Unwind@00867a69
00867A71	Unwind@00867a71
00867A79	Unwind@00867a79
00867A81	Unwind@00867a81
00867A89	Unwind@00867a89
00867A91	Unwind@00867a91
00867A99	Unwind@00867a99
00867AA1	Unwind@00867aa1
00867AA9	Unwind@00867aa9
00867AB1	Unwind@00867ab1
00867AC3	Unwind@00867ac3
00867ACB	Unwind@00867acb
00867AD3	Unwind@00867ad3
00867AE5	Unwind@00867ae5
00867AED	Unwind@00867aed
00867AF5	Unwind@00867af5
00867AFD	Unwind@00867afd
00867B05	Unwind@00867b05
00867B0D	Unwind@00867b0d
00867B15	Unwind@00867b15
00867B1D	Unwind@00867b1d
00867B25	Unwind@00867b25
00867B2D	Unwind@00867b2d
00867B35	Unwind@00867b35
00867B3D	Unwind@00867b3d
00867B45	Unwind@00867b45
00867B4D	Unwind@00867b4d
00867B55	Unwind@00867b55
00867B5D	Unwind@00867b5d
00867B65	Unwind@00867b65
00867B6D	Unwind@00867b6d
00867B75	Unwind@00867b75
00867B7D	Unwind@00867b7d
00867B85	Unwind@00867b85
00867B8D	Unwind@00867b8d
00867B95	Unwind@00867b95
00867B9D	Unwind@00867b9d
00867BA5	Unwind@00867ba5
00867BAD	Unwind@00867bad
00867BB8	Unwind@00867bb8
00867BC0	Unwind@00867bc0
00867BC8	Unwind@00867bc8
00867BD0	Unwind@00867bd0
00867BD8	Unwind@00867bd8
00867BE0	Unwind@00867be0
00867BE8	Unwind@00867be8
00867BF0	Unwind@00867bf0
00867BF8	Unwind@00867bf8
00867C00	Unwind@00867c00
00867C08	Unwind@00867c08
00867C10	Unwind@00867c10
00867C18	Unwind@00867c18
00867C20	Unwind@00867c20
00867C28	Unwind@00867c28
00867C30	Unwind@00867c30
00867C38	Unwind@00867c38
00867C40	Unwind@00867c40
00867C48	Unwind@00867c48
00867C50	Unwind@00867c50
00867C58	Unwind@00867c58
00867C60	Unwind@00867c60
00867C68	Unwind@00867c68
00867C70	Unwind@00867c70
00867C78	Unwind@00867c78
00867C80	Unwind@00867c80
00867C88	Unwind@00867c88
00867C90	Unwind@00867c90
00867C98	Unwind@00867c98
00867CA0	Unwind@00867ca0
00867CA8	Unwind@00867ca8
00867CB0	Unwind@00867cb0
00867CB8	Unwind@00867cb8
00867CC0	Unwind@00867cc0
00867CD2	Unwind@00867cd2
00867CDD	Unwind@00867cdd
00867CE5	Unwind@00867ce5
00867CED	Unwind@00867ced
00867CF5	Unwind@00867cf5
00867D00	Unwind@00867d00
00867D0B	Unwind@00867d0b
00867D13	Unwind@00867d13
00867D25	Unwind@00867d25
00867D30	Unwind@00867d30
00867D3B	Unwind@00867d3b
00867D43	Unwind@00867d43
00867D4E	Unwind@00867d4e
00867D59	Unwind@00867d59
00867D64	Unwind@00867d64
00867D6F	Unwind@00867d6f
00867D7A	Unwind@00867d7a
00867D85	Unwind@00867d85
00867D90	Unwind@00867d90
00867D9B	Unwind@00867d9b
00867DA6	Unwind@00867da6
00867DB1	Unwind@00867db1
00867DBC	Unwind@00867dbc
00867DC7	Unwind@00867dc7
00867DD2	Unwind@00867dd2
00867DDD	Unwind@00867ddd
00867DE8	Unwind@00867de8
00867DF3	Unwind@00867df3
00867DFE	Unwind@00867dfe
00867E09	Unwind@00867e09
00867E14	Unwind@00867e14
00867E1F	Unwind@00867e1f
00867E2A	Unwind@00867e2a
00867E35	Unwind@00867e35
00867E40	Unwind@00867e40
00867E4B	Unwind@00867e4b
00867E56	Unwind@00867e56
00867E61	Unwind@00867e61
00867E6C	Unwind@00867e6c
00867E77	Unwind@00867e77
00867E82	Unwind@00867e82
00867E8D	Unwind@00867e8d
00867E98	Unwind@00867e98
00867EA3	Unwind@00867ea3
00867EAE	Unwind@00867eae
00867EB9	Unwind@00867eb9
00867EC4	Unwind@00867ec4
00867ECF	Unwind@00867ecf
00867EDA	Unwind@00867eda
00867EE8	Unwind@00867ee8
00867EF3	Unwind@00867ef3
00867EFE	Unwind@00867efe
00867F09	Unwind@00867f09
00867F14	Unwind@00867f14
00867F1F	Unwind@00867f1f
00867F2A	Unwind@00867f2a
00867F35	Unwind@00867f35
00867F4A	Unwind@00867f4a
00867F52	Unwind@00867f52
00867F5A	Unwind@00867f5a
00867F62	Unwind@00867f62
00867F6A	Unwind@00867f6a
00867F72	Unwind@00867f72
00867F7A	Unwind@00867f7a
00867F82	Unwind@00867f82
00867F8A	Unwind@00867f8a
00867F92	Unwind@00867f92
00867F9A	Unwind@00867f9a
00867FA2	Unwind@00867fa2
00867FAA	Unwind@00867faa
00867FBC	Unwind@00867fbc
00867FC4	Unwind@00867fc4
00867FCC	Unwind@00867fcc
00867FD4	Unwind@00867fd4
00867FDC	Unwind@00867fdc
00867FE4	Unwind@00867fe4
00867FEC	Unwind@00867fec
00867FF4	Unwind@00867ff4
00868006	Unwind@00868006
00868011	Unwind@00868011
00868030	Unwind@00868030
0086803E	Unwind@0086803e
00868046	Unwind@00868046
00868054	Unwind@00868054
0086805C	Unwind@0086805c
0086806A	Unwind@0086806a
00868072	Unwind@00868072
00868080	Unwind@00868080
00868098	Unwind@00868098
008680A6	Unwind@008680a6
008680B4	Unwind@008680b4
008680C2	Unwind@008680c2
008680CA	Unwind@008680ca
008680D5	Unwind@008680d5
008680E0	Unwind@008680e0
008680EB	Unwind@008680eb
00868100	Unwind@00868100
0086810B	Unwind@0086810b
00868116	Unwind@00868116
00868121	Unwind@00868121
0086812C	Unwind@0086812c
00868137	Unwind@00868137
00868142	Unwind@00868142
0086814D	Unwind@0086814d
00868158	Unwind@00868158
00868163	Unwind@00868163
00868178	Unwind@00868178
0086818D	Unwind@0086818d
00868198	Unwind@00868198
008681A3	Unwind@008681a3
008681AE	Unwind@008681ae
008681B9	Unwind@008681b9
008681C4	Unwind@008681c4
008681CF	Unwind@008681cf
008681DA	Unwind@008681da
008681E5	Unwind@008681e5
008681F0	Unwind@008681f0
008681FB	Unwind@008681fb
00868206	Unwind@00868206
00868211	Unwind@00868211
00868226	Unwind@00868226
00868231	Unwind@00868231
0086823C	Unwind@0086823c
00868247	Unwind@00868247
00868252	Unwind@00868252
0086825D	Unwind@0086825d
00868268	Unwind@00868268
00868273	Unwind@00868273
0086827E	Unwind@0086827e
00868289	Unwind@00868289
00868294	Unwind@00868294
0086829F	Unwind@0086829f
008682AA	Unwind@008682aa
008682B5	Unwind@008682b5
008682CA	Unwind@008682ca
008682D2	Unwind@008682d2
008682DA	Unwind@008682da
008682E2	Unwind@008682e2
008682EA	Unwind@008682ea
008682F2	Unwind@008682f2
008682FA	Unwind@008682fa
00868302	Unwind@00868302
0086830A	Unwind@0086830a
0086831C	Unwind@0086831c
00868327	Unwind@00868327
00868332	Unwind@00868332
0086833D	Unwind@0086833d
00868348	Unwind@00868348
00868353	Unwind@00868353
0086835E	Unwind@0086835e
00868369	Unwind@00868369
00868374	Unwind@00868374
0086837F	Unwind@0086837f
0086838A	Unwind@0086838a
00868395	Unwind@00868395
008683A0	Unwind@008683a0
008683AB	Unwind@008683ab
008683B6	Unwind@008683b6
008683C1	Unwind@008683c1
008683CC	Unwind@008683cc
008683D7	Unwind@008683d7
008683E2	Unwind@008683e2
008683ED	Unwind@008683ed
008683F8	Unwind@008683f8
00868403	Unwind@00868403
0086840E	Unwind@0086840e
00868419	Unwind@00868419
00868424	Unwind@00868424
0086842F	Unwind@0086842f
0086843A	Unwind@0086843a
00868445	Unwind@00868445
00868450	Unwind@00868450
00868465	Unwind@00868465
0086847D	Unwind@0086847d
00868488	Unwind@00868488
00868493	Unwind@00868493
008684A1	Unwind@008684a1
008684B9	Unwind@008684b9
008684C4	Unwind@008684c4
008684CF	Unwind@008684cf
008684DD	Unwind@008684dd
008684F5	Unwind@008684f5
00868500	Unwind@00868500
0086850B	Unwind@0086850b
00868519	Unwind@00868519
00868524	Unwind@00868524
00868532	Unwind@00868532
00868540	Unwind@00868540
0086854B	Unwind@0086854b
00868556	Unwind@00868556
00868561	Unwind@00868561
00868576	Unwind@00868576
00868581	Unwind@00868581
00868589	Unwind@00868589
00868591	Unwind@00868591
00868599	Unwind@00868599
008685A4	Unwind@008685a4
008685AF	Unwind@008685af
008685B7	Unwind@008685b7
008685BF	Unwind@008685bf
008685CA	Unwind@008685ca
008685D5	Unwind@008685d5
008685E0	Unwind@008685e0
008685EB	Unwind@008685eb
008685F6	Unwind@008685f6
00868601	Unwind@00868601
0086860C	Unwind@0086860c
00868617	Unwind@00868617
00868622	Unwind@00868622
0086862D	Unwind@0086862d
00868638	Unwind@00868638
00868643	Unwind@00868643
0086864E	Unwind@0086864e
00868659	Unwind@00868659
00868664	Unwind@00868664
0086866F	Unwind@0086866f
0086867A	Unwind@0086867a
0086868F	Unwind@0086868f
00868697	Unwind@00868697
0086869F	Unwind@0086869f
008686A7	Unwind@008686a7
008686AF	Unwind@008686af
008686B7	Unwind@008686b7
008686BF	Unwind@008686bf
008686C7	Unwind@008686c7
008686D9	Unwind@008686d9
008686E1	Unwind@008686e1
008686E9	Unwind@008686e9
008686F1	Unwind@008686f1
008686F9	Unwind@008686f9
00868701	Unwind@00868701
00868709	Unwind@00868709
00868711	Unwind@00868711
00868723	Unwind@00868723
0086872B	Unwind@0086872b
00868733	Unwind@00868733
0086873B	Unwind@0086873b
00868743	Unwind@00868743
0086874B	Unwind@0086874b
00868753	Unwind@00868753
0086875B	Unwind@0086875b
0086876D	Unwind@0086876d
00868775	Unwind@00868775
00868780	Unwind@00868780
0086878B	Unwind@0086878b
00868793	Unwind@00868793
0086879B	Unwind@0086879b
008687B3	Unwind@008687b3
008687BB	Unwind@008687bb
008687C6	Unwind@008687c6
008687D1	Unwind@008687d1
008687D9	Unwind@008687d9
008687E1	Unwind@008687e1
008687F9	Unwind@008687f9
00868801	Unwind@00868801
00868813	Unwind@00868813
0086881B	Unwind@0086881b
00868826	Unwind@00868826
00868831	Unwind@00868831
00868839	Unwind@00868839
00868841	Unwind@00868841
00868859	Unwind@00868859
00868864	Unwind@00868864
0086886F	Unwind@0086886f
0086887A	Unwind@0086887a
00868885	Unwind@00868885
00868890	Unwind@00868890
0086889B	Unwind@0086889b
008688A6	Unwind@008688a6
008688B1	Unwind@008688b1
008688BC	Unwind@008688bc
008688C7	Unwind@008688c7
008688D2	Unwind@008688d2
008688DD	Unwind@008688dd
008688E8	Unwind@008688e8
008688F3	Unwind@008688f3
008688FE	Unwind@008688fe
00868909	Unwind@00868909
00868914	Unwind@00868914
0086891F	Unwind@0086891f
0086892A	Unwind@0086892a
00868935	Unwind@00868935
00868943	Unwind@00868943
00868951	Unwind@00868951
0086895F	Unwind@0086895f
0086896A	Unwind@0086896a
00868975	Unwind@00868975
00868983	Unwind@00868983
0086898E	Unwind@0086898e
0086899C	Unwind@0086899c
008689AA	Unwind@008689aa
008689B8	Unwind@008689b8
008689C6	Unwind@008689c6
008689D4	Unwind@008689d4
008689E9	Unwind@008689e9
008689F4	Unwind@008689f4
008689FF	Unwind@008689ff
00868A0A	Unwind@00868a0a
00868A15	Unwind@00868a15
00868A20	Unwind@00868a20
00868A2E	Unwind@00868a2e
00868A39	Unwind@00868a39
00868A44	Unwind@00868a44
00868A4F	Unwind@00868a4f
00868A5D	Unwind@00868a5d
00868A68	Unwind@00868a68
00868A70	Unwind@00868a70
00868A78	Unwind@00868a78
00868A80	Unwind@00868a80
00868A8B	Unwind@00868a8b
00868A96	Unwind@00868a96
00868A9E	Unwind@00868a9e
00868AB0	Unwind@00868ab0
00868ABB	Unwind@00868abb
00868AC3	Unwind@00868ac3
00868ACB	Unwind@00868acb
00868AD3	Unwind@00868ad3
00868ADE	Unwind@00868ade
00868AE9	Unwind@00868ae9
00868AF1	Unwind@00868af1
00868B03	Unwind@00868b03
00868B0E	Unwind@00868b0e
00868B19	Unwind@00868b19
00868B24	Unwind@00868b24
00868B2F	Unwind@00868b2f
00868B3A	Unwind@00868b3a
00868B45	Unwind@00868b45
00868B50	Unwind@00868b50
00868B5B	Unwind@00868b5b
00868B66	Unwind@00868b66
00868B71	Unwind@00868b71
00868B7C	Unwind@00868b7c
00868B87	Unwind@00868b87
00868B92	Unwind@00868b92
00868B9D	Unwind@00868b9d
00868BA8	Unwind@00868ba8
00868BB3	Unwind@00868bb3
00868BBE	Unwind@00868bbe
00868BC9	Unwind@00868bc9
00868BD4	Unwind@00868bd4
00868BDF	Unwind@00868bdf
00868BF4	Unwind@00868bf4
00868BFF	Unwind@00868bff
00868C0A	Unwind@00868c0a
00868C12	Unwind@00868c12
00868C1D	Unwind@00868c1d
00868C25	Unwind@00868c25
00868C2D	Unwind@00868c2d
00868C40	Unwind@00868c40
00868C60	Unwind@00868c60
00868C80	Unwind@00868c80
00868C88	Unwind@00868c88
00868C93	Unwind@00868c93
00868CB0	Unwind@00868cb0
00868CD0	Unwind@00868cd0
00868D00	Unwind@00868d00
00868D11	Unwind@00868d11
00868D30	Unwind@00868d30
00868D38	Unwind@00868d38
00868D40	Unwind@00868d40
00868D60	Unwind@00868d60
00868DA0	Unwind@00868da0
00868DA8	Unwind@00868da8
00868DB0	Unwind@00868db0
00868DB8	Unwind@00868db8
00868DC0	Unwind@00868dc0
00868DC8	Unwind@00868dc8
00868DDF	Unwind@00868ddf
00868E00	Unwind@00868e00
00868E11	Unwind@00868e11
00868E19	Unwind@00868e19
00868E30	Unwind@00868e30
00868E41	Unwind@00868e41
00868E49	Unwind@00868e49
00868E54	Unwind@00868e54
00868E5C	Unwind@00868e5c
00868E80	Unwind@00868e80
00868E91	Unwind@00868e91
00868E99	Unwind@00868e99
00868EA4	Unwind@00868ea4
00868EAC	Unwind@00868eac
00868ED0	Unwind@00868ed0
00868ED8	Unwind@00868ed8
00868F00	Unwind@00868f00
00868F0B	Unwind@00868f0b
00868F16	Unwind@00868f16
00868F2B	Unwind@00868f2b
00868F36	Unwind@00868f36
00868F41	Unwind@00868f41
00868F4C	Unwind@00868f4c
00868F57	Unwind@00868f57
00868F62	Unwind@00868f62
00868F6D	Unwind@00868f6d
00868F78	Unwind@00868f78
00868F83	Unwind@00868f83
00868F8E	Unwind@00868f8e
00868F99	Unwind@00868f99
00868FA4	Unwind@00868fa4
00868FAF	Unwind@00868faf
00868FBA	Unwind@00868fba
00868FC5	Unwind@00868fc5
00868FD0	Unwind@00868fd0
00868FDB	Unwind@00868fdb
00868FE6	Unwind@00868fe6
00868FF1	Unwind@00868ff1
00868FFC	Unwind@00868ffc
00869007	Unwind@00869007
00869012	Unwind@00869012
0086901D	Unwind@0086901d
00869028	Unwind@00869028
00869033	Unwind@00869033
0086903E	Unwind@0086903e
00869049	Unwind@00869049
00869054	Unwind@00869054
0086905F	Unwind@0086905f
0086906A	Unwind@0086906a
00869075	Unwind@00869075
00869080	Unwind@00869080
0086908B	Unwind@0086908b
00869096	Unwind@00869096
008690A1	Unwind@008690a1
008690AC	Unwind@008690ac
008690B7	Unwind@008690b7
008690C2	Unwind@008690c2
008690CD	Unwind@008690cd
008690D8	Unwind@008690d8
008690E3	Unwind@008690e3
008690F8	Unwind@008690f8
00869103	Unwind@00869103
0086910E	Unwind@0086910e
00869119	Unwind@00869119
00869124	Unwind@00869124
0086912F	Unwind@0086912f
0086913A	Unwind@0086913a
00869145	Unwind@00869145
00869150	Unwind@00869150
0086915B	Unwind@0086915b
00869166	Unwind@00869166
00869171	Unwind@00869171
0086917C	Unwind@0086917c
00869187	Unwind@00869187
00869192	Unwind@00869192
0086919D	Unwind@0086919d
008691A8	Unwind@008691a8
008691B3	Unwind@008691b3
008691BE	Unwind@008691be
008691C9	Unwind@008691c9
008691D4	Unwind@008691d4
008691DF	Unwind@008691df
008691EA	Unwind@008691ea
008691F5	Unwind@008691f5
00869200	Unwind@00869200
0086920B	Unwind@0086920b
00869216	Unwind@00869216
00869221	Unwind@00869221
0086922C	Unwind@0086922c
00869237	Unwind@00869237
00869242	Unwind@00869242
0086924D	Unwind@0086924d
00869258	Unwind@00869258
00869263	Unwind@00869263
0086926E	Unwind@0086926e
00869279	Unwind@00869279
00869284	Unwind@00869284
0086928F	Unwind@0086928f
0086929A	Unwind@0086929a
008692A5	Unwind@008692a5
008692B0	Unwind@008692b0
008692BB	Unwind@008692bb
008692C6	Unwind@008692c6
008692D1	Unwind@008692d1
008692DC	Unwind@008692dc
008692E7	Unwind@008692e7
008692F2	Unwind@008692f2
008692FD	Unwind@008692fd
00869308	Unwind@00869308
00869313	Unwind@00869313
0086931E	Unwind@0086931e
00869329	Unwind@00869329
00869334	Unwind@00869334
0086933F	Unwind@0086933f
0086934A	Unwind@0086934a
00869355	Unwind@00869355
00869360	Unwind@00869360
0086936B	Unwind@0086936b
00869376	Unwind@00869376
00869381	Unwind@00869381
0086938C	Unwind@0086938c
00869397	Unwind@00869397
008693A2	Unwind@008693a2
008693AD	Unwind@008693ad
008693B8	Unwind@008693b8
008693C3	Unwind@008693c3
008693CE	Unwind@008693ce
008693D9	Unwind@008693d9
008693E4	Unwind@008693e4
008693EF	Unwind@008693ef
008693FA	Unwind@008693fa
00869405	Unwind@00869405
00869410	Unwind@00869410
0086941B	Unwind@0086941b
00869426	Unwind@00869426
00869431	Unwind@00869431
0086943C	Unwind@0086943c
00869447	Unwind@00869447
00869452	Unwind@00869452
0086945D	Unwind@0086945d
00869468	Unwind@00869468
00869473	Unwind@00869473
0086947E	Unwind@0086947e
00869489	Unwind@00869489
00869494	Unwind@00869494
0086949F	Unwind@0086949f
008694AA	Unwind@008694aa
008694B5	Unwind@008694b5
008694C0	Unwind@008694c0
008694CB	Unwind@008694cb
008694D6	Unwind@008694d6
008694E1	Unwind@008694e1
008694EC	Unwind@008694ec
00869501	Unwind@00869501
00869509	Unwind@00869509
00869511	Unwind@00869511
00869519	Unwind@00869519
00869521	Unwind@00869521
00869529	Unwind@00869529
00869531	Unwind@00869531
00869539	Unwind@00869539
0086954B	Unwind@0086954b
00869560	Unwind@00869560
00869568	Unwind@00869568
00869580	Unwind@00869580
00869588	Unwind@00869588
00869596	Unwind@00869596
008695AB	Unwind@008695ab
008695B6	Unwind@008695b6
008695C1	Unwind@008695c1
008695CC	Unwind@008695cc
008695D7	Unwind@008695d7
008695E2	Unwind@008695e2
008695ED	Unwind@008695ed
008695F8	Unwind@008695f8
00869603	Unwind@00869603
0086960E	Unwind@0086960e
00869619	Unwind@00869619
00869624	Unwind@00869624
0086962F	Unwind@0086962f
0086963A	Unwind@0086963a
00869645	Unwind@00869645
00869650	Unwind@00869650
0086965B	Unwind@0086965b
00869666	Unwind@00869666
00869671	Unwind@00869671
0086967C	Unwind@0086967c
00869687	Unwind@00869687
00869692	Unwind@00869692
0086969D	Unwind@0086969d
008696A8	Unwind@008696a8
008696B3	Unwind@008696b3
008696BE	Unwind@008696be
008696C9	Unwind@008696c9
008696D4	Unwind@008696d4
008696DF	Unwind@008696df
008696EA	Unwind@008696ea
008696F5	Unwind@008696f5
00869700	Unwind@00869700
0086970B	Unwind@0086970b
00869716	Unwind@00869716
00869721	Unwind@00869721
0086972C	Unwind@0086972c
00869737	Unwind@00869737
00869742	Unwind@00869742
0086974D	Unwind@0086974d
00869758	Unwind@00869758
00869763	Unwind@00869763
0086976E	Unwind@0086976e
00869779	Unwind@00869779
00869784	Unwind@00869784
0086978F	Unwind@0086978f
0086979A	Unwind@0086979a
008697A5	Unwind@008697a5
008697B0	Unwind@008697b0
008697BB	Unwind@008697bb
008697C6	Unwind@008697c6
008697D1	Unwind@008697d1
008697DC	Unwind@008697dc
008697E7	Unwind@008697e7
008697F2	Unwind@008697f2
008697FD	Unwind@008697fd
00869808	Unwind@00869808
00869813	Unwind@00869813
0086981E	Unwind@0086981e
00869829	Unwind@00869829
00869834	Unwind@00869834
0086983F	Unwind@0086983f
0086984A	Unwind@0086984a
00869855	Unwind@00869855
00869860	Unwind@00869860
0086986B	Unwind@0086986b
00869876	Unwind@00869876
00869881	Unwind@00869881
0086988C	Unwind@0086988c
00869897	Unwind@00869897
008698A2	Unwind@008698a2
008698AD	Unwind@008698ad
008698B8	Unwind@008698b8
008698C3	Unwind@008698c3
008698CE	Unwind@008698ce
008698D9	Unwind@008698d9
008698E4	Unwind@008698e4
008698EF	Unwind@008698ef
008698FA	Unwind@008698fa
00869905	Unwind@00869905
00869910	Unwind@00869910
0086991B	Unwind@0086991b
00869926	Unwind@00869926
00869931	Unwind@00869931
0086993C	Unwind@0086993c
00869947	Unwind@00869947
00869952	Unwind@00869952
0086995D	Unwind@0086995d
00869968	Unwind@00869968
00869973	Unwind@00869973
0086997E	Unwind@0086997e
00869989	Unwind@00869989
00869994	Unwind@00869994
0086999F	Unwind@0086999f
008699AA	Unwind@008699aa
008699B5	Unwind@008699b5
008699C0	Unwind@008699c0
008699CB	Unwind@008699cb
008699D6	Unwind@008699d6
008699E1	Unwind@008699e1
008699EC	Unwind@008699ec
008699F7	Unwind@008699f7
00869A02	Unwind@00869a02
00869A0D	Unwind@00869a0d
00869A18	Unwind@00869a18
00869A23	Unwind@00869a23
00869A2E	Unwind@00869a2e
00869A39	Unwind@00869a39
00869A44	Unwind@00869a44
00869A4F	Unwind@00869a4f
00869A5A	Unwind@00869a5a
00869A65	Unwind@00869a65
00869A70	Unwind@00869a70
00869A7B	Unwind@00869a7b
00869A86	Unwind@00869a86
00869A91	Unwind@00869a91
00869A9C	Unwind@00869a9c
00869AA7	Unwind@00869aa7
00869AB2	Unwind@00869ab2
00869ABD	Unwind@00869abd
00869AC8	Unwind@00869ac8
00869AD3	Unwind@00869ad3
00869ADE	Unwind@00869ade
00869AE9	Unwind@00869ae9
00869AF4	Unwind@00869af4
00869AFF	Unwind@00869aff
00869B0A	Unwind@00869b0a
00869B15	Unwind@00869b15
00869B20	Unwind@00869b20
00869B2B	Unwind@00869b2b
00869B36	Unwind@00869b36
00869B41	Unwind@00869b41
00869B4C	Unwind@00869b4c
00869B57	Unwind@00869b57
00869B62	Unwind@00869b62
00869B6D	Unwind@00869b6d
00869B78	Unwind@00869b78
00869B83	Unwind@00869b83
00869B8E	Unwind@00869b8e
00869B99	Unwind@00869b99
00869BA4	Unwind@00869ba4
00869BAF	Unwind@00869baf
00869BBA	Unwind@00869bba
00869BC5	Unwind@00869bc5
00869BD0	Unwind@00869bd0
00869BDB	Unwind@00869bdb
00869BE6	Unwind@00869be6
00869BF1	Unwind@00869bf1
00869BFC	Unwind@00869bfc
00869C07	Unwind@00869c07
00869C12	Unwind@00869c12
00869C1D	Unwind@00869c1d
00869C28	Unwind@00869c28
00869C33	Unwind@00869c33
00869C3E	Unwind@00869c3e
00869C49	Unwind@00869c49
00869C54	Unwind@00869c54
00869C5F	Unwind@00869c5f
00869C6A	Unwind@00869c6a
00869C75	Unwind@00869c75
00869C80	Unwind@00869c80
00869C8B	Unwind@00869c8b
00869C96	Unwind@00869c96
00869CA1	Unwind@00869ca1
00869CAC	Unwind@00869cac
00869CB7	Unwind@00869cb7
00869CC2	Unwind@00869cc2
00869CCD	Unwind@00869ccd
00869CD8	Unwind@00869cd8
00869CE3	Unwind@00869ce3
00869CEE	Unwind@00869cee
00869CF9	Unwind@00869cf9
00869D04	Unwind@00869d04
00869D0F	Unwind@00869d0f
00869D1A	Unwind@00869d1a
00869D25	Unwind@00869d25
00869D30	Unwind@00869d30
00869D3B	Unwind@00869d3b
00869D46	Unwind@00869d46
00869D51	Unwind@00869d51
00869D5C	Unwind@00869d5c
00869D67	Unwind@00869d67
00869D7C	Unwind@00869d7c
00869D87	Unwind@00869d87
00869D92	Unwind@00869d92
00869D9D	Unwind@00869d9d
00869DA8	Unwind@00869da8
00869DB3	Unwind@00869db3
00869DBE	Unwind@00869dbe
00869DC9	Unwind@00869dc9
00869DD4	Unwind@00869dd4
00869DDF	Unwind@00869ddf
00869DEA	Unwind@00869dea
00869DF5	Unwind@00869df5
00869E00	Unwind@00869e00
00869E0B	Unwind@00869e0b
00869E16	Unwind@00869e16
00869E21	Unwind@00869e21
00869E2C	Unwind@00869e2c
00869E37	Unwind@00869e37
00869E45	Unwind@00869e45
00869E50	Unwind@00869e50
00869E65	Unwind@00869e65
00869E70	Unwind@00869e70
00869E78	Unwind@00869e78
00869E80	Unwind@00869e80
00869E88	Unwind@00869e88
00869E90	Unwind@00869e90
00869E98	Unwind@00869e98
00869EA0	Unwind@00869ea0
00869EA8	Unwind@00869ea8
00869EB0	Unwind@00869eb0
00869EBE	Unwind@00869ebe
00869ECC	Unwind@00869ecc
00869EE4	Unwind@00869ee4
00869EEF	Unwind@00869eef
00869EFA	Unwind@00869efa
00869F05	Unwind@00869f05
00869F10	Unwind@00869f10
00869F1B	Unwind@00869f1b
00869F26	Unwind@00869f26
00869F31	Unwind@00869f31
00869F3C	Unwind@00869f3c
00869F47	Unwind@00869f47
00869F52	Unwind@00869f52
00869F5D	Unwind@00869f5d
00869F68	Unwind@00869f68
00869F73	Unwind@00869f73
00869F7E	Unwind@00869f7e
00869F89	Unwind@00869f89
00869F94	Unwind@00869f94
00869F9F	Unwind@00869f9f
00869FAA	Unwind@00869faa
00869FB5	Unwind@00869fb5
00869FC0	Unwind@00869fc0
00869FCB	Unwind@00869fcb
00869FD6	Unwind@00869fd6
00869FE1	Unwind@00869fe1
00869FEC	Unwind@00869fec
00869FF7	Unwind@00869ff7
0086A002	Unwind@0086a002
0086A00D	Unwind@0086a00d
0086A018	Unwind@0086a018
0086A023	Unwind@0086a023
0086A02E	Unwind@0086a02e
0086A039	Unwind@0086a039
0086A044	Unwind@0086a044
0086A04F	Unwind@0086a04f
0086A057	Unwind@0086a057
0086A05F	Unwind@0086a05f
0086A067	Unwind@0086a067
0086A072	Unwind@0086a072
0086A07D	Unwind@0086a07d
0086A085	Unwind@0086a085
0086A08D	Unwind@0086a08d
0086A098	Unwind@0086a098
0086A0A3	Unwind@0086a0a3
0086A0AE	Unwind@0086a0ae
0086A0B6	Unwind@0086a0b6
0086A0BE	Unwind@0086a0be
0086A0C6	Unwind@0086a0c6
0086A0D1	Unwind@0086a0d1
0086A0DC	Unwind@0086a0dc
0086A0E4	Unwind@0086a0e4
0086A0EC	Unwind@0086a0ec
0086A101	Unwind@0086a101
0086A10C	Unwind@0086a10c
0086A117	Unwind@0086a117
0086A12C	Unwind@0086a12c
0086A137	Unwind@0086a137
0086A142	Unwind@0086a142
0086A14D	Unwind@0086a14d
0086A158	Unwind@0086a158
0086A16D	Unwind@0086a16d
0086A175	Unwind@0086a175
0086A17D	Unwind@0086a17d
0086A185	Unwind@0086a185
0086A18D	Unwind@0086a18d
0086A1A4	Unwind@0086a1a4
0086A1AC	Unwind@0086a1ac
0086A1B4	Unwind@0086a1b4
0086A1BC	Unwind@0086a1bc
0086A1CE	Unwind@0086a1ce
0086A1D6	Unwind@0086a1d6
0086A1DE	Unwind@0086a1de
0086A1E6	Unwind@0086a1e6
0086A1EE	Unwind@0086a1ee
0086A1F9	Unwind@0086a1f9
0086A201	Unwind@0086a201
0086A218	Unwind@0086a218
0086A220	Unwind@0086a220
0086A232	Unwind@0086a232
0086A23A	Unwind@0086a23a
0086A242	Unwind@0086a242
0086A24A	Unwind@0086a24a
0086A252	Unwind@0086a252
0086A269	Unwind@0086a269
0086A271	Unwind@0086a271
0086A279	Unwind@0086a279
0086A281	Unwind@0086a281
0086A293	Unwind@0086a293
0086A29B	Unwind@0086a29b
0086A2A6	Unwind@0086a2a6
0086A2B1	Unwind@0086a2b1
0086A2BC	Unwind@0086a2bc
0086A2C7	Unwind@0086a2c7
0086A2D2	Unwind@0086a2d2
0086A2DD	Unwind@0086a2dd
0086A2E8	Unwind@0086a2e8
0086A2F3	Unwind@0086a2f3
0086A2FE	Unwind@0086a2fe
0086A309	Unwind@0086a309
0086A314	Unwind@0086a314
0086A31F	Unwind@0086a31f
0086A32A	Unwind@0086a32a
0086A335	Unwind@0086a335
0086A340	Unwind@0086a340
0086A34B	Unwind@0086a34b
0086A356	Unwind@0086a356
0086A361	Unwind@0086a361
0086A36C	Unwind@0086a36c
0086A377	Unwind@0086a377
0086A382	Unwind@0086a382
0086A38D	Unwind@0086a38d
0086A398	Unwind@0086a398
0086A3A3	Unwind@0086a3a3
0086A3AE	Unwind@0086a3ae
0086A3B9	Unwind@0086a3b9
0086A3C4	Unwind@0086a3c4
0086A3CF	Unwind@0086a3cf
0086A3DA	Unwind@0086a3da
0086A3E5	Unwind@0086a3e5
0086A3F0	Unwind@0086a3f0
0086A3FB	Unwind@0086a3fb
0086A406	Unwind@0086a406
0086A411	Unwind@0086a411
0086A41C	Unwind@0086a41c
0086A427	Unwind@0086a427
0086A432	Unwind@0086a432
0086A43D	Unwind@0086a43d
0086A448	Unwind@0086a448
0086A453	Unwind@0086a453
0086A45E	Unwind@0086a45e
0086A469	Unwind@0086a469
0086A474	Unwind@0086a474
0086A47F	Unwind@0086a47f
0086A48A	Unwind@0086a48a
0086A495	Unwind@0086a495
0086A4A0	Unwind@0086a4a0
0086A4AB	Unwind@0086a4ab
0086A4B6	Unwind@0086a4b6
0086A4C1	Unwind@0086a4c1
0086A4CC	Unwind@0086a4cc
0086A4D7	Unwind@0086a4d7
0086A4E2	Unwind@0086a4e2
0086A4ED	Unwind@0086a4ed
0086A4F8	Unwind@0086a4f8
0086A503	Unwind@0086a503
0086A50E	Unwind@0086a50e
0086A519	Unwind@0086a519
0086A524	Unwind@0086a524
0086A52F	Unwind@0086a52f
0086A53A	Unwind@0086a53a
0086A545	Unwind@0086a545
0086A550	Unwind@0086a550
0086A55B	Unwind@0086a55b
0086A566	Unwind@0086a566
0086A571	Unwind@0086a571
0086A57C	Unwind@0086a57c
0086A587	Unwind@0086a587
0086A592	Unwind@0086a592
0086A59D	Unwind@0086a59d
0086A5A8	Unwind@0086a5a8
0086A5B3	Unwind@0086a5b3
0086A5BE	Unwind@0086a5be
0086A5C9	Unwind@0086a5c9
0086A5D4	Unwind@0086a5d4
0086A5DF	Unwind@0086a5df
0086A5EA	Unwind@0086a5ea
0086A5F5	Unwind@0086a5f5
0086A600	Unwind@0086a600
0086A60B	Unwind@0086a60b
0086A616	Unwind@0086a616
0086A621	Unwind@0086a621
0086A62C	Unwind@0086a62c
0086A641	Unwind@0086a641
0086A64C	Unwind@0086a64c
0086A657	Unwind@0086a657
0086A662	Unwind@0086a662
0086A66D	Unwind@0086a66d
0086A678	Unwind@0086a678
0086A683	Unwind@0086a683
0086A68E	Unwind@0086a68e
0086A699	Unwind@0086a699
0086A6A4	Unwind@0086a6a4
0086A6AF	Unwind@0086a6af
0086A6BA	Unwind@0086a6ba
0086A6C5	Unwind@0086a6c5
0086A6D0	Unwind@0086a6d0
0086A6DB	Unwind@0086a6db
0086A6E6	Unwind@0086a6e6
0086A6F1	Unwind@0086a6f1
0086A6FC	Unwind@0086a6fc
0086A707	Unwind@0086a707
0086A712	Unwind@0086a712
0086A71D	Unwind@0086a71d
0086A728	Unwind@0086a728
0086A733	Unwind@0086a733
0086A73E	Unwind@0086a73e
0086A749	Unwind@0086a749
0086A754	Unwind@0086a754
0086A75F	Unwind@0086a75f
0086A76A	Unwind@0086a76a
0086A775	Unwind@0086a775
0086A780	Unwind@0086a780
0086A78B	Unwind@0086a78b
0086A796	Unwind@0086a796
0086A7A1	Unwind@0086a7a1
0086A7AC	Unwind@0086a7ac
0086A7B7	Unwind@0086a7b7
0086A7C2	Unwind@0086a7c2
0086A7CD	Unwind@0086a7cd
0086A7D8	Unwind@0086a7d8
0086A7E3	Unwind@0086a7e3
0086A7EE	Unwind@0086a7ee
0086A7F9	Unwind@0086a7f9
0086A804	Unwind@0086a804
0086A80F	Unwind@0086a80f
0086A81A	Unwind@0086a81a
0086A825	Unwind@0086a825
0086A830	Unwind@0086a830
0086A83B	Unwind@0086a83b
0086A850	Unwind@0086a850
0086A85B	Unwind@0086a85b
0086A863	Unwind@0086a863
0086A86B	Unwind@0086a86b
0086A873	Unwind@0086a873
0086A87B	Unwind@0086a87b
0086A883	Unwind@0086a883
0086A88B	Unwind@0086a88b
0086A893	Unwind@0086a893
0086A89B	Unwind@0086a89b
0086A8B0	Unwind@0086a8b0
0086A8B8	Unwind@0086a8b8
0086A8D0	Unwind@0086a8d0
0086A8F0	Unwind@0086a8f0
0086A910	Unwind@0086a910
0086A930	Unwind@0086a930
0086A950	Unwind@0086a950
0086A970	Unwind@0086a970
0086A990	Unwind@0086a990
0086A9A2	Unwind@0086a9a2
0086A9B4	Unwind@0086a9b4
0086A9BC	Unwind@0086a9bc
0086A9C4	Unwind@0086a9c4
0086A9CC	Unwind@0086a9cc
0086A9DE	Unwind@0086a9de
0086A9E9	Unwind@0086a9e9
0086A9FE	Unwind@0086a9fe
0086AA0F	Unwind@0086aa0f
0086AA20	Unwind@0086aa20
0086AA28	Unwind@0086aa28
0086AA30	Unwind@0086aa30
0086AA50	Unwind@0086aa50
0086AA80	Unwind@0086aa80
0086AAA0	Unwind@0086aaa0
0086AAC0	Unwind@0086aac0
0086AAD2	Unwind@0086aad2
0086AAE4	Unwind@0086aae4
0086AAEF	Unwind@0086aaef
0086AB04	Unwind@0086ab04
0086AB0F	Unwind@0086ab0f
0086AB1A	Unwind@0086ab1a
0086AB25	Unwind@0086ab25
0086AB30	Unwind@0086ab30
0086AB3B	Unwind@0086ab3b
0086AB46	Unwind@0086ab46
0086AB51	Unwind@0086ab51
0086AB70	Unwind@0086ab70
0086AB7B	Unwind@0086ab7b
0086AB86	Unwind@0086ab86
0086AB91	Unwind@0086ab91
0086AB9C	Unwind@0086ab9c
0086ABA7	Unwind@0086aba7
0086ABB2	Unwind@0086abb2
0086ABBD	Unwind@0086abbd
0086ABC8	Unwind@0086abc8
0086ABD3	Unwind@0086abd3
0086ABDE	Unwind@0086abde
0086ABE9	Unwind@0086abe9
0086ABF4	Unwind@0086abf4
0086ABFF	Unwind@0086abff
0086AC0A	Unwind@0086ac0a
0086AC15	Unwind@0086ac15
0086AC20	Unwind@0086ac20
0086AC2B	Unwind@0086ac2b
0086AC36	Unwind@0086ac36
0086AC41	Unwind@0086ac41
0086AC4C	Unwind@0086ac4c
0086AC57	Unwind@0086ac57
0086AC62	Unwind@0086ac62
0086AC6D	Unwind@0086ac6d
0086AC78	Unwind@0086ac78
0086AC83	Unwind@0086ac83
0086AC8E	Unwind@0086ac8e
0086AC99	Unwind@0086ac99
0086ACA4	Unwind@0086aca4
0086ACAF	Unwind@0086acaf
0086ACBA	Unwind@0086acba
0086ACC5	Unwind@0086acc5
0086ACD0	Unwind@0086acd0
0086ACDB	Unwind@0086acdb
0086ACE6	Unwind@0086ace6
0086ACF1	Unwind@0086acf1
0086ACFC	Unwind@0086acfc
0086AD07	Unwind@0086ad07
0086AD12	Unwind@0086ad12
0086AD1D	Unwind@0086ad1d
0086AD28	Unwind@0086ad28
0086AD36	Unwind@0086ad36
0086AD44	Unwind@0086ad44
0086AD52	Unwind@0086ad52
0086AD67	Unwind@0086ad67
0086AD72	Unwind@0086ad72
0086AD87	Unwind@0086ad87
0086AD92	Unwind@0086ad92
0086ADB0	Unwind@0086adb0
0086ADB8	Unwind@0086adb8
0086ADC0	Unwind@0086adc0
0086ADCE	Unwind@0086adce
0086ADD6	Unwind@0086add6
0086ADE4	Unwind@0086ade4
0086ADF2	Unwind@0086adf2
0086AE0A	Unwind@0086ae0a
0086AE12	Unwind@0086ae12
0086AE20	Unwind@0086ae20
0086AE2E	Unwind@0086ae2e
0086AE3C	Unwind@0086ae3c
0086AE4A	Unwind@0086ae4a
0086AE55	Unwind@0086ae55
0086AE60	Unwind@0086ae60
0086AE6B	Unwind@0086ae6b
0086AE80	Unwind@0086ae80
0086AE95	Unwind@0086ae95
0086AEA0	Unwind@0086aea0
0086AEA8	Unwind@0086aea8
0086AEB0	Unwind@0086aeb0
0086AEB8	Unwind@0086aeb8
0086AEC0	Unwind@0086aec0
0086AEC8	Unwind@0086aec8
0086AED0	Unwind@0086aed0
0086AED8	Unwind@0086aed8
0086AEE0	Unwind@0086aee0
0086AEEE	Unwind@0086aeee
0086AEFC	Unwind@0086aefc
0086AF14	Unwind@0086af14
0086AF1F	Unwind@0086af1f
0086AF2A	Unwind@0086af2a
0086AF35	Unwind@0086af35
0086AF40	Unwind@0086af40
0086AF4B	Unwind@0086af4b
0086AF56	Unwind@0086af56
0086AF61	Unwind@0086af61
0086AF6C	Unwind@0086af6c
0086AF81	Unwind@0086af81
0086AF8C	Unwind@0086af8c
0086AF94	Unwind@0086af94
0086AF9C	Unwind@0086af9c
0086AFA4	Unwind@0086afa4
0086AFAC	Unwind@0086afac
0086AFB4	Unwind@0086afb4
0086AFBC	Unwind@0086afbc
0086AFC4	Unwind@0086afc4
0086AFCC	Unwind@0086afcc
0086AFE1	Unwind@0086afe1
0086AFEC	Unwind@0086afec
0086AFF7	Unwind@0086aff7
0086B00F	Unwind@0086b00f
0086B01A	Unwind@0086b01a
0086B025	Unwind@0086b025
0086B033	Unwind@0086b033
0086B04B	Unwind@0086b04b
0086B056	Unwind@0086b056
0086B05E	Unwind@0086b05e
0086B066	Unwind@0086b066
0086B06E	Unwind@0086b06e
0086B076	Unwind@0086b076
0086B07E	Unwind@0086b07e
0086B086	Unwind@0086b086
0086B08E	Unwind@0086b08e
0086B096	Unwind@0086b096
0086B0AB	Unwind@0086b0ab
0086B0B6	Unwind@0086b0b6
0086B0C1	Unwind@0086b0c1
0086B0CC	Unwind@0086b0cc
0086B0D7	Unwind@0086b0d7
0086B0E5	Unwind@0086b0e5
0086B0F3	Unwind@0086b0f3
0086B101	Unwind@0086b101
0086B10F	Unwind@0086b10f
0086B11D	Unwind@0086b11d
0086B135	Unwind@0086b135
0086B140	Unwind@0086b140
0086B14B	Unwind@0086b14b
0086B156	Unwind@0086b156
0086B161	Unwind@0086b161
0086B16C	Unwind@0086b16c
0086B177	Unwind@0086b177
0086B182	Unwind@0086b182
0086B18D	Unwind@0086b18d
0086B198	Unwind@0086b198
0086B1AD	Unwind@0086b1ad
0086B1B8	Unwind@0086b1b8
0086B1C0	Unwind@0086b1c0
0086B1C8	Unwind@0086b1c8
0086B1D0	Unwind@0086b1d0
0086B1D8	Unwind@0086b1d8
0086B1E0	Unwind@0086b1e0
0086B1E8	Unwind@0086b1e8
0086B1F0	Unwind@0086b1f0
0086B1F8	Unwind@0086b1f8
0086B20D	Unwind@0086b20d
0086B218	Unwind@0086b218
0086B223	Unwind@0086b223
0086B231	Unwind@0086b231
0086B249	Unwind@0086b249
0086B254	Unwind@0086b254
0086B25F	Unwind@0086b25f
0086B26A	Unwind@0086b26a
0086B275	Unwind@0086b275
0086B280	Unwind@0086b280
0086B28B	Unwind@0086b28b
0086B296	Unwind@0086b296
0086B2A4	Unwind@0086b2a4
0086B2AF	Unwind@0086b2af
0086B2D0	Unwind@0086b2d0
0086B300	Unwind@0086b300
0086B320	Unwind@0086b320
0086B328	Unwind@0086b328
0086B340	Unwind@0086b340
0086B348	Unwind@0086b348
0086B350	Unwind@0086b350
0086B358	Unwind@0086b358
0086B360	Unwind@0086b360
0086B368	Unwind@0086b368
0086B37A	Unwind@0086b37a
0086B382	Unwind@0086b382
0086B38A	Unwind@0086b38a
0086B392	Unwind@0086b392
0086B39A	Unwind@0086b39a
0086B3B0	Unwind@0086b3b0
0086B3B8	Unwind@0086b3b8
0086B3D0	Unwind@0086b3d0
0086B3DB	Unwind@0086b3db
0086B3E6	Unwind@0086b3e6
0086B3F1	Unwind@0086b3f1
0086B3FC	Unwind@0086b3fc
0086B404	Unwind@0086b404
0086B40F	Unwind@0086b40f
0086B41A	Unwind@0086b41a
0086B425	Unwind@0086b425
0086B430	Unwind@0086b430
0086B43B	Unwind@0086b43b
0086B446	Unwind@0086b446
0086B451	Unwind@0086b451
0086B45C	Unwind@0086b45c
0086B467	Unwind@0086b467
0086B472	Unwind@0086b472
0086B47D	Unwind@0086b47d
0086B488	Unwind@0086b488
0086B493	Unwind@0086b493
0086B49E	Unwind@0086b49e
0086B4A9	Unwind@0086b4a9
0086B4C0	Unwind@0086b4c0
0086B4D2	Unwind@0086b4d2
0086B4DD	Unwind@0086b4dd
0086B4E8	Unwind@0086b4e8
0086B4F3	Unwind@0086b4f3
0086B4FE	Unwind@0086b4fe
0086B509	Unwind@0086b509
0086B514	Unwind@0086b514
0086B51F	Unwind@0086b51f
0086B540	Unwind@0086b540
0086B548	Unwind@0086b548
0086B553	Unwind@0086b553
0086B55E	Unwind@0086b55e
0086B566	Unwind@0086b566
0086B56E	Unwind@0086b56e
0086B590	Unwind@0086b590
0086B5A2	Unwind@0086b5a2
0086B5AD	Unwind@0086b5ad
0086B5B8	Unwind@0086b5b8
0086B5C3	Unwind@0086b5c3
0086B5CE	Unwind@0086b5ce
0086B5D9	Unwind@0086b5d9
0086B5E4	Unwind@0086b5e4
0086B5EF	Unwind@0086b5ef
0086B610	Unwind@0086b610
0086B61B	Unwind@0086b61b
0086B626	Unwind@0086b626
0086B631	Unwind@0086b631
0086B63C	Unwind@0086b63c
0086B647	Unwind@0086b647
0086B660	Unwind@0086b660
0086B66B	Unwind@0086b66b
0086B676	Unwind@0086b676
0086B681	Unwind@0086b681
0086B68C	Unwind@0086b68c
0086B697	Unwind@0086b697
0086B6A2	Unwind@0086b6a2
0086B6AD	Unwind@0086b6ad
0086B6B8	Unwind@0086b6b8
0086B6C3	Unwind@0086b6c3
0086B6CE	Unwind@0086b6ce
0086B6D9	Unwind@0086b6d9
0086B6E4	Unwind@0086b6e4
0086B6EF	Unwind@0086b6ef
0086B6FA	Unwind@0086b6fa
0086B705	Unwind@0086b705
0086B71A	Unwind@0086b71a
0086B722	Unwind@0086b722
0086B72D	Unwind@0086b72d
0086B738	Unwind@0086b738
0086B740	Unwind@0086b740
0086B748	Unwind@0086b748
0086B760	Unwind@0086b760
0086B780	Unwind@0086b780
0086B788	Unwind@0086b788
0086B790	Unwind@0086b790
0086B798	Unwind@0086b798
0086B7A0	Unwind@0086b7a0
0086B7A8	Unwind@0086b7a8
0086B7BF	Unwind@0086b7bf
0086B7E0	Unwind@0086b7e0
0086B7F2	Unwind@0086b7f2
0086B804	Unwind@0086b804
0086B819	Unwind@0086b819
0086B824	Unwind@0086b824
0086B82F	Unwind@0086b82f
0086B83A	Unwind@0086b83a
0086B845	Unwind@0086b845
0086B850	Unwind@0086b850
0086B85B	Unwind@0086b85b
0086B866	Unwind@0086b866
0086B871	Unwind@0086b871
0086B87C	Unwind@0086b87c
0086B887	Unwind@0086b887
0086B892	Unwind@0086b892
0086B89D	Unwind@0086b89d
0086B8A8	Unwind@0086b8a8
0086B8BD	Unwind@0086b8bd
0086B8C8	Unwind@0086b8c8
0086B8D3	Unwind@0086b8d3
0086B8DE	Unwind@0086b8de
0086B8E9	Unwind@0086b8e9
0086B8F4	Unwind@0086b8f4
0086B8FF	Unwind@0086b8ff
0086B90A	Unwind@0086b90a
0086B920	Unwind@0086b920
0086B928	Unwind@0086b928
0086B940	Unwind@0086b940
0086B948	Unwind@0086b948
0086B950	Unwind@0086b950
0086B958	Unwind@0086b958
0086B96A	Unwind@0086b96a
0086B975	Unwind@0086b975
0086B980	Unwind@0086b980
0086B98B	Unwind@0086b98b
0086B996	Unwind@0086b996
0086B9A1	Unwind@0086b9a1
0086B9AC	Unwind@0086b9ac
0086B9B7	Unwind@0086b9b7
0086B9C2	Unwind@0086b9c2
0086B9CD	Unwind@0086b9cd
0086B9D8	Unwind@0086b9d8
0086B9E3	Unwind@0086b9e3
0086B9F8	Unwind@0086b9f8
0086BA00	Unwind@0086ba00
0086BA08	Unwind@0086ba08
0086BA19	Unwind@0086ba19
0086BA2A	Unwind@0086ba2a
0086BA32	Unwind@0086ba32
0086BA3A	Unwind@0086ba3a
0086BA42	Unwind@0086ba42
0086BA54	Unwind@0086ba54
0086BA5F	Unwind@0086ba5f
0086BA6A	Unwind@0086ba6a
0086BA78	Unwind@0086ba78
0086BA86	Unwind@0086ba86
0086BA94	Unwind@0086ba94
0086BAA2	Unwind@0086baa2
0086BAB0	Unwind@0086bab0
0086BABE	Unwind@0086babe
0086BAD6	Unwind@0086bad6
0086BAE1	Unwind@0086bae1
0086BAEC	Unwind@0086baec
0086BAF7	Unwind@0086baf7
0086BB02	Unwind@0086bb02
0086BB1A	Unwind@0086bb1a
0086BB25	Unwind@0086bb25
0086BB30	Unwind@0086bb30
0086BB3E	Unwind@0086bb3e
0086BB4C	Unwind@0086bb4c
0086BB64	Unwind@0086bb64
0086BB6C	Unwind@0086bb6c
0086BB77	Unwind@0086bb77
0086BB82	Unwind@0086bb82
0086BB8A	Unwind@0086bb8a
0086BB92	Unwind@0086bb92
0086BB9A	Unwind@0086bb9a
0086BBA5	Unwind@0086bba5
0086BBB0	Unwind@0086bbb0
0086BBB8	Unwind@0086bbb8
0086BBC0	Unwind@0086bbc0
0086BBCE	Unwind@0086bbce
0086BBDC	Unwind@0086bbdc
0086BC00	Unwind@0086bc00
0086BC20	Unwind@0086bc20
0086BC28	Unwind@0086bc28
0086BC40	Unwind@0086bc40
0086BC70	Unwind@0086bc70
0086BCA0	Unwind@0086bca0
0086BCC0	Unwind@0086bcc0
0086BCC8	Unwind@0086bcc8
0086BCD3	Unwind@0086bcd3
0086BCF0	Unwind@0086bcf0
0086BCF8	Unwind@0086bcf8
0086BD00	Unwind@0086bd00
0086BD08	Unwind@0086bd08
0086BD13	Unwind@0086bd13
0086BD2B	Unwind@0086bd2b
0086BD43	Unwind@0086bd43
0086BD4B	Unwind@0086bd4b
0086BD56	Unwind@0086bd56
0086BD6E	Unwind@0086bd6e
0086BD7C	Unwind@0086bd7c
0086BD87	Unwind@0086bd87
0086BD92	Unwind@0086bd92
0086BDA7	Unwind@0086bda7
0086BDAF	Unwind@0086bdaf
0086BDB7	Unwind@0086bdb7
0086BDBF	Unwind@0086bdbf
0086BDC7	Unwind@0086bdc7
0086BDD9	Unwind@0086bdd9
0086BDE1	Unwind@0086bde1
0086BDE9	Unwind@0086bde9
0086BDF1	Unwind@0086bdf1
0086BDF9	Unwind@0086bdf9
0086BE01	Unwind@0086be01
0086BE09	Unwind@0086be09
0086BE11	Unwind@0086be11
0086BE23	Unwind@0086be23
0086BE2B	Unwind@0086be2b
0086BE33	Unwind@0086be33
0086BE3B	Unwind@0086be3b
0086BE43	Unwind@0086be43
0086BE4B	Unwind@0086be4b
0086BE53	Unwind@0086be53
0086BE5B	Unwind@0086be5b
0086BE6D	Unwind@0086be6d
0086BE75	Unwind@0086be75
0086BE7D	Unwind@0086be7d
0086BE85	Unwind@0086be85
0086BE8D	Unwind@0086be8d
0086BE95	Unwind@0086be95
0086BE9D	Unwind@0086be9d
0086BEA5	Unwind@0086bea5
0086BEB7	Unwind@0086beb7
0086BEBF	Unwind@0086bebf
0086BEC7	Unwind@0086bec7
0086BECF	Unwind@0086becf
0086BED7	Unwind@0086bed7
0086BEDF	Unwind@0086bedf
0086BEE7	Unwind@0086bee7
0086BEEF	Unwind@0086beef
0086BF01	Unwind@0086bf01
0086BF09	Unwind@0086bf09
0086BF11	Unwind@0086bf11
0086BF19	Unwind@0086bf19
0086BF21	Unwind@0086bf21
0086BF29	Unwind@0086bf29
0086BF31	Unwind@0086bf31
0086BF39	Unwind@0086bf39
0086BF4B	Unwind@0086bf4b
0086BF53	Unwind@0086bf53
0086BF5B	Unwind@0086bf5b
0086BF63	Unwind@0086bf63
0086BF6B	Unwind@0086bf6b
0086BF73	Unwind@0086bf73
0086BF7B	Unwind@0086bf7b
0086BF83	Unwind@0086bf83
0086BF95	Unwind@0086bf95
0086BFA0	Unwind@0086bfa0
0086BFAB	Unwind@0086bfab
0086BFB6	Unwind@0086bfb6
0086BFC1	Unwind@0086bfc1
0086BFCC	Unwind@0086bfcc
0086BFDE	Unwind@0086bfde
0086BFE6	Unwind@0086bfe6
0086BFEE	Unwind@0086bfee
0086BFF6	Unwind@0086bff6
0086BFFE	Unwind@0086bffe
0086C006	Unwind@0086c006
0086C00E	Unwind@0086c00e
0086C016	Unwind@0086c016
0086C021	Unwind@0086c021
0086C036	Unwind@0086c036
0086C03E	Unwind@0086c03e
0086C046	Unwind@0086c046
0086C04E	Unwind@0086c04e
0086C056	Unwind@0086c056
0086C05E	Unwind@0086c05e
0086C066	Unwind@0086c066
0086C06E	Unwind@0086c06e
0086C080	Unwind@0086c080
0086C088	Unwind@0086c088
0086C090	Unwind@0086c090
0086C098	Unwind@0086c098
0086C0AA	Unwind@0086c0aa
0086C0B5	Unwind@0086c0b5
0086C0C0	Unwind@0086c0c0
0086C0CB	Unwind@0086c0cb
0086C0D6	Unwind@0086c0d6
0086C0E1	Unwind@0086c0e1
0086C0F6	Unwind@0086c0f6
0086C101	Unwind@0086c101
0086C10C	Unwind@0086c10c
0086C122	Unwind@0086c122
0086C12D	Unwind@0086c12d
0086C138	Unwind@0086c138
0086C143	Unwind@0086c143
0086C14E	Unwind@0086c14e
0086C159	Unwind@0086c159
0086C164	Unwind@0086c164
0086C16F	Unwind@0086c16f
0086C17A	Unwind@0086c17a
0086C185	Unwind@0086c185
0086C190	Unwind@0086c190
0086C19E	Unwind@0086c19e
0086C1AC	Unwind@0086c1ac
0086C1BA	Unwind@0086c1ba
0086C1CF	Unwind@0086c1cf
0086C1D7	Unwind@0086c1d7
0086C1DF	Unwind@0086c1df
0086C1E7	Unwind@0086c1e7
0086C1EF	Unwind@0086c1ef
0086C1F7	Unwind@0086c1f7
0086C1FF	Unwind@0086c1ff
0086C207	Unwind@0086c207
0086C219	Unwind@0086c219
0086C221	Unwind@0086c221
0086C233	Unwind@0086c233
0086C23B	Unwind@0086c23b
0086C24D	Unwind@0086c24d
0086C255	Unwind@0086c255
0086C267	Unwind@0086c267
0086C26F	Unwind@0086c26f
0086C281	Unwind@0086c281
0086C293	Unwind@0086c293
0086C29B	Unwind@0086c29b
0086C2A3	Unwind@0086c2a3
0086C2B5	Unwind@0086c2b5
0086C2CA	Unwind@0086c2ca
0086C2D5	Unwind@0086c2d5
0086C2E0	Unwind@0086c2e0
0086C2E8	Unwind@0086c2e8
0086C2F0	Unwind@0086c2f0
0086C2F8	Unwind@0086c2f8
0086C300	Unwind@0086c300
0086C308	Unwind@0086c308
0086C310	Unwind@0086c310
0086C318	Unwind@0086c318
0086C320	Unwind@0086c320
0086C32B	Unwind@0086c32b
0086C333	Unwind@0086c333
0086C33B	Unwind@0086c33b
0086C343	Unwind@0086c343
0086C360	Unwind@0086c360
0086C380	Unwind@0086c380
0086C3A0	Unwind@0086c3a0
0086C400	Unwind@0086c400
0086C40E	Unwind@0086c40e
0086C41C	Unwind@0086c41c
0086C42A	Unwind@0086c42a
0086C438	Unwind@0086c438
0086C446	Unwind@0086c446
0086C44E	Unwind@0086c44e
0086C459	Unwind@0086c459
0086C461	Unwind@0086c461
0086C469	Unwind@0086c469
0086C471	Unwind@0086c471
0086C479	Unwind@0086c479
0086C490	Unwind@0086c490
0086C498	Unwind@0086c498
0086C4B0	Unwind@0086c4b0
0086C4BB	Unwind@0086c4bb
0086C4C6	Unwind@0086c4c6
0086C4D1	Unwind@0086c4d1
0086C4E2	Unwind@0086c4e2
0086C4ED	Unwind@0086c4ed
0086C4F8	Unwind@0086c4f8
0086C503	Unwind@0086c503
0086C514	Unwind@0086c514
0086C51F	Unwind@0086c51f
0086C52A	Unwind@0086c52a
0086C535	Unwind@0086c535
0086C546	Unwind@0086c546
0086C551	Unwind@0086c551
0086C55C	Unwind@0086c55c
0086C567	Unwind@0086c567
0086C578	Unwind@0086c578
0086C589	Unwind@0086c589
0086C594	Unwind@0086c594
0086C59F	Unwind@0086c59f
0086C5BA	Unwind@0086c5ba
0086C5C5	Unwind@0086c5c5
0086C5D0	Unwind@0086c5d0
0086C5DB	Unwind@0086c5db
0086C5E6	Unwind@0086c5e6
0086C5F1	Unwind@0086c5f1
0086C5FC	Unwind@0086c5fc
0086C607	Unwind@0086c607
0086C611	Unwind@0086c611
0086C61C	Unwind@0086c61c
0086C627	Unwind@0086c627
0086C632	Unwind@0086c632
0086C63D	Unwind@0086c63d
0086C648	Unwind@0086c648
0086C653	Unwind@0086c653
0086C65D	Unwind@0086c65d
0086C668	Unwind@0086c668
0086C673	Unwind@0086c673
0086C67E	Unwind@0086c67e
0086C689	Unwind@0086c689
0086C694	Unwind@0086c694
0086C69F	Unwind@0086c69f
0086C6A9	Unwind@0086c6a9
0086C6B4	Unwind@0086c6b4
0086C6BF	Unwind@0086c6bf
0086C6CA	Unwind@0086c6ca
0086C6D5	Unwind@0086c6d5
0086C6E0	Unwind@0086c6e0
0086C6EB	Unwind@0086c6eb
0086C6F5	Unwind@0086c6f5
0086C700	Unwind@0086c700
0086C70B	Unwind@0086c70b
0086C716	Unwind@0086c716
0086C721	Unwind@0086c721
0086C72C	Unwind@0086c72c
0086C737	Unwind@0086c737
0086C742	Unwind@0086c742
0086C74D	Unwind@0086c74d
0086C758	Unwind@0086c758
0086C763	Unwind@0086c763
0086C76E	Unwind@0086c76e
0086C779	Unwind@0086c779
0086C784	Unwind@0086c784
0086C78F	Unwind@0086c78f
0086C79A	Unwind@0086c79a
0086C7A5	Unwind@0086c7a5
0086C7B0	Unwind@0086c7b0
0086C7B8	Unwind@0086c7b8
0086C7CA	Unwind@0086c7ca
0086C7D5	Unwind@0086c7d5
0086C7E0	Unwind@0086c7e0
0086C7EB	Unwind@0086c7eb
0086C7F6	Unwind@0086c7f6
0086C801	Unwind@0086c801
0086C80C	Unwind@0086c80c
0086C817	Unwind@0086c817
0086C821	Unwind@0086c821
0086C82C	Unwind@0086c82c
0086C837	Unwind@0086c837
0086C842	Unwind@0086c842
0086C84D	Unwind@0086c84d
0086C858	Unwind@0086c858
0086C863	Unwind@0086c863
0086C86D	Unwind@0086c86d
0086C878	Unwind@0086c878
0086C883	Unwind@0086c883
0086C88E	Unwind@0086c88e
0086C899	Unwind@0086c899
0086C8A4	Unwind@0086c8a4
0086C8AF	Unwind@0086c8af
0086C8B9	Unwind@0086c8b9
0086C8C4	Unwind@0086c8c4
0086C8CF	Unwind@0086c8cf
0086C8DA	Unwind@0086c8da
0086C8E5	Unwind@0086c8e5
0086C8F0	Unwind@0086c8f0
0086C8FB	Unwind@0086c8fb
0086C905	Unwind@0086c905
0086C910	Unwind@0086c910
0086C91B	Unwind@0086c91b
0086C926	Unwind@0086c926
0086C931	Unwind@0086c931
0086C93C	Unwind@0086c93c
0086C947	Unwind@0086c947
0086C951	Unwind@0086c951
0086C95C	Unwind@0086c95c
0086C967	Unwind@0086c967
0086C972	Unwind@0086c972
0086C97D	Unwind@0086c97d
0086C988	Unwind@0086c988
0086C993	Unwind@0086c993
0086C99D	Unwind@0086c99d
0086C9A8	Unwind@0086c9a8
0086C9B3	Unwind@0086c9b3
0086C9BE	Unwind@0086c9be
0086C9C9	Unwind@0086c9c9
0086C9D4	Unwind@0086c9d4
0086C9DF	Unwind@0086c9df
0086C9E9	Unwind@0086c9e9
0086C9F4	Unwind@0086c9f4
0086C9FF	Unwind@0086c9ff
0086CA0A	Unwind@0086ca0a
0086CA15	Unwind@0086ca15
0086CA20	Unwind@0086ca20
0086CA2B	Unwind@0086ca2b
0086CA36	Unwind@0086ca36
0086CA41	Unwind@0086ca41
0086CA4C	Unwind@0086ca4c
0086CA57	Unwind@0086ca57
0086CA62	Unwind@0086ca62
0086CA6D	Unwind@0086ca6d
0086CA78	Unwind@0086ca78
0086CA83	Unwind@0086ca83
0086CA8E	Unwind@0086ca8e
0086CA99	Unwind@0086ca99
0086CAA4	Unwind@0086caa4
0086CAAF	Unwind@0086caaf
0086CABA	Unwind@0086caba
0086CAC5	Unwind@0086cac5
0086CAD0	Unwind@0086cad0
0086CADB	Unwind@0086cadb
0086CAE6	Unwind@0086cae6
0086CAF1	Unwind@0086caf1
0086CAFC	Unwind@0086cafc
0086CB07	Unwind@0086cb07
0086CB0F	Unwind@0086cb0f
0086CB21	Unwind@0086cb21
0086CB29	Unwind@0086cb29
0086CB31	Unwind@0086cb31
0086CB43	Unwind@0086cb43
0086CB4E	Unwind@0086cb4e
0086CB59	Unwind@0086cb59
0086CB64	Unwind@0086cb64
0086CB6F	Unwind@0086cb6f
0086CB84	Unwind@0086cb84
0086CB8F	Unwind@0086cb8f
0086CBA1	Unwind@0086cba1
0086CBAC	Unwind@0086cbac
0086CBB4	Unwind@0086cbb4
0086CBBF	Unwind@0086cbbf
0086CBD1	Unwind@0086cbd1
0086CBDC	Unwind@0086cbdc
0086CBE7	Unwind@0086cbe7
0086CBF2	Unwind@0086cbf2
0086CBFD	Unwind@0086cbfd
0086CC08	Unwind@0086cc08
0086CC10	Unwind@0086cc10
0086CC2D	Unwind@0086cc2d
0086CC38	Unwind@0086cc38
0086CC43	Unwind@0086cc43
0086CC4E	Unwind@0086cc4e
0086CC59	Unwind@0086cc59
0086CC64	Unwind@0086cc64
0086CC6F	Unwind@0086cc6f
0086CC7A	Unwind@0086cc7a
0086CC85	Unwind@0086cc85
0086CC90	Unwind@0086cc90
0086CC9B	Unwind@0086cc9b
0086CCA6	Unwind@0086cca6
0086CCB1	Unwind@0086ccb1
0086CCBC	Unwind@0086ccbc
0086CCC7	Unwind@0086ccc7
0086CCD2	Unwind@0086ccd2
0086CCDD	Unwind@0086ccdd
0086CCE8	Unwind@0086cce8
0086CCF3	Unwind@0086ccf3
0086CCFE	Unwind@0086ccfe
0086CD09	Unwind@0086cd09
0086CD14	Unwind@0086cd14
0086CD31	Unwind@0086cd31
0086CD3C	Unwind@0086cd3c
0086CD47	Unwind@0086cd47
0086CD52	Unwind@0086cd52
0086CD5D	Unwind@0086cd5d
0086CD68	Unwind@0086cd68
0086CD73	Unwind@0086cd73
0086CD7E	Unwind@0086cd7e
0086CD89	Unwind@0086cd89
0086CD94	Unwind@0086cd94
0086CD9F	Unwind@0086cd9f
0086CDAA	Unwind@0086cdaa
0086CDB5	Unwind@0086cdb5
0086CDC0	Unwind@0086cdc0
0086CDCB	Unwind@0086cdcb
0086CDD6	Unwind@0086cdd6
0086CDE1	Unwind@0086cde1
0086CDEC	Unwind@0086cdec
0086CDF7	Unwind@0086cdf7
0086CE02	Unwind@0086ce02
0086CE0D	Unwind@0086ce0d
0086CE18	Unwind@0086ce18
0086CE23	Unwind@0086ce23
0086CE38	Unwind@0086ce38
0086CE40	Unwind@0086ce40
0086CE48	Unwind@0086ce48
0086CE50	Unwind@0086ce50
0086CE58	Unwind@0086ce58
0086CE60	Unwind@0086ce60
0086CE80	Unwind@0086ce80
0086CE88	Unwind@0086ce88
0086CEA0	Unwind@0086cea0
0086CEC0	Unwind@0086cec0
0086CEE0	Unwind@0086cee0
0086CF00	Unwind@0086cf00
0086CF20	Unwind@0086cf20
0086CF40	Unwind@0086cf40
0086CF60	Unwind@0086cf60
0086CF80	Unwind@0086cf80
0086CFA0	Unwind@0086cfa0
0086CFC0	Unwind@0086cfc0
0086CFE0	Unwind@0086cfe0
0086D000	Unwind@0086d000
0086D020	Unwind@0086d020
0086D040	Unwind@0086d040
0086D060	Unwind@0086d060
0086D080	Unwind@0086d080
0086D0A0	Unwind@0086d0a0
0086D0C0	Unwind@0086d0c0
0086D0E0	Unwind@0086d0e0
0086D100	Unwind@0086d100
0086D120	Unwind@0086d120
0086D140	Unwind@0086d140
0086D160	Unwind@0086d160
0086D180	Unwind@0086d180
0086D1A0	Unwind@0086d1a0
0086D1C0	Unwind@0086d1c0
0086D1E0	Unwind@0086d1e0
0086D200	Unwind@0086d200
0086D220	Unwind@0086d220
0086D240	Unwind@0086d240
0086D260	Unwind@0086d260
0086D280	Unwind@0086d280
0086D2A0	Unwind@0086d2a0
0086D2C0	Unwind@0086d2c0
0086D2E0	Unwind@0086d2e0
0086D2E8	Unwind@0086d2e8
0086D2F0	Unwind@0086d2f0
0086D2F8	Unwind@0086d2f8
0086D300	Unwind@0086d300
0086D30B	Unwind@0086d30b
0086D320	Unwind@0086d320
0086D340	Unwind@0086d340
0086D348	Unwind@0086d348
0086D350	Unwind@0086d350
0086D358	Unwind@0086d358
0086D360	Unwind@0086d360
0086D36B	Unwind@0086d36b
0086D380	Unwind@0086d380
0086D38E	Unwind@0086d38e
0086D3A0	Unwind@0086d3a0
0086D3D0	Unwind@0086d3d0
0086D3F0	Unwind@0086d3f0
0086D410	Unwind@0086d410
0086D418	Unwind@0086d418
0086D423	Unwind@0086d423
0086D440	Unwind@0086d440
0086D460	Unwind@0086d460
0086D480	Unwind@0086d480
0086D4A0	Unwind@0086d4a0
0086D4BA	Unwind@0086d4ba
0086D4D0	Unwind@0086d4d0
0086D4F0	Unwind@0086d4f0
0086D4F8	Unwind@0086d4f8
0086D510	Unwind@0086d510
0086D530	Unwind@0086d530
0086D550	Unwind@0086d550
0086D570	Unwind@0086d570
0086D578	Unwind@0086d578
0086D590	Unwind@0086d590
0086D598	Unwind@0086d598
0086D5B0	Unwind@0086d5b0
0086D5B8	Unwind@0086d5b8
0086D5D0	Unwind@0086d5d0
0086D5D8	Unwind@0086d5d8
0086D5E0	Unwind@0086d5e0
0086D5E8	Unwind@0086d5e8
0086D610	Unwind@0086d610
0086D630	Unwind@0086d630
0086D650	Unwind@0086d650
0086D670	Unwind@0086d670
0086D690	Unwind@0086d690
0086D6B0	Unwind@0086d6b0
0086D6D0	Unwind@0086d6d0
0086D6F0	Unwind@0086d6f0
0086D710	Unwind@0086d710
0086D730	Unwind@0086d730
0086D750	Unwind@0086d750
0086D761	Unwind@0086d761
0086D769	Unwind@0086d769
0086D774	Unwind@0086d774
0086D790	Unwind@0086d790
0086D7B0	Unwind@0086d7b0
0086D7D0	Unwind@0086d7d0
0086D7F0	Unwind@0086d7f0
0086D810	Unwind@0086d810
0086D830	Unwind@0086d830
0086D850	Unwind@0086d850
0086D870	Unwind@0086d870
0086D890	Unwind@0086d890
0086D8B0	Unwind@0086d8b0
0086D8D0	Unwind@0086d8d0
0086D8F0	Unwind@0086d8f0
0086D910	Unwind@0086d910
0086D930	Unwind@0086d930
0086D950	Unwind@0086d950
0086D962	Unwind@0086d962
0086D980	Unwind@0086d980
0086D988	Unwind@0086d988
0086D993	Unwind@0086d993
0086D99B	Unwind@0086d99b
0086D9A6	Unwind@0086d9a6
0086D9AE	Unwind@0086d9ae
0086D9B9	Unwind@0086d9b9
0086D9C1	Unwind@0086d9c1
0086D9CC	Unwind@0086d9cc
0086D9D7	Unwind@0086d9d7
0086D9E2	Unwind@0086d9e2
0086D9F4	Unwind@0086d9f4
0086D9FF	Unwind@0086d9ff
0086DA0A	Unwind@0086da0a
0086DA15	Unwind@0086da15
0086DA20	Unwind@0086da20
0086DA2B	Unwind@0086da2b
0086DA36	Unwind@0086da36
0086DA3E	Unwind@0086da3e
0086DA49	Unwind@0086da49
0086DA54	Unwind@0086da54
0086DA5F	Unwind@0086da5f
0086DA67	Unwind@0086da67
0086DA72	Unwind@0086da72
0086DA87	Unwind@0086da87
0086DA92	Unwind@0086da92
0086DA9D	Unwind@0086da9d
0086DAB2	Unwind@0086dab2
0086DABA	Unwind@0086daba
0086DAC5	Unwind@0086dac5
0086DAD0	Unwind@0086dad0
0086DADB	Unwind@0086dadb
0086DAE3	Unwind@0086dae3
0086DAEB	Unwind@0086daeb
0086DAF6	Unwind@0086daf6
0086DB01	Unwind@0086db01
0086DB0C	Unwind@0086db0c
0086DB1E	Unwind@0086db1e
0086DB29	Unwind@0086db29
0086DB31	Unwind@0086db31
0086DB39	Unwind@0086db39
0086DB41	Unwind@0086db41
0086DB4C	Unwind@0086db4c
0086DB57	Unwind@0086db57
0086DB5F	Unwind@0086db5f
0086DB67	Unwind@0086db67
0086DB75	Unwind@0086db75
0086DB83	Unwind@0086db83
0086DB9B	Unwind@0086db9b
0086DBA6	Unwind@0086dba6
0086DBB1	Unwind@0086dbb1
0086DBBC	Unwind@0086dbbc
0086DBC7	Unwind@0086dbc7
0086DBCF	Unwind@0086dbcf
0086DBD7	Unwind@0086dbd7
0086DBDF	Unwind@0086dbdf
0086DBEA	Unwind@0086dbea
0086DBF5	Unwind@0086dbf5
0086DBFD	Unwind@0086dbfd
0086DC05	Unwind@0086dc05
0086DC10	Unwind@0086dc10
0086DC18	Unwind@0086dc18
0086DC20	Unwind@0086dc20
0086DC28	Unwind@0086dc28
0086DC33	Unwind@0086dc33
0086DC3E	Unwind@0086dc3e
0086DC46	Unwind@0086dc46
0086DC58	Unwind@0086dc58
0086DC6A	Unwind@0086dc6a
0086DC75	Unwind@0086dc75
0086DC80	Unwind@0086dc80
0086DC95	Unwind@0086dc95
0086DCA7	Unwind@0086dca7
0086DCAF	Unwind@0086dcaf
0086DCB7	Unwind@0086dcb7
0086DCBF	Unwind@0086dcbf
0086DCD1	Unwind@0086dcd1
0086DCD9	Unwind@0086dcd9
0086DCE1	Unwind@0086dce1
0086DCE9	Unwind@0086dce9
0086DCF4	Unwind@0086dcf4
0086DCFC	Unwind@0086dcfc
0086DD13	Unwind@0086dd13
0086DD25	Unwind@0086dd25
0086DD2D	Unwind@0086dd2d
0086DD35	Unwind@0086dd35
0086DD3D	Unwind@0086dd3d
0086DD48	Unwind@0086dd48
0086DD50	Unwind@0086dd50
0086DD67	Unwind@0086dd67
0086DD79	Unwind@0086dd79
0086DD81	Unwind@0086dd81
0086DD89	Unwind@0086dd89
0086DD91	Unwind@0086dd91
0086DD9C	Unwind@0086dd9c
0086DDA4	Unwind@0086dda4
0086DDBB	Unwind@0086ddbb
0086DDCD	Unwind@0086ddcd
0086DDD5	Unwind@0086ddd5
0086DDDD	Unwind@0086dddd
0086DDE5	Unwind@0086dde5
0086DDF0	Unwind@0086ddf0
0086DE07	Unwind@0086de07
0086DE19	Unwind@0086de19
0086DE21	Unwind@0086de21
0086DE29	Unwind@0086de29
0086DE31	Unwind@0086de31
0086DE39	Unwind@0086de39
0086DE41	Unwind@0086de41
0086DE49	Unwind@0086de49
0086DE51	Unwind@0086de51
0086DE63	Unwind@0086de63
0086DE6E	Unwind@0086de6e
0086DE79	Unwind@0086de79
0086DE84	Unwind@0086de84
0086DE99	Unwind@0086de99
0086DEAB	Unwind@0086deab
0086DEB6	Unwind@0086deb6
0086DEC1	Unwind@0086dec1
0086DECC	Unwind@0086decc
0086DED7	Unwind@0086ded7
0086DEE2	Unwind@0086dee2
0086DEED	Unwind@0086deed
0086DEF8	Unwind@0086def8
0086DF03	Unwind@0086df03
0086DF0E	Unwind@0086df0e
0086DF19	Unwind@0086df19
0086DF24	Unwind@0086df24
0086DF2F	Unwind@0086df2f
0086DF3A	Unwind@0086df3a
0086DF45	Unwind@0086df45
0086DF50	Unwind@0086df50
0086DF5B	Unwind@0086df5b
0086DF66	Unwind@0086df66
0086DF71	Unwind@0086df71
0086DF79	Unwind@0086df79
0086DF84	Unwind@0086df84
0086DF8F	Unwind@0086df8f
0086DF9A	Unwind@0086df9a
0086DFA5	Unwind@0086dfa5
0086DFB0	Unwind@0086dfb0
0086DFBB	Unwind@0086dfbb
0086DFC6	Unwind@0086dfc6
0086DFD1	Unwind@0086dfd1
0086DFD9	Unwind@0086dfd9
0086DFE1	Unwind@0086dfe1
0086DFE9	Unwind@0086dfe9
0086DFFB	Unwind@0086dffb
0086E003	Unwind@0086e003
0086E018	Unwind@0086e018
0086E020	Unwind@0086e020
0086E028	Unwind@0086e028
0086E03A	Unwind@0086e03a
0086E04F	Unwind@0086e04f
0086E05A	Unwind@0086e05a
0086E065	Unwind@0086e065
0086E070	Unwind@0086e070
0086E07B	Unwind@0086e07b
0086E086	Unwind@0086e086
0086E091	Unwind@0086e091
0086E09C	Unwind@0086e09c
0086E0A7	Unwind@0086e0a7
0086E0B2	Unwind@0086e0b2
0086E0BD	Unwind@0086e0bd
0086E0C8	Unwind@0086e0c8
0086E0DD	Unwind@0086e0dd
0086E0E8	Unwind@0086e0e8
0086E0F3	Unwind@0086e0f3
0086E108	Unwind@0086e108
0086E113	Unwind@0086e113
0086E11E	Unwind@0086e11e
0086E129	Unwind@0086e129
0086E134	Unwind@0086e134
0086E13F	Unwind@0086e13f
0086E14A	Unwind@0086e14a
0086E155	Unwind@0086e155
0086E160	Unwind@0086e160
0086E16B	Unwind@0086e16b
0086E176	Unwind@0086e176
0086E181	Unwind@0086e181
0086E18C	Unwind@0086e18c
0086E197	Unwind@0086e197
0086E1AC	Unwind@0086e1ac
0086E1B4	Unwind@0086e1b4
0086E1BC	Unwind@0086e1bc
0086E1C4	Unwind@0086e1c4
0086E1CC	Unwind@0086e1cc
0086E1D4	Unwind@0086e1d4
0086E1F0	Unwind@0086e1f0
0086E210	Unwind@0086e210
0086E218	Unwind@0086e218
0086E223	Unwind@0086e223
0086E240	Unwind@0086e240
0086E260	Unwind@0086e260
0086E268	Unwind@0086e268
0086E273	Unwind@0086e273
0086E290	Unwind@0086e290
0086E2B0	Unwind@0086e2b0
0086E2D0	Unwind@0086e2d0
0086E2D8	Unwind@0086e2d8
0086E2E0	Unwind@0086e2e0
0086E300	Unwind@0086e300
0086E320	Unwind@0086e320
0086E32B	Unwind@0086e32b
0086E360	Unwind@0086e360
0086E36B	Unwind@0086e36b
0086E390	Unwind@0086e390
0086E3A1	Unwind@0086e3a1
0086E3A9	Unwind@0086e3a9
0086E3B1	Unwind@0086e3b1
0086E3D0	Unwind@0086e3d0
0086E3E1	Unwind@0086e3e1
0086E3E9	Unwind@0086e3e9
0086E3F4	Unwind@0086e3f4
0086E420	Unwind@0086e420
0086E431	Unwind@0086e431
0086E439	Unwind@0086e439
0086E444	Unwind@0086e444
0086E4C0	Unwind@0086e4c0
0086E4D1	Unwind@0086e4d1
0086E4DC	Unwind@0086e4dc
0086E4EA	Unwind@0086e4ea
0086E4F8	Unwind@0086e4f8
0086E506	Unwind@0086e506
0086E511	Unwind@0086e511
0086E51C	Unwind@0086e51c
0086E527	Unwind@0086e527
0086E532	Unwind@0086e532
0086E53D	Unwind@0086e53d
0086E548	Unwind@0086e548
0086E553	Unwind@0086e553
0086E55E	Unwind@0086e55e
0086E569	Unwind@0086e569
0086E574	Unwind@0086e574
0086E57F	Unwind@0086e57f
0086E58A	Unwind@0086e58a
0086E595	Unwind@0086e595
0086E5A0	Unwind@0086e5a0
0086E5AB	Unwind@0086e5ab
0086E5B6	Unwind@0086e5b6
0086E5C1	Unwind@0086e5c1
0086E5CC	Unwind@0086e5cc
0086E5D7	Unwind@0086e5d7
0086E5E2	Unwind@0086e5e2
0086E5ED	Unwind@0086e5ed
0086E5F8	Unwind@0086e5f8
0086E603	Unwind@0086e603
0086E60E	Unwind@0086e60e
0086E619	Unwind@0086e619
0086E624	Unwind@0086e624
0086E62F	Unwind@0086e62f
0086E63A	Unwind@0086e63a
0086E64F	Unwind@0086e64f
0086E667	Unwind@0086e667
0086E67C	Unwind@0086e67c
0086E687	Unwind@0086e687
0086E695	Unwind@0086e695
0086E6A0	Unwind@0086e6a0
0086E6AB	Unwind@0086e6ab
0086E6B6	Unwind@0086e6b6
0086E6C1	Unwind@0086e6c1
0086E6CC	Unwind@0086e6cc
0086E6D7	Unwind@0086e6d7
0086E6E2	Unwind@0086e6e2
0086E6ED	Unwind@0086e6ed
0086E6FB	Unwind@0086e6fb
0086E709	Unwind@0086e709
0086E717	Unwind@0086e717
0086E722	Unwind@0086e722
0086E72D	Unwind@0086e72d
0086E738	Unwind@0086e738
0086E743	Unwind@0086e743
0086E74E	Unwind@0086e74e
0086E759	Unwind@0086e759
0086E764	Unwind@0086e764
0086E772	Unwind@0086e772
0086E780	Unwind@0086e780
0086E798	Unwind@0086e798
0086E7AA	Unwind@0086e7aa
0086E7B5	Unwind@0086e7b5
0086E7C0	Unwind@0086e7c0
0086E7D5	Unwind@0086e7d5
0086E7EA	Unwind@0086e7ea
0086E7F5	Unwind@0086e7f5
0086E7FD	Unwind@0086e7fd
0086E808	Unwind@0086e808
0086E813	Unwind@0086e813
0086E81E	Unwind@0086e81e
0086E826	Unwind@0086e826
0086E838	Unwind@0086e838
0086E843	Unwind@0086e843
0086E84B	Unwind@0086e84b
0086E853	Unwind@0086e853
0086E85E	Unwind@0086e85e
0086E869	Unwind@0086e869
0086E874	Unwind@0086e874
0086E87F	Unwind@0086e87f
0086E887	Unwind@0086e887
0086E88F	Unwind@0086e88f
0086E89D	Unwind@0086e89d
0086E8AB	Unwind@0086e8ab
0086E8C3	Unwind@0086e8c3
0086E8CE	Unwind@0086e8ce
0086E8D9	Unwind@0086e8d9
0086E8E4	Unwind@0086e8e4
0086E8F9	Unwind@0086e8f9
0086E904	Unwind@0086e904
0086E90F	Unwind@0086e90f
0086E91A	Unwind@0086e91a
0086E922	Unwind@0086e922
0086E92A	Unwind@0086e92a
0086E940	Unwind@0086e940
0086E960	Unwind@0086e960
0086E980	Unwind@0086e980
0086E988	Unwind@0086e988
0086E993	Unwind@0086e993
0086E9B0	Unwind@0086e9b0
0086E9D0	Unwind@0086e9d0
0086E9F0	Unwind@0086e9f0
0086EA10	Unwind@0086ea10
0086EA1B	Unwind@0086ea1b
0086EA26	Unwind@0086ea26
0086EA31	Unwind@0086ea31
0086EA3C	Unwind@0086ea3c
0086EA47	Unwind@0086ea47
0086EA52	Unwind@0086ea52
0086EA5D	Unwind@0086ea5d
0086EA68	Unwind@0086ea68
0086EA73	Unwind@0086ea73
0086EA7E	Unwind@0086ea7e
0086EA89	Unwind@0086ea89
0086EA94	Unwind@0086ea94
0086EA9F	Unwind@0086ea9f
0086EAAA	Unwind@0086eaaa
0086EAB5	Unwind@0086eab5
0086EAC0	Unwind@0086eac0
0086EACB	Unwind@0086eacb
0086EAD6	Unwind@0086ead6
0086EAE1	Unwind@0086eae1
0086EAEC	Unwind@0086eaec
0086EAF7	Unwind@0086eaf7
0086EB02	Unwind@0086eb02
0086EB0D	Unwind@0086eb0d
0086EB18	Unwind@0086eb18
0086EB23	Unwind@0086eb23
0086EB2E	Unwind@0086eb2e
0086EB39	Unwind@0086eb39
0086EB44	Unwind@0086eb44
0086EB4F	Unwind@0086eb4f
0086EB5A	Unwind@0086eb5a
0086EB65	Unwind@0086eb65
0086EB7D	Unwind@0086eb7d
0086EB88	Unwind@0086eb88
0086EB93	Unwind@0086eb93
0086EB9E	Unwind@0086eb9e
0086EBA9	Unwind@0086eba9
0086EBB4	Unwind@0086ebb4
0086EBBF	Unwind@0086ebbf
0086EBCA	Unwind@0086ebca
0086EBD5	Unwind@0086ebd5
0086EBED	Unwind@0086ebed
0086EBF8	Unwind@0086ebf8
0086EC03	Unwind@0086ec03
0086EC0E	Unwind@0086ec0e
0086EC19	Unwind@0086ec19
0086EC24	Unwind@0086ec24
0086EC32	Unwind@0086ec32
0086EC3D	Unwind@0086ec3d
0086EC48	Unwind@0086ec48
0086EC53	Unwind@0086ec53
0086EC61	Unwind@0086ec61
0086EC6C	Unwind@0086ec6c
0086EC84	Unwind@0086ec84
0086EC8F	Unwind@0086ec8f
0086EC9A	Unwind@0086ec9a
0086ECA5	Unwind@0086eca5
0086ECB0	Unwind@0086ecb0
0086ECBB	Unwind@0086ecbb
0086ECC6	Unwind@0086ecc6
0086ECD1	Unwind@0086ecd1
0086ECDC	Unwind@0086ecdc
0086ECE7	Unwind@0086ece7
0086ECF2	Unwind@0086ecf2
0086ECFD	Unwind@0086ecfd
0086ED08	Unwind@0086ed08
0086ED13	Unwind@0086ed13
0086ED1E	Unwind@0086ed1e
0086ED40	Unwind@0086ed40
0086ED48	Unwind@0086ed48
0086ED50	Unwind@0086ed50
0086ED67	Unwind@0086ed67
0086ED6F	Unwind@0086ed6f
0086ED77	Unwind@0086ed77
0086ED7F	Unwind@0086ed7f
0086ED87	Unwind@0086ed87
0086ED8F	Unwind@0086ed8f
0086EDB0	Unwind@0086edb0
0086EDBB	Unwind@0086edbb
0086EDC6	Unwind@0086edc6
0086EDD1	Unwind@0086edd1
0086EDDC	Unwind@0086eddc
0086EDE7	Unwind@0086ede7
0086EDF2	Unwind@0086edf2
0086EDFD	Unwind@0086edfd
0086EE08	Unwind@0086ee08
0086EE13	Unwind@0086ee13
0086EE1E	Unwind@0086ee1e
0086EE29	Unwind@0086ee29
0086EE3B	Unwind@0086ee3b
0086EE46	Unwind@0086ee46
0086EE51	Unwind@0086ee51
0086EE5C	Unwind@0086ee5c
0086EE67	Unwind@0086ee67
0086EE72	Unwind@0086ee72
0086EE7D	Unwind@0086ee7d
0086EE88	Unwind@0086ee88
0086EE93	Unwind@0086ee93
0086EE9E	Unwind@0086ee9e
0086EEAC	Unwind@0086eeac
0086EEB7	Unwind@0086eeb7
0086EEC2	Unwind@0086eec2
0086EECD	Unwind@0086eecd
0086EEDB	Unwind@0086eedb
0086EEE6	Unwind@0086eee6
0086EEF1	Unwind@0086eef1
0086EEFC	Unwind@0086eefc
0086EF07	Unwind@0086ef07
0086EF12	Unwind@0086ef12
0086EF20	Unwind@0086ef20
0086EF2B	Unwind@0086ef2b
0086EF36	Unwind@0086ef36
0086EF41	Unwind@0086ef41
0086EF4C	Unwind@0086ef4c
0086EF5A	Unwind@0086ef5a
0086EF65	Unwind@0086ef65
0086EF70	Unwind@0086ef70
0086EF7B	Unwind@0086ef7b
0086EF86	Unwind@0086ef86
0086EFA0	Unwind@0086efa0
0086EFAB	Unwind@0086efab
0086EFB6	Unwind@0086efb6
0086EFC1	Unwind@0086efc1
0086EFCC	Unwind@0086efcc
0086EFD7	Unwind@0086efd7
0086EFE2	Unwind@0086efe2
0086EFED	Unwind@0086efed
0086EFF8	Unwind@0086eff8
0086F003	Unwind@0086f003
0086F00E	Unwind@0086f00e
0086F019	Unwind@0086f019
0086F024	Unwind@0086f024
0086F02F	Unwind@0086f02f
0086F03A	Unwind@0086f03a
0086F045	Unwind@0086f045
0086F050	Unwind@0086f050
0086F05B	Unwind@0086f05b
0086F066	Unwind@0086f066
0086F071	Unwind@0086f071
0086F07C	Unwind@0086f07c
0086F087	Unwind@0086f087
0086F092	Unwind@0086f092
0086F09D	Unwind@0086f09d
0086F0A8	Unwind@0086f0a8
0086F0B3	Unwind@0086f0b3
0086F0BE	Unwind@0086f0be
0086F0C9	Unwind@0086f0c9
0086F0D4	Unwind@0086f0d4
0086F0DF	Unwind@0086f0df
0086F0EA	Unwind@0086f0ea
0086F0F5	Unwind@0086f0f5
0086F100	Unwind@0086f100
0086F10B	Unwind@0086f10b
0086F116	Unwind@0086f116
0086F121	Unwind@0086f121
0086F12C	Unwind@0086f12c
0086F137	Unwind@0086f137
0086F142	Unwind@0086f142
0086F14D	Unwind@0086f14d
0086F158	Unwind@0086f158
0086F163	Unwind@0086f163
0086F16E	Unwind@0086f16e
0086F17C	Unwind@0086f17c
0086F18A	Unwind@0086f18a
0086F198	Unwind@0086f198
0086F1AD	Unwind@0086f1ad
0086F1B8	Unwind@0086f1b8
0086F1C3	Unwind@0086f1c3
0086F1CE	Unwind@0086f1ce
0086F1D9	Unwind@0086f1d9
0086F1E4	Unwind@0086f1e4
0086F1EF	Unwind@0086f1ef
0086F1FD	Unwind@0086f1fd
0086F208	Unwind@0086f208
0086F213	Unwind@0086f213
0086F21E	Unwind@0086f21e
0086F229	Unwind@0086f229
0086F234	Unwind@0086f234
0086F242	Unwind@0086f242
0086F24D	Unwind@0086f24d
0086F258	Unwind@0086f258
0086F263	Unwind@0086f263
0086F26E	Unwind@0086f26e
0086F279	Unwind@0086f279
0086F287	Unwind@0086f287
0086F292	Unwind@0086f292
0086F29D	Unwind@0086f29d
0086F2A8	Unwind@0086f2a8
0086F2B3	Unwind@0086f2b3
0086F2BE	Unwind@0086f2be
0086F2CC	Unwind@0086f2cc
0086F2D7	Unwind@0086f2d7
0086F2E2	Unwind@0086f2e2
0086F2ED	Unwind@0086f2ed
0086F2F8	Unwind@0086f2f8
0086F303	Unwind@0086f303
0086F311	Unwind@0086f311
0086F31C	Unwind@0086f31c
0086F327	Unwind@0086f327
0086F332	Unwind@0086f332
0086F33D	Unwind@0086f33d
0086F348	Unwind@0086f348
0086F353	Unwind@0086f353
0086F368	Unwind@0086f368
0086F373	Unwind@0086f373
0086F37E	Unwind@0086f37e
0086F386	Unwind@0086f386
0086F38E	Unwind@0086f38e
0086F396	Unwind@0086f396
0086F39E	Unwind@0086f39e
0086F3A6	Unwind@0086f3a6
0086F3AE	Unwind@0086f3ae
0086F3B6	Unwind@0086f3b6
0086F3BE	Unwind@0086f3be
0086F3C9	Unwind@0086f3c9
0086F3D4	Unwind@0086f3d4
0086F3DF	Unwind@0086f3df
0086F3EA	Unwind@0086f3ea
0086F3F5	Unwind@0086f3f5
0086F3FD	Unwind@0086f3fd
0086F412	Unwind@0086f412
0086F41A	Unwind@0086f41a
0086F422	Unwind@0086f422
0086F42A	Unwind@0086f42a
0086F432	Unwind@0086f432
0086F43A	Unwind@0086f43a
0086F442	Unwind@0086f442
0086F44A	Unwind@0086f44a
0086F460	Unwind@0086f460
0086F475	Unwind@0086f475
0086F480	Unwind@0086f480
0086F488	Unwind@0086f488
0086F490	Unwind@0086f490
0086F498	Unwind@0086f498
0086F4A0	Unwind@0086f4a0
0086F4A8	Unwind@0086f4a8
0086F4B0	Unwind@0086f4b0
0086F4B8	Unwind@0086f4b8
0086F4CA	Unwind@0086f4ca
0086F4D2	Unwind@0086f4d2
0086F4DA	Unwind@0086f4da
0086F4E2	Unwind@0086f4e2
0086F4EA	Unwind@0086f4ea
0086F4F2	Unwind@0086f4f2
0086F4FA	Unwind@0086f4fa
0086F502	Unwind@0086f502
0086F514	Unwind@0086f514
0086F51C	Unwind@0086f51c
0086F524	Unwind@0086f524
0086F52C	Unwind@0086f52c
0086F534	Unwind@0086f534
0086F53C	Unwind@0086f53c
0086F544	Unwind@0086f544
0086F54C	Unwind@0086f54c
0086F55E	Unwind@0086f55e
0086F566	Unwind@0086f566
0086F56E	Unwind@0086f56e
0086F576	Unwind@0086f576
0086F57E	Unwind@0086f57e
0086F586	Unwind@0086f586
0086F58E	Unwind@0086f58e
0086F596	Unwind@0086f596
0086F5B0	Unwind@0086f5b0
0086F5B8	Unwind@0086f5b8
0086F5C0	Unwind@0086f5c0
0086F5C8	Unwind@0086f5c8
0086F5D3	Unwind@0086f5d3
0086F5DB	Unwind@0086f5db
0086F5E6	Unwind@0086f5e6
0086F5EE	Unwind@0086f5ee
0086F5F6	Unwind@0086f5f6
0086F5FE	Unwind@0086f5fe
0086F60F	Unwind@0086f60f
0086F617	Unwind@0086f617
0086F61F	Unwind@0086f61f
0086F627	Unwind@0086f627
0086F62F	Unwind@0086f62f
0086F637	Unwind@0086f637
0086F63F	Unwind@0086f63f
0086F651	Unwind@0086f651
0086F65C	Unwind@0086f65c
0086F667	Unwind@0086f667
0086F672	Unwind@0086f672
0086F689	Unwind@0086f689
0086F694	Unwind@0086f694
0086F69C	Unwind@0086f69c
0086F6B0	Unwind@0086f6b0
0086F6B8	Unwind@0086f6b8
0086F6C3	Unwind@0086f6c3
0086F6CE	Unwind@0086f6ce
0086F6D9	Unwind@0086f6d9
0086F6E4	Unwind@0086f6e4
0086F6EF	Unwind@0086f6ef
0086F710	Unwind@0086f710
0086F71B	Unwind@0086f71b
0086F726	Unwind@0086f726
0086F740	Unwind@0086f740
0086F748	Unwind@0086f748
0086F753	Unwind@0086f753
0086F75E	Unwind@0086f75e
0086F769	Unwind@0086f769
0086F771	Unwind@0086f771
0086F779	Unwind@0086f779
0086F784	Unwind@0086f784
0086F78F	Unwind@0086f78f
0086F7B0	Unwind@0086f7b0
0086F7B8	Unwind@0086f7b8
0086F7C3	Unwind@0086f7c3
0086F7E0	Unwind@0086f7e0
0086F7EB	Unwind@0086f7eb
0086F7F6	Unwind@0086f7f6
0086F810	Unwind@0086f810
0086F818	Unwind@0086f818
0086F823	Unwind@0086f823
0086F840	Unwind@0086f840
0086F84B	Unwind@0086f84b
0086F856	Unwind@0086f856
0086F870	Unwind@0086f870
0086F878	Unwind@0086f878
0086F880	Unwind@0086f880
0086F88B	Unwind@0086f88b
0086F896	Unwind@0086f896
0086F8A1	Unwind@0086f8a1
0086F8AC	Unwind@0086f8ac
0086F8D0	Unwind@0086f8d0
0086F8F0	Unwind@0086f8f0
0086F8FB	Unwind@0086f8fb
0086F910	Unwind@0086f910
0086F930	Unwind@0086f930
0086F950	Unwind@0086f950
0086F961	Unwind@0086f961
0086F969	Unwind@0086f969
0086F971	Unwind@0086f971
0086F979	Unwind@0086f979
0086F984	Unwind@0086f984
0086F9A0	Unwind@0086f9a0
0086F9D0	Unwind@0086f9d0
0086F9D8	Unwind@0086f9d8
0086F9E0	Unwind@0086f9e0
0086F9E8	Unwind@0086f9e8
0086FA00	Unwind@0086fa00
0086FA20	Unwind@0086fa20
0086FA28	Unwind@0086fa28
0086FA30	Unwind@0086fa30
0086FA38	Unwind@0086fa38
0086FA50	Unwind@0086fa50
0086FA70	Unwind@0086fa70
0086FA81	Unwind@0086fa81
0086FA89	Unwind@0086fa89
0086FA94	Unwind@0086fa94
0086FA9F	Unwind@0086fa9f
0086FAA7	Unwind@0086faa7
0086FAAF	Unwind@0086faaf
0086FABA	Unwind@0086faba
0086FAD0	Unwind@0086fad0
0086FAE1	Unwind@0086fae1
0086FAE9	Unwind@0086fae9
0086FAF4	Unwind@0086faf4
0086FAFF	Unwind@0086faff
0086FB07	Unwind@0086fb07
0086FB0F	Unwind@0086fb0f
0086FB1A	Unwind@0086fb1a
0086FB25	Unwind@0086fb25
0086FB30	Unwind@0086fb30
0086FB50	Unwind@0086fb50
0086FB61	Unwind@0086fb61
0086FB6C	Unwind@0086fb6c
0086FB77	Unwind@0086fb77
0086FB7F	Unwind@0086fb7f
0086FB87	Unwind@0086fb87
0086FB92	Unwind@0086fb92
0086FB9D	Unwind@0086fb9d
0086FBA8	Unwind@0086fba8
0086FBC0	Unwind@0086fbc0
0086FBC8	Unwind@0086fbc8
0086FBD3	Unwind@0086fbd3
0086FBDE	Unwind@0086fbde
0086FBE6	Unwind@0086fbe6
0086FBF1	Unwind@0086fbf1
0086FC10	Unwind@0086fc10
0086FC1B	Unwind@0086fc1b
0086FC30	Unwind@0086fc30
0086FC3B	Unwind@0086fc3b
0086FC50	Unwind@0086fc50
0086FC5B	Unwind@0086fc5b
0086FC70	Unwind@0086fc70
0086FC90	Unwind@0086fc90
0086FCD0	Unwind@0086fcd0
0086FCDE	Unwind@0086fcde
0086FCF6	Unwind@0086fcf6
0086FD04	Unwind@0086fd04
0086FD0F	Unwind@0086fd0f
0086FD30	Unwind@0086fd30
0086FD60	Unwind@0086fd60
0086FD68	Unwind@0086fd68
0086FD70	Unwind@0086fd70
0086FD7E	Unwind@0086fd7e
0086FD86	Unwind@0086fd86
0086FD94	Unwind@0086fd94
0086FD9C	Unwind@0086fd9c
0086FDAA	Unwind@0086fdaa
0086FDC2	Unwind@0086fdc2
0086FDD0	Unwind@0086fdd0
0086FDD8	Unwind@0086fdd8
0086FDE6	Unwind@0086fde6
0086FDFE	Unwind@0086fdfe
0086FE06	Unwind@0086fe06
0086FE14	Unwind@0086fe14
0086FE22	Unwind@0086fe22
0086FE30	Unwind@0086fe30
0086FE48	Unwind@0086fe48
0086FE56	Unwind@0086fe56
0086FE64	Unwind@0086fe64
0086FE72	Unwind@0086fe72
0086FE7D	Unwind@0086fe7d
0086FE88	Unwind@0086fe88
0086FE93	Unwind@0086fe93
0086FE9E	Unwind@0086fe9e
0086FEB3	Unwind@0086feb3
0086FEBE	Unwind@0086febe
0086FEC9	Unwind@0086fec9
0086FED1	Unwind@0086fed1
0086FED9	Unwind@0086fed9
0086FEE4	Unwind@0086fee4
0086FEEF	Unwind@0086feef
0086FF04	Unwind@0086ff04
0086FF16	Unwind@0086ff16
0086FF28	Unwind@0086ff28
0086FF33	Unwind@0086ff33
0086FF3E	Unwind@0086ff3e
0086FF49	Unwind@0086ff49
0086FF54	Unwind@0086ff54
0086FF5F	Unwind@0086ff5f
0086FF6A	Unwind@0086ff6a
0086FF75	Unwind@0086ff75
0086FF8A	Unwind@0086ff8a
0086FF9D	Unwind@0086ff9d
0086FFB8	Unwind@0086ffb8
0086FFC3	Unwind@0086ffc3
0086FFCE	Unwind@0086ffce
0086FFD9	Unwind@0086ffd9
0086FFE4	Unwind@0086ffe4
0086FFEF	Unwind@0086ffef
0086FFFA	Unwind@0086fffa
00870005	Unwind@00870005
00870010	Unwind@00870010
0087001B	Unwind@0087001b
00870040	Unwind@00870040
00870060	Unwind@00870060
00870080	Unwind@00870080
008700F0	Unwind@008700f0
008700F8	Unwind@008700f8
00870100	Unwind@00870100
0087010B	Unwind@0087010b
00870119	Unwind@00870119
00870121	Unwind@00870121
0087012F	Unwind@0087012f
00870137	Unwind@00870137
00870145	Unwind@00870145
0087014D	Unwind@0087014d
0087015B	Unwind@0087015b
00870163	Unwind@00870163
00870171	Unwind@00870171
00870179	Unwind@00870179
00870187	Unwind@00870187
0087018F	Unwind@0087018f
00870197	Unwind@00870197
008701A5	Unwind@008701a5
008701AD	Unwind@008701ad
008701B5	Unwind@008701b5
008701C3	Unwind@008701c3
008701D8	Unwind@008701d8
008701E0	Unwind@008701e0
008701EB	Unwind@008701eb
008701F9	Unwind@008701f9
00870207	Unwind@00870207
00870215	Unwind@00870215
00870223	Unwind@00870223
00870231	Unwind@00870231
0087023F	Unwind@0087023f
0087024D	Unwind@0087024d
0087025B	Unwind@0087025b
00870263	Unwind@00870263
0087026B	Unwind@0087026b
00870276	Unwind@00870276
00870281	Unwind@00870281
0087028C	Unwind@0087028c
008702A1	Unwind@008702a1
008702B9	Unwind@008702b9
008702D1	Unwind@008702d1
008702D9	Unwind@008702d9
008702E1	Unwind@008702e1
008702E9	Unwind@008702e9
008702F1	Unwind@008702f1
008702F9	Unwind@008702f9
00870301	Unwind@00870301
00870309	Unwind@00870309
0087031B	Unwind@0087031b
00870326	Unwind@00870326
00870331	Unwind@00870331
0087033C	Unwind@0087033c
00870347	Unwind@00870347
00870352	Unwind@00870352
0087035D	Unwind@0087035d
00870368	Unwind@00870368
0087037D	Unwind@0087037d
00870388	Unwind@00870388
00870393	Unwind@00870393
0087039E	Unwind@0087039e
008703A9	Unwind@008703a9
008703B4	Unwind@008703b4
008703BF	Unwind@008703bf
008703CA	Unwind@008703ca
008703D5	Unwind@008703d5
008703EA	Unwind@008703ea
008703F5	Unwind@008703f5
00870400	Unwind@00870400
0087040B	Unwind@0087040b
00870416	Unwind@00870416
00870421	Unwind@00870421
0087042C	Unwind@0087042c
00870437	Unwind@00870437
0087044C	Unwind@0087044c
00870457	Unwind@00870457
0087045F	Unwind@0087045f
00870467	Unwind@00870467
0087046F	Unwind@0087046f
0087047A	Unwind@0087047a
00870485	Unwind@00870485
0087048D	Unwind@0087048d
00870495	Unwind@00870495
008704A0	Unwind@008704a0
008704A8	Unwind@008704a8
008704B0	Unwind@008704b0
008704B8	Unwind@008704b8
008704D0	Unwind@008704d0
008704D8	Unwind@008704d8
008704F0	Unwind@008704f0
008704F8	Unwind@008704f8
00870510	Unwind@00870510
00870530	Unwind@00870530
00870550	Unwind@00870550
00870570	Unwind@00870570
00870590	Unwind@00870590
008705B0	Unwind@008705b0
008705E0	Unwind@008705e0
00870600	Unwind@00870600
00870630	Unwind@00870630
00870650	Unwind@00870650
00870680	Unwind@00870680
008706A0	Unwind@008706a0
008706C0	Unwind@008706c0
00870720	Unwind@00870720
0087072B	Unwind@0087072b
00870736	Unwind@00870736
00870741	Unwind@00870741
00870756	Unwind@00870756
00870761	Unwind@00870761
0087076C	Unwind@0087076c
00870777	Unwind@00870777
00870782	Unwind@00870782
0087078D	Unwind@0087078d
008707A2	Unwind@008707a2
008707C0	Unwind@008707c0
00870800	Unwind@00870800
00870815	Unwind@00870815
0087082A	Unwind@0087082a
0087083F	Unwind@0087083f
0087084A	Unwind@0087084a
00870862	Unwind@00870862
0087086D	Unwind@0087086d
00870890	Unwind@00870890
00870898	Unwind@00870898
008708A0	Unwind@008708a0
008708A8	Unwind@008708a8
008708BA	Unwind@008708ba
008708C2	Unwind@008708c2
008708CA	Unwind@008708ca
008708D2	Unwind@008708d2
008708E4	Unwind@008708e4
008708F6	Unwind@008708f6
00870908	Unwind@00870908
00870910	Unwind@00870910
00870922	Unwind@00870922
0087092A	Unwind@0087092a
0087093C	Unwind@0087093c
00870944	Unwind@00870944
0087094C	Unwind@0087094c
00870954	Unwind@00870954
00870966	Unwind@00870966
0087096E	Unwind@0087096e
00870976	Unwind@00870976
0087097E	Unwind@0087097e
00870989	Unwind@00870989
0087099E	Unwind@0087099e
008709A6	Unwind@008709a6
008709B1	Unwind@008709b1
008709BC	Unwind@008709bc
008709C4	Unwind@008709c4
008709CF	Unwind@008709cf
008709DA	Unwind@008709da
008709EF	Unwind@008709ef
00870A04	Unwind@00870a04
00870A0F	Unwind@00870a0f
00870A1A	Unwind@00870a1a
00870A25	Unwind@00870a25
00870A30	Unwind@00870a30
00870A3B	Unwind@00870a3b
00870A52	Unwind@00870a52
00870A5D	Unwind@00870a5d
00870A68	Unwind@00870a68
00870A73	Unwind@00870a73
00870A7E	Unwind@00870a7e
00870A89	Unwind@00870a89
00870AA0	Unwind@00870aa0
00870AC0	Unwind@00870ac0
00870AE0	Unwind@00870ae0
00870B10	Unwind@00870b10
00870B21	Unwind@00870b21
00870B29	Unwind@00870b29
00870B31	Unwind@00870b31
00870B50	Unwind@00870b50
00870B58	Unwind@00870b58
00870B60	Unwind@00870b60
00870B80	Unwind@00870b80
00870B91	Unwind@00870b91
00870BB0	Unwind@00870bb0
00870BC1	Unwind@00870bc1
00870BC9	Unwind@00870bc9
00870BE0	Unwind@00870be0
00870BF1	Unwind@00870bf1
00870BF9	Unwind@00870bf9
00870C10	Unwind@00870c10
00870C30	Unwind@00870c30
00870C38	Unwind@00870c38
00870C40	Unwind@00870c40
00870C4E	Unwind@00870c4e
00870C66	Unwind@00870c66
00870C6E	Unwind@00870c6e
00870C7C	Unwind@00870c7c
00870C8A	Unwind@00870c8a
00870C95	Unwind@00870c95
00870CAA	Unwind@00870caa
00870CBF	Unwind@00870cbf
00870CC7	Unwind@00870cc7
00870CD9	Unwind@00870cd9
00870CE1	Unwind@00870ce1
00870CE9	Unwind@00870ce9
00870CF1	Unwind@00870cf1
00870D03	Unwind@00870d03
00870D0B	Unwind@00870d0b
00870D13	Unwind@00870d13
00870D1B	Unwind@00870d1b
00870D2D	Unwind@00870d2d
00870D35	Unwind@00870d35
00870D3D	Unwind@00870d3d
00870D50	Unwind@00870d50
00870D70	Unwind@00870d70
00870DC0	Unwind@00870dc0
00870DC8	Unwind@00870dc8
00870DD0	Unwind@00870dd0
00870DDE	Unwind@00870dde
00870DE6	Unwind@00870de6
00870DF4	Unwind@00870df4
00870DFC	Unwind@00870dfc
00870E0A	Unwind@00870e0a
00870E22	Unwind@00870e22
00870E2A	Unwind@00870e2a
00870E38	Unwind@00870e38
00870E46	Unwind@00870e46
00870E54	Unwind@00870e54
00870E62	Unwind@00870e62
00870E6D	Unwind@00870e6d
00870E78	Unwind@00870e78
00870E83	Unwind@00870e83
00870E98	Unwind@00870e98
00870EA0	Unwind@00870ea0
00870EB2	Unwind@00870eb2
00870EBA	Unwind@00870eba
00870ECC	Unwind@00870ecc
00870ED4	Unwind@00870ed4
00870EDC	Unwind@00870edc
00870EE4	Unwind@00870ee4
00870EEC	Unwind@00870eec
00870EF4	Unwind@00870ef4
00870EFC	Unwind@00870efc
00870F13	Unwind@00870f13
00870F1B	Unwind@00870f1b
00870F23	Unwind@00870f23
00870F2B	Unwind@00870f2b
00870F33	Unwind@00870f33
00870F3B	Unwind@00870f3b
00870F43	Unwind@00870f43
00870F60	Unwind@00870f60
00870F80	Unwind@00870f80
00870FA0	Unwind@00870fa0
00870FC0	Unwind@00870fc0
00871020	Unwind@00871020
0087102B	Unwind@0087102b
00871033	Unwind@00871033
0087103E	Unwind@0087103e
00871049	Unwind@00871049
00871054	Unwind@00871054
00871069	Unwind@00871069
00871074	Unwind@00871074
0087107F	Unwind@0087107f
00871087	Unwind@00871087
00871092	Unwind@00871092
008710A7	Unwind@008710a7
008710BC	Unwind@008710bc
008710E0	Unwind@008710e0
008710E8	Unwind@008710e8
008710F3	Unwind@008710f3
00871110	Unwind@00871110
0087111B	Unwind@0087111b
00871150	Unwind@00871150
00871161	Unwind@00871161
0087117C	Unwind@0087117c
0087118A	Unwind@0087118a
0087119F	Unwind@0087119f
008711B4	Unwind@008711b4
008711BF	Unwind@008711bf
008711D4	Unwind@008711d4
008711DF	Unwind@008711df
008711EA	Unwind@008711ea
008711F5	Unwind@008711f5
00871210	Unwind@00871210
00871230	Unwind@00871230
00871260	Unwind@00871260
0087126B	Unwind@0087126b
00871276	Unwind@00871276
00871281	Unwind@00871281
008712A0	Unwind@008712a0
008712A8	Unwind@008712a8
008712B0	Unwind@008712b0
008712B8	Unwind@008712b8
008712C0	Unwind@008712c0
008712C8	Unwind@008712c8
008712DA	Unwind@008712da
008712E2	Unwind@008712e2
008712EA	Unwind@008712ea
008712F2	Unwind@008712f2
008712FA	Unwind@008712fa
00871302	Unwind@00871302
0087130A	Unwind@0087130a
00871312	Unwind@00871312
0087131A	Unwind@0087131a
00871322	Unwind@00871322
00871343	Unwind@00871343
00871355	Unwind@00871355
00871367	Unwind@00871367
0087136F	Unwind@0087136f
00871377	Unwind@00871377
0087137F	Unwind@0087137f
00871387	Unwind@00871387
0087138F	Unwind@0087138f
008713A6	Unwind@008713a6
008713B8	Unwind@008713b8
008713C0	Unwind@008713c0
008713C8	Unwind@008713c8
008713D0	Unwind@008713d0
008713D8	Unwind@008713d8
008713E0	Unwind@008713e0
008713E8	Unwind@008713e8
008713F0	Unwind@008713f0
00871402	Unwind@00871402
00871414	Unwind@00871414
00871426	Unwind@00871426
0087142E	Unwind@0087142e
00871436	Unwind@00871436
0087143E	Unwind@0087143e
00871446	Unwind@00871446
0087144E	Unwind@0087144e
00871456	Unwind@00871456
0087145E	Unwind@0087145e
00871466	Unwind@00871466
0087146E	Unwind@0087146e
0087148F	Unwind@0087148f
00871497	Unwind@00871497
008714B0	Unwind@008714b0
008714D0	Unwind@008714d0
008714D8	Unwind@008714d8
008714E3	Unwind@008714e3
00871500	Unwind@00871500
00871520	Unwind@00871520
00871531	Unwind@00871531
00871539	Unwind@00871539
00871541	Unwind@00871541
00871560	Unwind@00871560
00871580	Unwind@00871580
008715A0	Unwind@008715a0
008715B1	Unwind@008715b1
008715B9	Unwind@008715b9
008715D0	Unwind@008715d0
008715E1	Unwind@008715e1
008715E9	Unwind@008715e9
00871600	Unwind@00871600
00871611	Unwind@00871611
00871630	Unwind@00871630
00871641	Unwind@00871641
00871649	Unwind@00871649
00871660	Unwind@00871660
00871671	Unwind@00871671
00871679	Unwind@00871679
008716A0	Unwind@008716a0
008716D0	Unwind@008716d0
008716DB	Unwind@008716db
008716E6	Unwind@008716e6
008716EE	Unwind@008716ee
008716F9	Unwind@008716f9
0087170E	Unwind@0087170e
00871719	Unwind@00871719
00871724	Unwind@00871724
0087172C	Unwind@0087172c
00871737	Unwind@00871737
00871750	Unwind@00871750
0087175B	Unwind@0087175b
00871790	Unwind@00871790
008717A2	Unwind@008717a2
008717C0	Unwind@008717c0
008717D2	Unwind@008717d2
008717DA	Unwind@008717da
008717E2	Unwind@008717e2
008717EA	Unwind@008717ea
008717F2	Unwind@008717f2
008717FA	Unwind@008717fa
0087180C	Unwind@0087180c
0087181E	Unwind@0087181e
00871826	Unwind@00871826
0087182E	Unwind@0087182e
00871836	Unwind@00871836
0087183E	Unwind@0087183e
00871846	Unwind@00871846
0087185D	Unwind@0087185d
00871872	Unwind@00871872
0087187A	Unwind@0087187a
00871882	Unwind@00871882
0087188A	Unwind@0087188a
00871892	Unwind@00871892
0087189A	Unwind@0087189a
008718AC	Unwind@008718ac
008718B4	Unwind@008718b4
008718BE	Unwind@008718be
008718C6	Unwind@008718c6
008718CE	Unwind@008718ce
008718D6	Unwind@008718d6
008718DE	Unwind@008718de
008718E6	Unwind@008718e6
00871900	Unwind@00871900
00871908	Unwind@00871908
00871910	Unwind@00871910
00871918	Unwind@00871918
00871930	Unwind@00871930
00871970	Unwind@00871970
0087197B	Unwind@0087197b
00871990	Unwind@00871990
008719B0	Unwind@008719b0
008719F0	Unwind@008719f0
008719F8	Unwind@008719f8
00871A00	Unwind@00871a00
00871A08	Unwind@00871a08
00871A1A	Unwind@00871a1a
00871A25	Unwind@00871a25
00871A30	Unwind@00871a30
00871A3B	Unwind@00871a3b
00871A46	Unwind@00871a46
00871A51	Unwind@00871a51
00871A5C	Unwind@00871a5c
00871A67	Unwind@00871a67
00871A72	Unwind@00871a72
00871A7D	Unwind@00871a7d
00871A88	Unwind@00871a88
00871A93	Unwind@00871a93
00871A9E	Unwind@00871a9e
00871AA9	Unwind@00871aa9
00871AB4	Unwind@00871ab4
00871ABF	Unwind@00871abf
00871ACA	Unwind@00871aca
00871ADF	Unwind@00871adf
00871AE7	Unwind@00871ae7
00871AEF	Unwind@00871aef
00871AF7	Unwind@00871af7
00871AFF	Unwind@00871aff
00871B07	Unwind@00871b07
00871B0F	Unwind@00871b0f
00871B17	Unwind@00871b17
00871B1F	Unwind@00871b1f
00871B27	Unwind@00871b27
00871B2F	Unwind@00871b2f
00871B37	Unwind@00871b37
00871B49	Unwind@00871b49
00871B51	Unwind@00871b51
00871B59	Unwind@00871b59
00871B61	Unwind@00871b61
00871B6C	Unwind@00871b6c
00871B7E	Unwind@00871b7e
00871B86	Unwind@00871b86
00871B8E	Unwind@00871b8e
00871B96	Unwind@00871b96
00871B9E	Unwind@00871b9e
00871BA6	Unwind@00871ba6
00871BAE	Unwind@00871bae
00871BB6	Unwind@00871bb6
00871BBE	Unwind@00871bbe
00871BC6	Unwind@00871bc6
00871BD8	Unwind@00871bd8
00871BE0	Unwind@00871be0
00871BE8	Unwind@00871be8
00871BF0	Unwind@00871bf0
00871BF8	Unwind@00871bf8
00871C00	Unwind@00871c00
00871C08	Unwind@00871c08
00871C1A	Unwind@00871c1a
00871C22	Unwind@00871c22
00871C2A	Unwind@00871c2a
00871C3B	Unwind@00871c3b
00871C43	Unwind@00871c43
00871C4E	Unwind@00871c4e
00871C56	Unwind@00871c56
00871C6D	Unwind@00871c6d
00871C75	Unwind@00871c75
00871C87	Unwind@00871c87
00871C8F	Unwind@00871c8f
00871C97	Unwind@00871c97
00871C9F	Unwind@00871c9f
00871CA7	Unwind@00871ca7
00871CAF	Unwind@00871caf
00871CD0	Unwind@00871cd0
00871CD8	Unwind@00871cd8
00871CE3	Unwind@00871ce3
00871D00	Unwind@00871d00
00871D11	Unwind@00871d11
00871D19	Unwind@00871d19
00871D21	Unwind@00871d21
00871D40	Unwind@00871d40
00871D60	Unwind@00871d60
00871D6B	Unwind@00871d6b
00871D73	Unwind@00871d73
00871D7B	Unwind@00871d7b
00871D83	Unwind@00871d83
00871D8B	Unwind@00871d8b
00871D93	Unwind@00871d93
00871D9B	Unwind@00871d9b
00871DB2	Unwind@00871db2
00871DC4	Unwind@00871dc4
00871DCF	Unwind@00871dcf
00871DDA	Unwind@00871dda
00871DE5	Unwind@00871de5
00871DF0	Unwind@00871df0
00871DFB	Unwind@00871dfb
00871E06	Unwind@00871e06
00871E11	Unwind@00871e11
00871E30	Unwind@00871e30
00871E45	Unwind@00871e45
00871E4D	Unwind@00871e4d
00871E62	Unwind@00871e62
00871E6A	Unwind@00871e6a
00871E80	Unwind@00871e80
00871EA0	Unwind@00871ea0
00871EA8	Unwind@00871ea8
00871EB0	Unwind@00871eb0
00871EBB	Unwind@00871ebb
00871EC3	Unwind@00871ec3
00871ECB	Unwind@00871ecb
00871ED3	Unwind@00871ed3
00871EDE	Unwind@00871ede
00871EF3	Unwind@00871ef3
00871EFB	Unwind@00871efb
00871F03	Unwind@00871f03
00871F0B	Unwind@00871f0b
00871F13	Unwind@00871f13
00871F1B	Unwind@00871f1b
00871F23	Unwind@00871f23
00871F2B	Unwind@00871f2b
00871F33	Unwind@00871f33
00871F3B	Unwind@00871f3b
00871F43	Unwind@00871f43
00871F4B	Unwind@00871f4b
00871F53	Unwind@00871f53
00871F5B	Unwind@00871f5b
00871F63	Unwind@00871f63
00871F6B	Unwind@00871f6b
00871F73	Unwind@00871f73
00871F7B	Unwind@00871f7b
00871F83	Unwind@00871f83
00871F8B	Unwind@00871f8b
00871F93	Unwind@00871f93
00871F9B	Unwind@00871f9b
00871FA3	Unwind@00871fa3
00871FAB	Unwind@00871fab
00871FB3	Unwind@00871fb3
00871FBB	Unwind@00871fbb
00871FC3	Unwind@00871fc3
00871FCB	Unwind@00871fcb
00871FD3	Unwind@00871fd3
00871FDB	Unwind@00871fdb
00871FE3	Unwind@00871fe3
00871FEB	Unwind@00871feb
00871FF3	Unwind@00871ff3
00871FFB	Unwind@00871ffb
0087200D	Unwind@0087200d
00872018	Unwind@00872018
00872026	Unwind@00872026
00872031	Unwind@00872031
0087203F	Unwind@0087203f
0087204A	Unwind@0087204a
00872062	Unwind@00872062
0087206D	Unwind@0087206d
00872078	Unwind@00872078
00872083	Unwind@00872083
0087208E	Unwind@0087208e
00872099	Unwind@00872099
008720A7	Unwind@008720a7
008720B2	Unwind@008720b2
008720BD	Unwind@008720bd
008720C8	Unwind@008720c8
008720D3	Unwind@008720d3
008720DE	Unwind@008720de
008720E6	Unwind@008720e6
008720EE	Unwind@008720ee
008720F6	Unwind@008720f6
00872101	Unwind@00872101
0087210C	Unwind@0087210c
00872117	Unwind@00872117
0087212C	Unwind@0087212c
00872137	Unwind@00872137
0087213F	Unwind@0087213f
00872147	Unwind@00872147
0087214F	Unwind@0087214f
0087215A	Unwind@0087215a
00872162	Unwind@00872162
0087216A	Unwind@0087216a
00872172	Unwind@00872172
0087217A	Unwind@0087217a
00872188	Unwind@00872188
00872193	Unwind@00872193
008721AB	Unwind@008721ab
008721B3	Unwind@008721b3
008721BB	Unwind@008721bb
008721C3	Unwind@008721c3
008721CB	Unwind@008721cb
008721D3	Unwind@008721d3
008721DE	Unwind@008721de
008721E9	Unwind@008721e9
008721FE	Unwind@008721fe
00872206	Unwind@00872206
0087220E	Unwind@0087220e
00872216	Unwind@00872216
0087221E	Unwind@0087221e
00872226	Unwind@00872226
0087222E	Unwind@0087222e
00872236	Unwind@00872236
0087223E	Unwind@0087223e
00872246	Unwind@00872246
00872251	Unwind@00872251
0087225C	Unwind@0087225c
00872267	Unwind@00872267
00872290	Unwind@00872290
00872298	Unwind@00872298
008722A0	Unwind@008722a0
008722A8	Unwind@008722a8
008722B3	Unwind@008722b3
008722C8	Unwind@008722c8
008722D0	Unwind@008722d0
008722DB	Unwind@008722db
008722E6	Unwind@008722e6
008722F1	Unwind@008722f1
008722FC	Unwind@008722fc
00872311	Unwind@00872311
0087231C	Unwind@0087231c
00872324	Unwind@00872324
0087232C	Unwind@0087232c
00872334	Unwind@00872334
0087233F	Unwind@0087233f
00872354	Unwind@00872354
0087235C	Unwind@0087235c
00872364	Unwind@00872364
0087236C	Unwind@0087236c
00872374	Unwind@00872374
0087237C	Unwind@0087237c
00872384	Unwind@00872384
00872396	Unwind@00872396
0087239E	Unwind@0087239e
008723A6	Unwind@008723a6
008723B8	Unwind@008723b8
008723C0	Unwind@008723c0
008723C8	Unwind@008723c8
008723E0	Unwind@008723e0
00872400	Unwind@00872400
00872420	Unwind@00872420
00872428	Unwind@00872428
00872430	Unwind@00872430
00872441	Unwind@00872441
00872456	Unwind@00872456
0087245E	Unwind@0087245e
00872469	Unwind@00872469
00872474	Unwind@00872474
0087247F	Unwind@0087247f
0087248A	Unwind@0087248a
00872492	Unwind@00872492
0087249A	Unwind@0087249a
008724A2	Unwind@008724a2
008724AA	Unwind@008724aa
008724B2	Unwind@008724b2
008724BA	Unwind@008724ba
008724C2	Unwind@008724c2
008724CA	Unwind@008724ca
008724D2	Unwind@008724d2
008724DA	Unwind@008724da
008724E2	Unwind@008724e2
008724F4	Unwind@008724f4
008724FC	Unwind@008724fc
00872504	Unwind@00872504
0087250C	Unwind@0087250c
00872517	Unwind@00872517
0087251F	Unwind@0087251f
00872527	Unwind@00872527
00872532	Unwind@00872532
0087253D	Unwind@0087253d
00872545	Unwind@00872545
0087254D	Unwind@0087254d
00872558	Unwind@00872558
00872560	Unwind@00872560
00872568	Unwind@00872568
00872570	Unwind@00872570
00872578	Unwind@00872578
00872580	Unwind@00872580
00872592	Unwind@00872592
0087259A	Unwind@0087259a
008725A5	Unwind@008725a5
008725B0	Unwind@008725b0
008725BB	Unwind@008725bb
008725C6	Unwind@008725c6
008725D1	Unwind@008725d1
008725DC	Unwind@008725dc
008725F1	Unwind@008725f1
008725F9	Unwind@008725f9
00872601	Unwind@00872601
00872609	Unwind@00872609
00872611	Unwind@00872611
00872623	Unwind@00872623
0087262B	Unwind@0087262b
0087263D	Unwind@0087263d
0087264F	Unwind@0087264f
00872657	Unwind@00872657
00872669	Unwind@00872669
00872671	Unwind@00872671
00872679	Unwind@00872679
00872681	Unwind@00872681
00872689	Unwind@00872689
00872691	Unwind@00872691
00872699	Unwind@00872699
008726A1	Unwind@008726a1
008726A9	Unwind@008726a9
008726B1	Unwind@008726b1
008726B9	Unwind@008726b9
008726C1	Unwind@008726c1
008726E0	Unwind@008726e0
00872700	Unwind@00872700
00872720	Unwind@00872720
00872728	Unwind@00872728
00872733	Unwind@00872733
00872750	Unwind@00872750
00872761	Unwind@00872761
00872780	Unwind@00872780
008727A0	Unwind@008727a0
008727C0	Unwind@008727c0
008727D1	Unwind@008727d1
008727D9	Unwind@008727d9
008727E4	Unwind@008727e4
008727EC	Unwind@008727ec
00872810	Unwind@00872810
00872821	Unwind@00872821
00872829	Unwind@00872829
00872834	Unwind@00872834
0087283C	Unwind@0087283c
00872860	Unwind@00872860
00872868	Unwind@00872868
00872873	Unwind@00872873
008728B0	Unwind@008728b0
008728BB	Unwind@008728bb
008728C9	Unwind@008728c9
008728D7	Unwind@008728d7
008728E2	Unwind@008728e2
008728F3	Unwind@008728f3
008728FE	Unwind@008728fe
0087290F	Unwind@0087290f
0087291A	Unwind@0087291a
0087292B	Unwind@0087292b
00872936	Unwind@00872936
00872947	Unwind@00872947
00872952	Unwind@00872952
00872963	Unwind@00872963
0087296E	Unwind@0087296e
0087297F	Unwind@0087297f
0087298A	Unwind@0087298a
0087299B	Unwind@0087299b
008729A6	Unwind@008729a6
008729B7	Unwind@008729b7
008729C2	Unwind@008729c2
008729D3	Unwind@008729d3
008729DE	Unwind@008729de
008729EF	Unwind@008729ef
008729FA	Unwind@008729fa
00872A0B	Unwind@00872a0b
00872A1C	Unwind@00872a1c
00872A2D	Unwind@00872a2d
00872A3E	Unwind@00872a3e
00872A49	Unwind@00872a49
00872A5E	Unwind@00872a5e
00872A69	Unwind@00872a69
00872A74	Unwind@00872a74
00872A82	Unwind@00872a82
00872A90	Unwind@00872a90
00872A9E	Unwind@00872a9e
00872AAC	Unwind@00872aac
00872ABA	Unwind@00872aba
00872AC8	Unwind@00872ac8
00872AD6	Unwind@00872ad6
00872AE4	Unwind@00872ae4
00872AF2	Unwind@00872af2
00872B00	Unwind@00872b00
00872B0E	Unwind@00872b0e
00872B1C	Unwind@00872b1c
00872B2A	Unwind@00872b2a
00872B38	Unwind@00872b38
00872B40	Unwind@00872b40
00872B48	Unwind@00872b48
00872B50	Unwind@00872b50
00872B58	Unwind@00872b58
00872B60	Unwind@00872b60
00872B68	Unwind@00872b68
00872B70	Unwind@00872b70
00872B78	Unwind@00872b78
00872B80	Unwind@00872b80
00872B88	Unwind@00872b88
00872B90	Unwind@00872b90
00872B9B	Unwind@00872b9b
00872BA3	Unwind@00872ba3
00872BAB	Unwind@00872bab
00872BB3	Unwind@00872bb3
00872BBB	Unwind@00872bbb
00872BC3	Unwind@00872bc3
00872BD5	Unwind@00872bd5
00872BDD	Unwind@00872bdd
00872BEF	Unwind@00872bef
00872C01	Unwind@00872c01
00872C16	Unwind@00872c16
00872C28	Unwind@00872c28
00872C3A	Unwind@00872c3a
00872C42	Unwind@00872c42
00872C4A	Unwind@00872c4a
00872C5C	Unwind@00872c5c
00872C64	Unwind@00872c64
00872C6C	Unwind@00872c6c
00872C74	Unwind@00872c74
00872C86	Unwind@00872c86
00872C8E	Unwind@00872c8e
00872C96	Unwind@00872c96
00872C9E	Unwind@00872c9e
00872CA6	Unwind@00872ca6
00872CAE	Unwind@00872cae
00872CC0	Unwind@00872cc0
00872CC8	Unwind@00872cc8
00872CD0	Unwind@00872cd0
00872CE2	Unwind@00872ce2
00872CEA	Unwind@00872cea
00872CF2	Unwind@00872cf2
00872D04	Unwind@00872d04
00872D20	Unwind@00872d20
00872D28	Unwind@00872d28
00872D30	Unwind@00872d30
00872D3B	Unwind@00872d3b
00872D46	Unwind@00872d46
00872D4E	Unwind@00872d4e
00872D60	Unwind@00872d60
00872D68	Unwind@00872d68
00872D73	Unwind@00872d73
00872D90	Unwind@00872d90
00872D98	Unwind@00872d98
00872DB0	Unwind@00872db0
00872DB8	Unwind@00872db8
00872DD0	Unwind@00872dd0
00872DD8	Unwind@00872dd8
00872DE3	Unwind@00872de3
00872E00	Unwind@00872e00
00872E08	Unwind@00872e08
00872E13	Unwind@00872e13
00872E30	Unwind@00872e30
00872E50	Unwind@00872e50
00872E70	Unwind@00872e70
00872E7B	Unwind@00872e7b
00872EB0	Unwind@00872eb0
00872ED0	Unwind@00872ed0
00872EDB	Unwind@00872edb
00872EE6	Unwind@00872ee6
00872EEE	Unwind@00872eee
00872EF9	Unwind@00872ef9
00872F04	Unwind@00872f04
00872F0F	Unwind@00872f0f
00872F1A	Unwind@00872f1a
00872F22	Unwind@00872f22
00872F2D	Unwind@00872f2d
00872F3F	Unwind@00872f3f
00872F47	Unwind@00872f47
00872F4F	Unwind@00872f4f
00872F57	Unwind@00872f57
00872F5F	Unwind@00872f5f
00872F6A	Unwind@00872f6a
00872F72	Unwind@00872f72
00872F7A	Unwind@00872f7a
00872F82	Unwind@00872f82
00872F8A	Unwind@00872f8a
00872F92	Unwind@00872f92
00872F9A	Unwind@00872f9a
00872FA2	Unwind@00872fa2
00872FB4	Unwind@00872fb4
00872FBC	Unwind@00872fbc
00872FC7	Unwind@00872fc7
00872FCF	Unwind@00872fcf
00872FD7	Unwind@00872fd7
00872FE2	Unwind@00872fe2
00872FEA	Unwind@00872fea
00872FF2	Unwind@00872ff2
00872FFA	Unwind@00872ffa
00873002	Unwind@00873002
0087300D	Unwind@0087300d
00873015	Unwind@00873015
0087301D	Unwind@0087301d
00873025	Unwind@00873025
00873030	Unwind@00873030
00873038	Unwind@00873038
00873040	Unwind@00873040
00873052	Unwind@00873052
0087305A	Unwind@0087305a
00873062	Unwind@00873062
0087306A	Unwind@0087306a
00873072	Unwind@00873072
00873084	Unwind@00873084
00873096	Unwind@00873096
008730A8	Unwind@008730a8
008730C0	Unwind@008730c0
008730D5	Unwind@008730d5
008730E0	Unwind@008730e0
008730EB	Unwind@008730eb
008730F6	Unwind@008730f6
00873101	Unwind@00873101
0087310C	Unwind@0087310c
00873121	Unwind@00873121
00873133	Unwind@00873133
00873145	Unwind@00873145
00873160	Unwind@00873160
00873172	Unwind@00873172
0087317A	Unwind@0087317a
00873182	Unwind@00873182
0087318A	Unwind@0087318a
00873192	Unwind@00873192
0087319A	Unwind@0087319a
008731A2	Unwind@008731a2
008731AA	Unwind@008731aa
008731B2	Unwind@008731b2
008731BA	Unwind@008731ba
008731C2	Unwind@008731c2
008731D4	Unwind@008731d4
008731DC	Unwind@008731dc
008731E4	Unwind@008731e4
008731EC	Unwind@008731ec
008731F4	Unwind@008731f4
008731FC	Unwind@008731fc
00873204	Unwind@00873204
0087320C	Unwind@0087320c
00873214	Unwind@00873214
0087321C	Unwind@0087321c
00873224	Unwind@00873224
0087322C	Unwind@0087322c
00873234	Unwind@00873234
0087323C	Unwind@0087323c
00873244	Unwind@00873244
0087324C	Unwind@0087324c
00873254	Unwind@00873254
0087325C	Unwind@0087325c
00873264	Unwind@00873264
0087326C	Unwind@0087326c
00873274	Unwind@00873274
00873286	Unwind@00873286
0087328E	Unwind@0087328e
00873296	Unwind@00873296
0087329E	Unwind@0087329e
008732A6	Unwind@008732a6
008732AE	Unwind@008732ae
008732B6	Unwind@008732b6
008732BE	Unwind@008732be
008732D0	Unwind@008732d0
008732D8	Unwind@008732d8
008732E0	Unwind@008732e0
008732E8	Unwind@008732e8
008732F0	Unwind@008732f0
008732F8	Unwind@008732f8
00873300	Unwind@00873300
00873308	Unwind@00873308
00873310	Unwind@00873310
00873318	Unwind@00873318
00873320	Unwind@00873320
00873332	Unwind@00873332
0087333A	Unwind@0087333a
00873342	Unwind@00873342
0087334A	Unwind@0087334a
0087335C	Unwind@0087335c
0087336E	Unwind@0087336e
00873380	Unwind@00873380
00873388	Unwind@00873388
00873390	Unwind@00873390
008733A2	Unwind@008733a2
008733C0	Unwind@008733c0
008733C8	Unwind@008733c8
008733D0	Unwind@008733d0
008733D8	Unwind@008733d8
008733E0	Unwind@008733e0
008733E8	Unwind@008733e8
008733F0	Unwind@008733f0
008733F8	Unwind@008733f8
00873400	Unwind@00873400
00873408	Unwind@00873408
00873410	Unwind@00873410
00873418	Unwind@00873418
00873420	Unwind@00873420
00873428	Unwind@00873428
00873430	Unwind@00873430
00873438	Unwind@00873438
00873440	Unwind@00873440
00873448	Unwind@00873448
00873450	Unwind@00873450
00873458	Unwind@00873458
00873460	Unwind@00873460
00873468	Unwind@00873468
00873470	Unwind@00873470
00873478	Unwind@00873478
00873480	Unwind@00873480
00873488	Unwind@00873488
00873490	Unwind@00873490
00873498	Unwind@00873498
008734A0	Unwind@008734a0
008734A8	Unwind@008734a8
008734B0	Unwind@008734b0
008734B8	Unwind@008734b8
008734C0	Unwind@008734c0
008734C8	Unwind@008734c8
008734D0	Unwind@008734d0
008734D8	Unwind@008734d8
008734E0	Unwind@008734e0
008734E8	Unwind@008734e8
008734F0	Unwind@008734f0
008734F8	Unwind@008734f8
00873500	Unwind@00873500
00873508	Unwind@00873508
00873510	Unwind@00873510
00873518	Unwind@00873518
00873520	Unwind@00873520
00873528	Unwind@00873528
00873530	Unwind@00873530
00873538	Unwind@00873538
00873540	Unwind@00873540
00873548	Unwind@00873548
00873550	Unwind@00873550
00873558	Unwind@00873558
00873560	Unwind@00873560
00873568	Unwind@00873568
00873570	Unwind@00873570
00873578	Unwind@00873578
00873580	Unwind@00873580
00873588	Unwind@00873588
00873590	Unwind@00873590
00873598	Unwind@00873598
008735A0	Unwind@008735a0
008735A8	Unwind@008735a8
008735B0	Unwind@008735b0
008735B8	Unwind@008735b8
008735C0	Unwind@008735c0
008735C8	Unwind@008735c8
008735D0	Unwind@008735d0
008735D8	Unwind@008735d8
008735E0	Unwind@008735e0
008735E8	Unwind@008735e8
008735F0	Unwind@008735f0
008735F8	Unwind@008735f8
00873600	Unwind@00873600
00873608	Unwind@00873608
00873610	Unwind@00873610
00873618	Unwind@00873618
00873620	Unwind@00873620
00873628	Unwind@00873628
00873630	Unwind@00873630
00873638	Unwind@00873638
00873640	Unwind@00873640
00873648	Unwind@00873648
00873650	Unwind@00873650
00873658	Unwind@00873658
00873660	Unwind@00873660
00873668	Unwind@00873668
00873670	Unwind@00873670
00873678	Unwind@00873678
00873680	Unwind@00873680
00873688	Unwind@00873688
00873690	Unwind@00873690
00873698	Unwind@00873698
008736A0	Unwind@008736a0
008736A8	Unwind@008736a8
008736B0	Unwind@008736b0
008736B8	Unwind@008736b8
008736C0	Unwind@008736c0
008736C8	Unwind@008736c8
008736D0	Unwind@008736d0
008736D8	Unwind@008736d8
008736E0	Unwind@008736e0
008736E8	Unwind@008736e8
008736F0	Unwind@008736f0
008736F8	Unwind@008736f8
00873700	Unwind@00873700
00873708	Unwind@00873708
00873710	Unwind@00873710
00873718	Unwind@00873718
00873720	Unwind@00873720
00873728	Unwind@00873728
00873730	Unwind@00873730
00873738	Unwind@00873738
00873740	Unwind@00873740
00873748	Unwind@00873748
00873750	Unwind@00873750
00873758	Unwind@00873758
00873760	Unwind@00873760
00873768	Unwind@00873768
00873770	Unwind@00873770
00873778	Unwind@00873778
00873780	Unwind@00873780
00873788	Unwind@00873788
00873790	Unwind@00873790
00873798	Unwind@00873798
008737A0	Unwind@008737a0
008737A8	Unwind@008737a8
008737B0	Unwind@008737b0
008737B8	Unwind@008737b8
008737C0	Unwind@008737c0
008737C8	Unwind@008737c8
008737D0	Unwind@008737d0
008737D8	Unwind@008737d8
008737E0	Unwind@008737e0
008737E8	Unwind@008737e8
008737F0	Unwind@008737f0
008737F8	Unwind@008737f8
00873800	Unwind@00873800
00873808	Unwind@00873808
00873810	Unwind@00873810
00873818	Unwind@00873818
00873820	Unwind@00873820
00873828	Unwind@00873828
00873830	Unwind@00873830
00873850	Unwind@00873850
00873861	Unwind@00873861
00873869	Unwind@00873869
00873880	Unwind@00873880
00873891	Unwind@00873891
00873899	Unwind@00873899
008738AA	Unwind@008738aa
008738B2	Unwind@008738b2
008738BA	Unwind@008738ba
008738C2	Unwind@008738c2
008738E0	Unwind@008738e0
008738F1	Unwind@008738f1
008738F9	Unwind@008738f9
00873910	Unwind@00873910
00873921	Unwind@00873921
00873929	Unwind@00873929
00873940	Unwind@00873940
00873951	Unwind@00873951
00873959	Unwind@00873959
00873970	Unwind@00873970
00873978	Unwind@00873978
00873983	Unwind@00873983
0087398B	Unwind@0087398b
00873993	Unwind@00873993
0087399B	Unwind@0087399b
008739A6	Unwind@008739a6
008739AE	Unwind@008739ae
008739B6	Unwind@008739b6
008739C1	Unwind@008739c1
008739E0	Unwind@008739e0
008739E8	Unwind@008739e8
008739F0	Unwind@008739f0
008739F8	Unwind@008739f8
00873A10	Unwind@00873a10
00873A1B	Unwind@00873a1b
00873A26	Unwind@00873a26
00873A31	Unwind@00873a31
00873A3C	Unwind@00873a3c
00873A47	Unwind@00873a47
00873A52	Unwind@00873a52
00873A5D	Unwind@00873a5d
00873A80	Unwind@00873a80
00873A88	Unwind@00873a88
00873A96	Unwind@00873a96
00873AAE	Unwind@00873aae
00873ABC	Unwind@00873abc
00873AD7	Unwind@00873ad7
00873AEC	Unwind@00873aec
00873AF4	Unwind@00873af4
00873B02	Unwind@00873b02
00873B1A	Unwind@00873b1a
00873B28	Unwind@00873b28
00873B4D	Unwind@00873b4d
00873B62	Unwind@00873b62
00873B7A	Unwind@00873b7a
00873B82	Unwind@00873b82
00873B8A	Unwind@00873b8a
00873B9C	Unwind@00873b9c
00873BA4	Unwind@00873ba4
00873BAC	Unwind@00873bac
00873BB7	Unwind@00873bb7
00873BBF	Unwind@00873bbf
00873BC7	Unwind@00873bc7
00873BD2	Unwind@00873bd2
00873BDA	Unwind@00873bda
00873BE2	Unwind@00873be2
00873BEA	Unwind@00873bea
00873BF2	Unwind@00873bf2
00873BFD	Unwind@00873bfd
00873C05	Unwind@00873c05
00873C0D	Unwind@00873c0d
00873C1F	Unwind@00873c1f
00873C27	Unwind@00873c27
00873C2F	Unwind@00873c2f
00873C41	Unwind@00873c41
00873C4C	Unwind@00873c4c
00873C57	Unwind@00873c57
00873C5F	Unwind@00873c5f
00873C74	Unwind@00873c74
00873C7F	Unwind@00873c7f
00873C8A	Unwind@00873c8a
00873C95	Unwind@00873c95
00873CA0	Unwind@00873ca0
00873CAB	Unwind@00873cab
00873CC0	Unwind@00873cc0
00873CC8	Unwind@00873cc8
00873CD0	Unwind@00873cd0
00873CD8	Unwind@00873cd8
00873CE0	Unwind@00873ce0
00873CE8	Unwind@00873ce8
00873CF0	Unwind@00873cf0
00873D10	Unwind@00873d10
00873D18	Unwind@00873d18
00873D30	Unwind@00873d30
00873D38	Unwind@00873d38
00873D40	Unwind@00873d40
00873D48	Unwind@00873d48
00873D50	Unwind@00873d50
00873D58	Unwind@00873d58
00873D60	Unwind@00873d60
00873D80	Unwind@00873d80
00873DA0	Unwind@00873da0
00873DC0	Unwind@00873dc0
00873DC8	Unwind@00873dc8
00873DD6	Unwind@00873dd6
00873DE4	Unwind@00873de4
00873DFF	Unwind@00873dff
00873E1A	Unwind@00873e1a
00873E28	Unwind@00873e28
00873E40	Unwind@00873e40
00873E48	Unwind@00873e48
00873E56	Unwind@00873e56
00873E64	Unwind@00873e64
00873E7F	Unwind@00873e7f
00873E9A	Unwind@00873e9a
00873EB2	Unwind@00873eb2
00873EBA	Unwind@00873eba
00873EC5	Unwind@00873ec5
00873ED0	Unwind@00873ed0
00873ED8	Unwind@00873ed8
00873EE0	Unwind@00873ee0
00873EF8	Unwind@00873ef8
00873F00	Unwind@00873f00
00873F08	Unwind@00873f08
00873F1A	Unwind@00873f1a
00873F2C	Unwind@00873f2c
00873F34	Unwind@00873f34
00873F3C	Unwind@00873f3c
00873F44	Unwind@00873f44
00873F4C	Unwind@00873f4c
00873F54	Unwind@00873f54
00873F5C	Unwind@00873f5c
00873F64	Unwind@00873f64
00873F6C	Unwind@00873f6c
00873F74	Unwind@00873f74
00873F7C	Unwind@00873f7c
00873F84	Unwind@00873f84
00873F8C	Unwind@00873f8c
00873F94	Unwind@00873f94
00873FA6	Unwind@00873fa6
00873FAE	Unwind@00873fae
00873FC0	Unwind@00873fc0
00873FC8	Unwind@00873fc8
00873FDA	Unwind@00873fda
00873FE5	Unwind@00873fe5
00873FED	Unwind@00873fed
00873FF5	Unwind@00873ff5
00873FFD	Unwind@00873ffd
00874008	Unwind@00874008
00874013	Unwind@00874013
0087401E	Unwind@0087401e
00874029	Unwind@00874029
00874034	Unwind@00874034
0087403F	Unwind@0087403f
00874047	Unwind@00874047
0087404F	Unwind@0087404f
00874057	Unwind@00874057
00874062	Unwind@00874062
0087406A	Unwind@0087406a
0087407F	Unwind@0087407f
0087408A	Unwind@0087408a
00874095	Unwind@00874095
008740B0	Unwind@008740b0
008740C2	Unwind@008740c2
008740CA	Unwind@008740ca
008740D2	Unwind@008740d2
008740E4	Unwind@008740e4
008740EC	Unwind@008740ec
008740F4	Unwind@008740f4
008740FC	Unwind@008740fc
00874104	Unwind@00874104
0087410C	Unwind@0087410c
00874114	Unwind@00874114
0087411C	Unwind@0087411c
00874124	Unwind@00874124
00874136	Unwind@00874136
0087413E	Unwind@0087413e
00874146	Unwind@00874146
0087414E	Unwind@0087414e
00874156	Unwind@00874156
0087415E	Unwind@0087415e
00874166	Unwind@00874166
00874174	Unwind@00874174
0087418C	Unwind@0087418c
00874197	Unwind@00874197
008741A2	Unwind@008741a2
008741C0	Unwind@008741c0
008741C8	Unwind@008741c8
008741DD	Unwind@008741dd
008741EF	Unwind@008741ef
00874201	Unwind@00874201
0087420C	Unwind@0087420c
00874230	Unwind@00874230
00874250	Unwind@00874250
00874258	Unwind@00874258
00874270	Unwind@00874270
00874288	Unwind@00874288
00874296	Unwind@00874296
008742AE	Unwind@008742ae
008742B6	Unwind@008742b6
008742CE	Unwind@008742ce
008742E6	Unwind@008742e6
008742F4	Unwind@008742f4
00874302	Unwind@00874302
00874317	Unwind@00874317
0087431F	Unwind@0087431f
00874327	Unwind@00874327
0087432F	Unwind@0087432f
00874337	Unwind@00874337
0087433F	Unwind@0087433f
00874347	Unwind@00874347
0087434F	Unwind@0087434f
00874357	Unwind@00874357
00874369	Unwind@00874369
00874374	Unwind@00874374
0087437F	Unwind@0087437f
0087438A	Unwind@0087438a
00874395	Unwind@00874395
008743A0	Unwind@008743a0
008743AB	Unwind@008743ab
008743C0	Unwind@008743c0
008743E0	Unwind@008743e0
008743E8	Unwind@008743e8
00874403	Unwind@00874403
0087441E	Unwind@0087441e
00874436	Unwind@00874436
00874458	Unwind@00874458
00874460	Unwind@00874460
0087447B	Unwind@0087447b
00874496	Unwind@00874496
008744B8	Unwind@008744b8
008744C3	Unwind@008744c3
008744CE	Unwind@008744ce
008744D9	Unwind@008744d9
008744E4	Unwind@008744e4
008744EF	Unwind@008744ef
008744FA	Unwind@008744fa
00874505	Unwind@00874505
0087451A	Unwind@0087451a
00874525	Unwind@00874525
00874530	Unwind@00874530
0087453B	Unwind@0087453b
00874546	Unwind@00874546
00874560	Unwind@00874560
00874568	Unwind@00874568
00874573	Unwind@00874573
00874590	Unwind@00874590
00874598	Unwind@00874598
008745A0	Unwind@008745a0
008745A8	Unwind@008745a8
008745B9	Unwind@008745b9
008745D0	Unwind@008745d0
008745F0	Unwind@008745f0
00874610	Unwind@00874610
00874630	Unwind@00874630
00874660	Unwind@00874660
00874668	Unwind@00874668
00874670	Unwind@00874670
00874690	Unwind@00874690
008746B0	Unwind@008746b0
008746E0	Unwind@008746e0
008746F1	Unwind@008746f1
00874710	Unwind@00874710
00874721	Unwind@00874721
00874729	Unwind@00874729
00874734	Unwind@00874734
0087473C	Unwind@0087473c
00874760	Unwind@00874760
00874771	Unwind@00874771
00874779	Unwind@00874779
00874784	Unwind@00874784
0087478C	Unwind@0087478c
008747B0	Unwind@008747b0
008747B8	Unwind@008747b8
008747C3	Unwind@008747c3
008747E0	Unwind@008747e0
008747E8	Unwind@008747e8
008747F3	Unwind@008747f3
00874820	Unwind@00874820
00874828	Unwind@00874828
00874836	Unwind@00874836
0087484E	Unwind@0087484e
00874856	Unwind@00874856
00874864	Unwind@00874864
0087487C	Unwind@0087487c
00874887	Unwind@00874887
00874892	Unwind@00874892
0087489D	Unwind@0087489d
008748A8	Unwind@008748a8
008748B3	Unwind@008748b3
008748BE	Unwind@008748be
008748C9	Unwind@008748c9
008748D7	Unwind@008748d7
008748E2	Unwind@008748e2
008748ED	Unwind@008748ed
008748F8	Unwind@008748f8
00874903	Unwind@00874903
0087490E	Unwind@0087490e
0087491C	Unwind@0087491c
0087492A	Unwind@0087492a
00874938	Unwind@00874938
00874943	Unwind@00874943
0087494E	Unwind@0087494e
00874959	Unwind@00874959
00874964	Unwind@00874964
0087496F	Unwind@0087496f
0087497D	Unwind@0087497d
00874985	Unwind@00874985
00874990	Unwind@00874990
0087499B	Unwind@0087499b
008749A3	Unwind@008749a3
008749AB	Unwind@008749ab
008749B9	Unwind@008749b9
008749C1	Unwind@008749c1
008749CC	Unwind@008749cc
008749D7	Unwind@008749d7
008749DF	Unwind@008749df
008749E7	Unwind@008749e7
008749FF	Unwind@008749ff
00874A07	Unwind@00874a07
00874A0F	Unwind@00874a0f
00874A17	Unwind@00874a17
00874A1F	Unwind@00874a1f
00874A27	Unwind@00874a27
00874A2F	Unwind@00874a2f
00874A37	Unwind@00874a37
00874A3F	Unwind@00874a3f
00874A47	Unwind@00874a47
00874A4F	Unwind@00874a4f
00874A61	Unwind@00874a61
00874A6C	Unwind@00874a6c
00874A77	Unwind@00874a77
00874A82	Unwind@00874a82
00874A8D	Unwind@00874a8d
00874A98	Unwind@00874a98
00874AA3	Unwind@00874aa3
00874AAE	Unwind@00874aae
00874AB9	Unwind@00874ab9
00874AC4	Unwind@00874ac4
00874ACF	Unwind@00874acf
00874AE4	Unwind@00874ae4
00874AEF	Unwind@00874aef
00874AFA	Unwind@00874afa
00874B05	Unwind@00874b05
00874B10	Unwind@00874b10
00874B1B	Unwind@00874b1b
00874B26	Unwind@00874b26
00874B31	Unwind@00874b31
00874B3C	Unwind@00874b3c
00874B47	Unwind@00874b47
00874B52	Unwind@00874b52
00874B5D	Unwind@00874b5d
00874B68	Unwind@00874b68
00874B7D	Unwind@00874b7d
00874B88	Unwind@00874b88
00874B93	Unwind@00874b93
00874B9E	Unwind@00874b9e
00874BA9	Unwind@00874ba9
00874BB4	Unwind@00874bb4
00874BBF	Unwind@00874bbf
00874BCA	Unwind@00874bca
00874BD5	Unwind@00874bd5
00874BE0	Unwind@00874be0
00874BEB	Unwind@00874beb
00874BF6	Unwind@00874bf6
00874C01	Unwind@00874c01
00874C16	Unwind@00874c16
00874C21	Unwind@00874c21
00874C2C	Unwind@00874c2c
00874C37	Unwind@00874c37
00874C42	Unwind@00874c42
00874C4D	Unwind@00874c4d
00874C58	Unwind@00874c58
00874C63	Unwind@00874c63
00874C6E	Unwind@00874c6e
00874C79	Unwind@00874c79
00874C8E	Unwind@00874c8e
00874C99	Unwind@00874c99
00874CA4	Unwind@00874ca4
00874CAF	Unwind@00874caf
00874CBA	Unwind@00874cba
00874CC5	Unwind@00874cc5
00874CD0	Unwind@00874cd0
00874CDB	Unwind@00874cdb
00874CE6	Unwind@00874ce6
00874CF1	Unwind@00874cf1
00874CFC	Unwind@00874cfc
00874D07	Unwind@00874d07
00874D12	Unwind@00874d12
00874D27	Unwind@00874d27
00874D32	Unwind@00874d32
00874D3D	Unwind@00874d3d
00874D48	Unwind@00874d48
00874D53	Unwind@00874d53
00874D5E	Unwind@00874d5e
00874D69	Unwind@00874d69
00874D74	Unwind@00874d74
00874D7F	Unwind@00874d7f
00874D8A	Unwind@00874d8a
00874D95	Unwind@00874d95
00874DA0	Unwind@00874da0
00874DAB	Unwind@00874dab
00874DC0	Unwind@00874dc0
00874DCB	Unwind@00874dcb
00874DD6	Unwind@00874dd6
00874DF0	Unwind@00874df0
00874DF8	Unwind@00874df8
00874E06	Unwind@00874e06
00874E1E	Unwind@00874e1e
00874E26	Unwind@00874e26
00874E34	Unwind@00874e34
00874E42	Unwind@00874e42
00874E57	Unwind@00874e57
00874E62	Unwind@00874e62
00874E6A	Unwind@00874e6a
00874E72	Unwind@00874e72
00874E7A	Unwind@00874e7a
00874E85	Unwind@00874e85
00874E90	Unwind@00874e90
00874EA5	Unwind@00874ea5
00874EB3	Unwind@00874eb3
00874EBE	Unwind@00874ebe
00874EDB	Unwind@00874edb
00874EE6	Unwind@00874ee6
00874F03	Unwind@00874f03
00874F0B	Unwind@00874f0b
00874F25	Unwind@00874f25
00874F2D	Unwind@00874f2d
00874F38	Unwind@00874f38
00874F43	Unwind@00874f43
00874F51	Unwind@00874f51
00874F5C	Unwind@00874f5c
00874F79	Unwind@00874f79
00874F81	Unwind@00874f81
00874F9B	Unwind@00874f9b
00874FA6	Unwind@00874fa6
00874FC3	Unwind@00874fc3
00874FCE	Unwind@00874fce
00874FD6	Unwind@00874fd6
00874FE1	Unwind@00874fe1
00874FEF	Unwind@00874fef
00874FFA	Unwind@00874ffa
00875017	Unwind@00875017
00875022	Unwind@00875022
00875030	Unwind@00875030
0087503B	Unwind@0087503b
0087505A	Unwind@0087505a
00875065	Unwind@00875065
00875073	Unwind@00875073
0087507E	Unwind@0087507e
0087509D	Unwind@0087509d
008750A8	Unwind@008750a8
008750C7	Unwind@008750c7
008750D2	Unwind@008750d2
008750DD	Unwind@008750dd
008750EB	Unwind@008750eb
008750F9	Unwind@008750f9
00875107	Unwind@00875107
00875115	Unwind@00875115
0087512D	Unwind@0087512d
00875138	Unwind@00875138
00875143	Unwind@00875143
0087514E	Unwind@0087514e
00875159	Unwind@00875159
00875164	Unwind@00875164
0087516F	Unwind@0087516f
00875184	Unwind@00875184
008751A0	Unwind@008751a0
008751C0	Unwind@008751c0
008751C8	Unwind@008751c8
008751E3	Unwind@008751e3
008751FB	Unwind@008751fb
00875203	Unwind@00875203
00875228	Unwind@00875228
00875233	Unwind@00875233
0087523B	Unwind@0087523b
00875250	Unwind@00875250
00875270	Unwind@00875270
00875282	Unwind@00875282
00875294	Unwind@00875294
0087529F	Unwind@0087529f
008752A7	Unwind@008752a7
008752AF	Unwind@008752af
008752C1	Unwind@008752c1
008752CC	Unwind@008752cc
008752D4	Unwind@008752d4
008752DC	Unwind@008752dc
008752EE	Unwind@008752ee
008752F9	Unwind@008752f9
00875304	Unwind@00875304
0087530F	Unwind@0087530f
0087531A	Unwind@0087531a
00875325	Unwind@00875325
00875330	Unwind@00875330
0087533B	Unwind@0087533b
00875350	Unwind@00875350
0087535B	Unwind@0087535b
00875370	Unwind@00875370
00875382	Unwind@00875382
0087538A	Unwind@0087538a
00875392	Unwind@00875392
0087539A	Unwind@0087539a
008753A5	Unwind@008753a5
008753B3	Unwind@008753b3
008753C1	Unwind@008753c1
008753CC	Unwind@008753cc
008753D7	Unwind@008753d7
008753E2	Unwind@008753e2
008753ED	Unwind@008753ed
008753F8	Unwind@008753f8
00875403	Unwind@00875403
0087540E	Unwind@0087540e
00875419	Unwind@00875419
00875424	Unwind@00875424
0087542F	Unwind@0087542f
0087543A	Unwind@0087543a
00875445	Unwind@00875445
00875453	Unwind@00875453
0087545E	Unwind@0087545e
00875469	Unwind@00875469
00875474	Unwind@00875474
0087547F	Unwind@0087547f
0087548A	Unwind@0087548a
00875498	Unwind@00875498
008754A3	Unwind@008754a3
008754AE	Unwind@008754ae
008754B9	Unwind@008754b9
008754C4	Unwind@008754c4
008754CF	Unwind@008754cf
008754DA	Unwind@008754da
008754E5	Unwind@008754e5
008754F3	Unwind@008754f3
008754FE	Unwind@008754fe
00875509	Unwind@00875509
00875514	Unwind@00875514
00875529	Unwind@00875529
00875531	Unwind@00875531
00875539	Unwind@00875539
00875541	Unwind@00875541
00875560	Unwind@00875560
00875568	Unwind@00875568
00875580	Unwind@00875580
00875598	Unwind@00875598
008755A0	Unwind@008755a0
008755B8	Unwind@008755b8
008755CD	Unwind@008755cd
008755D5	Unwind@008755d5
008755DD	Unwind@008755dd
008755E5	Unwind@008755e5
008755ED	Unwind@008755ed
008755F5	Unwind@008755f5
008755FD	Unwind@008755fd
00875615	Unwind@00875615
0087561D	Unwind@0087561d
00875625	Unwind@00875625
0087562D	Unwind@0087562d
00875635	Unwind@00875635
0087563D	Unwind@0087563d
00875660	Unwind@00875660
00875690	Unwind@00875690
00875698	Unwind@00875698
008756B0	Unwind@008756b0
008756B8	Unwind@008756b8
008756D0	Unwind@008756d0
008756DB	Unwind@008756db
008756E6	Unwind@008756e6
008756F1	Unwind@008756f1
008756FC	Unwind@008756fc
00875707	Unwind@00875707
00875712	Unwind@00875712
0087571D	Unwind@0087571d
00875728	Unwind@00875728
00875733	Unwind@00875733
0087573E	Unwind@0087573e
00875749	Unwind@00875749
00875754	Unwind@00875754
0087575F	Unwind@0087575f
0087576A	Unwind@0087576a
00875775	Unwind@00875775
00875780	Unwind@00875780
0087578B	Unwind@0087578b
00875796	Unwind@00875796
008757A1	Unwind@008757a1
008757AC	Unwind@008757ac
008757B7	Unwind@008757b7
008757C2	Unwind@008757c2
008757CD	Unwind@008757cd
008757D8	Unwind@008757d8
008757E3	Unwind@008757e3
008757EE	Unwind@008757ee
008757F9	Unwind@008757f9
00875804	Unwind@00875804
0087580F	Unwind@0087580f
0087581A	Unwind@0087581a
00875825	Unwind@00875825
00875830	Unwind@00875830
0087583B	Unwind@0087583b
0087584D	Unwind@0087584d
00875858	Unwind@00875858
00875863	Unwind@00875863
0087586E	Unwind@0087586e
00875879	Unwind@00875879
00875884	Unwind@00875884
0087588F	Unwind@0087588f
008758B0	Unwind@008758b0
008758B8	Unwind@008758b8
008758C0	Unwind@008758c0
008758C8	Unwind@008758c8
008758D0	Unwind@008758d0
008758D8	Unwind@008758d8
008758E0	Unwind@008758e0
008758E8	Unwind@008758e8
008758F0	Unwind@008758f0
008758F8	Unwind@008758f8
00875900	Unwind@00875900
00875912	Unwind@00875912
0087591D	Unwind@0087591d
00875928	Unwind@00875928
00875933	Unwind@00875933
00875948	Unwind@00875948
00875950	Unwind@00875950
00875958	Unwind@00875958
00875960	Unwind@00875960
00875968	Unwind@00875968
00875970	Unwind@00875970
00875978	Unwind@00875978
00875980	Unwind@00875980
00875988	Unwind@00875988
00875990	Unwind@00875990
008759A2	Unwind@008759a2
008759AA	Unwind@008759aa
008759B8	Unwind@008759b8
008759C6	Unwind@008759c6
008759D4	Unwind@008759d4
008759EC	Unwind@008759ec
008759F4	Unwind@008759f4
00875A02	Unwind@00875a02
00875A10	Unwind@00875a10
00875A28	Unwind@00875a28
00875A36	Unwind@00875a36
00875A41	Unwind@00875a41
00875A4C	Unwind@00875a4c
00875A57	Unwind@00875a57
00875A62	Unwind@00875a62
00875A6D	Unwind@00875a6d
00875A78	Unwind@00875a78
00875A83	Unwind@00875a83
00875A8E	Unwind@00875a8e
00875A99	Unwind@00875a99
00875AA1	Unwind@00875aa1
00875AAC	Unwind@00875aac
00875AB7	Unwind@00875ab7
00875AC2	Unwind@00875ac2
00875ACD	Unwind@00875acd
00875ADF	Unwind@00875adf
00875AE7	Unwind@00875ae7
00875AEF	Unwind@00875aef
00875AF7	Unwind@00875af7
00875B02	Unwind@00875b02
00875B17	Unwind@00875b17
00875B22	Unwind@00875b22
00875B2A	Unwind@00875b2a
00875B32	Unwind@00875b32
00875B3D	Unwind@00875b3d
00875B45	Unwind@00875b45
00875B57	Unwind@00875b57
00875B62	Unwind@00875b62
00875B6D	Unwind@00875b6d
00875B82	Unwind@00875b82
00875B8D	Unwind@00875b8d
00875BB0	Unwind@00875bb0
00875BB8	Unwind@00875bb8
00875BC3	Unwind@00875bc3
00875BD8	Unwind@00875bd8
00875BE0	Unwind@00875be0
00875BE8	Unwind@00875be8
00875BF9	Unwind@00875bf9
00875C10	Unwind@00875c10
00875C30	Unwind@00875c30
00875C41	Unwind@00875c41
00875C60	Unwind@00875c60
00875C80	Unwind@00875c80
00875CA0	Unwind@00875ca0
00875CB1	Unwind@00875cb1
00875CB9	Unwind@00875cb9
00875CC4	Unwind@00875cc4
00875CCC	Unwind@00875ccc
00875CF0	Unwind@00875cf0
00875D01	Unwind@00875d01
00875D09	Unwind@00875d09
00875D14	Unwind@00875d14
00875D1C	Unwind@00875d1c
00875D40	Unwind@00875d40
00875D48	Unwind@00875d48
00875D53	Unwind@00875d53
00875D70	Unwind@00875d70
00875D7B	Unwind@00875d7b
00875D86	Unwind@00875d86
00875D91	Unwind@00875d91
00875D9C	Unwind@00875d9c
00875DA7	Unwind@00875da7
00875DB2	Unwind@00875db2
00875DBD	Unwind@00875dbd
00875DC8	Unwind@00875dc8
00875DD3	Unwind@00875dd3
00875DDE	Unwind@00875dde
00875DE9	Unwind@00875de9
00875DF4	Unwind@00875df4
00875DFF	Unwind@00875dff
00875E14	Unwind@00875e14
00875E1F	Unwind@00875e1f
00875E2A	Unwind@00875e2a
00875E35	Unwind@00875e35
00875E40	Unwind@00875e40
00875E4B	Unwind@00875e4b
00875E56	Unwind@00875e56
00875E61	Unwind@00875e61
00875E80	Unwind@00875e80
00875EA0	Unwind@00875ea0
00875EE0	Unwind@00875ee0
00875EE8	Unwind@00875ee8
00875F00	Unwind@00875f00
00875F08	Unwind@00875f08
00875F20	Unwind@00875f20
00875F2B	Unwind@00875f2b
00875F36	Unwind@00875f36
00875F41	Unwind@00875f41
00875F4C	Unwind@00875f4c
00875F57	Unwind@00875f57
00875F62	Unwind@00875f62
00875F6D	Unwind@00875f6d
00875F78	Unwind@00875f78
00875F83	Unwind@00875f83
00875FA0	Unwind@00875fa0
00875FA8	Unwind@00875fa8
00875FC3	Unwind@00875fc3
00875FD1	Unwind@00875fd1
00875FDF	Unwind@00875fdf
00875FED	Unwind@00875fed
00876005	Unwind@00876005
0087600D	Unwind@0087600d
00876028	Unwind@00876028
00876036	Unwind@00876036
00876044	Unwind@00876044
0087605C	Unwind@0087605c
00876067	Unwind@00876067
00876072	Unwind@00876072
0087607D	Unwind@0087607d
0087608B	Unwind@0087608b
00876093	Unwind@00876093
0087609B	Unwind@0087609b
008760A3	Unwind@008760a3
008760BB	Unwind@008760bb
008760C3	Unwind@008760c3
008760CB	Unwind@008760cb
008760D3	Unwind@008760d3
008760DB	Unwind@008760db
008760E3	Unwind@008760e3
008760EB	Unwind@008760eb
008760F9	Unwind@008760f9
00876107	Unwind@00876107
0087610F	Unwind@0087610f
0087611A	Unwind@0087611a
00876122	Unwind@00876122
0087612A	Unwind@0087612a
00876142	Unwind@00876142
0087614A	Unwind@0087614a
00876152	Unwind@00876152
0087615A	Unwind@0087615a
00876162	Unwind@00876162
0087616A	Unwind@0087616a
00876172	Unwind@00876172
0087617A	Unwind@0087617a
00876182	Unwind@00876182
0087618A	Unwind@0087618a
00876192	Unwind@00876192
0087619A	Unwind@0087619a
008761A2	Unwind@008761a2
008761AA	Unwind@008761aa
008761B2	Unwind@008761b2
008761BA	Unwind@008761ba
008761C2	Unwind@008761c2
008761CA	Unwind@008761ca
008761E0	Unwind@008761e0
008761E8	Unwind@008761e8
00876200	Unwind@00876200
00876208	Unwind@00876208
00876220	Unwind@00876220
00876228	Unwind@00876228
00876243	Unwind@00876243
0087625B	Unwind@0087625b
00876263	Unwind@00876263
00876271	Unwind@00876271
0087627F	Unwind@0087627f
00876297	Unwind@00876297
0087629F	Unwind@0087629f
008762BA	Unwind@008762ba
008762D2	Unwind@008762d2
008762E0	Unwind@008762e0
008762EE	Unwind@008762ee
008762F9	Unwind@008762f9
0087630B	Unwind@0087630b
00876313	Unwind@00876313
0087631B	Unwind@0087631b
0087632D	Unwind@0087632d
00876335	Unwind@00876335
0087633D	Unwind@0087633d
00876345	Unwind@00876345
00876357	Unwind@00876357
0087635F	Unwind@0087635f
00876367	Unwind@00876367
00876379	Unwind@00876379
00876381	Unwind@00876381
00876389	Unwind@00876389
00876391	Unwind@00876391
00876399	Unwind@00876399
008763A1	Unwind@008763a1
008763A9	Unwind@008763a9
008763B1	Unwind@008763b1
008763B9	Unwind@008763b9
008763C1	Unwind@008763c1
008763D3	Unwind@008763d3
008763DB	Unwind@008763db
008763E3	Unwind@008763e3
008763EB	Unwind@008763eb
00876403	Unwind@00876403
0087640E	Unwind@0087640e
00876430	Unwind@00876430
00876450	Unwind@00876450
00876470	Unwind@00876470
0087647B	Unwind@0087647b
00876490	Unwind@00876490
00876498	Unwind@00876498
008764BD	Unwind@008764bd
008764C5	Unwind@008764c5
008764EA	Unwind@008764ea
008764F2	Unwind@008764f2
00876504	Unwind@00876504
0087650F	Unwind@0087650f
0087651A	Unwind@0087651a
00876525	Unwind@00876525
00876530	Unwind@00876530
0087653B	Unwind@0087653b
00876546	Unwind@00876546
00876551	Unwind@00876551
0087655C	Unwind@0087655c
00876567	Unwind@00876567
00876572	Unwind@00876572
0087657D	Unwind@0087657d
00876588	Unwind@00876588
00876593	Unwind@00876593
0087659E	Unwind@0087659e
008765A9	Unwind@008765a9
008765B1	Unwind@008765b1
008765BC	Unwind@008765bc
008765C7	Unwind@008765c7
008765CF	Unwind@008765cf
008765D7	Unwind@008765d7
008765EF	Unwind@008765ef
008765FA	Unwind@008765fa
00876605	Unwind@00876605
00876610	Unwind@00876610
0087661B	Unwind@0087661b
00876626	Unwind@00876626
0087663B	Unwind@0087663b
00876643	Unwind@00876643
00876668	Unwind@00876668
0087667A	Unwind@0087667a
00876682	Unwind@00876682
0087668A	Unwind@0087668a
0087669C	Unwind@0087669c
008766A4	Unwind@008766a4
008766AC	Unwind@008766ac
008766B4	Unwind@008766b4
008766D0	Unwind@008766d0
008766DB	Unwind@008766db
00876700	Unwind@00876700
0087670B	Unwind@0087670b
00876730	Unwind@00876730
0087673B	Unwind@0087673b
00876749	Unwind@00876749
00876770	Unwind@00876770
0087677B	Unwind@0087677b
00876789	Unwind@00876789
008767B0	Unwind@008767b0
008767C2	Unwind@008767c2
008767D4	Unwind@008767d4
008767DF	Unwind@008767df
008767E7	Unwind@008767e7
008767EF	Unwind@008767ef
008767F7	Unwind@008767f7
008767FF	Unwind@008767ff
00876807	Unwind@00876807
0087680F	Unwind@0087680f
00876817	Unwind@00876817
0087681F	Unwind@0087681f
00876837	Unwind@00876837
0087683F	Unwind@0087683f
00876847	Unwind@00876847
00876852	Unwind@00876852
0087685A	Unwind@0087685a
0087686C	Unwind@0087686c
00876874	Unwind@00876874
0087687C	Unwind@0087687c
00876884	Unwind@00876884
0087688C	Unwind@0087688c
00876894	Unwind@00876894
0087689C	Unwind@0087689c
008768A4	Unwind@008768a4
008768B6	Unwind@008768b6
008768BE	Unwind@008768be
008768C6	Unwind@008768c6
008768CE	Unwind@008768ce
008768E0	Unwind@008768e0
008768E8	Unwind@008768e8
008768FA	Unwind@008768fa
00876905	Unwind@00876905
00876910	Unwind@00876910
0087691B	Unwind@0087691b
00876926	Unwind@00876926
00876931	Unwind@00876931
0087693C	Unwind@0087693c
00876947	Unwind@00876947
00876952	Unwind@00876952
0087695D	Unwind@0087695d
00876968	Unwind@00876968
00876973	Unwind@00876973
0087697E	Unwind@0087697e
00876986	Unwind@00876986
0087698E	Unwind@0087698e
008769A0	Unwind@008769a0
008769B5	Unwind@008769b5
008769BD	Unwind@008769bd
008769D5	Unwind@008769d5
008769DD	Unwind@008769dd
008769F5	Unwind@008769f5
008769FD	Unwind@008769fd
00876A08	Unwind@00876a08
00876A13	Unwind@00876a13
00876A1B	Unwind@00876a1b
00876A23	Unwind@00876a23
00876A3B	Unwind@00876a3b
00876A43	Unwind@00876a43
00876A4E	Unwind@00876a4e
00876A59	Unwind@00876a59
00876A61	Unwind@00876a61
00876A69	Unwind@00876a69
00876A81	Unwind@00876a81
00876A8C	Unwind@00876a8c
00876A97	Unwind@00876a97
00876AA2	Unwind@00876aa2
00876AAD	Unwind@00876aad
00876AB8	Unwind@00876ab8
00876AC3	Unwind@00876ac3
00876ACE	Unwind@00876ace
00876AD9	Unwind@00876ad9
00876AE4	Unwind@00876ae4
00876B00	Unwind@00876b00
00876B08	Unwind@00876b08
00876B13	Unwind@00876b13
00876B30	Unwind@00876b30
00876B42	Unwind@00876b42
00876B4A	Unwind@00876b4a
00876B5C	Unwind@00876b5c
00876B64	Unwind@00876b64
00876B6C	Unwind@00876b6c
00876B74	Unwind@00876b74
00876B7C	Unwind@00876b7c
00876B84	Unwind@00876b84
00876B8C	Unwind@00876b8c
00876B94	Unwind@00876b94
00876B9C	Unwind@00876b9c
00876BAE	Unwind@00876bae
00876BB6	Unwind@00876bb6
00876BBE	Unwind@00876bbe
00876BC6	Unwind@00876bc6
00876BCE	Unwind@00876bce
00876BD6	Unwind@00876bd6
00876BDE	Unwind@00876bde
00876BE6	Unwind@00876be6
00876BEE	Unwind@00876bee
00876C00	Unwind@00876c00
00876C08	Unwind@00876c08
00876C1D	Unwind@00876c1d
00876C25	Unwind@00876c25
00876C37	Unwind@00876c37
00876C42	Unwind@00876c42
00876C57	Unwind@00876c57
00876C5F	Unwind@00876c5f
00876C67	Unwind@00876c67
00876C6F	Unwind@00876c6f
00876C81	Unwind@00876c81
00876C89	Unwind@00876c89
00876C9B	Unwind@00876c9b
00876CB0	Unwind@00876cb0
00876CB8	Unwind@00876cb8
00876CC6	Unwind@00876cc6
00876CD4	Unwind@00876cd4
00876CEF	Unwind@00876cef
00876D0A	Unwind@00876d0a
00876D18	Unwind@00876d18
00876D30	Unwind@00876d30
00876D38	Unwind@00876d38
00876D46	Unwind@00876d46
00876D54	Unwind@00876d54
00876D6F	Unwind@00876d6f
00876D8A	Unwind@00876d8a
00876D98	Unwind@00876d98
00876DA6	Unwind@00876da6
00876DBB	Unwind@00876dbb
00876DC6	Unwind@00876dc6
00876DD1	Unwind@00876dd1
00876DDC	Unwind@00876ddc
00876DF1	Unwind@00876df1
00876DFC	Unwind@00876dfc
00876E07	Unwind@00876e07
00876E12	Unwind@00876e12
00876E1D	Unwind@00876e1d
00876E28	Unwind@00876e28
00876E40	Unwind@00876e40
00876E52	Unwind@00876e52
00876E5A	Unwind@00876e5a
00876E62	Unwind@00876e62
00876E6A	Unwind@00876e6a
00876E78	Unwind@00876e78
00876E8D	Unwind@00876e8d
00876E98	Unwind@00876e98
00876EAD	Unwind@00876ead
00876EC2	Unwind@00876ec2
00876ECA	Unwind@00876eca
00876ED2	Unwind@00876ed2
00876EDA	Unwind@00876eda
00876EEC	Unwind@00876eec
00876EFA	Unwind@00876efa
00876F08	Unwind@00876f08
00876F16	Unwind@00876f16
00876F24	Unwind@00876f24
00876F32	Unwind@00876f32
00876F40	Unwind@00876f40
00876F4E	Unwind@00876f4e
00876F59	Unwind@00876f59
00876F76	Unwind@00876f76
00876F81	Unwind@00876f81
00876F8F	Unwind@00876f8f
00876F9A	Unwind@00876f9a
00876FB7	Unwind@00876fb7
00876FC2	Unwind@00876fc2
00876FD0	Unwind@00876fd0
00876FDE	Unwind@00876fde
00876FE9	Unwind@00876fe9
00877006	Unwind@00877006
00877011	Unwind@00877011
0087701F	Unwind@0087701f
0087702A	Unwind@0087702a
00877047	Unwind@00877047
00877052	Unwind@00877052
00877060	Unwind@00877060
0087706E	Unwind@0087706e
00877079	Unwind@00877079
00877096	Unwind@00877096
008770A1	Unwind@008770a1
008770AF	Unwind@008770af
008770BA	Unwind@008770ba
008770D7	Unwind@008770d7
008770E2	Unwind@008770e2
008770F0	Unwind@008770f0
008770FE	Unwind@008770fe
0087711B	Unwind@0087711b
00877129	Unwind@00877129
00877137	Unwind@00877137
00877142	Unwind@00877142
00877161	Unwind@00877161
0087716C	Unwind@0087716c
0087717A	Unwind@0087717a
00877185	Unwind@00877185
008771A4	Unwind@008771a4
008771AF	Unwind@008771af
008771BD	Unwind@008771bd
008771C5	Unwind@008771c5
008771D0	Unwind@008771d0
008771D8	Unwind@008771d8
008771E0	Unwind@008771e0
00877200	Unwind@00877200
00877220	Unwind@00877220
00877228	Unwind@00877228
00877230	Unwind@00877230
00877238	Unwind@00877238
00877246	Unwind@00877246
0087724E	Unwind@0087724e
00877256	Unwind@00877256
0087726E	Unwind@0087726e
00877276	Unwind@00877276
00877284	Unwind@00877284
0087728F	Unwind@0087728f
008772A4	Unwind@008772a4
008772AC	Unwind@008772ac
008772B4	Unwind@008772b4
008772C6	Unwind@008772c6
008772CE	Unwind@008772ce
008772D6	Unwind@008772d6
008772DE	Unwind@008772de
008772F0	Unwind@008772f0
008772F8	Unwind@008772f8
00877300	Unwind@00877300
00877308	Unwind@00877308
0087731A	Unwind@0087731a
0087732F	Unwind@0087732f
00877350	Unwind@00877350
00877370	Unwind@00877370
00877378	Unwind@00877378
00877390	Unwind@00877390
008773A2	Unwind@008773a2
008773AD	Unwind@008773ad
008773B8	Unwind@008773b8
008773C3	Unwind@008773c3
008773E0	Unwind@008773e0
008773E8	Unwind@008773e8
008773F6	Unwind@008773f6
00877404	Unwind@00877404
00877412	Unwind@00877412
00877420	Unwind@00877420
0087742E	Unwind@0087742e
0087743C	Unwind@0087743c
0087744A	Unwind@0087744a
00877458	Unwind@00877458
00877466	Unwind@00877466
00877474	Unwind@00877474
00877489	Unwind@00877489
00877491	Unwind@00877491
0087749F	Unwind@0087749f
008774AD	Unwind@008774ad
008774BB	Unwind@008774bb
008774C9	Unwind@008774c9
008774D7	Unwind@008774d7
008774E5	Unwind@008774e5
008774F3	Unwind@008774f3
00877501	Unwind@00877501
0087750F	Unwind@0087750f
0087751D	Unwind@0087751d
00877525	Unwind@00877525
0087753D	Unwind@0087753d
00877545	Unwind@00877545
00877557	Unwind@00877557
0087755F	Unwind@0087755f
00877567	Unwind@00877567
0087756F	Unwind@0087756f
00877577	Unwind@00877577
0087757F	Unwind@0087757f
00877591	Unwind@00877591
0087759C	Unwind@0087759c
008775A7	Unwind@008775a7
008775B2	Unwind@008775b2
008775BD	Unwind@008775bd
008775C5	Unwind@008775c5
008775CD	Unwind@008775cd
008775D5	Unwind@008775d5
008775DD	Unwind@008775dd
008775E5	Unwind@008775e5
008775ED	Unwind@008775ed
008775F5	Unwind@008775f5
008775FD	Unwind@008775fd
00877608	Unwind@00877608
00877613	Unwind@00877613
0087761E	Unwind@0087761e
00877629	Unwind@00877629
00877634	Unwind@00877634
0087763F	Unwind@0087763f
0087764A	Unwind@0087764a
00877655	Unwind@00877655
00877660	Unwind@00877660
0087766B	Unwind@0087766b
00877676	Unwind@00877676
00877681	Unwind@00877681
0087768C	Unwind@0087768c
00877697	Unwind@00877697
008776A2	Unwind@008776a2
008776AD	Unwind@008776ad
008776B8	Unwind@008776b8
008776C3	Unwind@008776c3
008776CE	Unwind@008776ce
008776D9	Unwind@008776d9
008776E4	Unwind@008776e4
008776F9	Unwind@008776f9
00877704	Unwind@00877704
00877719	Unwind@00877719
00877721	Unwind@00877721
00877729	Unwind@00877729
00877731	Unwind@00877731
00877743	Unwind@00877743
0087774E	Unwind@0087774e
00877759	Unwind@00877759
00877764	Unwind@00877764
0087776F	Unwind@0087776f
00877777	Unwind@00877777
0087777F	Unwind@0087777f
00877787	Unwind@00877787
0087778F	Unwind@0087778f
00877797	Unwind@00877797
0087779F	Unwind@0087779f
008777A7	Unwind@008777a7
008777AF	Unwind@008777af
008777BA	Unwind@008777ba
008777C5	Unwind@008777c5
008777CD	Unwind@008777cd
008777D8	Unwind@008777d8
008777E3	Unwind@008777e3
008777EE	Unwind@008777ee
008777F6	Unwind@008777f6
00877801	Unwind@00877801
0087780C	Unwind@0087780c
00877817	Unwind@00877817
00877822	Unwind@00877822
0087782D	Unwind@0087782d
00877838	Unwind@00877838
00877843	Unwind@00877843
00877858	Unwind@00877858
00877863	Unwind@00877863
0087786E	Unwind@0087786e
00877879	Unwind@00877879
0087788E	Unwind@0087788e
00877896	Unwind@00877896
0087789E	Unwind@0087789e
008778B0	Unwind@008778b0
008778BB	Unwind@008778bb
008778C6	Unwind@008778c6
008778CE	Unwind@008778ce
008778D6	Unwind@008778d6
008778DE	Unwind@008778de
008778E6	Unwind@008778e6
008778EE	Unwind@008778ee
008778F6	Unwind@008778f6
008778FE	Unwind@008778fe
00877906	Unwind@00877906
00877918	Unwind@00877918
00877920	Unwind@00877920
00877928	Unwind@00877928
00877933	Unwind@00877933
0087793E	Unwind@0087793e
00877949	Unwind@00877949
00877954	Unwind@00877954
0087795F	Unwind@0087795f
0087796A	Unwind@0087796a
0087797C	Unwind@0087797c
00877984	Unwind@00877984
0087798F	Unwind@0087798f
0087799A	Unwind@0087799a
008779A2	Unwind@008779a2
008779AA	Unwind@008779aa
008779C2	Unwind@008779c2
008779CD	Unwind@008779cd
008779D8	Unwind@008779d8
008779E0	Unwind@008779e0
008779E8	Unwind@008779e8
008779F0	Unwind@008779f0
008779F8	Unwind@008779f8
00877A00	Unwind@00877a00
00877A08	Unwind@00877a08
00877A10	Unwind@00877a10
00877A18	Unwind@00877a18
00877A2A	Unwind@00877a2a
00877A35	Unwind@00877a35
00877A40	Unwind@00877a40
00877A48	Unwind@00877a48
00877A50	Unwind@00877a50
00877A58	Unwind@00877a58
00877A60	Unwind@00877a60
00877A68	Unwind@00877a68
00877A70	Unwind@00877a70
00877A78	Unwind@00877a78
00877A80	Unwind@00877a80
00877A92	Unwind@00877a92
00877A9D	Unwind@00877a9d
00877AA8	Unwind@00877aa8
00877AB3	Unwind@00877ab3
00877ABE	Unwind@00877abe
00877AC9	Unwind@00877ac9
00877AD4	Unwind@00877ad4
00877ADF	Unwind@00877adf
00877AEA	Unwind@00877aea
00877AF5	Unwind@00877af5
00877AFD	Unwind@00877afd
00877B05	Unwind@00877b05
00877B20	Unwind@00877b20
00877B28	Unwind@00877b28
00877B40	Unwind@00877b40
00877B48	Unwind@00877b48
00877B56	Unwind@00877b56
00877B64	Unwind@00877b64
00877B72	Unwind@00877b72
00877B80	Unwind@00877b80
00877B8E	Unwind@00877b8e
00877B9C	Unwind@00877b9c
00877BAA	Unwind@00877baa
00877BC2	Unwind@00877bc2
00877BCA	Unwind@00877bca
00877BD8	Unwind@00877bd8
00877BE6	Unwind@00877be6
00877BF4	Unwind@00877bf4
00877C02	Unwind@00877c02
00877C10	Unwind@00877c10
00877C1E	Unwind@00877c1e
00877C36	Unwind@00877c36
00877C3E	Unwind@00877c3e
00877C46	Unwind@00877c46
00877C58	Unwind@00877c58
00877C60	Unwind@00877c60
00877C6B	Unwind@00877c6b
00877C76	Unwind@00877c76
00877C81	Unwind@00877c81
00877C8C	Unwind@00877c8c
00877C97	Unwind@00877c97
00877CA2	Unwind@00877ca2
00877CAD	Unwind@00877cad
00877CB8	Unwind@00877cb8
00877CC3	Unwind@00877cc3
00877CCE	Unwind@00877cce
00877CD9	Unwind@00877cd9
00877CE4	Unwind@00877ce4
00877CEF	Unwind@00877cef
00877CFA	Unwind@00877cfa
00877D05	Unwind@00877d05
00877D10	Unwind@00877d10
00877D1B	Unwind@00877d1b
00877D26	Unwind@00877d26
00877D31	Unwind@00877d31
00877D3C	Unwind@00877d3c
00877D47	Unwind@00877d47
00877D52	Unwind@00877d52
00877D5D	Unwind@00877d5d
00877D68	Unwind@00877d68
00877D73	Unwind@00877d73
00877D7E	Unwind@00877d7e
00877D89	Unwind@00877d89
00877D94	Unwind@00877d94
00877D9F	Unwind@00877d9f
00877DAA	Unwind@00877daa
00877DB5	Unwind@00877db5
00877DC0	Unwind@00877dc0
00877DCB	Unwind@00877dcb
00877DD6	Unwind@00877dd6
00877DE1	Unwind@00877de1
00877DEC	Unwind@00877dec
00877DF7	Unwind@00877df7
00877E10	Unwind@00877e10
00877E18	Unwind@00877e18
00877E30	Unwind@00877e30
00877E38	Unwind@00877e38
00877E40	Unwind@00877e40
00877E48	Unwind@00877e48
00877E50	Unwind@00877e50
00877E58	Unwind@00877e58
00877E6F	Unwind@00877e6f
00877E90	Unwind@00877e90
00877E9B	Unwind@00877e9b
00877EA6	Unwind@00877ea6
00877EAE	Unwind@00877eae
00877EB6	Unwind@00877eb6
00877EBE	Unwind@00877ebe
00877EC9	Unwind@00877ec9
00877ED1	Unwind@00877ed1
00877ED9	Unwind@00877ed9
00877EE1	Unwind@00877ee1
00877EEC	Unwind@00877eec
00877EF4	Unwind@00877ef4
00877EFF	Unwind@00877eff
00877F0A	Unwind@00877f0a
00877F15	Unwind@00877f15
00877F20	Unwind@00877f20
00877F28	Unwind@00877f28
00877F30	Unwind@00877f30
00877F38	Unwind@00877f38
00877F40	Unwind@00877f40
00877F48	Unwind@00877f48
00877F50	Unwind@00877f50
00877F5B	Unwind@00877f5b
00877F63	Unwind@00877f63
00877F6B	Unwind@00877f6b
00877F73	Unwind@00877f73
00877F7B	Unwind@00877f7b
00877F86	Unwind@00877f86
00877F8E	Unwind@00877f8e
00877F96	Unwind@00877f96
00877FA1	Unwind@00877fa1
00877FA9	Unwind@00877fa9
00877FB1	Unwind@00877fb1
00877FB9	Unwind@00877fb9
00877FC1	Unwind@00877fc1
00877FC9	Unwind@00877fc9
00877FD4	Unwind@00877fd4
00877FDC	Unwind@00877fdc
00877FE7	Unwind@00877fe7
00877FEF	Unwind@00877fef
00877FF7	Unwind@00877ff7
00877FFF	Unwind@00877fff
0087800A	Unwind@0087800a
00878012	Unwind@00878012
0087801A	Unwind@0087801a
00878022	Unwind@00878022
0087802D	Unwind@0087802d
00878035	Unwind@00878035
0087803D	Unwind@0087803d
00878045	Unwind@00878045
0087804D	Unwind@0087804d
00878055	Unwind@00878055
0087805D	Unwind@0087805d
00878068	Unwind@00878068
00878073	Unwind@00878073
0087807E	Unwind@0087807e
00878089	Unwind@00878089
00878094	Unwind@00878094
008780A9	Unwind@008780a9
008780B1	Unwind@008780b1
008780B9	Unwind@008780b9
008780C1	Unwind@008780c1
008780C9	Unwind@008780c9
008780D1	Unwind@008780d1
008780D9	Unwind@008780d9
008780E1	Unwind@008780e1
008780E9	Unwind@008780e9
008780F1	Unwind@008780f1
008780F9	Unwind@008780f9
00878101	Unwind@00878101
00878109	Unwind@00878109
00878111	Unwind@00878111
00878119	Unwind@00878119
00878121	Unwind@00878121
00878129	Unwind@00878129
00878131	Unwind@00878131
00878139	Unwind@00878139
00878141	Unwind@00878141
00878149	Unwind@00878149
00878151	Unwind@00878151
00878159	Unwind@00878159
00878161	Unwind@00878161
00878169	Unwind@00878169
00878171	Unwind@00878171
00878183	Unwind@00878183
0087818B	Unwind@0087818b
00878193	Unwind@00878193
0087819B	Unwind@0087819b
008781A3	Unwind@008781a3
008781AB	Unwind@008781ab
008781B3	Unwind@008781b3
008781BB	Unwind@008781bb
008781C3	Unwind@008781c3
008781D5	Unwind@008781d5
008781DD	Unwind@008781dd
008781E5	Unwind@008781e5
008781ED	Unwind@008781ed
008781F5	Unwind@008781f5
008781FD	Unwind@008781fd
00878205	Unwind@00878205
0087820D	Unwind@0087820d
00878215	Unwind@00878215
00878227	Unwind@00878227
0087822F	Unwind@0087822f
00878237	Unwind@00878237
0087823F	Unwind@0087823f
00878247	Unwind@00878247
0087824F	Unwind@0087824f
00878257	Unwind@00878257
0087825F	Unwind@0087825f
00878267	Unwind@00878267
00878279	Unwind@00878279
00878281	Unwind@00878281
00878289	Unwind@00878289
00878291	Unwind@00878291
00878299	Unwind@00878299
008782A1	Unwind@008782a1
008782A9	Unwind@008782a9
008782B1	Unwind@008782b1
008782B9	Unwind@008782b9
008782D0	Unwind@008782d0
008782F0	Unwind@008782f0
008782F8	Unwind@008782f8
0087830F	Unwind@0087830f
00878317	Unwind@00878317
0087831F	Unwind@0087831f
00878327	Unwind@00878327
0087832F	Unwind@0087832f
00878350	Unwind@00878350
00878358	Unwind@00878358
00878370	Unwind@00878370
00878378	Unwind@00878378
00878390	Unwind@00878390
00878398	Unwind@00878398
008783A3	Unwind@008783a3
008783BA	Unwind@008783ba
008783C8	Unwind@008783c8
008783DA	Unwind@008783da
008783E2	Unwind@008783e2
008783EA	Unwind@008783ea
008783F2	Unwind@008783f2
008783FA	Unwind@008783fa
00878402	Unwind@00878402
00878414	Unwind@00878414
00878422	Unwind@00878422
0087842D	Unwind@0087842d
0087843B	Unwind@0087843b
00878446	Unwind@00878446
00878454	Unwind@00878454
0087845F	Unwind@0087845f
0087846D	Unwind@0087846d
00878478	Unwind@00878478
00878486	Unwind@00878486
00878491	Unwind@00878491
0087849F	Unwind@0087849f
008784AA	Unwind@008784aa
008784B8	Unwind@008784b8
008784CD	Unwind@008784cd
008784D8	Unwind@008784d8
008784E3	Unwind@008784e3
008784EE	Unwind@008784ee
008784F9	Unwind@008784f9
00878510	Unwind@00878510
00878530	Unwind@00878530
00878538	Unwind@00878538
00878543	Unwind@00878543
00878560	Unwind@00878560
00878580	Unwind@00878580
00878591	Unwind@00878591
008785B0	Unwind@008785b0
008785B8	Unwind@008785b8
008785C3	Unwind@008785c3
008785E0	Unwind@008785e0
00878600	Unwind@00878600
00878611	Unwind@00878611
00878619	Unwind@00878619
00878630	Unwind@00878630
00878641	Unwind@00878641
00878649	Unwind@00878649
00878660	Unwind@00878660
00878680	Unwind@00878680
00878688	Unwind@00878688
00878690	Unwind@00878690
0087869B	Unwind@0087869b
008786B0	Unwind@008786b0
008786B8	Unwind@008786b8
008786D0	Unwind@008786d0
008786E8	Unwind@008786e8
008786F0	Unwind@008786f0
00878708	Unwind@00878708
00878720	Unwind@00878720
00878735	Unwind@00878735
0087873D	Unwind@0087873d
00878745	Unwind@00878745
0087874D	Unwind@0087874d
0087875B	Unwind@0087875b
00878766	Unwind@00878766
00878771	Unwind@00878771
0087877C	Unwind@0087877c
00878794	Unwind@00878794
0087879C	Unwind@0087879c
008787A7	Unwind@008787a7
008787AF	Unwind@008787af
008787B7	Unwind@008787b7
008787BF	Unwind@008787bf
008787C7	Unwind@008787c7
008787CF	Unwind@008787cf
008787D7	Unwind@008787d7
008787EC	Unwind@008787ec
008787F7	Unwind@008787f7
00878802	Unwind@00878802
0087880D	Unwind@0087880d
00878818	Unwind@00878818
00878820	Unwind@00878820
00878828	Unwind@00878828
00878830	Unwind@00878830
00878838	Unwind@00878838
00878840	Unwind@00878840
00878848	Unwind@00878848
00878850	Unwind@00878850
00878858	Unwind@00878858
00878860	Unwind@00878860
00878868	Unwind@00878868
00878870	Unwind@00878870
00878878	Unwind@00878878
00878880	Unwind@00878880
00878888	Unwind@00878888
00878890	Unwind@00878890
00878898	Unwind@00878898
008788A3	Unwind@008788a3
008788AE	Unwind@008788ae
008788B9	Unwind@008788b9
008788C4	Unwind@008788c4
008788CF	Unwind@008788cf
008788DA	Unwind@008788da
008788E5	Unwind@008788e5
008788ED	Unwind@008788ed
00878902	Unwind@00878902
0087890A	Unwind@0087890a
00878912	Unwind@00878912
0087891A	Unwind@0087891a
00878922	Unwind@00878922
0087892A	Unwind@0087892a
00878932	Unwind@00878932
0087893A	Unwind@0087893a
00878942	Unwind@00878942
0087894A	Unwind@0087894a
00878952	Unwind@00878952
0087895A	Unwind@0087895a
00878962	Unwind@00878962
0087896A	Unwind@0087896a
00878972	Unwind@00878972
00878990	Unwind@00878990
00878998	Unwind@00878998
008789B3	Unwind@008789b3
008789C1	Unwind@008789c1
008789CF	Unwind@008789cf
008789DD	Unwind@008789dd
008789EB	Unwind@008789eb
008789F9	Unwind@008789f9
00878A07	Unwind@00878a07
00878A15	Unwind@00878a15
00878A23	Unwind@00878a23
00878A31	Unwind@00878a31
00878A3F	Unwind@00878a3f
00878A4D	Unwind@00878a4d
00878A5B	Unwind@00878a5b
00878A69	Unwind@00878a69
00878A77	Unwind@00878a77
00878A85	Unwind@00878a85
00878A9D	Unwind@00878a9d
00878AA5	Unwind@00878aa5
00878AC0	Unwind@00878ac0
00878ACE	Unwind@00878ace
00878ADC	Unwind@00878adc
00878AEA	Unwind@00878aea
00878AF8	Unwind@00878af8
00878B06	Unwind@00878b06
00878B14	Unwind@00878b14
00878B22	Unwind@00878b22
00878B30	Unwind@00878b30
00878B3E	Unwind@00878b3e
00878B4C	Unwind@00878b4c
00878B5A	Unwind@00878b5a
00878B68	Unwind@00878b68
00878B76	Unwind@00878b76
00878B84	Unwind@00878b84
00878B92	Unwind@00878b92
00878BA0	Unwind@00878ba0
00878BA8	Unwind@00878ba8
00878BC0	Unwind@00878bc0
00878BC8	Unwind@00878bc8
00878BD0	Unwind@00878bd0
00878BD8	Unwind@00878bd8
00878BEF	Unwind@00878bef
00878BF7	Unwind@00878bf7
00878BFF	Unwind@00878bff
00878C07	Unwind@00878c07
00878C0F	Unwind@00878c0f
00878C17	Unwind@00878c17
00878C1F	Unwind@00878c1f
00878C27	Unwind@00878c27
00878C39	Unwind@00878c39
00878C41	Unwind@00878c41
00878C49	Unwind@00878c49
00878C54	Unwind@00878c54
00878C5F	Unwind@00878c5f
00878C6A	Unwind@00878c6a
00878C75	Unwind@00878c75
00878C80	Unwind@00878c80
00878C8B	Unwind@00878c8b
00878C9D	Unwind@00878c9d
00878CA5	Unwind@00878ca5
00878CAD	Unwind@00878cad
00878CB5	Unwind@00878cb5
00878CBD	Unwind@00878cbd
00878CC5	Unwind@00878cc5
00878CCD	Unwind@00878ccd
00878CD5	Unwind@00878cd5
00878CDD	Unwind@00878cdd
00878CE5	Unwind@00878ce5
00878CED	Unwind@00878ced
00878D02	Unwind@00878d02
00878D0A	Unwind@00878d0a
00878D12	Unwind@00878d12
00878D1A	Unwind@00878d1a
00878D22	Unwind@00878d22
00878D2A	Unwind@00878d2a
00878D32	Unwind@00878d32
00878D3A	Unwind@00878d3a
00878D42	Unwind@00878d42
00878D4A	Unwind@00878d4a
00878D52	Unwind@00878d52
00878D5A	Unwind@00878d5a
00878D62	Unwind@00878d62
00878D6A	Unwind@00878d6a
00878D72	Unwind@00878d72
00878D84	Unwind@00878d84
00878D8F	Unwind@00878d8f
00878D9A	Unwind@00878d9a
00878DA5	Unwind@00878da5
00878DB0	Unwind@00878db0
00878DBB	Unwind@00878dbb
00878DC6	Unwind@00878dc6
00878DD1	Unwind@00878dd1
00878DDC	Unwind@00878ddc
00878DE7	Unwind@00878de7
00878DF2	Unwind@00878df2
00878DFD	Unwind@00878dfd
00878E15	Unwind@00878e15
00878E20	Unwind@00878e20
00878E2B	Unwind@00878e2b
00878E36	Unwind@00878e36
00878E41	Unwind@00878e41
00878E4C	Unwind@00878e4c
00878E57	Unwind@00878e57
00878E62	Unwind@00878e62
00878E6D	Unwind@00878e6d
00878E78	Unwind@00878e78
00878E83	Unwind@00878e83
00878E8E	Unwind@00878e8e
00878E99	Unwind@00878e99
00878EA4	Unwind@00878ea4
00878EAC	Unwind@00878eac
00878EB4	Unwind@00878eb4
00878EBC	Unwind@00878ebc
00878EC7	Unwind@00878ec7
00878ED2	Unwind@00878ed2
00878EDD	Unwind@00878edd
00878EE8	Unwind@00878ee8
00878EF3	Unwind@00878ef3
00878EFE	Unwind@00878efe
00878F09	Unwind@00878f09
00878F14	Unwind@00878f14
00878F1F	Unwind@00878f1f
00878F2A	Unwind@00878f2a
00878F35	Unwind@00878f35
00878F40	Unwind@00878f40
00878F4B	Unwind@00878f4b
00878F56	Unwind@00878f56
00878F61	Unwind@00878f61
00878F6C	Unwind@00878f6c
00878F77	Unwind@00878f77
00878F82	Unwind@00878f82
00878F8D	Unwind@00878f8d
00878F98	Unwind@00878f98
00878FA3	Unwind@00878fa3
00878FAE	Unwind@00878fae
00878FB9	Unwind@00878fb9
00878FC4	Unwind@00878fc4
00878FCF	Unwind@00878fcf
00878FE4	Unwind@00878fe4
00878FEC	Unwind@00878fec
00878FF7	Unwind@00878ff7
00879002	Unwind@00879002
0087900A	Unwind@0087900a
00879012	Unwind@00879012
0087902A	Unwind@0087902a
0087903C	Unwind@0087903c
00879047	Unwind@00879047
0087904F	Unwind@0087904f
00879057	Unwind@00879057
0087905F	Unwind@0087905f
0087906A	Unwind@0087906a
00879075	Unwind@00879075
0087907D	Unwind@0087907d
00879085	Unwind@00879085
00879090	Unwind@00879090
0087909B	Unwind@0087909b
008790A6	Unwind@008790a6
008790B1	Unwind@008790b1
008790BC	Unwind@008790bc
008790C7	Unwind@008790c7
008790D2	Unwind@008790d2
008790DA	Unwind@008790da
008790E2	Unwind@008790e2
008790EA	Unwind@008790ea
008790F5	Unwind@008790f5
008790FD	Unwind@008790fd
00879108	Unwind@00879108
00879113	Unwind@00879113
0087911B	Unwind@0087911b
00879126	Unwind@00879126
00879131	Unwind@00879131
0087913C	Unwind@0087913c
00879144	Unwind@00879144
0087914C	Unwind@0087914c
00879157	Unwind@00879157
0087915F	Unwind@0087915f
00879167	Unwind@00879167
0087916F	Unwind@0087916f
0087917A	Unwind@0087917a
00879185	Unwind@00879185
0087918D	Unwind@0087918d
00879198	Unwind@00879198
008791A0	Unwind@008791a0
008791A8	Unwind@008791a8
008791B6	Unwind@008791b6
008791C4	Unwind@008791c4
008791DC	Unwind@008791dc
008791EA	Unwind@008791ea
00879202	Unwind@00879202
0087920A	Unwind@0087920a
00879212	Unwind@00879212
0087921A	Unwind@0087921a
00879222	Unwind@00879222
0087922A	Unwind@0087922a
00879232	Unwind@00879232
0087923A	Unwind@0087923a
00879242	Unwind@00879242
0087924A	Unwind@0087924a
00879252	Unwind@00879252
0087925A	Unwind@0087925a
00879262	Unwind@00879262
0087926A	Unwind@0087926a
00879272	Unwind@00879272
0087927A	Unwind@0087927a
00879282	Unwind@00879282
008792A0	Unwind@008792a0
008792C0	Unwind@008792c0
008792E0	Unwind@008792e0
008792E8	Unwind@008792e8
008792F0	Unwind@008792f0
008792F8	Unwind@008792f8
00879300	Unwind@00879300
00879308	Unwind@00879308
00879320	Unwind@00879320
00879328	Unwind@00879328
00879330	Unwind@00879330
00879338	Unwind@00879338
00879340	Unwind@00879340
0087934B	Unwind@0087934b
00879360	Unwind@00879360
0087936B	Unwind@0087936b
00879373	Unwind@00879373
00879390	Unwind@00879390
00879398	Unwind@00879398
008793B0	Unwind@008793b0
008793B8	Unwind@008793b8
008793C0	Unwind@008793c0
008793C8	Unwind@008793c8
008793D0	Unwind@008793d0
008793E7	Unwind@008793e7
00879400	Unwind@00879400
00879420	Unwind@00879420
00879440	Unwind@00879440
00879448	Unwind@00879448
00879456	Unwind@00879456
00879464	Unwind@00879464
00879472	Unwind@00879472
00879480	Unwind@00879480
0087949B	Unwind@0087949b
008794A9	Unwind@008794a9
008794B7	Unwind@008794b7
008794C5	Unwind@008794c5
008794D3	Unwind@008794d3
008794E1	Unwind@008794e1
008794EF	Unwind@008794ef
008794FD	Unwind@008794fd
0087950B	Unwind@0087950b
00879519	Unwind@00879519
00879527	Unwind@00879527
00879535	Unwind@00879535
00879543	Unwind@00879543
00879551	Unwind@00879551
0087955F	Unwind@0087955f
0087956D	Unwind@0087956d
0087957B	Unwind@0087957b
00879589	Unwind@00879589
00879597	Unwind@00879597
008795A5	Unwind@008795a5
008795AD	Unwind@008795ad
008795BB	Unwind@008795bb
008795C9	Unwind@008795c9
008795D7	Unwind@008795d7
008795E5	Unwind@008795e5
008795F3	Unwind@008795f3
00879601	Unwind@00879601
0087960F	Unwind@0087960f
0087961D	Unwind@0087961d
00879635	Unwind@00879635
0087963D	Unwind@0087963d
0087964B	Unwind@0087964b
00879659	Unwind@00879659
00879667	Unwind@00879667
00879675	Unwind@00879675
00879690	Unwind@00879690
0087969E	Unwind@0087969e
008796AC	Unwind@008796ac
008796BA	Unwind@008796ba
008796C8	Unwind@008796c8
008796D6	Unwind@008796d6
008796E4	Unwind@008796e4
008796F2	Unwind@008796f2
00879700	Unwind@00879700
0087970E	Unwind@0087970e
0087971C	Unwind@0087971c
0087972A	Unwind@0087972a
00879738	Unwind@00879738
00879746	Unwind@00879746
00879754	Unwind@00879754
00879762	Unwind@00879762
00879770	Unwind@00879770
0087977E	Unwind@0087977e
0087978C	Unwind@0087978c
0087979A	Unwind@0087979a
008797A8	Unwind@008797a8
008797B0	Unwind@008797b0
008797BE	Unwind@008797be
008797CC	Unwind@008797cc
008797DA	Unwind@008797da
008797E8	Unwind@008797e8
008797F6	Unwind@008797f6
00879804	Unwind@00879804
00879812	Unwind@00879812
00879820	Unwind@00879820
00879828	Unwind@00879828
00879840	Unwind@00879840
00879848	Unwind@00879848
00879850	Unwind@00879850
00879858	Unwind@00879858
00879860	Unwind@00879860
00879872	Unwind@00879872
0087987A	Unwind@0087987a
00879882	Unwind@00879882
0087988A	Unwind@0087988a
008798A1	Unwind@008798a1
008798A9	Unwind@008798a9
008798B1	Unwind@008798b1
008798B9	Unwind@008798b9
008798C1	Unwind@008798c1
008798C9	Unwind@008798c9
008798D1	Unwind@008798d1
008798D9	Unwind@008798d9
008798EB	Unwind@008798eb
008798F3	Unwind@008798f3
008798FB	Unwind@008798fb
00879903	Unwind@00879903
0087991A	Unwind@0087991a
00879922	Unwind@00879922
0087992A	Unwind@0087992a
00879932	Unwind@00879932
0087993A	Unwind@0087993a
00879942	Unwind@00879942
0087994A	Unwind@0087994a
00879952	Unwind@00879952
00879964	Unwind@00879964
0087996C	Unwind@0087996c
00879974	Unwind@00879974
0087997F	Unwind@0087997f
0087998A	Unwind@0087998a
00879995	Unwind@00879995
008799A0	Unwind@008799a0
008799AB	Unwind@008799ab
008799B6	Unwind@008799b6
008799C8	Unwind@008799c8
008799D0	Unwind@008799d0
008799D8	Unwind@008799d8
008799E0	Unwind@008799e0
008799E8	Unwind@008799e8
008799F0	Unwind@008799f0
008799F8	Unwind@008799f8
00879A00	Unwind@00879a00
00879A08	Unwind@00879a08
00879A10	Unwind@00879a10
00879A1B	Unwind@00879a1b
00879A23	Unwind@00879a23
00879A2B	Unwind@00879a2b
00879A3D	Unwind@00879a3d
00879A45	Unwind@00879a45
00879A4D	Unwind@00879a4d
00879A55	Unwind@00879a55
00879A5D	Unwind@00879a5d
00879A65	Unwind@00879a65
00879A6D	Unwind@00879a6d
00879A75	Unwind@00879a75
00879A7D	Unwind@00879a7d
00879A85	Unwind@00879a85
00879A8D	Unwind@00879a8d
00879A95	Unwind@00879a95
00879A9D	Unwind@00879a9d
00879AA5	Unwind@00879aa5
00879AAD	Unwind@00879aad
00879AB5	Unwind@00879ab5
00879ABD	Unwind@00879abd
00879AC5	Unwind@00879ac5
00879ACD	Unwind@00879acd
00879ADF	Unwind@00879adf
00879AE7	Unwind@00879ae7
00879AEF	Unwind@00879aef
00879AFA	Unwind@00879afa
00879B05	Unwind@00879b05
00879B0D	Unwind@00879b0d
00879B25	Unwind@00879b25
00879B30	Unwind@00879b30
00879B3B	Unwind@00879b3b
00879B46	Unwind@00879b46
00879B51	Unwind@00879b51
00879B5C	Unwind@00879b5c
00879B67	Unwind@00879b67
00879B72	Unwind@00879b72
00879B7D	Unwind@00879b7d
00879B88	Unwind@00879b88
00879B93	Unwind@00879b93
00879B9E	Unwind@00879b9e
00879BA9	Unwind@00879ba9
00879BB4	Unwind@00879bb4
00879BBF	Unwind@00879bbf
00879BCA	Unwind@00879bca
00879BD5	Unwind@00879bd5
00879BE0	Unwind@00879be0
00879BEB	Unwind@00879beb
00879BF6	Unwind@00879bf6
00879C01	Unwind@00879c01
00879C0C	Unwind@00879c0c
00879C17	Unwind@00879c17
00879C22	Unwind@00879c22
00879C2D	Unwind@00879c2d
00879C38	Unwind@00879c38
00879C43	Unwind@00879c43
00879C4E	Unwind@00879c4e
00879C59	Unwind@00879c59
00879C64	Unwind@00879c64
00879C6F	Unwind@00879c6f
00879C7A	Unwind@00879c7a
00879C85	Unwind@00879c85
00879C90	Unwind@00879c90
00879C9B	Unwind@00879c9b
00879CA6	Unwind@00879ca6
00879CB1	Unwind@00879cb1
00879CBC	Unwind@00879cbc
00879CC7	Unwind@00879cc7
00879CD2	Unwind@00879cd2
00879CDD	Unwind@00879cdd
00879CE8	Unwind@00879ce8
00879CF3	Unwind@00879cf3
00879CFE	Unwind@00879cfe
00879D09	Unwind@00879d09
00879D14	Unwind@00879d14
00879D1F	Unwind@00879d1f
00879D2A	Unwind@00879d2a
00879D35	Unwind@00879d35
00879D40	Unwind@00879d40
00879D4B	Unwind@00879d4b
00879D56	Unwind@00879d56
00879D61	Unwind@00879d61
00879D6C	Unwind@00879d6c
00879D77	Unwind@00879d77
00879D82	Unwind@00879d82
00879D8D	Unwind@00879d8d
00879D98	Unwind@00879d98
00879DAE	Unwind@00879dae
00879DB9	Unwind@00879db9
00879DC1	Unwind@00879dc1
00879DCC	Unwind@00879dcc
00879DD4	Unwind@00879dd4
00879DDF	Unwind@00879ddf
00879DE7	Unwind@00879de7
00879DEF	Unwind@00879def
00879DF7	Unwind@00879df7
00879E02	Unwind@00879e02
00879E0D	Unwind@00879e0d
00879E18	Unwind@00879e18
00879E23	Unwind@00879e23
00879E2E	Unwind@00879e2e
00879E39	Unwind@00879e39
00879E44	Unwind@00879e44
00879E4F	Unwind@00879e4f
00879E5A	Unwind@00879e5a
00879E65	Unwind@00879e65
00879E70	Unwind@00879e70
00879E7B	Unwind@00879e7b
00879E86	Unwind@00879e86
00879E91	Unwind@00879e91
00879E9C	Unwind@00879e9c
00879EA7	Unwind@00879ea7
00879EB2	Unwind@00879eb2
00879EBD	Unwind@00879ebd
00879EC8	Unwind@00879ec8
00879ED3	Unwind@00879ed3
00879EDE	Unwind@00879ede
00879EE9	Unwind@00879ee9
00879EF4	Unwind@00879ef4
00879EFF	Unwind@00879eff
00879F0A	Unwind@00879f0a
00879F15	Unwind@00879f15
00879F20	Unwind@00879f20
00879F2B	Unwind@00879f2b
00879F36	Unwind@00879f36
00879F41	Unwind@00879f41
00879F4C	Unwind@00879f4c
00879F57	Unwind@00879f57
00879F62	Unwind@00879f62
00879F6D	Unwind@00879f6d
00879F78	Unwind@00879f78
00879F83	Unwind@00879f83
00879F8E	Unwind@00879f8e
00879F99	Unwind@00879f99
00879FA4	Unwind@00879fa4
00879FAF	Unwind@00879faf
00879FBA	Unwind@00879fba
00879FC5	Unwind@00879fc5
00879FD0	Unwind@00879fd0
00879FDB	Unwind@00879fdb
00879FE6	Unwind@00879fe6
00879FF1	Unwind@00879ff1
00879FF9	Unwind@00879ff9
0087A001	Unwind@0087a001
0087A009	Unwind@0087a009
0087A01E	Unwind@0087a01e
0087A026	Unwind@0087a026
0087A02E	Unwind@0087a02e
0087A036	Unwind@0087a036
0087A041	Unwind@0087a041
0087A04C	Unwind@0087a04c
0087A061	Unwind@0087a061
0087A06C	Unwind@0087a06c
0087A077	Unwind@0087a077
0087A082	Unwind@0087a082
0087A08D	Unwind@0087a08d
0087A098	Unwind@0087a098
0087A0A3	Unwind@0087a0a3
0087A0AE	Unwind@0087a0ae
0087A0B9	Unwind@0087a0b9
0087A0C4	Unwind@0087a0c4
0087A0CF	Unwind@0087a0cf
0087A0DA	Unwind@0087a0da
0087A0E5	Unwind@0087a0e5
0087A0F0	Unwind@0087a0f0
0087A0F8	Unwind@0087a0f8
0087A100	Unwind@0087a100
0087A108	Unwind@0087a108
0087A113	Unwind@0087a113
0087A11E	Unwind@0087a11e
0087A126	Unwind@0087a126
0087A12E	Unwind@0087a12e
0087A139	Unwind@0087a139
0087A144	Unwind@0087a144
0087A14F	Unwind@0087a14f
0087A15A	Unwind@0087a15a
0087A165	Unwind@0087a165
0087A173	Unwind@0087a173
0087A17E	Unwind@0087a17e
0087A189	Unwind@0087a189
0087A194	Unwind@0087a194
0087A19F	Unwind@0087a19f
0087A1AA	Unwind@0087a1aa
0087A1B8	Unwind@0087a1b8
0087A1C3	Unwind@0087a1c3
0087A1CB	Unwind@0087a1cb
0087A1D3	Unwind@0087a1d3
0087A1DB	Unwind@0087a1db
0087A1E6	Unwind@0087a1e6
0087A1F1	Unwind@0087a1f1
0087A1FC	Unwind@0087a1fc
0087A207	Unwind@0087a207
0087A20F	Unwind@0087a20f
0087A217	Unwind@0087a217
0087A225	Unwind@0087a225
0087A233	Unwind@0087a233
0087A24B	Unwind@0087a24b
0087A253	Unwind@0087a253
0087A25B	Unwind@0087a25b
0087A263	Unwind@0087a263
0087A26B	Unwind@0087a26b
0087A273	Unwind@0087a273
0087A27B	Unwind@0087a27b
0087A283	Unwind@0087a283
0087A28B	Unwind@0087a28b
0087A293	Unwind@0087a293
0087A29B	Unwind@0087a29b
0087A2A3	Unwind@0087a2a3
0087A2B5	Unwind@0087a2b5
0087A2C3	Unwind@0087a2c3
0087A2D8	Unwind@0087a2d8
0087A2E0	Unwind@0087a2e0
0087A2E8	Unwind@0087a2e8
0087A2F0	Unwind@0087a2f0
0087A2F8	Unwind@0087a2f8
0087A300	Unwind@0087a300
0087A312	Unwind@0087a312
0087A31A	Unwind@0087a31a
0087A322	Unwind@0087a322
0087A32A	Unwind@0087a32a
0087A332	Unwind@0087a332
0087A33A	Unwind@0087a33a
0087A342	Unwind@0087a342
0087A34A	Unwind@0087a34a
0087A352	Unwind@0087a352
0087A35A	Unwind@0087a35a
0087A362	Unwind@0087a362
0087A36A	Unwind@0087a36a
0087A372	Unwind@0087a372
0087A37A	Unwind@0087a37a
0087A382	Unwind@0087a382
0087A38A	Unwind@0087a38a
0087A392	Unwind@0087a392
0087A3B0	Unwind@0087a3b0
0087A3B8	Unwind@0087a3b8
0087A3C6	Unwind@0087a3c6
0087A3D4	Unwind@0087a3d4
0087A3E2	Unwind@0087a3e2
0087A3F0	Unwind@0087a3f0
0087A3FE	Unwind@0087a3fe
0087A40C	Unwind@0087a40c
0087A41A	Unwind@0087a41a
0087A440	Unwind@0087a440
0087A448	Unwind@0087a448
0087A453	Unwind@0087a453
0087A45E	Unwind@0087a45e
0087A469	Unwind@0087a469
0087A474	Unwind@0087a474
0087A47F	Unwind@0087a47f
0087A48A	Unwind@0087a48a
0087A495	Unwind@0087a495
0087A4A0	Unwind@0087a4a0
0087A4AB	Unwind@0087a4ab
0087A4B6	Unwind@0087a4b6
0087A4C1	Unwind@0087a4c1
0087A4CC	Unwind@0087a4cc
0087A4D7	Unwind@0087a4d7
0087A4E2	Unwind@0087a4e2
0087A4ED	Unwind@0087a4ed
0087A4F8	Unwind@0087a4f8
0087A510	Unwind@0087a510
0087A530	Unwind@0087a530
0087A538	Unwind@0087a538
0087A550	Unwind@0087a550
0087A558	Unwind@0087a558
0087A566	Unwind@0087a566
0087A574	Unwind@0087a574
0087A582	Unwind@0087a582
0087A590	Unwind@0087a590
0087A5B5	Unwind@0087a5b5
0087A5BD	Unwind@0087a5bd
0087A5CB	Unwind@0087a5cb
0087A5D9	Unwind@0087a5d9
0087A5E7	Unwind@0087a5e7
0087A5FF	Unwind@0087a5ff
0087A607	Unwind@0087a607
0087A61E	Unwind@0087a61e
0087A630	Unwind@0087a630
0087A638	Unwind@0087a638
0087A64F	Unwind@0087a64f
0087A661	Unwind@0087a661
0087A669	Unwind@0087a669
0087A671	Unwind@0087a671
0087A679	Unwind@0087a679
0087A687	Unwind@0087a687
0087A68F	Unwind@0087a68f
0087A697	Unwind@0087a697
0087A69F	Unwind@0087a69f
0087A6B7	Unwind@0087a6b7
0087A6BF	Unwind@0087a6bf
0087A6C7	Unwind@0087a6c7
0087A6CF	Unwind@0087a6cf
0087A6D7	Unwind@0087a6d7
0087A6E9	Unwind@0087a6e9
0087A6F4	Unwind@0087a6f4
0087A6FF	Unwind@0087a6ff
0087A70A	Unwind@0087a70a
0087A715	Unwind@0087a715
0087A720	Unwind@0087a720
0087A72B	Unwind@0087a72b
0087A736	Unwind@0087a736
0087A741	Unwind@0087a741
0087A74C	Unwind@0087a74c
0087A757	Unwind@0087a757
0087A762	Unwind@0087a762
0087A76D	Unwind@0087a76d
0087A778	Unwind@0087a778
0087A783	Unwind@0087a783
0087A78B	Unwind@0087a78b
0087A793	Unwind@0087a793
0087A79B	Unwind@0087a79b
0087A7A6	Unwind@0087a7a6
0087A7B1	Unwind@0087a7b1
0087A7BC	Unwind@0087a7bc
0087A7C7	Unwind@0087a7c7
0087A7D2	Unwind@0087a7d2
0087A7DD	Unwind@0087a7dd
0087A7E8	Unwind@0087a7e8
0087A7F3	Unwind@0087a7f3
0087A7FE	Unwind@0087a7fe
0087A809	Unwind@0087a809
0087A814	Unwind@0087a814
0087A81F	Unwind@0087a81f
0087A82A	Unwind@0087a82a
0087A835	Unwind@0087a835
0087A840	Unwind@0087a840
0087A84B	Unwind@0087a84b
0087A856	Unwind@0087a856
0087A861	Unwind@0087a861
0087A86C	Unwind@0087a86c
0087A877	Unwind@0087a877
0087A882	Unwind@0087a882
0087A88D	Unwind@0087a88d
0087A898	Unwind@0087a898
0087A8A3	Unwind@0087a8a3
0087A8AE	Unwind@0087a8ae
0087A8B9	Unwind@0087a8b9
0087A8C4	Unwind@0087a8c4
0087A8CF	Unwind@0087a8cf
0087A8DA	Unwind@0087a8da
0087A8E5	Unwind@0087a8e5
0087A8F0	Unwind@0087a8f0
0087A8FB	Unwind@0087a8fb
0087A906	Unwind@0087a906
0087A920	Unwind@0087a920
0087A928	Unwind@0087a928
0087A930	Unwind@0087a930
0087A938	Unwind@0087a938
0087A940	Unwind@0087a940
0087A948	Unwind@0087a948
0087A950	Unwind@0087a950
0087A958	Unwind@0087a958
0087A960	Unwind@0087a960
0087A977	Unwind@0087a977
0087A97F	Unwind@0087a97f
0087A987	Unwind@0087a987
0087A9A0	Unwind@0087a9a0
0087A9C0	Unwind@0087a9c0
0087A9E0	Unwind@0087a9e0
0087AA00	Unwind@0087aa00
0087AA08	Unwind@0087aa08
0087AA16	Unwind@0087aa16
0087AA24	Unwind@0087aa24
0087AA32	Unwind@0087aa32
0087AA40	Unwind@0087aa40
0087AA4E	Unwind@0087aa4e
0087AA66	Unwind@0087aa66
0087AA6E	Unwind@0087aa6e
0087AA7C	Unwind@0087aa7c
0087AA8A	Unwind@0087aa8a
0087AA98	Unwind@0087aa98
0087AAA6	Unwind@0087aaa6
0087AABE	Unwind@0087aabe
0087AAC6	Unwind@0087aac6
0087AAD1	Unwind@0087aad1
0087AADC	Unwind@0087aadc
0087AAE4	Unwind@0087aae4
0087AAEC	Unwind@0087aaec
0087AB10	Unwind@0087ab10
0087AB18	Unwind@0087ab18
0087AB26	Unwind@0087ab26
0087AB41	Unwind@0087ab41
0087AB4F	Unwind@0087ab4f
0087AB67	Unwind@0087ab67
0087AB6F	Unwind@0087ab6f
0087AB7D	Unwind@0087ab7d
0087AB98	Unwind@0087ab98
0087ABB0	Unwind@0087abb0
0087ABB8	Unwind@0087abb8
0087ABC0	Unwind@0087abc0
0087ABC8	Unwind@0087abc8
0087ABD0	Unwind@0087abd0
0087ABD8	Unwind@0087abd8
0087ABE0	Unwind@0087abe0
0087ABE8	Unwind@0087abe8
0087ABF0	Unwind@0087abf0
0087AC10	Unwind@0087ac10
0087AC22	Unwind@0087ac22
0087AC34	Unwind@0087ac34
0087AC3C	Unwind@0087ac3c
0087AC47	Unwind@0087ac47
0087AC52	Unwind@0087ac52
0087AC5A	Unwind@0087ac5a
0087AC62	Unwind@0087ac62
0087AC7A	Unwind@0087ac7a
0087AC85	Unwind@0087ac85
0087AC90	Unwind@0087ac90
0087AC9B	Unwind@0087ac9b
0087ACA6	Unwind@0087aca6
0087ACB1	Unwind@0087acb1
0087ACBC	Unwind@0087acbc
0087ACC7	Unwind@0087acc7
0087ACDC	Unwind@0087acdc
0087ACF1	Unwind@0087acf1
0087ACFC	Unwind@0087acfc
0087AD07	Unwind@0087ad07
0087AD12	Unwind@0087ad12
0087AD1D	Unwind@0087ad1d
0087AD28	Unwind@0087ad28
0087AD33	Unwind@0087ad33
0087AD50	Unwind@0087ad50
0087AD58	Unwind@0087ad58
0087AD70	Unwind@0087ad70
0087AD92	Unwind@0087ad92
0087AD9A	Unwind@0087ad9a
0087ADB2	Unwind@0087adb2
0087ADD4	Unwind@0087add4
0087ADDF	Unwind@0087addf
0087ADEA	Unwind@0087adea
0087ADF5	Unwind@0087adf5
0087AE0A	Unwind@0087ae0a
0087AE12	Unwind@0087ae12
0087AE24	Unwind@0087ae24
0087AE2C	Unwind@0087ae2c
0087AE34	Unwind@0087ae34
0087AE3C	Unwind@0087ae3c
0087AE4E	Unwind@0087ae4e
0087AE56	Unwind@0087ae56
0087AE5E	Unwind@0087ae5e
0087AE69	Unwind@0087ae69
0087AE74	Unwind@0087ae74
0087AE7F	Unwind@0087ae7f
0087AE8A	Unwind@0087ae8a
0087AE95	Unwind@0087ae95
0087AEA0	Unwind@0087aea0
0087AEAB	Unwind@0087aeab
0087AEB6	Unwind@0087aeb6
0087AEC1	Unwind@0087aec1
0087AECC	Unwind@0087aecc
0087AED7	Unwind@0087aed7
0087AEE2	Unwind@0087aee2
0087AEED	Unwind@0087aeed
0087AEF8	Unwind@0087aef8
0087AF03	Unwind@0087af03
0087AF0E	Unwind@0087af0e
0087AF19	Unwind@0087af19
0087AF24	Unwind@0087af24
0087AF2F	Unwind@0087af2f
0087AF3D	Unwind@0087af3d
0087AF48	Unwind@0087af48
0087AF53	Unwind@0087af53
0087AF5E	Unwind@0087af5e
0087AF6C	Unwind@0087af6c
0087AF74	Unwind@0087af74
0087AF8C	Unwind@0087af8c
0087AF97	Unwind@0087af97
0087AFA2	Unwind@0087afa2
0087AFAD	Unwind@0087afad
0087AFB8	Unwind@0087afb8
0087AFC3	Unwind@0087afc3
0087AFCE	Unwind@0087afce
0087AFD9	Unwind@0087afd9
0087AFE4	Unwind@0087afe4
0087AFEF	Unwind@0087afef
0087AFFA	Unwind@0087affa
0087B005	Unwind@0087b005
0087B010	Unwind@0087b010
0087B01B	Unwind@0087b01b
0087B026	Unwind@0087b026
0087B031	Unwind@0087b031
0087B03C	Unwind@0087b03c
0087B047	Unwind@0087b047
0087B052	Unwind@0087b052
0087B05D	Unwind@0087b05d
0087B068	Unwind@0087b068
0087B073	Unwind@0087b073
0087B07E	Unwind@0087b07e
0087B089	Unwind@0087b089
0087B094	Unwind@0087b094
0087B09F	Unwind@0087b09f
0087B0AA	Unwind@0087b0aa
0087B0B5	Unwind@0087b0b5
0087B0C0	Unwind@0087b0c0
0087B0CB	Unwind@0087b0cb
0087B0D6	Unwind@0087b0d6
0087B0E1	Unwind@0087b0e1
0087B0EC	Unwind@0087b0ec
0087B0F7	Unwind@0087b0f7
0087B102	Unwind@0087b102
0087B10D	Unwind@0087b10d
0087B118	Unwind@0087b118
0087B123	Unwind@0087b123
0087B12E	Unwind@0087b12e
0087B139	Unwind@0087b139
0087B144	Unwind@0087b144
0087B159	Unwind@0087b159
0087B161	Unwind@0087b161
0087B173	Unwind@0087b173
0087B17B	Unwind@0087b17b
0087B183	Unwind@0087b183
0087B195	Unwind@0087b195
0087B19D	Unwind@0087b19d
0087B1A8	Unwind@0087b1a8
0087B1B0	Unwind@0087b1b0
0087B1B8	Unwind@0087b1b8
0087B1C6	Unwind@0087b1c6
0087B1CE	Unwind@0087b1ce
0087B1D9	Unwind@0087b1d9
0087B1E1	Unwind@0087b1e1
0087B1E9	Unwind@0087b1e9
0087B201	Unwind@0087b201
0087B20C	Unwind@0087b20c
0087B21A	Unwind@0087b21a
0087B234	Unwind@0087b234
0087B24E	Unwind@0087b24e
0087B256	Unwind@0087b256
0087B264	Unwind@0087b264
0087B272	Unwind@0087b272
0087B280	Unwind@0087b280
0087B28E	Unwind@0087b28e
0087B29C	Unwind@0087b29c
0087B2AA	Unwind@0087b2aa
0087B2B8	Unwind@0087b2b8
0087B2C6	Unwind@0087b2c6
0087B2D4	Unwind@0087b2d4
0087B2E2	Unwind@0087b2e2
0087B2F0	Unwind@0087b2f0
0087B2FE	Unwind@0087b2fe
0087B320	Unwind@0087b320
0087B340	Unwind@0087b340
0087B348	Unwind@0087b348
0087B350	Unwind@0087b350
0087B358	Unwind@0087b358
0087B360	Unwind@0087b360
0087B377	Unwind@0087b377
0087B390	Unwind@0087b390
0087B398	Unwind@0087b398
0087B3B0	Unwind@0087b3b0
0087B3B8	Unwind@0087b3b8
0087B3D0	Unwind@0087b3d0
0087B3D8	Unwind@0087b3d8
0087B3E0	Unwind@0087b3e0
0087B3EE	Unwind@0087b3ee
0087B3F6	Unwind@0087b3f6
0087B404	Unwind@0087b404
0087B412	Unwind@0087b412
0087B420	Unwind@0087b420
0087B438	Unwind@0087b438
0087B440	Unwind@0087b440
0087B44E	Unwind@0087b44e
0087B45C	Unwind@0087b45c
0087B46A	Unwind@0087b46a
0087B478	Unwind@0087b478
0087B486	Unwind@0087b486
0087B48E	Unwind@0087b48e
0087B499	Unwind@0087b499
0087B4A4	Unwind@0087b4a4
0087B4AF	Unwind@0087b4af
0087B4C4	Unwind@0087b4c4
0087B4CC	Unwind@0087b4cc
0087B4D7	Unwind@0087b4d7
0087B4DF	Unwind@0087b4df
0087B4F1	Unwind@0087b4f1
0087B4FC	Unwind@0087b4fc
0087B507	Unwind@0087b507
0087B51C	Unwind@0087b51c
0087B527	Unwind@0087b527
0087B532	Unwind@0087b532
0087B53D	Unwind@0087b53d
0087B548	Unwind@0087b548
0087B553	Unwind@0087b553
0087B55E	Unwind@0087b55e
0087B569	Unwind@0087b569
0087B574	Unwind@0087b574
0087B57F	Unwind@0087b57f
0087B58A	Unwind@0087b58a
0087B595	Unwind@0087b595
0087B5A0	Unwind@0087b5a0
0087B5AB	Unwind@0087b5ab
0087B5B6	Unwind@0087b5b6
0087B5C1	Unwind@0087b5c1
0087B5CC	Unwind@0087b5cc
0087B5D7	Unwind@0087b5d7
0087B5E2	Unwind@0087b5e2
0087B5ED	Unwind@0087b5ed
0087B5F8	Unwind@0087b5f8
0087B603	Unwind@0087b603
0087B60E	Unwind@0087b60e
0087B619	Unwind@0087b619
0087B624	Unwind@0087b624
0087B62F	Unwind@0087b62f
0087B63A	Unwind@0087b63a
0087B645	Unwind@0087b645
0087B650	Unwind@0087b650
0087B65B	Unwind@0087b65b
0087B666	Unwind@0087b666
0087B671	Unwind@0087b671
0087B67C	Unwind@0087b67c
0087B687	Unwind@0087b687
0087B692	Unwind@0087b692
0087B69D	Unwind@0087b69d
0087B6A8	Unwind@0087b6a8
0087B6B3	Unwind@0087b6b3
0087B6BE	Unwind@0087b6be
0087B6C9	Unwind@0087b6c9
0087B6DB	Unwind@0087b6db
0087B6E9	Unwind@0087b6e9
0087B6F7	Unwind@0087b6f7
0087B705	Unwind@0087b705
0087B713	Unwind@0087b713
0087B71E	Unwind@0087b71e
0087B73B	Unwind@0087b73b
0087B746	Unwind@0087b746
0087B763	Unwind@0087b763
0087B76E	Unwind@0087b76e
0087B779	Unwind@0087b779
0087B787	Unwind@0087b787
0087B795	Unwind@0087b795
0087B7A0	Unwind@0087b7a0
0087B7BD	Unwind@0087b7bd
0087B7C8	Unwind@0087b7c8
0087B7E5	Unwind@0087b7e5
0087B7F0	Unwind@0087b7f0
0087B7FB	Unwind@0087b7fb
0087B809	Unwind@0087b809
0087B817	Unwind@0087b817
0087B822	Unwind@0087b822
0087B83F	Unwind@0087b83f
0087B84A	Unwind@0087b84a
0087B858	Unwind@0087b858
0087B866	Unwind@0087b866
0087B871	Unwind@0087b871
0087B88E	Unwind@0087b88e
0087B899	Unwind@0087b899
0087B8B6	Unwind@0087b8b6
0087B8C1	Unwind@0087b8c1
0087B8CC	Unwind@0087b8cc
0087B8DA	Unwind@0087b8da
0087B8E5	Unwind@0087b8e5
0087B904	Unwind@0087b904
0087B90F	Unwind@0087b90f
0087B92E	Unwind@0087b92e
0087B939	Unwind@0087b939
0087B944	Unwind@0087b944
0087B952	Unwind@0087b952
0087B960	Unwind@0087b960
0087B96E	Unwind@0087b96e
0087B979	Unwind@0087b979
0087B998	Unwind@0087b998
0087B9A3	Unwind@0087b9a3
0087B9B1	Unwind@0087b9b1
0087B9BF	Unwind@0087b9bf
0087B9CD	Unwind@0087b9cd
0087B9D8	Unwind@0087b9d8
0087B9F7	Unwind@0087b9f7
0087BA02	Unwind@0087ba02
0087BA10	Unwind@0087ba10
0087BA1E	Unwind@0087ba1e
0087BA29	Unwind@0087ba29
0087BA48	Unwind@0087ba48
0087BA53	Unwind@0087ba53
0087BA61	Unwind@0087ba61
0087BA6F	Unwind@0087ba6f
0087BA7A	Unwind@0087ba7a
0087BA99	Unwind@0087ba99
0087BAA4	Unwind@0087baa4
0087BAB2	Unwind@0087bab2
0087BAC0	Unwind@0087bac0
0087BACB	Unwind@0087bacb
0087BAEA	Unwind@0087baea
0087BAF5	Unwind@0087baf5
0087BB14	Unwind@0087bb14
0087BB1F	Unwind@0087bb1f
0087BB2A	Unwind@0087bb2a
0087BB38	Unwind@0087bb38
0087BB46	Unwind@0087bb46
0087BB51	Unwind@0087bb51
0087BB70	Unwind@0087bb70
0087BB7B	Unwind@0087bb7b
0087BB89	Unwind@0087bb89
0087BB97	Unwind@0087bb97
0087BBA2	Unwind@0087bba2
0087BBC1	Unwind@0087bbc1
0087BBCC	Unwind@0087bbcc
0087BBDA	Unwind@0087bbda
0087BBE8	Unwind@0087bbe8
0087BBF3	Unwind@0087bbf3
0087BC12	Unwind@0087bc12
0087BC1D	Unwind@0087bc1d
0087BC2B	Unwind@0087bc2b
0087BC39	Unwind@0087bc39
0087BC44	Unwind@0087bc44
0087BC63	Unwind@0087bc63
0087BC6E	Unwind@0087bc6e
0087BC7C	Unwind@0087bc7c
0087BC8A	Unwind@0087bc8a
0087BC95	Unwind@0087bc95
0087BCB4	Unwind@0087bcb4
0087BCBF	Unwind@0087bcbf
0087BCCD	Unwind@0087bccd
0087BCDB	Unwind@0087bcdb
0087BCE6	Unwind@0087bce6
0087BD05	Unwind@0087bd05
0087BD10	Unwind@0087bd10
0087BD2F	Unwind@0087bd2f
0087BD3A	Unwind@0087bd3a
0087BD4F	Unwind@0087bd4f
0087BD5A	Unwind@0087bd5a
0087BD65	Unwind@0087bd65
0087BD70	Unwind@0087bd70
0087BD7B	Unwind@0087bd7b
0087BD86	Unwind@0087bd86
0087BD8E	Unwind@0087bd8e
0087BD99	Unwind@0087bd99
0087BDA1	Unwind@0087bda1
0087BDA9	Unwind@0087bda9
0087BDB1	Unwind@0087bdb1
0087BDBC	Unwind@0087bdbc
0087BDC4	Unwind@0087bdc4
0087BDCC	Unwind@0087bdcc
0087BDD4	Unwind@0087bdd4
0087BDDF	Unwind@0087bddf
0087BE00	Unwind@0087be00
0087BE20	Unwind@0087be20
0087BE40	Unwind@0087be40
0087BE48	Unwind@0087be48
0087BE53	Unwind@0087be53
0087BE70	Unwind@0087be70
0087BE81	Unwind@0087be81
0087BEA0	Unwind@0087bea0
0087BEC0	Unwind@0087bec0
0087BED1	Unwind@0087bed1
0087BEF0	Unwind@0087bef0
0087BF01	Unwind@0087bf01
0087BF09	Unwind@0087bf09
0087BF11	Unwind@0087bf11
0087BF30	Unwind@0087bf30
0087BF41	Unwind@0087bf41
0087BF49	Unwind@0087bf49
0087BF51	Unwind@0087bf51
0087BF70	Unwind@0087bf70
0087BF78	Unwind@0087bf78
0087BF80	Unwind@0087bf80
0087BF88	Unwind@0087bf88
0087BFA0	Unwind@0087bfa0
0087BFB2	Unwind@0087bfb2
0087BFC4	Unwind@0087bfc4
0087BFCC	Unwind@0087bfcc
0087BFD4	Unwind@0087bfd4
0087BFDC	Unwind@0087bfdc
0087BFEE	Unwind@0087bfee
0087BFF6	Unwind@0087bff6
0087C008	Unwind@0087c008
0087C010	Unwind@0087c010
0087C01B	Unwind@0087c01b
0087C026	Unwind@0087c026
0087C02E	Unwind@0087c02e
0087C036	Unwind@0087c036
0087C04E	Unwind@0087c04e
0087C056	Unwind@0087c056
0087C061	Unwind@0087c061
0087C06C	Unwind@0087c06c
0087C074	Unwind@0087c074
0087C07C	Unwind@0087c07c
0087C08A	Unwind@0087c08a
0087C092	Unwind@0087c092
0087C09D	Unwind@0087c09d
0087C0A8	Unwind@0087c0a8
0087C0B0	Unwind@0087c0b0
0087C0B8	Unwind@0087c0b8
0087C0C6	Unwind@0087c0c6
0087C0CE	Unwind@0087c0ce
0087C0D9	Unwind@0087c0d9
0087C0E4	Unwind@0087c0e4
0087C0EC	Unwind@0087c0ec
0087C0F4	Unwind@0087c0f4
0087C102	Unwind@0087c102
0087C10A	Unwind@0087c10a
0087C115	Unwind@0087c115
0087C120	Unwind@0087c120
0087C128	Unwind@0087c128
0087C130	Unwind@0087c130
0087C148	Unwind@0087c148
0087C150	Unwind@0087c150
0087C158	Unwind@0087c158
0087C160	Unwind@0087c160
0087C168	Unwind@0087c168
0087C170	Unwind@0087c170
0087C178	Unwind@0087c178
0087C180	Unwind@0087c180
0087C188	Unwind@0087c188
0087C190	Unwind@0087c190
0087C198	Unwind@0087c198
0087C1A0	Unwind@0087c1a0
0087C1A8	Unwind@0087c1a8
0087C1B0	Unwind@0087c1b0
0087C1B8	Unwind@0087c1b8
0087C1C0	Unwind@0087c1c0
0087C1C8	Unwind@0087c1c8
0087C1D0	Unwind@0087c1d0
0087C1D8	Unwind@0087c1d8
0087C1E0	Unwind@0087c1e0
0087C1E8	Unwind@0087c1e8
0087C1F0	Unwind@0087c1f0
0087C1F8	Unwind@0087c1f8
0087C200	Unwind@0087c200
0087C208	Unwind@0087c208
0087C210	Unwind@0087c210
0087C218	Unwind@0087c218
0087C220	Unwind@0087c220
0087C228	Unwind@0087c228
0087C230	Unwind@0087c230
0087C238	Unwind@0087c238
0087C240	Unwind@0087c240
0087C248	Unwind@0087c248
0087C250	Unwind@0087c250
0087C258	Unwind@0087c258
0087C260	Unwind@0087c260
0087C268	Unwind@0087c268
0087C270	Unwind@0087c270
0087C278	Unwind@0087c278
0087C280	Unwind@0087c280
0087C288	Unwind@0087c288
0087C290	Unwind@0087c290
0087C298	Unwind@0087c298
0087C2A0	Unwind@0087c2a0
0087C2A8	Unwind@0087c2a8
0087C2B0	Unwind@0087c2b0
0087C2B8	Unwind@0087c2b8
0087C2C0	Unwind@0087c2c0
0087C2C8	Unwind@0087c2c8
0087C2D0	Unwind@0087c2d0
0087C2D8	Unwind@0087c2d8
0087C2E0	Unwind@0087c2e0
0087C2E8	Unwind@0087c2e8
0087C2F0	Unwind@0087c2f0
0087C2F8	Unwind@0087c2f8
0087C300	Unwind@0087c300
0087C308	Unwind@0087c308
0087C310	Unwind@0087c310
0087C318	Unwind@0087c318
0087C320	Unwind@0087c320
0087C328	Unwind@0087c328
0087C330	Unwind@0087c330
0087C338	Unwind@0087c338
0087C340	Unwind@0087c340
0087C348	Unwind@0087c348
0087C350	Unwind@0087c350
0087C358	Unwind@0087c358
0087C360	Unwind@0087c360
0087C368	Unwind@0087c368
0087C370	Unwind@0087c370
0087C378	Unwind@0087c378
0087C380	Unwind@0087c380
0087C388	Unwind@0087c388
0087C390	Unwind@0087c390
0087C398	Unwind@0087c398
0087C3A0	Unwind@0087c3a0
0087C3A8	Unwind@0087c3a8
0087C3B0	Unwind@0087c3b0
0087C3B8	Unwind@0087c3b8
0087C3C0	Unwind@0087c3c0
0087C3C8	Unwind@0087c3c8
0087C3D0	Unwind@0087c3d0
0087C3D8	Unwind@0087c3d8
0087C3E0	Unwind@0087c3e0
0087C3E8	Unwind@0087c3e8
0087C3F0	Unwind@0087c3f0
0087C3F8	Unwind@0087c3f8
0087C400	Unwind@0087c400
0087C412	Unwind@0087c412
0087C41A	Unwind@0087c41a
0087C422	Unwind@0087c422
0087C42A	Unwind@0087c42a
0087C432	Unwind@0087c432
0087C43A	Unwind@0087c43a
0087C442	Unwind@0087c442
0087C44A	Unwind@0087c44a
0087C452	Unwind@0087c452
0087C45A	Unwind@0087c45a
0087C462	Unwind@0087c462
0087C46A	Unwind@0087c46a
0087C472	Unwind@0087c472
0087C47A	Unwind@0087c47a
0087C482	Unwind@0087c482
0087C48A	Unwind@0087c48a
0087C492	Unwind@0087c492
0087C49A	Unwind@0087c49a
0087C4A2	Unwind@0087c4a2
0087C4AA	Unwind@0087c4aa
0087C4B2	Unwind@0087c4b2
0087C4BA	Unwind@0087c4ba
0087C4C2	Unwind@0087c4c2
0087C4CA	Unwind@0087c4ca
0087C4D2	Unwind@0087c4d2
0087C4DA	Unwind@0087c4da
0087C4E2	Unwind@0087c4e2
0087C4EA	Unwind@0087c4ea
0087C4F2	Unwind@0087c4f2
0087C4FA	Unwind@0087c4fa
0087C50C	Unwind@0087c50c
0087C51A	Unwind@0087c51a
0087C528	Unwind@0087c528
0087C536	Unwind@0087c536
0087C544	Unwind@0087c544
0087C552	Unwind@0087c552
0087C560	Unwind@0087c560
0087C56E	Unwind@0087c56e
0087C57C	Unwind@0087c57c
0087C58A	Unwind@0087c58a
0087C598	Unwind@0087c598
0087C5A6	Unwind@0087c5a6
0087C5B4	Unwind@0087c5b4
0087C5C2	Unwind@0087c5c2
0087C5D0	Unwind@0087c5d0
0087C5DE	Unwind@0087c5de
0087C5EC	Unwind@0087c5ec
0087C5FA	Unwind@0087c5fa
0087C608	Unwind@0087c608
0087C616	Unwind@0087c616
0087C624	Unwind@0087c624
0087C632	Unwind@0087c632
0087C640	Unwind@0087c640
0087C64E	Unwind@0087c64e
0087C65C	Unwind@0087c65c
0087C66A	Unwind@0087c66a
0087C678	Unwind@0087c678
0087C686	Unwind@0087c686
0087C694	Unwind@0087c694
0087C6A2	Unwind@0087c6a2
0087C6B0	Unwind@0087c6b0
0087C6BE	Unwind@0087c6be
0087C6CC	Unwind@0087c6cc
0087C6DA	Unwind@0087c6da
0087C6E8	Unwind@0087c6e8
0087C6F6	Unwind@0087c6f6
0087C704	Unwind@0087c704
0087C712	Unwind@0087c712
0087C720	Unwind@0087c720
0087C740	Unwind@0087c740
0087C748	Unwind@0087c748
0087C756	Unwind@0087c756
0087C764	Unwind@0087c764
0087C772	Unwind@0087c772
0087C780	Unwind@0087c780
0087C78E	Unwind@0087c78e
0087C79C	Unwind@0087c79c
0087C7AA	Unwind@0087c7aa
0087C7C5	Unwind@0087c7c5
0087C7E0	Unwind@0087c7e0
0087C7F8	Unwind@0087c7f8
0087C800	Unwind@0087c800
0087C808	Unwind@0087c808
0087C810	Unwind@0087c810
0087C818	Unwind@0087c818
0087C820	Unwind@0087c820
0087C838	Unwind@0087c838
0087C843	Unwind@0087c843
0087C854	Unwind@0087c854
0087C865	Unwind@0087c865
0087C876	Unwind@0087c876
0087C887	Unwind@0087c887
0087C898	Unwind@0087c898
0087C8A9	Unwind@0087c8a9
0087C8BA	Unwind@0087c8ba
0087C8D8	Unwind@0087c8d8
0087C8F6	Unwind@0087c8f6
0087C911	Unwind@0087c911
0087C922	Unwind@0087c922
0087C92D	Unwind@0087c92d
0087C938	Unwind@0087c938
0087C946	Unwind@0087c946
0087C954	Unwind@0087c954
0087C96C	Unwind@0087c96c
0087C974	Unwind@0087c974
0087C97C	Unwind@0087c97c
0087C987	Unwind@0087c987
0087C992	Unwind@0087c992
0087C99D	Unwind@0087c99d
0087C9A8	Unwind@0087c9a8
0087C9B3	Unwind@0087c9b3
0087C9BE	Unwind@0087c9be
0087C9C9	Unwind@0087c9c9
0087C9D4	Unwind@0087c9d4
0087C9DF	Unwind@0087c9df
0087C9EA	Unwind@0087c9ea
0087C9F5	Unwind@0087c9f5
0087CA00	Unwind@0087ca00
0087CA0B	Unwind@0087ca0b
0087CA16	Unwind@0087ca16
0087CA21	Unwind@0087ca21
0087CA29	Unwind@0087ca29
0087CA3E	Unwind@0087ca3e
0087CA49	Unwind@0087ca49
0087CA54	Unwind@0087ca54
0087CA5F	Unwind@0087ca5f
0087CA6A	Unwind@0087ca6a
0087CA75	Unwind@0087ca75
0087CA80	Unwind@0087ca80
0087CA8B	Unwind@0087ca8b
0087CA96	Unwind@0087ca96
0087CAA1	Unwind@0087caa1
0087CAAC	Unwind@0087caac
0087CAB7	Unwind@0087cab7
0087CAC2	Unwind@0087cac2
0087CACD	Unwind@0087cacd
0087CAD8	Unwind@0087cad8
0087CAE3	Unwind@0087cae3
0087CAEE	Unwind@0087caee
0087CAF9	Unwind@0087caf9
0087CB04	Unwind@0087cb04
0087CB0F	Unwind@0087cb0f
0087CB1A	Unwind@0087cb1a
0087CB25	Unwind@0087cb25
0087CB3A	Unwind@0087cb3a
0087CB45	Unwind@0087cb45
0087CB5A	Unwind@0087cb5a
0087CB65	Unwind@0087cb65
0087CB70	Unwind@0087cb70
0087CB7B	Unwind@0087cb7b
0087CB90	Unwind@0087cb90
0087CB9B	Unwind@0087cb9b
0087CBA6	Unwind@0087cba6
0087CBB1	Unwind@0087cbb1
0087CBC6	Unwind@0087cbc6
0087CBE0	Unwind@0087cbe0
0087CBE8	Unwind@0087cbe8
0087CBF3	Unwind@0087cbf3
0087CC10	Unwind@0087cc10
0087CC30	Unwind@0087cc30
0087CC3B	Unwind@0087cc3b
0087CC60	Unwind@0087cc60
0087CC68	Unwind@0087cc68
0087CC80	Unwind@0087cc80
0087CCA0	Unwind@0087cca0
0087CCA8	Unwind@0087cca8
0087CCB6	Unwind@0087ccb6
0087CCC4	Unwind@0087ccc4
0087CCD2	Unwind@0087ccd2
0087CCEA	Unwind@0087ccea
0087CCF2	Unwind@0087ccf2
0087CD00	Unwind@0087cd00
0087CD0E	Unwind@0087cd0e
0087CD1C	Unwind@0087cd1c
0087CD34	Unwind@0087cd34
0087CD3C	Unwind@0087cd3c
0087CD4A	Unwind@0087cd4a
0087CD58	Unwind@0087cd58
0087CD70	Unwind@0087cd70
0087CD7B	Unwind@0087cd7b
0087CD86	Unwind@0087cd86
0087CD91	Unwind@0087cd91
0087CD9C	Unwind@0087cd9c
0087CDA7	Unwind@0087cda7
0087CDB2	Unwind@0087cdb2
0087CDBD	Unwind@0087cdbd
0087CDC8	Unwind@0087cdc8
0087CDD3	Unwind@0087cdd3
0087CDDE	Unwind@0087cdde
0087CDE9	Unwind@0087cde9
0087CDF4	Unwind@0087cdf4
0087CDFF	Unwind@0087cdff
0087CE0A	Unwind@0087ce0a
0087CE15	Unwind@0087ce15
0087CE20	Unwind@0087ce20
0087CE2B	Unwind@0087ce2b
0087CE36	Unwind@0087ce36
0087CE41	Unwind@0087ce41
0087CE4C	Unwind@0087ce4c
0087CE54	Unwind@0087ce54
0087CE66	Unwind@0087ce66
0087CE71	Unwind@0087ce71
0087CE7C	Unwind@0087ce7c
0087CE87	Unwind@0087ce87
0087CE95	Unwind@0087ce95
0087CE9D	Unwind@0087ce9d
0087CEA5	Unwind@0087cea5
0087CEAD	Unwind@0087cead
0087CEC5	Unwind@0087cec5
0087CECD	Unwind@0087cecd
0087CED5	Unwind@0087ced5
0087CEE7	Unwind@0087cee7
0087CEEF	Unwind@0087ceef
0087CEF7	Unwind@0087cef7
0087CEFF	Unwind@0087ceff
0087CF07	Unwind@0087cf07
0087CF0F	Unwind@0087cf0f
0087CF17	Unwind@0087cf17
0087CF1F	Unwind@0087cf1f
0087CF31	Unwind@0087cf31
0087CF3C	Unwind@0087cf3c
0087CF47	Unwind@0087cf47
0087CF60	Unwind@0087cf60
0087CF68	Unwind@0087cf68
0087CF76	Unwind@0087cf76
0087CF8E	Unwind@0087cf8e
0087CF96	Unwind@0087cf96
0087CFA4	Unwind@0087cfa4
0087CFAC	Unwind@0087cfac
0087CFB7	Unwind@0087cfb7
0087CFC2	Unwind@0087cfc2
0087CFCA	Unwind@0087cfca
0087CFD5	Unwind@0087cfd5
0087CFEA	Unwind@0087cfea
0087CFFC	Unwind@0087cffc
0087D004	Unwind@0087d004
0087D00F	Unwind@0087d00f
0087D01A	Unwind@0087d01a
0087D022	Unwind@0087d022
0087D02A	Unwind@0087d02a
0087D032	Unwind@0087d032
0087D03A	Unwind@0087d03a
0087D042	Unwind@0087d042
0087D04A	Unwind@0087d04a
0087D070	Unwind@0087d070
0087D090	Unwind@0087d090
0087D098	Unwind@0087d098
0087D0A3	Unwind@0087d0a3
0087D0C0	Unwind@0087d0c0
0087D0D1	Unwind@0087d0d1
0087D0F0	Unwind@0087d0f0
0087D110	Unwind@0087d110
0087D121	Unwind@0087d121
0087D140	Unwind@0087d140
0087D151	Unwind@0087d151
0087D159	Unwind@0087d159
0087D161	Unwind@0087d161
0087D180	Unwind@0087d180
0087D191	Unwind@0087d191
0087D199	Unwind@0087d199
0087D1A1	Unwind@0087d1a1
0087D1C0	Unwind@0087d1c0
0087D1E0	Unwind@0087d1e0
0087D1E8	Unwind@0087d1e8
0087D1FA	Unwind@0087d1fa
0087D202	Unwind@0087d202
0087D214	Unwind@0087d214
0087D21C	Unwind@0087d21c
0087D227	Unwind@0087d227
0087D235	Unwind@0087d235
0087D243	Unwind@0087d243
0087D24E	Unwind@0087d24e
0087D259	Unwind@0087d259
0087D26E	Unwind@0087d26e
0087D283	Unwind@0087d283
0087D298	Unwind@0087d298
0087D2A0	Unwind@0087d2a0
0087D2AB	Unwind@0087d2ab
0087D2C2	Unwind@0087d2c2
0087D2D9	Unwind@0087d2d9
0087D2E1	Unwind@0087d2e1
0087D2E9	Unwind@0087d2e9
0087D2FB	Unwind@0087d2fb
0087D310	Unwind@0087d310
0087D325	Unwind@0087d325
0087D32D	Unwind@0087d32d
0087D338	Unwind@0087d338
0087D34F	Unwind@0087d34f
0087D366	Unwind@0087d366
0087D36E	Unwind@0087d36e
0087D376	Unwind@0087d376
0087D388	Unwind@0087d388
0087D393	Unwind@0087d393
0087D39E	Unwind@0087d39e
0087D3A9	Unwind@0087d3a9
0087D3B4	Unwind@0087d3b4
0087D3BF	Unwind@0087d3bf
0087D3CA	Unwind@0087d3ca
0087D3D5	Unwind@0087d3d5
0087D3E0	Unwind@0087d3e0
0087D3EB	Unwind@0087d3eb
0087D3F6	Unwind@0087d3f6
0087D401	Unwind@0087d401
0087D40C	Unwind@0087d40c
0087D417	Unwind@0087d417
0087D422	Unwind@0087d422
0087D42D	Unwind@0087d42d
0087D438	Unwind@0087d438
0087D443	Unwind@0087d443
0087D44E	Unwind@0087d44e
0087D459	Unwind@0087d459
0087D46E	Unwind@0087d46e
0087D476	Unwind@0087d476
0087D481	Unwind@0087d481
0087D48C	Unwind@0087d48c
0087D494	Unwind@0087d494
0087D49C	Unwind@0087d49c
0087D4B4	Unwind@0087d4b4
0087D4C9	Unwind@0087d4c9
0087D4D1	Unwind@0087d4d1
0087D4E6	Unwind@0087d4e6
0087D4EE	Unwind@0087d4ee
0087D4F9	Unwind@0087d4f9
0087D50E	Unwind@0087d50e
0087D523	Unwind@0087d523
0087D538	Unwind@0087d538
0087D540	Unwind@0087d540
0087D555	Unwind@0087d555
0087D567	Unwind@0087d567
0087D56F	Unwind@0087d56f
0087D577	Unwind@0087d577
0087D57F	Unwind@0087d57f
0087D5A0	Unwind@0087d5a0
0087D5D0	Unwind@0087d5d0
0087D5D8	Unwind@0087d5d8
0087D5E0	Unwind@0087d5e0
0087D5E8	Unwind@0087d5e8
0087D5F0	Unwind@0087d5f0
0087D5F8	Unwind@0087d5f8
0087D610	Unwind@0087d610
0087D618	Unwind@0087d618
0087D620	Unwind@0087d620
0087D628	Unwind@0087d628
0087D630	Unwind@0087d630
0087D638	Unwind@0087d638
0087D650	Unwind@0087d650
0087D658	Unwind@0087d658
0087D670	Unwind@0087d670
0087D678	Unwind@0087d678
0087D690	Unwind@0087d690
0087D6B0	Unwind@0087d6b0
0087D6B8	Unwind@0087d6b8
0087D6C0	Unwind@0087d6c0
0087D6C8	Unwind@0087d6c8
0087D6D0	Unwind@0087d6d0
0087D6D8	Unwind@0087d6d8
0087D6E0	Unwind@0087d6e0
0087D6EB	Unwind@0087d6eb
0087D700	Unwind@0087d700
0087D708	Unwind@0087d708
0087D710	Unwind@0087d710
0087D71B	Unwind@0087d71b
0087D726	Unwind@0087d726
0087D740	Unwind@0087d740
0087D760	Unwind@0087d760
0087D780	Unwind@0087d780
0087D7A0	Unwind@0087d7a0
0087D7B2	Unwind@0087d7b2
0087D7C4	Unwind@0087d7c4
0087D7D6	Unwind@0087d7d6
0087D7E1	Unwind@0087d7e1
0087D7E9	Unwind@0087d7e9
0087D7F4	Unwind@0087d7f4
0087D7FF	Unwind@0087d7ff
0087D80A	Unwind@0087d80a
0087D812	Unwind@0087d812
0087D81D	Unwind@0087d81d
0087D828	Unwind@0087d828
0087D830	Unwind@0087d830
0087D838	Unwind@0087d838
0087D840	Unwind@0087d840
0087D84B	Unwind@0087d84b
0087D856	Unwind@0087d856
0087D85E	Unwind@0087d85e
0087D866	Unwind@0087d866
0087D871	Unwind@0087d871
0087D87C	Unwind@0087d87c
0087D884	Unwind@0087d884
0087D88C	Unwind@0087d88c
0087D894	Unwind@0087d894
0087D89C	Unwind@0087d89c
0087D8A4	Unwind@0087d8a4
0087D8AF	Unwind@0087d8af
0087D8BA	Unwind@0087d8ba
0087D8C2	Unwind@0087d8c2
0087D8CA	Unwind@0087d8ca
0087D8D5	Unwind@0087d8d5
0087D8E0	Unwind@0087d8e0
0087D8E8	Unwind@0087d8e8
0087D8F0	Unwind@0087d8f0
0087D8F8	Unwind@0087d8f8
0087D900	Unwind@0087d900
0087D908	Unwind@0087d908
0087D913	Unwind@0087d913
0087D91E	Unwind@0087d91e
0087D926	Unwind@0087d926
0087D92E	Unwind@0087d92e
0087D939	Unwind@0087d939
0087D944	Unwind@0087d944
0087D94C	Unwind@0087d94c
0087D954	Unwind@0087d954
0087D95C	Unwind@0087d95c
0087D964	Unwind@0087d964
0087D96C	Unwind@0087d96c
0087D977	Unwind@0087d977
0087D982	Unwind@0087d982
0087D98A	Unwind@0087d98a
0087D992	Unwind@0087d992
0087D99D	Unwind@0087d99d
0087D9A8	Unwind@0087d9a8
0087D9B0	Unwind@0087d9b0
0087D9BB	Unwind@0087d9bb
0087D9C6	Unwind@0087d9c6
0087D9CE	Unwind@0087d9ce
0087D9D9	Unwind@0087d9d9
0087D9E4	Unwind@0087d9e4
0087D9EC	Unwind@0087d9ec
0087D9F7	Unwind@0087d9f7
0087DA02	Unwind@0087da02
0087DA0A	Unwind@0087da0a
0087DA12	Unwind@0087da12
0087DA1A	Unwind@0087da1a
0087DA2C	Unwind@0087da2c
0087DA34	Unwind@0087da34
0087DA4C	Unwind@0087da4c
0087DA54	Unwind@0087da54
0087DA62	Unwind@0087da62
0087DA77	Unwind@0087da77
0087DA7F	Unwind@0087da7f
0087DA87	Unwind@0087da87
0087DA99	Unwind@0087da99
0087DAA1	Unwind@0087daa1
0087DAAC	Unwind@0087daac
0087DAB7	Unwind@0087dab7
0087DABF	Unwind@0087dabf
0087DAC7	Unwind@0087dac7
0087DAE0	Unwind@0087dae0
0087DAE8	Unwind@0087dae8
0087DAF3	Unwind@0087daf3
0087DB10	Unwind@0087db10
0087DB18	Unwind@0087db18
0087DB20	Unwind@0087db20
0087DB28	Unwind@0087db28
0087DB40	Unwind@0087db40
0087DB60	Unwind@0087db60
0087DB71	Unwind@0087db71
0087DB79	Unwind@0087db79
0087DB81	Unwind@0087db81
0087DBA0	Unwind@0087dba0
0087DBB1	Unwind@0087dbb1
0087DBB9	Unwind@0087dbb9
0087DBC1	Unwind@0087dbc1
0087DBC9	Unwind@0087dbc9
0087DBE0	Unwind@0087dbe0
0087DBF1	Unwind@0087dbf1
0087DBF9	Unwind@0087dbf9
0087DC01	Unwind@0087dc01
0087DC09	Unwind@0087dc09
0087DC11	Unwind@0087dc11
0087DC19	Unwind@0087dc19
0087DC21	Unwind@0087dc21
0087DC2C	Unwind@0087dc2c
0087DC50	Unwind@0087dc50
0087DC61	Unwind@0087dc61
0087DC69	Unwind@0087dc69
0087DC71	Unwind@0087dc71
0087DC79	Unwind@0087dc79
0087DC81	Unwind@0087dc81
0087DC89	Unwind@0087dc89
0087DC91	Unwind@0087dc91
0087DC9C	Unwind@0087dc9c
0087DCC0	Unwind@0087dcc0
0087DCD1	Unwind@0087dcd1
0087DCF0	Unwind@0087dcf0
0087DCF8	Unwind@0087dcf8
0087DD00	Unwind@0087dd00
0087DD20	Unwind@0087dd20
0087DD28	Unwind@0087dd28
0087DD30	Unwind@0087dd30
0087DD38	Unwind@0087dd38
0087DD4F	Unwind@0087dd4f
0087DD70	Unwind@0087dd70
0087DD78	Unwind@0087dd78
0087DD80	Unwind@0087dd80
0087DD88	Unwind@0087dd88
0087DD9F	Unwind@0087dd9f
0087DDC0	Unwind@0087ddc0
0087DDC8	Unwind@0087ddc8
0087DDD0	Unwind@0087ddd0
0087DDD8	Unwind@0087ddd8
0087DDEF	Unwind@0087ddef
0087DE10	Unwind@0087de10
0087DE18	Unwind@0087de18
0087DE20	Unwind@0087de20
0087DE28	Unwind@0087de28
0087DE3F	Unwind@0087de3f
0087DE60	Unwind@0087de60
0087DE68	Unwind@0087de68
0087DE70	Unwind@0087de70
0087DE78	Unwind@0087de78
0087DE8F	Unwind@0087de8f
0087DEB0	Unwind@0087deb0
0087DEB8	Unwind@0087deb8
0087DEC0	Unwind@0087dec0
0087DEC8	Unwind@0087dec8
0087DEDF	Unwind@0087dedf
0087DF00	Unwind@0087df00
0087DF08	Unwind@0087df08
0087DF10	Unwind@0087df10
0087DF18	Unwind@0087df18
0087DF2F	Unwind@0087df2f
0087DF50	Unwind@0087df50
0087DF58	Unwind@0087df58
0087DF60	Unwind@0087df60
0087DF68	Unwind@0087df68
0087DF70	Unwind@0087df70
0087DF78	Unwind@0087df78
0087DF90	Unwind@0087df90
0087DF98	Unwind@0087df98
0087DFA0	Unwind@0087dfa0
0087DFA8	Unwind@0087dfa8
0087DFBF	Unwind@0087dfbf
0087DFE0	Unwind@0087dfe0
0087DFE8	Unwind@0087dfe8
0087DFF0	Unwind@0087dff0
0087DFF8	Unwind@0087dff8
0087E00F	Unwind@0087e00f
0087E030	Unwind@0087e030
0087E038	Unwind@0087e038
0087E040	Unwind@0087e040
0087E048	Unwind@0087e048
0087E050	Unwind@0087e050
0087E058	Unwind@0087e058
0087E070	Unwind@0087e070
0087E078	Unwind@0087e078
0087E080	Unwind@0087e080
0087E088	Unwind@0087e088
0087E090	Unwind@0087e090
0087E098	Unwind@0087e098
0087E0B0	Unwind@0087e0b0
0087E0B8	Unwind@0087e0b8
0087E0C6	Unwind@0087e0c6
0087E0D4	Unwind@0087e0d4
0087E0E2	Unwind@0087e0e2
0087E0FA	Unwind@0087e0fa
0087E102	Unwind@0087e102
0087E110	Unwind@0087e110
0087E11E	Unwind@0087e11e
0087E12C	Unwind@0087e12c
0087E144	Unwind@0087e144
0087E14C	Unwind@0087e14c
0087E15A	Unwind@0087e15a
0087E168	Unwind@0087e168
0087E180	Unwind@0087e180
0087E188	Unwind@0087e188
0087E190	Unwind@0087e190
0087E198	Unwind@0087e198
0087E1A0	Unwind@0087e1a0
0087E1A8	Unwind@0087e1a8
0087E1B0	Unwind@0087e1b0
0087E1B8	Unwind@0087e1b8
0087E1C0	Unwind@0087e1c0
0087E1C8	Unwind@0087e1c8
0087E1D0	Unwind@0087e1d0
0087E1D8	Unwind@0087e1d8
0087E1E0	Unwind@0087e1e0
0087E1F2	Unwind@0087e1f2
0087E1FA	Unwind@0087e1fa
0087E202	Unwind@0087e202
0087E20A	Unwind@0087e20a
0087E212	Unwind@0087e212
0087E21A	Unwind@0087e21a
0087E222	Unwind@0087e222
0087E22A	Unwind@0087e22a
0087E232	Unwind@0087e232
0087E253	Unwind@0087e253
0087E270	Unwind@0087e270
0087E278	Unwind@0087e278
0087E283	Unwind@0087e283
0087E29B	Unwind@0087e29b
0087E2A3	Unwind@0087e2a3
0087E2B8	Unwind@0087e2b8
0087E2C0	Unwind@0087e2c0
0087E2CB	Unwind@0087e2cb
0087E2D9	Unwind@0087e2d9
0087E2E4	Unwind@0087e2e4
0087E2EC	Unwind@0087e2ec
0087E2F7	Unwind@0087e2f7
0087E30C	Unwind@0087e30c
0087E317	Unwind@0087e317
0087E322	Unwind@0087e322
0087E32D	Unwind@0087e32d
0087E338	Unwind@0087e338
0087E343	Unwind@0087e343
0087E34E	Unwind@0087e34e
0087E359	Unwind@0087e359
0087E364	Unwind@0087e364
0087E379	Unwind@0087e379
0087E381	Unwind@0087e381
0087E392	Unwind@0087e392
0087E3B0	Unwind@0087e3b0
0087E3D0	Unwind@0087e3d0
0087E3D8	Unwind@0087e3d8
0087E3E3	Unwind@0087e3e3
0087E400	Unwind@0087e400
0087E411	Unwind@0087e411
0087E430	Unwind@0087e430
0087E450	Unwind@0087e450
0087E461	Unwind@0087e461
0087E480	Unwind@0087e480
0087E491	Unwind@0087e491
0087E499	Unwind@0087e499
0087E4A1	Unwind@0087e4a1
0087E4C0	Unwind@0087e4c0
0087E4D1	Unwind@0087e4d1
0087E4D9	Unwind@0087e4d9
0087E4E1	Unwind@0087e4e1
0087E500	Unwind@0087e500
0087E508	Unwind@0087e508
0087E510	Unwind@0087e510
0087E518	Unwind@0087e518
0087E520	Unwind@0087e520
0087E528	Unwind@0087e528
0087E540	Unwind@0087e540
0087E548	Unwind@0087e548
0087E550	Unwind@0087e550
0087E558	Unwind@0087e558
0087E560	Unwind@0087e560
0087E568	Unwind@0087e568
0087E57F	Unwind@0087e57f
0087E5A0	Unwind@0087e5a0
0087E5A8	Unwind@0087e5a8
0087E5B0	Unwind@0087e5b0
0087E5B8	Unwind@0087e5b8
0087E5C0	Unwind@0087e5c0
0087E5C8	Unwind@0087e5c8
0087E5DF	Unwind@0087e5df
0087E600	Unwind@0087e600
0087E608	Unwind@0087e608
0087E610	Unwind@0087e610
0087E618	Unwind@0087e618
0087E620	Unwind@0087e620
0087E628	Unwind@0087e628
0087E63F	Unwind@0087e63f
0087E660	Unwind@0087e660
0087E668	Unwind@0087e668
0087E670	Unwind@0087e670
0087E678	Unwind@0087e678
0087E680	Unwind@0087e680
0087E688	Unwind@0087e688
0087E69F	Unwind@0087e69f
0087E6C0	Unwind@0087e6c0
0087E6C8	Unwind@0087e6c8
0087E6D0	Unwind@0087e6d0
0087E6D8	Unwind@0087e6d8
0087E6E0	Unwind@0087e6e0
0087E6E8	Unwind@0087e6e8
0087E6FF	Unwind@0087e6ff
0087E720	Unwind@0087e720
0087E728	Unwind@0087e728
0087E730	Unwind@0087e730
0087E738	Unwind@0087e738
0087E740	Unwind@0087e740
0087E748	Unwind@0087e748
0087E75F	Unwind@0087e75f
0087E780	Unwind@0087e780
0087E788	Unwind@0087e788
0087E790	Unwind@0087e790
0087E798	Unwind@0087e798
0087E7A0	Unwind@0087e7a0
0087E7A8	Unwind@0087e7a8
0087E7B0	Unwind@0087e7b0
0087E7D0	Unwind@0087e7d0
0087E7D8	Unwind@0087e7d8
0087E7E0	Unwind@0087e7e0
0087E7E8	Unwind@0087e7e8
0087E7F0	Unwind@0087e7f0
0087E7F8	Unwind@0087e7f8
0087E80F	Unwind@0087e80f
0087E830	Unwind@0087e830
0087E838	Unwind@0087e838
0087E840	Unwind@0087e840
0087E848	Unwind@0087e848
0087E850	Unwind@0087e850
0087E858	Unwind@0087e858
0087E86F	Unwind@0087e86f
0087E890	Unwind@0087e890
0087E898	Unwind@0087e898
0087E8A0	Unwind@0087e8a0
0087E8A8	Unwind@0087e8a8
0087E8B0	Unwind@0087e8b0
0087E8B8	Unwind@0087e8b8
0087E8C0	Unwind@0087e8c0
0087E8E0	Unwind@0087e8e0
0087E8E8	Unwind@0087e8e8
0087E8FA	Unwind@0087e8fa
0087E902	Unwind@0087e902
0087E914	Unwind@0087e914
0087E91C	Unwind@0087e91c
0087E931	Unwind@0087e931
0087E939	Unwind@0087e939
0087E941	Unwind@0087e941
0087E953	Unwind@0087e953
0087E95E	Unwind@0087e95e
0087E966	Unwind@0087e966
0087E96E	Unwind@0087e96e
0087E976	Unwind@0087e976
0087E97E	Unwind@0087e97e
0087E989	Unwind@0087e989
0087E991	Unwind@0087e991
0087E99C	Unwind@0087e99c
0087E9A7	Unwind@0087e9a7
0087E9B2	Unwind@0087e9b2
0087E9BA	Unwind@0087e9ba
0087E9C5	Unwind@0087e9c5
0087E9D0	Unwind@0087e9d0
0087E9DB	Unwind@0087e9db
0087E9E6	Unwind@0087e9e6
0087E9F1	Unwind@0087e9f1
0087E9FC	Unwind@0087e9fc
0087EA07	Unwind@0087ea07
0087EA0F	Unwind@0087ea0f
0087EA17	Unwind@0087ea17
0087EA22	Unwind@0087ea22
0087EA2D	Unwind@0087ea2d
0087EA35	Unwind@0087ea35
0087EA3D	Unwind@0087ea3d
0087EA48	Unwind@0087ea48
0087EA53	Unwind@0087ea53
0087EA5E	Unwind@0087ea5e
0087EA69	Unwind@0087ea69
0087EA74	Unwind@0087ea74
0087EA7C	Unwind@0087ea7c
0087EA84	Unwind@0087ea84
0087EA8F	Unwind@0087ea8f
0087EA9A	Unwind@0087ea9a
0087EAA2	Unwind@0087eaa2
0087EAAA	Unwind@0087eaaa
0087EAB5	Unwind@0087eab5
0087EAC0	Unwind@0087eac0
0087EACB	Unwind@0087eacb
0087EAD6	Unwind@0087ead6
0087EAE1	Unwind@0087eae1
0087EAE9	Unwind@0087eae9
0087EAF1	Unwind@0087eaf1
0087EAFC	Unwind@0087eafc
0087EB07	Unwind@0087eb07
0087EB0F	Unwind@0087eb0f
0087EB17	Unwind@0087eb17
0087EB22	Unwind@0087eb22
0087EB2D	Unwind@0087eb2d
0087EB38	Unwind@0087eb38
0087EB43	Unwind@0087eb43
0087EB4E	Unwind@0087eb4e
0087EB56	Unwind@0087eb56
0087EB5E	Unwind@0087eb5e
0087EB69	Unwind@0087eb69
0087EB74	Unwind@0087eb74
0087EB7C	Unwind@0087eb7c
0087EB84	Unwind@0087eb84
0087EB8F	Unwind@0087eb8f
0087EB9A	Unwind@0087eb9a
0087EBA5	Unwind@0087eba5
0087EBB0	Unwind@0087ebb0
0087EBBB	Unwind@0087ebbb
0087EBC6	Unwind@0087ebc6
0087EBD1	Unwind@0087ebd1
0087EBDC	Unwind@0087ebdc
0087EBE7	Unwind@0087ebe7
0087EBF2	Unwind@0087ebf2
0087EBFD	Unwind@0087ebfd
0087EC08	Unwind@0087ec08
0087EC13	Unwind@0087ec13
0087EC1E	Unwind@0087ec1e
0087EC29	Unwind@0087ec29
0087EC34	Unwind@0087ec34
0087EC3F	Unwind@0087ec3f
0087EC4A	Unwind@0087ec4a
0087EC55	Unwind@0087ec55
0087EC60	Unwind@0087ec60
0087EC68	Unwind@0087ec68
0087EC70	Unwind@0087ec70
0087EC82	Unwind@0087ec82
0087EC8A	Unwind@0087ec8a
0087EC92	Unwind@0087ec92
0087EC9A	Unwind@0087ec9a
0087ECA2	Unwind@0087eca2
0087ECAA	Unwind@0087ecaa
0087ECC1	Unwind@0087ecc1
0087ECD3	Unwind@0087ecd3
0087ECDB	Unwind@0087ecdb
0087ECE3	Unwind@0087ece3
0087ECEB	Unwind@0087eceb
0087ECF3	Unwind@0087ecf3
0087ECFB	Unwind@0087ecfb
0087ED03	Unwind@0087ed03
0087ED0B	Unwind@0087ed0b
0087ED1D	Unwind@0087ed1d
0087ED25	Unwind@0087ed25
0087ED2D	Unwind@0087ed2d
0087ED35	Unwind@0087ed35
0087ED3D	Unwind@0087ed3d
0087ED45	Unwind@0087ed45
0087ED5C	Unwind@0087ed5c
0087ED6E	Unwind@0087ed6e
0087ED76	Unwind@0087ed76
0087ED7E	Unwind@0087ed7e
0087ED86	Unwind@0087ed86
0087ED8E	Unwind@0087ed8e
0087ED96	Unwind@0087ed96
0087ED9E	Unwind@0087ed9e
0087EDA6	Unwind@0087eda6
0087EDC0	Unwind@0087edc0
0087EDE0	Unwind@0087ede0
0087EDE8	Unwind@0087ede8
0087EDF0	Unwind@0087edf0
0087EE10	Unwind@0087ee10
0087EE18	Unwind@0087ee18
0087EE20	Unwind@0087ee20
0087EE28	Unwind@0087ee28
0087EE30	Unwind@0087ee30
0087EE38	Unwind@0087ee38
0087EE43	Unwind@0087ee43
0087EE60	Unwind@0087ee60
0087EE68	Unwind@0087ee68
0087EE70	Unwind@0087ee70
0087EE78	Unwind@0087ee78
0087EE80	Unwind@0087ee80
0087EE88	Unwind@0087ee88
0087EE90	Unwind@0087ee90
0087EE98	Unwind@0087ee98
0087EEA0	Unwind@0087eea0
0087EEA8	Unwind@0087eea8
0087EEC0	Unwind@0087eec0
0087EEC8	Unwind@0087eec8
0087EEE0	Unwind@0087eee0
0087EEE8	Unwind@0087eee8
0087EEF3	Unwind@0087eef3
0087EF10	Unwind@0087ef10
0087EF18	Unwind@0087ef18
0087EF20	Unwind@0087ef20
0087EF40	Unwind@0087ef40
0087EF60	Unwind@0087ef60
0087EF71	Unwind@0087ef71
0087EF79	Unwind@0087ef79
0087EF81	Unwind@0087ef81
0087EF89	Unwind@0087ef89
0087EF91	Unwind@0087ef91
0087EF99	Unwind@0087ef99
0087EFA1	Unwind@0087efa1
0087EFAC	Unwind@0087efac
0087EFE0	Unwind@0087efe0
0087EFE8	Unwind@0087efe8
0087EFF0	Unwind@0087eff0
0087F010	Unwind@0087f010
0087F021	Unwind@0087f021
0087F029	Unwind@0087f029
0087F031	Unwind@0087f031
0087F050	Unwind@0087f050
0087F058	Unwind@0087f058
0087F060	Unwind@0087f060
0087F080	Unwind@0087f080
0087F088	Unwind@0087f088
0087F096	Unwind@0087f096
0087F0A4	Unwind@0087f0a4
0087F0AC	Unwind@0087f0ac
0087F0B4	Unwind@0087f0b4
0087F0BC	Unwind@0087f0bc
0087F0C4	Unwind@0087f0c4
0087F0CC	Unwind@0087f0cc
0087F0DE	Unwind@0087f0de
0087F0E6	Unwind@0087f0e6
0087F0EE	Unwind@0087f0ee
0087F0F6	Unwind@0087f0f6
0087F0FE	Unwind@0087f0fe
0087F106	Unwind@0087f106
0087F10E	Unwind@0087f10e
0087F116	Unwind@0087f116
0087F11E	Unwind@0087f11e
0087F126	Unwind@0087f126
0087F12E	Unwind@0087f12e
0087F136	Unwind@0087f136
0087F13E	Unwind@0087f13e
0087F146	Unwind@0087f146
0087F14E	Unwind@0087f14e
0087F156	Unwind@0087f156
0087F15E	Unwind@0087f15e
0087F166	Unwind@0087f166
0087F16E	Unwind@0087f16e
0087F176	Unwind@0087f176
0087F17E	Unwind@0087f17e
0087F190	Unwind@0087f190
0087F198	Unwind@0087f198
0087F1A0	Unwind@0087f1a0
0087F1B2	Unwind@0087f1b2
0087F1D0	Unwind@0087f1d0
0087F1D8	Unwind@0087f1d8
0087F1E0	Unwind@0087f1e0
0087F1E8	Unwind@0087f1e8
0087F1F0	Unwind@0087f1f0
0087F1F8	Unwind@0087f1f8
0087F210	Unwind@0087f210
0087F218	Unwind@0087f218
0087F226	Unwind@0087f226
0087F238	Unwind@0087f238
0087F240	Unwind@0087f240
0087F248	Unwind@0087f248
0087F256	Unwind@0087f256
0087F25E	Unwind@0087f25e
0087F270	Unwind@0087f270
0087F278	Unwind@0087f278
0087F286	Unwind@0087f286
0087F298	Unwind@0087f298
0087F2A0	Unwind@0087f2a0
0087F2AE	Unwind@0087f2ae
0087F2BC	Unwind@0087f2bc
0087F2C7	Unwind@0087f2c7
0087F2CF	Unwind@0087f2cf
0087F2DA	Unwind@0087f2da
0087F2EF	Unwind@0087f2ef
0087F2FA	Unwind@0087f2fa
0087F302	Unwind@0087f302
0087F30A	Unwind@0087f30a
0087F312	Unwind@0087f312
0087F31D	Unwind@0087f31d
0087F325	Unwind@0087f325
0087F32D	Unwind@0087f32d
0087F335	Unwind@0087f335
0087F340	Unwind@0087f340
0087F34B	Unwind@0087f34b
0087F356	Unwind@0087f356
0087F361	Unwind@0087f361
0087F369	Unwind@0087f369
0087F371	Unwind@0087f371
0087F379	Unwind@0087f379
0087F384	Unwind@0087f384
0087F38C	Unwind@0087f38c
0087F394	Unwind@0087f394
0087F39C	Unwind@0087f39c
0087F3A7	Unwind@0087f3a7
0087F3B2	Unwind@0087f3b2
0087F3BA	Unwind@0087f3ba
0087F3C2	Unwind@0087f3c2
0087F3D4	Unwind@0087f3d4
0087F3DC	Unwind@0087f3dc
0087F3E4	Unwind@0087f3e4
0087F3EC	Unwind@0087f3ec
0087F3F4	Unwind@0087f3f4
0087F406	Unwind@0087f406
0087F40E	Unwind@0087f40e
0087F416	Unwind@0087f416
0087F41E	Unwind@0087f41e
0087F426	Unwind@0087f426
0087F42E	Unwind@0087f42e
0087F436	Unwind@0087f436
0087F448	Unwind@0087f448
0087F450	Unwind@0087f450
0087F462	Unwind@0087f462
0087F46A	Unwind@0087f46a
0087F472	Unwind@0087f472
0087F484	Unwind@0087f484
0087F48C	Unwind@0087f48c
0087F49E	Unwind@0087f49e
0087F4A6	Unwind@0087f4a6
0087F4AE	Unwind@0087f4ae
0087F4B6	Unwind@0087f4b6
0087F4C8	Unwind@0087f4c8
0087F4D0	Unwind@0087f4d0
0087F4D8	Unwind@0087f4d8
0087F4E0	Unwind@0087f4e0
0087F4E8	Unwind@0087f4e8
0087F500	Unwind@0087f500
0087F508	Unwind@0087f508
0087F513	Unwind@0087f513
0087F530	Unwind@0087f530
0087F550	Unwind@0087f550
0087F561	Unwind@0087f561
0087F569	Unwind@0087f569
0087F590	Unwind@0087f590
0087F598	Unwind@0087f598
0087F5A0	Unwind@0087f5a0
0087F5A8	Unwind@0087f5a8
0087F5BF	Unwind@0087f5bf
0087F5E0	Unwind@0087f5e0
0087F5E8	Unwind@0087f5e8
0087F5F0	Unwind@0087f5f0
0087F5F8	Unwind@0087f5f8
0087F60F	Unwind@0087f60f
0087F630	Unwind@0087f630
0087F638	Unwind@0087f638
0087F640	Unwind@0087f640
0087F648	Unwind@0087f648
0087F65F	Unwind@0087f65f
0087F680	Unwind@0087f680
0087F688	Unwind@0087f688
0087F690	Unwind@0087f690
0087F698	Unwind@0087f698
0087F6A0	Unwind@0087f6a0
0087F6A8	Unwind@0087f6a8
0087F6C0	Unwind@0087f6c0
0087F6C8	Unwind@0087f6c8
0087F6E0	Unwind@0087f6e0
0087F6E8	Unwind@0087f6e8
0087F700	Unwind@0087f700
0087F708	Unwind@0087f708
0087F716	Unwind@0087f716
0087F72B	Unwind@0087f72b
0087F736	Unwind@0087f736
0087F73E	Unwind@0087f73e
0087F746	Unwind@0087f746
0087F74E	Unwind@0087f74e
0087F759	Unwind@0087f759
0087F761	Unwind@0087f761
0087F769	Unwind@0087f769
0087F771	Unwind@0087f771
0087F779	Unwind@0087f779
0087F781	Unwind@0087f781
0087F789	Unwind@0087f789
0087F794	Unwind@0087f794
0087F79C	Unwind@0087f79c
0087F7A4	Unwind@0087f7a4
0087F7AC	Unwind@0087f7ac
0087F7B7	Unwind@0087f7b7
0087F7BF	Unwind@0087f7bf
0087F7C7	Unwind@0087f7c7
0087F7CF	Unwind@0087f7cf
0087F7D7	Unwind@0087f7d7
0087F7DF	Unwind@0087f7df
0087F7F1	Unwind@0087f7f1
0087F7FC	Unwind@0087f7fc
0087F807	Unwind@0087f807
0087F812	Unwind@0087f812
0087F81D	Unwind@0087f81d
0087F828	Unwind@0087f828
0087F833	Unwind@0087f833
0087F83E	Unwind@0087f83e
0087F849	Unwind@0087f849
0087F854	Unwind@0087f854
0087F85F	Unwind@0087f85f
0087F86A	Unwind@0087f86a
0087F875	Unwind@0087f875
0087F880	Unwind@0087f880
0087F88B	Unwind@0087f88b
0087F896	Unwind@0087f896
0087F8A1	Unwind@0087f8a1
0087F8AC	Unwind@0087f8ac
0087F8B7	Unwind@0087f8b7
0087F8C2	Unwind@0087f8c2
0087F8CD	Unwind@0087f8cd
0087F8D8	Unwind@0087f8d8
0087F8E3	Unwind@0087f8e3
0087F8EE	Unwind@0087f8ee
0087F8F9	Unwind@0087f8f9
0087F904	Unwind@0087f904
0087F90F	Unwind@0087f90f
0087F91A	Unwind@0087f91a
0087F925	Unwind@0087f925
0087F930	Unwind@0087f930
0087F945	Unwind@0087f945
0087F94D	Unwind@0087f94d
0087F955	Unwind@0087f955
0087F96C	Unwind@0087f96c
0087F97E	Unwind@0087f97e
0087F986	Unwind@0087f986
0087F98E	Unwind@0087f98e
0087F996	Unwind@0087f996
0087F99E	Unwind@0087f99e
0087F9A6	Unwind@0087f9a6
0087F9AE	Unwind@0087f9ae
0087F9B6	Unwind@0087f9b6
0087F9BE	Unwind@0087f9be
0087F9C9	Unwind@0087f9c9
0087F9DB	Unwind@0087f9db
0087F9E3	Unwind@0087f9e3
0087F9EB	Unwind@0087f9eb
0087F9F3	Unwind@0087f9f3
0087F9FB	Unwind@0087f9fb
0087FA03	Unwind@0087fa03
0087FA1A	Unwind@0087fa1a
0087FA2C	Unwind@0087fa2c
0087FA34	Unwind@0087fa34
0087FA3C	Unwind@0087fa3c
0087FA44	Unwind@0087fa44
0087FA4C	Unwind@0087fa4c
0087FA54	Unwind@0087fa54
0087FA5C	Unwind@0087fa5c
0087FA64	Unwind@0087fa64
0087FA6C	Unwind@0087fa6c
0087FA77	Unwind@0087fa77
0087FA90	Unwind@0087fa90
0087FA98	Unwind@0087fa98
0087FAA0	Unwind@0087faa0
0087FAA8	Unwind@0087faa8
0087FAB0	Unwind@0087fab0
0087FAB8	Unwind@0087fab8
0087FAD0	Unwind@0087fad0
0087FAD8	Unwind@0087fad8
0087FAE0	Unwind@0087fae0
0087FAE8	Unwind@0087fae8
0087FAF0	Unwind@0087faf0
0087FAF8	Unwind@0087faf8
0087FB10	Unwind@0087fb10
0087FB30	Unwind@0087fb30
0087FB38	Unwind@0087fb38
0087FB40	Unwind@0087fb40
0087FB4B	Unwind@0087fb4b
0087FB53	Unwind@0087fb53
0087FB5B	Unwind@0087fb5b
0087FB63	Unwind@0087fb63
0087FB6B	Unwind@0087fb6b
0087FB73	Unwind@0087fb73
0087FB85	Unwind@0087fb85
0087FB8D	Unwind@0087fb8d
0087FB95	Unwind@0087fb95
0087FB9D	Unwind@0087fb9d
0087FBA5	Unwind@0087fba5
0087FBAD	Unwind@0087fbad
0087FBB5	Unwind@0087fbb5
0087FBC7	Unwind@0087fbc7
0087FBCF	Unwind@0087fbcf
0087FBD7	Unwind@0087fbd7
0087FBDF	Unwind@0087fbdf
0087FBE7	Unwind@0087fbe7
0087FBEF	Unwind@0087fbef
0087FBF7	Unwind@0087fbf7
0087FBFF	Unwind@0087fbff
0087FC07	Unwind@0087fc07
0087FC19	Unwind@0087fc19
0087FC21	Unwind@0087fc21
0087FC29	Unwind@0087fc29
0087FC31	Unwind@0087fc31
0087FC39	Unwind@0087fc39
0087FC41	Unwind@0087fc41
0087FC49	Unwind@0087fc49
0087FC5B	Unwind@0087fc5b
0087FC63	Unwind@0087fc63
0087FC6B	Unwind@0087fc6b
0087FC73	Unwind@0087fc73
0087FC7B	Unwind@0087fc7b
0087FC83	Unwind@0087fc83
0087FC8B	Unwind@0087fc8b
0087FC93	Unwind@0087fc93
0087FC9B	Unwind@0087fc9b
0087FCA3	Unwind@0087fca3
0087FCAB	Unwind@0087fcab
0087FCB3	Unwind@0087fcb3
0087FCBB	Unwind@0087fcbb
0087FCC3	Unwind@0087fcc3
0087FCCB	Unwind@0087fccb
0087FCD3	Unwind@0087fcd3
0087FCDB	Unwind@0087fcdb
0087FCE3	Unwind@0087fce3
0087FCEB	Unwind@0087fceb
0087FCF3	Unwind@0087fcf3
0087FCFB	Unwind@0087fcfb
0087FD03	Unwind@0087fd03
0087FD0B	Unwind@0087fd0b
0087FD13	Unwind@0087fd13
0087FD1B	Unwind@0087fd1b
0087FD23	Unwind@0087fd23
0087FD2B	Unwind@0087fd2b
0087FD33	Unwind@0087fd33
0087FD3B	Unwind@0087fd3b
0087FD43	Unwind@0087fd43
0087FD4B	Unwind@0087fd4b
0087FD53	Unwind@0087fd53
0087FD5B	Unwind@0087fd5b
0087FD63	Unwind@0087fd63
0087FD6B	Unwind@0087fd6b
0087FD73	Unwind@0087fd73
0087FD7B	Unwind@0087fd7b
0087FD83	Unwind@0087fd83
0087FD8B	Unwind@0087fd8b
0087FD93	Unwind@0087fd93
0087FD9B	Unwind@0087fd9b
0087FDA3	Unwind@0087fda3
0087FDAB	Unwind@0087fdab
0087FDB3	Unwind@0087fdb3
0087FDBB	Unwind@0087fdbb
0087FDC3	Unwind@0087fdc3
0087FDCB	Unwind@0087fdcb
0087FDD3	Unwind@0087fdd3
0087FDDB	Unwind@0087fddb
0087FDE3	Unwind@0087fde3
0087FDEB	Unwind@0087fdeb
0087FDF3	Unwind@0087fdf3
0087FDFB	Unwind@0087fdfb
0087FE03	Unwind@0087fe03
0087FE0B	Unwind@0087fe0b
0087FE13	Unwind@0087fe13
0087FE1B	Unwind@0087fe1b
0087FE23	Unwind@0087fe23
0087FE2B	Unwind@0087fe2b
0087FE33	Unwind@0087fe33
0087FE3B	Unwind@0087fe3b
0087FE43	Unwind@0087fe43
0087FE4B	Unwind@0087fe4b
0087FE53	Unwind@0087fe53
0087FE5B	Unwind@0087fe5b
0087FE63	Unwind@0087fe63
0087FE6B	Unwind@0087fe6b
0087FE73	Unwind@0087fe73
0087FE7B	Unwind@0087fe7b
0087FE83	Unwind@0087fe83
0087FE8B	Unwind@0087fe8b
0087FE93	Unwind@0087fe93
0087FE9B	Unwind@0087fe9b
0087FEA3	Unwind@0087fea3
0087FEAB	Unwind@0087feab
0087FEB3	Unwind@0087feb3
0087FEBB	Unwind@0087febb
0087FEC3	Unwind@0087fec3
0087FECB	Unwind@0087fecb
0087FED3	Unwind@0087fed3
0087FEDB	Unwind@0087fedb
0087FEE3	Unwind@0087fee3
0087FEEB	Unwind@0087feeb
0087FEF3	Unwind@0087fef3
0087FEFB	Unwind@0087fefb
0087FF03	Unwind@0087ff03
0087FF0B	Unwind@0087ff0b
0087FF13	Unwind@0087ff13
0087FF1B	Unwind@0087ff1b
0087FF23	Unwind@0087ff23
0087FF2B	Unwind@0087ff2b
0087FF33	Unwind@0087ff33
0087FF3B	Unwind@0087ff3b
0087FF43	Unwind@0087ff43
0087FF4B	Unwind@0087ff4b
0087FF53	Unwind@0087ff53
0087FF5B	Unwind@0087ff5b
0087FF63	Unwind@0087ff63
0087FF6B	Unwind@0087ff6b
0087FF73	Unwind@0087ff73
0087FF7B	Unwind@0087ff7b
0087FF83	Unwind@0087ff83
0087FF8B	Unwind@0087ff8b
0087FF93	Unwind@0087ff93
0087FF9B	Unwind@0087ff9b
0087FFA3	Unwind@0087ffa3
0087FFAB	Unwind@0087ffab
0087FFB3	Unwind@0087ffb3
0087FFBB	Unwind@0087ffbb
0087FFC3	Unwind@0087ffc3
0087FFCB	Unwind@0087ffcb
0087FFD3	Unwind@0087ffd3
0087FFDB	Unwind@0087ffdb
0087FFE3	Unwind@0087ffe3
0087FFEB	Unwind@0087ffeb
0087FFF3	Unwind@0087fff3
0087FFFB	Unwind@0087fffb
00880003	Unwind@00880003
0088000B	Unwind@0088000b
00880013	Unwind@00880013
0088001B	Unwind@0088001b
00880023	Unwind@00880023
0088002B	Unwind@0088002b
00880033	Unwind@00880033
0088003B	Unwind@0088003b
00880043	Unwind@00880043
0088004B	Unwind@0088004b
00880053	Unwind@00880053
0088005B	Unwind@0088005b
00880063	Unwind@00880063
0088006B	Unwind@0088006b
00880073	Unwind@00880073
0088007B	Unwind@0088007b
00880083	Unwind@00880083
0088008B	Unwind@0088008b
00880093	Unwind@00880093
0088009B	Unwind@0088009b
008800A3	Unwind@008800a3
008800AB	Unwind@008800ab
008800B3	Unwind@008800b3
008800BB	Unwind@008800bb
008800C3	Unwind@008800c3
008800CB	Unwind@008800cb
008800D3	Unwind@008800d3
008800DB	Unwind@008800db
008800E3	Unwind@008800e3
008800EB	Unwind@008800eb
008800F3	Unwind@008800f3
008800FB	Unwind@008800fb
00880103	Unwind@00880103
0088010B	Unwind@0088010b
00880113	Unwind@00880113
0088011B	Unwind@0088011b
00880123	Unwind@00880123
0088012B	Unwind@0088012b
00880133	Unwind@00880133
0088013B	Unwind@0088013b
00880143	Unwind@00880143
0088014B	Unwind@0088014b
00880153	Unwind@00880153
0088015B	Unwind@0088015b
00880163	Unwind@00880163
0088016B	Unwind@0088016b
00880173	Unwind@00880173
0088017B	Unwind@0088017b
00880183	Unwind@00880183
0088018B	Unwind@0088018b
00880193	Unwind@00880193
0088019B	Unwind@0088019b
008801A3	Unwind@008801a3
008801AB	Unwind@008801ab
008801B3	Unwind@008801b3
008801BB	Unwind@008801bb
008801C3	Unwind@008801c3
008801CB	Unwind@008801cb
008801D3	Unwind@008801d3
008801DB	Unwind@008801db
008801E3	Unwind@008801e3
008801EB	Unwind@008801eb
008801F3	Unwind@008801f3
008801FB	Unwind@008801fb
00880203	Unwind@00880203
0088020B	Unwind@0088020b
00880213	Unwind@00880213
0088021B	Unwind@0088021b
00880223	Unwind@00880223
0088022B	Unwind@0088022b
00880233	Unwind@00880233
0088023B	Unwind@0088023b
00880243	Unwind@00880243
0088024B	Unwind@0088024b
00880253	Unwind@00880253
0088025B	Unwind@0088025b
00880263	Unwind@00880263
0088026B	Unwind@0088026b
00880273	Unwind@00880273
0088027B	Unwind@0088027b
00880283	Unwind@00880283
0088028B	Unwind@0088028b
00880293	Unwind@00880293
0088029B	Unwind@0088029b
008802A3	Unwind@008802a3
008802AB	Unwind@008802ab
008802B3	Unwind@008802b3
008802BB	Unwind@008802bb
008802C3	Unwind@008802c3
008802CB	Unwind@008802cb
008802D3	Unwind@008802d3
008802DB	Unwind@008802db
008802E3	Unwind@008802e3
008802EB	Unwind@008802eb
008802F3	Unwind@008802f3
008802FB	Unwind@008802fb
00880303	Unwind@00880303
0088030B	Unwind@0088030b
00880313	Unwind@00880313
0088031B	Unwind@0088031b
00880323	Unwind@00880323
0088032B	Unwind@0088032b
00880333	Unwind@00880333
0088033B	Unwind@0088033b
00880343	Unwind@00880343
0088034B	Unwind@0088034b
00880353	Unwind@00880353
0088035B	Unwind@0088035b
00880363	Unwind@00880363
0088036B	Unwind@0088036b
00880373	Unwind@00880373
0088037B	Unwind@0088037b
00880383	Unwind@00880383
0088038B	Unwind@0088038b
00880393	Unwind@00880393
0088039B	Unwind@0088039b
008803A3	Unwind@008803a3
008803AB	Unwind@008803ab
008803B3	Unwind@008803b3
008803BB	Unwind@008803bb
008803C3	Unwind@008803c3
008803CB	Unwind@008803cb
008803D3	Unwind@008803d3
008803DB	Unwind@008803db
008803ED	Unwind@008803ed
008803F5	Unwind@008803f5
008803FD	Unwind@008803fd
00880405	Unwind@00880405
0088040D	Unwind@0088040d
00880415	Unwind@00880415
0088041D	Unwind@0088041d
00880425	Unwind@00880425
0088042D	Unwind@0088042d
00880435	Unwind@00880435
0088043D	Unwind@0088043d
00880445	Unwind@00880445
0088044D	Unwind@0088044d
00880455	Unwind@00880455
00880476	Unwind@00880476
0088047E	Unwind@0088047e
00880486	Unwind@00880486
0088048E	Unwind@0088048e
00880496	Unwind@00880496
0088049E	Unwind@0088049e
008804A6	Unwind@008804a6
008804AE	Unwind@008804ae
008804B6	Unwind@008804b6
008804BE	Unwind@008804be
008804C6	Unwind@008804c6
008804D8	Unwind@008804d8
008804E0	Unwind@008804e0
008804E8	Unwind@008804e8
008804F0	Unwind@008804f0
008804F8	Unwind@008804f8
00880500	Unwind@00880500
00880508	Unwind@00880508
0088051A	Unwind@0088051a
00880522	Unwind@00880522
0088052A	Unwind@0088052a
00880532	Unwind@00880532
0088053A	Unwind@0088053a
00880542	Unwind@00880542
0088054A	Unwind@0088054a
00880552	Unwind@00880552
0088055A	Unwind@0088055a
00880562	Unwind@00880562
0088056A	Unwind@0088056a
00880572	Unwind@00880572
0088057A	Unwind@0088057a
00880582	Unwind@00880582
0088058A	Unwind@0088058a
00880592	Unwind@00880592
0088059A	Unwind@0088059a
008805A2	Unwind@008805a2
008805AA	Unwind@008805aa
008805B2	Unwind@008805b2
008805BA	Unwind@008805ba
008805C2	Unwind@008805c2
008805CA	Unwind@008805ca
008805D2	Unwind@008805d2
008805DA	Unwind@008805da
008805E2	Unwind@008805e2
008805EA	Unwind@008805ea
008805F2	Unwind@008805f2
008805FA	Unwind@008805fa
00880602	Unwind@00880602
0088060A	Unwind@0088060a
00880612	Unwind@00880612
0088061A	Unwind@0088061a
00880622	Unwind@00880622
0088062A	Unwind@0088062a
00880632	Unwind@00880632
0088063A	Unwind@0088063a
00880642	Unwind@00880642
0088064A	Unwind@0088064a
00880652	Unwind@00880652
0088065A	Unwind@0088065a
00880662	Unwind@00880662
0088066A	Unwind@0088066a
00880672	Unwind@00880672
0088067A	Unwind@0088067a
00880682	Unwind@00880682
0088068A	Unwind@0088068a
00880692	Unwind@00880692
0088069A	Unwind@0088069a
008806A2	Unwind@008806a2
008806AA	Unwind@008806aa
008806B2	Unwind@008806b2
008806BA	Unwind@008806ba
008806C2	Unwind@008806c2
008806CA	Unwind@008806ca
008806D2	Unwind@008806d2
008806DA	Unwind@008806da
008806E2	Unwind@008806e2
008806EA	Unwind@008806ea
008806F2	Unwind@008806f2
008806FA	Unwind@008806fa
00880702	Unwind@00880702
0088070A	Unwind@0088070a
00880712	Unwind@00880712
0088071A	Unwind@0088071a
00880722	Unwind@00880722
0088072A	Unwind@0088072a
00880732	Unwind@00880732
0088073A	Unwind@0088073a
00880742	Unwind@00880742
0088074A	Unwind@0088074a
00880752	Unwind@00880752
0088075A	Unwind@0088075a
00880762	Unwind@00880762
0088076A	Unwind@0088076a
00880772	Unwind@00880772
0088077A	Unwind@0088077a
00880782	Unwind@00880782
0088078A	Unwind@0088078a
00880792	Unwind@00880792
0088079A	Unwind@0088079a
008807A2	Unwind@008807a2
008807AA	Unwind@008807aa
008807B2	Unwind@008807b2
008807BA	Unwind@008807ba
008807C2	Unwind@008807c2
008807CA	Unwind@008807ca
008807D2	Unwind@008807d2
008807DA	Unwind@008807da
008807E2	Unwind@008807e2
008807EA	Unwind@008807ea
008807F2	Unwind@008807f2
008807FA	Unwind@008807fa
00880802	Unwind@00880802
0088080A	Unwind@0088080a
00880812	Unwind@00880812
0088081A	Unwind@0088081a
00880822	Unwind@00880822
0088082A	Unwind@0088082a
00880832	Unwind@00880832
0088083A	Unwind@0088083a
00880842	Unwind@00880842
0088084A	Unwind@0088084a
00880852	Unwind@00880852
0088085A	Unwind@0088085a
00880862	Unwind@00880862
00880874	Unwind@00880874
00880886	Unwind@00880886
0088088E	Unwind@0088088e
00880896	Unwind@00880896
0088089E	Unwind@0088089e
008808A6	Unwind@008808a6
008808AE	Unwind@008808ae
008808B6	Unwind@008808b6
008808BE	Unwind@008808be
008808C6	Unwind@008808c6
008808CE	Unwind@008808ce
008808D6	Unwind@008808d6
008808DE	Unwind@008808de
008808E6	Unwind@008808e6
008808EE	Unwind@008808ee
008808F6	Unwind@008808f6
008808FE	Unwind@008808fe
00880906	Unwind@00880906
0088090E	Unwind@0088090e
00880916	Unwind@00880916
0088091E	Unwind@0088091e
00880926	Unwind@00880926
0088092E	Unwind@0088092e
00880936	Unwind@00880936
0088093E	Unwind@0088093e
00880946	Unwind@00880946
0088094E	Unwind@0088094e
00880956	Unwind@00880956
0088095E	Unwind@0088095e
00880966	Unwind@00880966
00880978	Unwind@00880978
00880983	Unwind@00880983
0088098E	Unwind@0088098e
00880999	Unwind@00880999
008809A4	Unwind@008809a4
008809AF	Unwind@008809af
008809BA	Unwind@008809ba
008809C5	Unwind@008809c5
008809D0	Unwind@008809d0
008809DB	Unwind@008809db
008809E6	Unwind@008809e6
008809F1	Unwind@008809f1
008809FC	Unwind@008809fc
00880A07	Unwind@00880a07
00880A12	Unwind@00880a12
00880A1D	Unwind@00880a1d
00880A28	Unwind@00880a28
00880A33	Unwind@00880a33
00880A3E	Unwind@00880a3e
00880A49	Unwind@00880a49
00880A54	Unwind@00880a54
00880A5F	Unwind@00880a5f
00880A6A	Unwind@00880a6a
00880A75	Unwind@00880a75
00880A80	Unwind@00880a80
00880A8B	Unwind@00880a8b
00880A96	Unwind@00880a96
00880AA1	Unwind@00880aa1
00880AAC	Unwind@00880aac
00880AB7	Unwind@00880ab7
00880AC2	Unwind@00880ac2
00880ACD	Unwind@00880acd
00880AD8	Unwind@00880ad8
00880AE3	Unwind@00880ae3
00880AEE	Unwind@00880aee
00880AF9	Unwind@00880af9
00880B04	Unwind@00880b04
00880B0F	Unwind@00880b0f
00880B1A	Unwind@00880b1a
00880B25	Unwind@00880b25
00880B30	Unwind@00880b30
00880B3B	Unwind@00880b3b
00880B46	Unwind@00880b46
00880B51	Unwind@00880b51
00880B5C	Unwind@00880b5c
00880B67	Unwind@00880b67
00880B72	Unwind@00880b72
00880B7D	Unwind@00880b7d
00880B88	Unwind@00880b88
00880B93	Unwind@00880b93
00880B9E	Unwind@00880b9e
00880BA9	Unwind@00880ba9
00880BB4	Unwind@00880bb4
00880BBF	Unwind@00880bbf
00880BCA	Unwind@00880bca
00880BD5	Unwind@00880bd5
00880BE0	Unwind@00880be0
00880BEB	Unwind@00880beb
00880BF6	Unwind@00880bf6
00880C01	Unwind@00880c01
00880C0C	Unwind@00880c0c
00880C17	Unwind@00880c17
00880C22	Unwind@00880c22
00880C2D	Unwind@00880c2d
00880C38	Unwind@00880c38
00880C43	Unwind@00880c43
00880C4E	Unwind@00880c4e
00880C59	Unwind@00880c59
00880C64	Unwind@00880c64
00880C6F	Unwind@00880c6f
00880C7A	Unwind@00880c7a
00880C85	Unwind@00880c85
00880C90	Unwind@00880c90
00880C9B	Unwind@00880c9b
00880CA6	Unwind@00880ca6
00880CB1	Unwind@00880cb1
00880CBC	Unwind@00880cbc
00880CC7	Unwind@00880cc7
00880CD2	Unwind@00880cd2
00880CDD	Unwind@00880cdd
00880CE8	Unwind@00880ce8
00880CF3	Unwind@00880cf3
00880CFE	Unwind@00880cfe
00880D09	Unwind@00880d09
00880D14	Unwind@00880d14
00880D1F	Unwind@00880d1f
00880D2A	Unwind@00880d2a
00880D35	Unwind@00880d35
00880D40	Unwind@00880d40
00880D4B	Unwind@00880d4b
00880D56	Unwind@00880d56
00880D61	Unwind@00880d61
00880D6C	Unwind@00880d6c
00880D77	Unwind@00880d77
00880D82	Unwind@00880d82
00880D8D	Unwind@00880d8d
00880D98	Unwind@00880d98
00880DA3	Unwind@00880da3
00880DAE	Unwind@00880dae
00880DB9	Unwind@00880db9
00880DC4	Unwind@00880dc4
00880DCF	Unwind@00880dcf
00880DDA	Unwind@00880dda
00880DE5	Unwind@00880de5
00880DF0	Unwind@00880df0
00880DFB	Unwind@00880dfb
00880E06	Unwind@00880e06
00880E11	Unwind@00880e11
00880E1C	Unwind@00880e1c
00880E27	Unwind@00880e27
00880E32	Unwind@00880e32
00880E3D	Unwind@00880e3d
00880E48	Unwind@00880e48
00880E53	Unwind@00880e53
00880E5E	Unwind@00880e5e
00880E69	Unwind@00880e69
00880E74	Unwind@00880e74
00880E7F	Unwind@00880e7f
00880E8A	Unwind@00880e8a
00880E95	Unwind@00880e95
00880EA0	Unwind@00880ea0
00880EAB	Unwind@00880eab
00880EB6	Unwind@00880eb6
00880EC1	Unwind@00880ec1
00880ECC	Unwind@00880ecc
00880ED7	Unwind@00880ed7
00880EE2	Unwind@00880ee2
00880EED	Unwind@00880eed
00880EF8	Unwind@00880ef8
00880F03	Unwind@00880f03
00880F0E	Unwind@00880f0e
00880F19	Unwind@00880f19
00880F24	Unwind@00880f24
00880F2F	Unwind@00880f2f
00880F3A	Unwind@00880f3a
00880F45	Unwind@00880f45
00880F50	Unwind@00880f50
00880F5B	Unwind@00880f5b
00880F66	Unwind@00880f66
00880F71	Unwind@00880f71
00880F7C	Unwind@00880f7c
00880F87	Unwind@00880f87
00880F92	Unwind@00880f92
00880F9D	Unwind@00880f9d
00880FA8	Unwind@00880fa8
00880FB3	Unwind@00880fb3
00880FBE	Unwind@00880fbe
00880FC9	Unwind@00880fc9
00880FD4	Unwind@00880fd4
00880FDF	Unwind@00880fdf
00880FEA	Unwind@00880fea
00880FF5	Unwind@00880ff5
00881000	Unwind@00881000
0088100B	Unwind@0088100b
00881016	Unwind@00881016
00881021	Unwind@00881021
0088102C	Unwind@0088102c
00881037	Unwind@00881037
00881042	Unwind@00881042
0088104D	Unwind@0088104d
00881058	Unwind@00881058
00881063	Unwind@00881063
0088106E	Unwind@0088106e
00881079	Unwind@00881079
00881084	Unwind@00881084
0088108F	Unwind@0088108f
0088109A	Unwind@0088109a
008810A5	Unwind@008810a5
008810B0	Unwind@008810b0
008810BB	Unwind@008810bb
008810C6	Unwind@008810c6
008810D1	Unwind@008810d1
008810D9	Unwind@008810d9
008810E4	Unwind@008810e4
008810EF	Unwind@008810ef
008810F7	Unwind@008810f7
00881102	Unwind@00881102
0088110D	Unwind@0088110d
00881118	Unwind@00881118
00881123	Unwind@00881123
0088112E	Unwind@0088112e
00881139	Unwind@00881139
00881144	Unwind@00881144
0088114C	Unwind@0088114c
00881157	Unwind@00881157
00881162	Unwind@00881162
0088116D	Unwind@0088116d
00881178	Unwind@00881178
00881183	Unwind@00881183
0088118E	Unwind@0088118e
00881199	Unwind@00881199
008811A4	Unwind@008811a4
008811AF	Unwind@008811af
008811BA	Unwind@008811ba
008811C5	Unwind@008811c5
008811D0	Unwind@008811d0
008811DB	Unwind@008811db
008811E6	Unwind@008811e6
008811F1	Unwind@008811f1
008811FC	Unwind@008811fc
00881207	Unwind@00881207
00881212	Unwind@00881212
0088121D	Unwind@0088121d
00881228	Unwind@00881228
00881233	Unwind@00881233
0088123E	Unwind@0088123e
00881249	Unwind@00881249
00881254	Unwind@00881254
0088125F	Unwind@0088125f
0088126A	Unwind@0088126a
00881275	Unwind@00881275
00881280	Unwind@00881280
0088128B	Unwind@0088128b
00881296	Unwind@00881296
008812A1	Unwind@008812a1
008812AC	Unwind@008812ac
008812B7	Unwind@008812b7
008812C2	Unwind@008812c2
008812CD	Unwind@008812cd
008812D8	Unwind@008812d8
008812E3	Unwind@008812e3
008812EE	Unwind@008812ee
008812F9	Unwind@008812f9
00881304	Unwind@00881304
0088130F	Unwind@0088130f
0088131A	Unwind@0088131a
00881325	Unwind@00881325
00881330	Unwind@00881330
0088133B	Unwind@0088133b
00881346	Unwind@00881346
00881351	Unwind@00881351
0088135C	Unwind@0088135c
00881367	Unwind@00881367
00881372	Unwind@00881372
0088137D	Unwind@0088137d
00881388	Unwind@00881388
00881393	Unwind@00881393
0088139E	Unwind@0088139e
008813A9	Unwind@008813a9
008813B4	Unwind@008813b4
008813BF	Unwind@008813bf
008813CA	Unwind@008813ca
008813E0	Unwind@008813e0
008813E8	Unwind@008813e8
00881400	Unwind@00881400
00881408	Unwind@00881408
00881410	Unwind@00881410
0088141B	Unwind@0088141b
00881429	Unwind@00881429
00881437	Unwind@00881437
0088144F	Unwind@0088144f
00881457	Unwind@00881457
00881470	Unwind@00881470
00881478	Unwind@00881478
00881483	Unwind@00881483
00881491	Unwind@00881491
0088149F	Unwind@0088149f
008814C0	Unwind@008814c0
008814F0	Unwind@008814f0
008814F8	Unwind@008814f8
00881500	Unwind@00881500
00881508	Unwind@00881508
00881510	Unwind@00881510
00881518	Unwind@00881518
00881530	Unwind@00881530
00881538	Unwind@00881538
0088154D	Unwind@0088154d
00881555	Unwind@00881555
0088156A	Unwind@0088156a
00881572	Unwind@00881572
0088157A	Unwind@0088157a
00881582	Unwind@00881582
0088158D	Unwind@0088158d
00881598	Unwind@00881598
008815AD	Unwind@008815ad
008815B5	Unwind@008815b5
008815C0	Unwind@008815c0
008815CB	Unwind@008815cb
008815D6	Unwind@008815d6
008815E1	Unwind@008815e1
008815F3	Unwind@008815f3
008815FB	Unwind@008815fb
00881603	Unwind@00881603
0088160B	Unwind@0088160b
0088161D	Unwind@0088161d
00881625	Unwind@00881625
00881630	Unwind@00881630
0088163B	Unwind@0088163b
00881643	Unwind@00881643
0088164E	Unwind@0088164e
00881659	Unwind@00881659
00881664	Unwind@00881664
0088166C	Unwind@0088166c
00881677	Unwind@00881677
0088167F	Unwind@0088167f
00881687	Unwind@00881687
00881692	Unwind@00881692
0088169D	Unwind@0088169d
008816A5	Unwind@008816a5
008816AD	Unwind@008816ad
008816B8	Unwind@008816b8
008816C0	Unwind@008816c0
008816C8	Unwind@008816c8
008816DA	Unwind@008816da
008816E2	Unwind@008816e2
008816EA	Unwind@008816ea
008816F2	Unwind@008816f2
008816FA	Unwind@008816fa
00881702	Unwind@00881702
0088170A	Unwind@0088170a
00881712	Unwind@00881712
0088171A	Unwind@0088171a
0088172C	Unwind@0088172c
00881734	Unwind@00881734
0088173C	Unwind@0088173c
00881744	Unwind@00881744
0088174C	Unwind@0088174c
00881754	Unwind@00881754
0088175C	Unwind@0088175c
00881764	Unwind@00881764
0088176C	Unwind@0088176c
0088177E	Unwind@0088177e
00881786	Unwind@00881786
0088178E	Unwind@0088178e
00881796	Unwind@00881796
0088179E	Unwind@0088179e
008817A6	Unwind@008817a6
008817AE	Unwind@008817ae
008817C0	Unwind@008817c0
008817C8	Unwind@008817c8
008817D0	Unwind@008817d0
008817D8	Unwind@008817d8
008817E0	Unwind@008817e0
008817E8	Unwind@008817e8
008817F0	Unwind@008817f0
008817F8	Unwind@008817f8
00881800	Unwind@00881800
00881821	Unwind@00881821
00881829	Unwind@00881829
00881831	Unwind@00881831
00881839	Unwind@00881839
0088184B	Unwind@0088184b
00881856	Unwind@00881856
00881861	Unwind@00881861
0088186C	Unwind@0088186c
00881877	Unwind@00881877
00881882	Unwind@00881882
0088188D	Unwind@0088188d
00881898	Unwind@00881898
008818AD	Unwind@008818ad
008818B5	Unwind@008818b5
008818BD	Unwind@008818bd
008818C5	Unwind@008818c5
008818CD	Unwind@008818cd
008818D5	Unwind@008818d5
008818E7	Unwind@008818e7
008818EF	Unwind@008818ef
00881910	Unwind@00881910
00881918	Unwind@00881918
00881923	Unwind@00881923
00881940	Unwind@00881940
00881960	Unwind@00881960
00881968	Unwind@00881968
00881970	Unwind@00881970
0088197B	Unwind@0088197b
00881986	Unwind@00881986
008819B0	Unwind@008819b0
008819D0	Unwind@008819d0
008819E1	Unwind@008819e1
008819E9	Unwind@008819e9
008819F1	Unwind@008819f1
00881A10	Unwind@00881a10
00881A18	Unwind@00881a18
00881A20	Unwind@00881a20
00881A28	Unwind@00881a28
00881A30	Unwind@00881a30
00881A3B	Unwind@00881a3b
00881A50	Unwind@00881a50
00881A70	Unwind@00881a70
00881A81	Unwind@00881a81
00881A89	Unwind@00881a89
00881A91	Unwind@00881a91
00881A99	Unwind@00881a99
00881AA4	Unwind@00881aa4
00881AC0	Unwind@00881ac0
00881AD1	Unwind@00881ad1
00881AD9	Unwind@00881ad9
00881AE1	Unwind@00881ae1
00881AE9	Unwind@00881ae9
00881AF1	Unwind@00881af1
00881AF9	Unwind@00881af9
00881B01	Unwind@00881b01
00881B0C	Unwind@00881b0c
00881B30	Unwind@00881b30
00881B41	Unwind@00881b41
00881B49	Unwind@00881b49
00881B51	Unwind@00881b51
00881B59	Unwind@00881b59
00881B61	Unwind@00881b61
00881B69	Unwind@00881b69
00881B71	Unwind@00881b71
00881B7C	Unwind@00881b7c
00881BA0	Unwind@00881ba0
00881BA8	Unwind@00881ba8
00881BB0	Unwind@00881bb0
00881BB8	Unwind@00881bb8
00881BC3	Unwind@00881bc3
00881BE0	Unwind@00881be0
00881BE8	Unwind@00881be8
00881BF3	Unwind@00881bf3
00881C10	Unwind@00881c10
00881C40	Unwind@00881c40
00881C60	Unwind@00881c60
00881C68	Unwind@00881c68
00881C70	Unwind@00881c70
00881C78	Unwind@00881c78
00881C83	Unwind@00881c83
00881CA0	Unwind@00881ca0
00881CA8	Unwind@00881ca8
00881CB0	Unwind@00881cb0
00881CB8	Unwind@00881cb8
00881CC0	Unwind@00881cc0
00881CC8	Unwind@00881cc8
00881CE0	Unwind@00881ce0
00881CE8	Unwind@00881ce8
00881D00	Unwind@00881d00
00881D0E	Unwind@00881d0e
00881D26	Unwind@00881d26
00881D2E	Unwind@00881d2e
00881D46	Unwind@00881d46
00881D5E	Unwind@00881d5e
00881D66	Unwind@00881d66
00881D7E	Unwind@00881d7e
00881D96	Unwind@00881d96
00881D9E	Unwind@00881d9e
00881DA6	Unwind@00881da6
00881DAE	Unwind@00881dae
00881DB6	Unwind@00881db6
00881DBE	Unwind@00881dbe
00881DC6	Unwind@00881dc6
00881DCE	Unwind@00881dce
00881DD6	Unwind@00881dd6
00881DDE	Unwind@00881dde
00881DE6	Unwind@00881de6
00881DEE	Unwind@00881dee
00881DF6	Unwind@00881df6
00881E10	Unwind@00881e10
00881E18	Unwind@00881e18
00881E20	Unwind@00881e20
00881E28	Unwind@00881e28
00881E3F	Unwind@00881e3f
00881E60	Unwind@00881e60
00881E68	Unwind@00881e68
00881E70	Unwind@00881e70
00881E78	Unwind@00881e78
00881E80	Unwind@00881e80
00881E88	Unwind@00881e88
00881EA0	Unwind@00881ea0
00881EA8	Unwind@00881ea8
00881EBA	Unwind@00881eba
00881EC2	Unwind@00881ec2
00881ED4	Unwind@00881ed4
00881EDF	Unwind@00881edf
00881EE7	Unwind@00881ee7
00881EF2	Unwind@00881ef2
00881EFD	Unwind@00881efd
00881F08	Unwind@00881f08
00881F10	Unwind@00881f10
00881F1B	Unwind@00881f1b
00881F26	Unwind@00881f26
00881F2E	Unwind@00881f2e
00881F36	Unwind@00881f36
00881F3E	Unwind@00881f3e
00881F49	Unwind@00881f49
00881F54	Unwind@00881f54
00881F5C	Unwind@00881f5c
00881F64	Unwind@00881f64
00881F6F	Unwind@00881f6f
00881F7A	Unwind@00881f7a
00881F82	Unwind@00881f82
00881F8A	Unwind@00881f8a
00881F92	Unwind@00881f92
00881F9A	Unwind@00881f9a
00881FA5	Unwind@00881fa5
00881FB0	Unwind@00881fb0
00881FB8	Unwind@00881fb8
00881FC0	Unwind@00881fc0
00881FC8	Unwind@00881fc8
00881FDA	Unwind@00881fda
00881FE2	Unwind@00881fe2
00881FF0	Unwind@00881ff0
00882005	Unwind@00882005
0088200D	Unwind@0088200d
00882015	Unwind@00882015
0088201D	Unwind@0088201d
00882025	Unwind@00882025
00882037	Unwind@00882037
00882049	Unwind@00882049
00882054	Unwind@00882054
0088205C	Unwind@0088205c
00882064	Unwind@00882064
0088206C	Unwind@0088206c
00882077	Unwind@00882077
0088207F	Unwind@0088207f
00882087	Unwind@00882087
0088208F	Unwind@0088208f
0088209A	Unwind@0088209a
008820A5	Unwind@008820a5
008820B0	Unwind@008820b0
008820BB	Unwind@008820bb
008820C3	Unwind@008820c3
008820CB	Unwind@008820cb
008820D3	Unwind@008820d3
008820DE	Unwind@008820de
008820E6	Unwind@008820e6
008820EE	Unwind@008820ee
008820F6	Unwind@008820f6
00882101	Unwind@00882101
0088210C	Unwind@0088210c
00882114	Unwind@00882114
0088211C	Unwind@0088211c
0088212E	Unwind@0088212e
00882136	Unwind@00882136
0088213E	Unwind@0088213e
00882146	Unwind@00882146
00882160	Unwind@00882160
00882168	Unwind@00882168
00882170	Unwind@00882170
00882178	Unwind@00882178
00882180	Unwind@00882180
00882188	Unwind@00882188
008821A0	Unwind@008821a0
008821A8	Unwind@008821a8
008821B0	Unwind@008821b0
008821B8	Unwind@008821b8
008821C0	Unwind@008821c0
008821C8	Unwind@008821c8
008821E0	Unwind@008821e0
008821E8	Unwind@008821e8
008821F0	Unwind@008821f0
008821F8	Unwind@008821f8
00882200	Unwind@00882200
00882208	Unwind@00882208
00882220	Unwind@00882220
00882228	Unwind@00882228
00882230	Unwind@00882230
00882238	Unwind@00882238
00882240	Unwind@00882240
00882248	Unwind@00882248
00882260	Unwind@00882260
00882268	Unwind@00882268
00882270	Unwind@00882270
00882278	Unwind@00882278
0088228F	Unwind@0088228f
008822B0	Unwind@008822b0
008822B8	Unwind@008822b8
008822C0	Unwind@008822c0
008822C8	Unwind@008822c8
008822D0	Unwind@008822d0
008822D8	Unwind@008822d8
008822F0	Unwind@008822f0
008822F8	Unwind@008822f8
00882300	Unwind@00882300
00882308	Unwind@00882308
00882310	Unwind@00882310
00882318	Unwind@00882318
00882330	Unwind@00882330
00882338	Unwind@00882338
00882340	Unwind@00882340
00882348	Unwind@00882348
0088235F	Unwind@0088235f
00882380	Unwind@00882380
00882388	Unwind@00882388
00882390	Unwind@00882390
00882398	Unwind@00882398
008823AF	Unwind@008823af
008823D0	Unwind@008823d0
008823D8	Unwind@008823d8
008823E0	Unwind@008823e0
008823E8	Unwind@008823e8
008823F0	Unwind@008823f0
008823F8	Unwind@008823f8
00882410	Unwind@00882410
00882422	Unwind@00882422
00882434	Unwind@00882434
0088243C	Unwind@0088243c
00882444	Unwind@00882444
0088244F	Unwind@0088244f
00882461	Unwind@00882461
00882469	Unwind@00882469
00882471	Unwind@00882471
00882486	Unwind@00882486
0088248E	Unwind@0088248e
00882499	Unwind@00882499
008824B0	Unwind@008824b0
008824D0	Unwind@008824d0
008824DB	Unwind@008824db
008824E6	Unwind@008824e6
008824F1	Unwind@008824f1
008824F9	Unwind@008824f9
00882501	Unwind@00882501
0088250C	Unwind@0088250c
00882517	Unwind@00882517
00882522	Unwind@00882522
0088252D	Unwind@0088252d
00882538	Unwind@00882538
00882543	Unwind@00882543
0088254E	Unwind@0088254e
00882559	Unwind@00882559
0088256B	Unwind@0088256b
00882573	Unwind@00882573
0088257E	Unwind@0088257e
00882589	Unwind@00882589
00882591	Unwind@00882591
00882599	Unwind@00882599
008825B1	Unwind@008825b1
008825B9	Unwind@008825b9
008825C4	Unwind@008825c4
008825CF	Unwind@008825cf
008825D7	Unwind@008825d7
008825DF	Unwind@008825df
00882600	Unwind@00882600
0088260B	Unwind@0088260b
00882613	Unwind@00882613
00882621	Unwind@00882621
0088262F	Unwind@0088262f
00882637	Unwind@00882637
0088263F	Unwind@0088263f
0088264D	Unwind@0088264d
00882658	Unwind@00882658
0088266D	Unwind@0088266d
00882678	Unwind@00882678
00882686	Unwind@00882686
00882694	Unwind@00882694
008826A2	Unwind@008826a2
008826AD	Unwind@008826ad
008826C2	Unwind@008826c2
008826D7	Unwind@008826d7
008826E2	Unwind@008826e2
008826ED	Unwind@008826ed
008826F8	Unwind@008826f8
00882703	Unwind@00882703
0088270E	Unwind@0088270e
00882719	Unwind@00882719
00882724	Unwind@00882724
0088272F	Unwind@0088272f
0088273A	Unwind@0088273a
00882745	Unwind@00882745
00882750	Unwind@00882750
0088275B	Unwind@0088275b
00882766	Unwind@00882766
00882771	Unwind@00882771
00882779	Unwind@00882779
00882784	Unwind@00882784
0088278F	Unwind@0088278f
008827A4	Unwind@008827a4
008827B2	Unwind@008827b2
008827BD	Unwind@008827bd
008827C8	Unwind@008827c8
008827D3	Unwind@008827d3
008827DE	Unwind@008827de
008827E9	Unwind@008827e9
008827F4	Unwind@008827f4
008827FF	Unwind@008827ff
0088280A	Unwind@0088280a
00882815	Unwind@00882815
00882820	Unwind@00882820
0088282B	Unwind@0088282b
00882836	Unwind@00882836
00882841	Unwind@00882841
0088284C	Unwind@0088284c
00882857	Unwind@00882857
0088285F	Unwind@0088285f
00882867	Unwind@00882867
0088286F	Unwind@0088286f
0088287A	Unwind@0088287a
00882885	Unwind@00882885
00882890	Unwind@00882890
0088289E	Unwind@0088289e
008828A9	Unwind@008828a9
008828B4	Unwind@008828b4
008828BF	Unwind@008828bf
008828CD	Unwind@008828cd
008828D8	Unwind@008828d8
008828E3	Unwind@008828e3
008828EE	Unwind@008828ee
008828FC	Unwind@008828fc
00882907	Unwind@00882907
00882912	Unwind@00882912
0088291D	Unwind@0088291d
0088292B	Unwind@0088292b
00882936	Unwind@00882936
00882941	Unwind@00882941
0088294C	Unwind@0088294c
00882957	Unwind@00882957
00882962	Unwind@00882962
0088297A	Unwind@0088297a
00882985	Unwind@00882985
00882990	Unwind@00882990
0088299B	Unwind@0088299b
008829A6	Unwind@008829a6
008829BB	Unwind@008829bb
008829C6	Unwind@008829c6
008829D1	Unwind@008829d1
008829DC	Unwind@008829dc
008829E7	Unwind@008829e7
008829F2	Unwind@008829f2
008829FD	Unwind@008829fd
00882A08	Unwind@00882a08
00882A13	Unwind@00882a13
00882A1E	Unwind@00882a1e
00882A29	Unwind@00882a29
00882A34	Unwind@00882a34
00882A3F	Unwind@00882a3f
00882A4A	Unwind@00882a4a
00882A55	Unwind@00882a55
00882A60	Unwind@00882a60
00882A6B	Unwind@00882a6b
00882A76	Unwind@00882a76
00882A81	Unwind@00882a81
00882A8C	Unwind@00882a8c
00882A97	Unwind@00882a97
00882AA2	Unwind@00882aa2
00882AAD	Unwind@00882aad
00882AC2	Unwind@00882ac2
00882ACD	Unwind@00882acd
00882AD8	Unwind@00882ad8
00882AE3	Unwind@00882ae3
00882AEE	Unwind@00882aee
00882B03	Unwind@00882b03
00882B0E	Unwind@00882b0e
00882B23	Unwind@00882b23
00882B2B	Unwind@00882b2b
00882B33	Unwind@00882b33
00882B3B	Unwind@00882b3b
00882B4D	Unwind@00882b4d
00882B55	Unwind@00882b55
00882B5D	Unwind@00882b5d
00882B65	Unwind@00882b65
00882B80	Unwind@00882b80
00882BA0	Unwind@00882ba0
00882BB8	Unwind@00882bb8
00882BCD	Unwind@00882bcd
00882BD8	Unwind@00882bd8
00882BF0	Unwind@00882bf0
00882C20	Unwind@00882c20
00882C2B	Unwind@00882c2b
00882C40	Unwind@00882c40
00882C4B	Unwind@00882c4b
00882C60	Unwind@00882c60
00882C80	Unwind@00882c80
00882C88	Unwind@00882c88
00882CA0	Unwind@00882ca0
00882CC0	Unwind@00882cc0
00882CD2	Unwind@00882cd2
00882CE4	Unwind@00882ce4
00882CF6	Unwind@00882cf6
00882D08	Unwind@00882d08
00882D1A	Unwind@00882d1a
00882D2C	Unwind@00882d2c
00882D3E	Unwind@00882d3e
00882D50	Unwind@00882d50
00882D62	Unwind@00882d62
00882D74	Unwind@00882d74
00882D86	Unwind@00882d86
00882D98	Unwind@00882d98
00882DAA	Unwind@00882daa
00882DBC	Unwind@00882dbc
00882DCE	Unwind@00882dce
00882DE0	Unwind@00882de0
00882DF2	Unwind@00882df2
00882E04	Unwind@00882e04
00882E16	Unwind@00882e16
00882E28	Unwind@00882e28
00882E3A	Unwind@00882e3a
00882E4C	Unwind@00882e4c
00882E5E	Unwind@00882e5e
00882E70	Unwind@00882e70
00882E82	Unwind@00882e82
00882E94	Unwind@00882e94
00882EA6	Unwind@00882ea6
00882EB8	Unwind@00882eb8
00882ECA	Unwind@00882eca
00882EDC	Unwind@00882edc
00882EEE	Unwind@00882eee
00882F00	Unwind@00882f00
00882F12	Unwind@00882f12
00882F24	Unwind@00882f24
00882F36	Unwind@00882f36
00882F48	Unwind@00882f48
00882F5A	Unwind@00882f5a
00882F6C	Unwind@00882f6c
00882F7E	Unwind@00882f7e
00882F90	Unwind@00882f90
00882FA2	Unwind@00882fa2
00882FB4	Unwind@00882fb4
00882FC6	Unwind@00882fc6
00882FD8	Unwind@00882fd8
00882FEA	Unwind@00882fea
00882FFC	Unwind@00882ffc
0088300E	Unwind@0088300e
00883020	Unwind@00883020
00883032	Unwind@00883032
00883044	Unwind@00883044
00883056	Unwind@00883056
00883068	Unwind@00883068
0088307A	Unwind@0088307a
0088308C	Unwind@0088308c
008830A1	Unwind@008830a1
008830B3	Unwind@008830b3
008830C5	Unwind@008830c5
008830D7	Unwind@008830d7
008830E9	Unwind@008830e9
008830FB	Unwind@008830fb
0088310D	Unwind@0088310d
0088311F	Unwind@0088311f
00883131	Unwind@00883131
00883143	Unwind@00883143
00883155	Unwind@00883155
00883167	Unwind@00883167
00883179	Unwind@00883179
0088318B	Unwind@0088318b
0088319D	Unwind@0088319d
008831AF	Unwind@008831af
008831C1	Unwind@008831c1
008831D3	Unwind@008831d3
008831E5	Unwind@008831e5
008831F7	Unwind@008831f7
00883209	Unwind@00883209
0088321B	Unwind@0088321b
0088322D	Unwind@0088322d
0088323F	Unwind@0088323f
00883251	Unwind@00883251
00883263	Unwind@00883263
00883275	Unwind@00883275
0088327D	Unwind@0088327d
00883285	Unwind@00883285
0088328D	Unwind@0088328d
00883295	Unwind@00883295
008832A7	Unwind@008832a7
008832B9	Unwind@008832b9
008832C1	Unwind@008832c1
008832C9	Unwind@008832c9
008832D1	Unwind@008832d1
008832D9	Unwind@008832d9
008832E1	Unwind@008832e1
008832E9	Unwind@008832e9
008832F1	Unwind@008832f1
008832F9	Unwind@008832f9
00883301	Unwind@00883301
00883309	Unwind@00883309
00883311	Unwind@00883311
00883319	Unwind@00883319
00883321	Unwind@00883321
00883329	Unwind@00883329
00883331	Unwind@00883331
00883339	Unwind@00883339
00883341	Unwind@00883341
00883349	Unwind@00883349
00883351	Unwind@00883351
00883359	Unwind@00883359
00883361	Unwind@00883361
00883369	Unwind@00883369
00883371	Unwind@00883371
00883379	Unwind@00883379
00883381	Unwind@00883381
00883389	Unwind@00883389
00883391	Unwind@00883391
00883399	Unwind@00883399
008833A1	Unwind@008833a1
008833A9	Unwind@008833a9
008833B1	Unwind@008833b1
008833C3	Unwind@008833c3
008833D5	Unwind@008833d5
008833E7	Unwind@008833e7
008833F9	Unwind@008833f9
0088340B	Unwind@0088340b
0088341D	Unwind@0088341d
0088342F	Unwind@0088342f
00883437	Unwind@00883437
0088343F	Unwind@0088343f
00883447	Unwind@00883447
0088344F	Unwind@0088344f
00883461	Unwind@00883461
00883473	Unwind@00883473
00883485	Unwind@00883485
00883497	Unwind@00883497
008834A9	Unwind@008834a9
008834BB	Unwind@008834bb
008834CD	Unwind@008834cd
008834DF	Unwind@008834df
008834F1	Unwind@008834f1
00883503	Unwind@00883503
00883515	Unwind@00883515
00883527	Unwind@00883527
00883539	Unwind@00883539
0088354B	Unwind@0088354b
0088355D	Unwind@0088355d
0088356F	Unwind@0088356f
00883581	Unwind@00883581
00883593	Unwind@00883593
008835A5	Unwind@008835a5
008835B7	Unwind@008835b7
008835C9	Unwind@008835c9
008835DB	Unwind@008835db
008835ED	Unwind@008835ed
008835FF	Unwind@008835ff
00883611	Unwind@00883611
00883623	Unwind@00883623
00883635	Unwind@00883635
00883647	Unwind@00883647
00883659	Unwind@00883659
0088366B	Unwind@0088366b
0088367D	Unwind@0088367d
0088368F	Unwind@0088368f
008836A1	Unwind@008836a1
008836B3	Unwind@008836b3
008836C5	Unwind@008836c5
008836D7	Unwind@008836d7
008836E9	Unwind@008836e9
008836FB	Unwind@008836fb
0088370D	Unwind@0088370d
0088371F	Unwind@0088371f
00883731	Unwind@00883731
00883743	Unwind@00883743
00883755	Unwind@00883755
00883767	Unwind@00883767
00883779	Unwind@00883779
0088378B	Unwind@0088378b
0088379D	Unwind@0088379d
008837AF	Unwind@008837af
008837C1	Unwind@008837c1
008837D3	Unwind@008837d3
008837F0	Unwind@008837f0
00883802	Unwind@00883802
00883814	Unwind@00883814
00883826	Unwind@00883826
00883838	Unwind@00883838
0088384A	Unwind@0088384a
0088385C	Unwind@0088385c
0088386E	Unwind@0088386e
00883880	Unwind@00883880
00883892	Unwind@00883892
008838A4	Unwind@008838a4
008838B6	Unwind@008838b6
008838C8	Unwind@008838c8
008838DD	Unwind@008838dd
008838EF	Unwind@008838ef
00883901	Unwind@00883901
00883913	Unwind@00883913
00883925	Unwind@00883925
00883937	Unwind@00883937
0088393F	Unwind@0088393f
00883947	Unwind@00883947
0088394F	Unwind@0088394f
00883957	Unwind@00883957
0088395F	Unwind@0088395f
00883967	Unwind@00883967
0088396F	Unwind@0088396f
00883977	Unwind@00883977
0088397F	Unwind@0088397f
00883987	Unwind@00883987
0088398F	Unwind@0088398f
00883997	Unwind@00883997
0088399F	Unwind@0088399f
008839A7	Unwind@008839a7
008839AF	Unwind@008839af
008839B7	Unwind@008839b7
008839BF	Unwind@008839bf
008839C7	Unwind@008839c7
008839CF	Unwind@008839cf
008839D7	Unwind@008839d7
008839DF	Unwind@008839df
008839E7	Unwind@008839e7
008839EF	Unwind@008839ef
008839F7	Unwind@008839f7
008839FF	Unwind@008839ff
00883A07	Unwind@00883a07
00883A0F	Unwind@00883a0f
00883A17	Unwind@00883a17
00883A1F	Unwind@00883a1f
00883A27	Unwind@00883a27
00883A39	Unwind@00883a39
00883A4B	Unwind@00883a4b
00883A5D	Unwind@00883a5d
00883A6F	Unwind@00883a6f
00883A81	Unwind@00883a81
00883A93	Unwind@00883a93
00883AA5	Unwind@00883aa5
00883AB7	Unwind@00883ab7
00883AC9	Unwind@00883ac9
00883ADB	Unwind@00883adb
00883AED	Unwind@00883aed
00883AFF	Unwind@00883aff
00883B11	Unwind@00883b11
00883B23	Unwind@00883b23
00883B35	Unwind@00883b35
00883B47	Unwind@00883b47
00883B59	Unwind@00883b59
00883B6B	Unwind@00883b6b
00883B7D	Unwind@00883b7d
00883B8F	Unwind@00883b8f
00883BA1	Unwind@00883ba1
00883BB3	Unwind@00883bb3
00883BC5	Unwind@00883bc5
00883BD7	Unwind@00883bd7
00883BE9	Unwind@00883be9
00883BFB	Unwind@00883bfb
00883C0D	Unwind@00883c0d
00883C1F	Unwind@00883c1f
00883C31	Unwind@00883c31
00883C43	Unwind@00883c43
00883C55	Unwind@00883c55
00883C67	Unwind@00883c67
00883C79	Unwind@00883c79
00883C8B	Unwind@00883c8b
00883C9D	Unwind@00883c9d
00883CAF	Unwind@00883caf
00883CC1	Unwind@00883cc1
00883CD3	Unwind@00883cd3
00883CE5	Unwind@00883ce5
00883CF7	Unwind@00883cf7
00883D10	Unwind@00883d10
00883D18	Unwind@00883d18
00883D2D	Unwind@00883d2d
00883D35	Unwind@00883d35
00883D40	Unwind@00883d40
00883D55	Unwind@00883d55
00883D60	Unwind@00883d60
00883D6B	Unwind@00883d6b
00883D76	Unwind@00883d76
00883D81	Unwind@00883d81
00883D8C	Unwind@00883d8c
00883D97	Unwind@00883d97
00883DA2	Unwind@00883da2
00883DAD	Unwind@00883dad
00883DB8	Unwind@00883db8
00883DC3	Unwind@00883dc3
00883DCE	Unwind@00883dce
00883DD9	Unwind@00883dd9
00883DE4	Unwind@00883de4
00883DEF	Unwind@00883def
00883DFA	Unwind@00883dfa
00883E05	Unwind@00883e05
00883E10	Unwind@00883e10
00883E1B	Unwind@00883e1b
00883E26	Unwind@00883e26
00883E31	Unwind@00883e31
00883E3C	Unwind@00883e3c
00883E47	Unwind@00883e47
00883E52	Unwind@00883e52
00883E5D	Unwind@00883e5d
00883E68	Unwind@00883e68
00883E73	Unwind@00883e73
00883E7E	Unwind@00883e7e
00883E89	Unwind@00883e89
00883E94	Unwind@00883e94
00883E9F	Unwind@00883e9f
00883EAA	Unwind@00883eaa
00883EB5	Unwind@00883eb5
00883EC0	Unwind@00883ec0
00883ECB	Unwind@00883ecb
00883ED6	Unwind@00883ed6
00883EE1	Unwind@00883ee1
00883EEC	Unwind@00883eec
00883EF7	Unwind@00883ef7
00883F02	Unwind@00883f02
00883F0D	Unwind@00883f0d
00883F18	Unwind@00883f18
00883F23	Unwind@00883f23
00883F2E	Unwind@00883f2e
00883F39	Unwind@00883f39
00883F44	Unwind@00883f44
00883F4F	Unwind@00883f4f
00883F5A	Unwind@00883f5a
00883F65	Unwind@00883f65
00883F70	Unwind@00883f70
00883F7B	Unwind@00883f7b
00883F86	Unwind@00883f86
00883F91	Unwind@00883f91
00883F9C	Unwind@00883f9c
00883FA7	Unwind@00883fa7
00883FB2	Unwind@00883fb2
00883FBD	Unwind@00883fbd
00883FC8	Unwind@00883fc8
00883FD3	Unwind@00883fd3
00883FDE	Unwind@00883fde
00883FE9	Unwind@00883fe9
00883FF4	Unwind@00883ff4
00883FFF	Unwind@00883fff
0088400A	Unwind@0088400a
00884015	Unwind@00884015
00884020	Unwind@00884020
0088402B	Unwind@0088402b
00884036	Unwind@00884036
00884041	Unwind@00884041
0088404C	Unwind@0088404c
00884057	Unwind@00884057
00884062	Unwind@00884062
0088406D	Unwind@0088406d
00884078	Unwind@00884078
00884083	Unwind@00884083
0088408E	Unwind@0088408e
00884099	Unwind@00884099
008840A4	Unwind@008840a4
008840AF	Unwind@008840af
008840BA	Unwind@008840ba
008840C5	Unwind@008840c5
008840D0	Unwind@008840d0
008840DB	Unwind@008840db
008840E6	Unwind@008840e6
008840F1	Unwind@008840f1
008840FC	Unwind@008840fc
00884107	Unwind@00884107
00884112	Unwind@00884112
0088411D	Unwind@0088411d
00884128	Unwind@00884128
00884133	Unwind@00884133
0088413E	Unwind@0088413e
00884149	Unwind@00884149
00884154	Unwind@00884154
0088415F	Unwind@0088415f
0088416A	Unwind@0088416a
00884175	Unwind@00884175
00884180	Unwind@00884180
0088418B	Unwind@0088418b
00884196	Unwind@00884196
008841A1	Unwind@008841a1
008841AC	Unwind@008841ac
008841B7	Unwind@008841b7
008841C2	Unwind@008841c2
008841CD	Unwind@008841cd
008841D8	Unwind@008841d8
008841E3	Unwind@008841e3
008841EE	Unwind@008841ee
008841F9	Unwind@008841f9
00884204	Unwind@00884204
0088420F	Unwind@0088420f
0088421A	Unwind@0088421a
00884225	Unwind@00884225
00884230	Unwind@00884230
0088423B	Unwind@0088423b
00884246	Unwind@00884246
00884251	Unwind@00884251
0088425C	Unwind@0088425c
00884267	Unwind@00884267
00884272	Unwind@00884272
0088427D	Unwind@0088427d
00884288	Unwind@00884288
00884293	Unwind@00884293
0088429E	Unwind@0088429e
008842A9	Unwind@008842a9
008842B4	Unwind@008842b4
008842BF	Unwind@008842bf
008842CA	Unwind@008842ca
008842D5	Unwind@008842d5
008842E0	Unwind@008842e0
008842EB	Unwind@008842eb
008842F6	Unwind@008842f6
00884301	Unwind@00884301
0088430C	Unwind@0088430c
00884317	Unwind@00884317
00884322	Unwind@00884322
0088432D	Unwind@0088432d
00884338	Unwind@00884338
00884343	Unwind@00884343
0088434E	Unwind@0088434e
00884359	Unwind@00884359
00884364	Unwind@00884364
0088436F	Unwind@0088436f
0088437A	Unwind@0088437a
00884385	Unwind@00884385
00884390	Unwind@00884390
0088439B	Unwind@0088439b
008843A6	Unwind@008843a6
008843B1	Unwind@008843b1
008843BC	Unwind@008843bc
008843C7	Unwind@008843c7
008843D2	Unwind@008843d2
008843DD	Unwind@008843dd
008843E8	Unwind@008843e8
008843F3	Unwind@008843f3
008843FE	Unwind@008843fe
00884409	Unwind@00884409
00884414	Unwind@00884414
0088441F	Unwind@0088441f
0088442A	Unwind@0088442a
00884435	Unwind@00884435
00884440	Unwind@00884440
0088444B	Unwind@0088444b
00884456	Unwind@00884456
00884461	Unwind@00884461
0088446C	Unwind@0088446c
00884477	Unwind@00884477
00884482	Unwind@00884482
0088448D	Unwind@0088448d
00884498	Unwind@00884498
008844A3	Unwind@008844a3
008844AE	Unwind@008844ae
008844B9	Unwind@008844b9
008844C4	Unwind@008844c4
008844CF	Unwind@008844cf
008844DA	Unwind@008844da
008844E5	Unwind@008844e5
008844F0	Unwind@008844f0
008844FB	Unwind@008844fb
00884506	Unwind@00884506
00884511	Unwind@00884511
0088451C	Unwind@0088451c
00884527	Unwind@00884527
00884532	Unwind@00884532
0088453D	Unwind@0088453d
00884548	Unwind@00884548
00884553	Unwind@00884553
0088455E	Unwind@0088455e
00884569	Unwind@00884569
00884574	Unwind@00884574
0088457F	Unwind@0088457f
0088458A	Unwind@0088458a
00884595	Unwind@00884595
008845A0	Unwind@008845a0
008845AB	Unwind@008845ab
008845B6	Unwind@008845b6
008845C1	Unwind@008845c1
008845CC	Unwind@008845cc
008845D7	Unwind@008845d7
008845E2	Unwind@008845e2
008845ED	Unwind@008845ed
008845F8	Unwind@008845f8
00884603	Unwind@00884603
0088460E	Unwind@0088460e
00884623	Unwind@00884623
00884640	Unwind@00884640
00884660	Unwind@00884660
00884668	Unwind@00884668
00884670	Unwind@00884670
00884678	Unwind@00884678
00884683	Unwind@00884683
0088468B	Unwind@0088468b
00884696	Unwind@00884696
0088469E	Unwind@0088469e
008846B0	Unwind@008846b0
008846B8	Unwind@008846b8
008846C3	Unwind@008846c3
008846D8	Unwind@008846d8
008846E0	Unwind@008846e0
008846E8	Unwind@008846e8
008846F0	Unwind@008846f0
008846F8	Unwind@008846f8
00884700	Unwind@00884700
00884708	Unwind@00884708
00884710	Unwind@00884710
00884718	Unwind@00884718
00884720	Unwind@00884720
00884732	Unwind@00884732
0088473A	Unwind@0088473a
00884742	Unwind@00884742
0088474A	Unwind@0088474a
00884752	Unwind@00884752
0088475A	Unwind@0088475a
00884762	Unwind@00884762
00884774	Unwind@00884774
0088477C	Unwind@0088477c
00884784	Unwind@00884784
0088478C	Unwind@0088478c
00884794	Unwind@00884794
0088479C	Unwind@0088479c
008847A4	Unwind@008847a4
008847AC	Unwind@008847ac
008847B4	Unwind@008847b4
008847BC	Unwind@008847bc
008847C4	Unwind@008847c4
008847D6	Unwind@008847d6
008847DE	Unwind@008847de
008847E6	Unwind@008847e6
008847EE	Unwind@008847ee
008847F6	Unwind@008847f6
008847FE	Unwind@008847fe
00884806	Unwind@00884806
0088480E	Unwind@0088480e
00884816	Unwind@00884816
0088481E	Unwind@0088481e
00884826	Unwind@00884826
00884838	Unwind@00884838
00884840	Unwind@00884840
00884848	Unwind@00884848
0088485A	Unwind@0088485a
0088486C	Unwind@0088486c
00884874	Unwind@00884874
0088487C	Unwind@0088487c
00884887	Unwind@00884887
0088488F	Unwind@0088488f
00884897	Unwind@00884897
0088489F	Unwind@0088489f
008848B1	Unwind@008848b1
008848B9	Unwind@008848b9
008848C4	Unwind@008848c4
008848CC	Unwind@008848cc
008848DE	Unwind@008848de
008848E6	Unwind@008848e6
008848F1	Unwind@008848f1
008848F9	Unwind@008848f9
0088490B	Unwind@0088490b
00884913	Unwind@00884913
0088491B	Unwind@0088491b
00884923	Unwind@00884923
00884935	Unwind@00884935
00884940	Unwind@00884940
0088494B	Unwind@0088494b
00884956	Unwind@00884956
00884961	Unwind@00884961
0088496C	Unwind@0088496c
00884977	Unwind@00884977
00884982	Unwind@00884982
0088498D	Unwind@0088498d
00884998	Unwind@00884998
008849A3	Unwind@008849a3
008849AB	Unwind@008849ab
008849B3	Unwind@008849b3
008849BE	Unwind@008849be
008849C9	Unwind@008849c9
008849D4	Unwind@008849d4
008849DF	Unwind@008849df
008849EA	Unwind@008849ea
008849F5	Unwind@008849f5
00884A00	Unwind@00884a00
00884A0B	Unwind@00884a0b
00884A16	Unwind@00884a16
00884A21	Unwind@00884a21
00884A2C	Unwind@00884a2c
00884A37	Unwind@00884a37
00884A42	Unwind@00884a42
00884A4D	Unwind@00884a4d
00884A55	Unwind@00884a55
00884A5D	Unwind@00884a5d
00884A68	Unwind@00884a68
00884A73	Unwind@00884a73
00884A7E	Unwind@00884a7e
00884A89	Unwind@00884a89
00884A94	Unwind@00884a94
00884A9F	Unwind@00884a9f
00884AAA	Unwind@00884aaa
00884AB5	Unwind@00884ab5
00884AC0	Unwind@00884ac0
00884ACB	Unwind@00884acb
00884AD6	Unwind@00884ad6
00884AE1	Unwind@00884ae1
00884AEC	Unwind@00884aec
00884AF7	Unwind@00884af7
00884AFF	Unwind@00884aff
00884B07	Unwind@00884b07
00884B12	Unwind@00884b12
00884B1D	Unwind@00884b1d
00884B28	Unwind@00884b28
00884B33	Unwind@00884b33
00884B3E	Unwind@00884b3e
00884B49	Unwind@00884b49
00884B54	Unwind@00884b54
00884B5F	Unwind@00884b5f
00884B6A	Unwind@00884b6a
00884B75	Unwind@00884b75
00884B80	Unwind@00884b80
00884B8B	Unwind@00884b8b
00884B96	Unwind@00884b96
00884BA1	Unwind@00884ba1
00884BA9	Unwind@00884ba9
00884BB1	Unwind@00884bb1
00884BBC	Unwind@00884bbc
00884BC7	Unwind@00884bc7
00884BD2	Unwind@00884bd2
00884BDD	Unwind@00884bdd
00884BE8	Unwind@00884be8
00884BF3	Unwind@00884bf3
00884BFE	Unwind@00884bfe
00884C09	Unwind@00884c09
00884C14	Unwind@00884c14
00884C1F	Unwind@00884c1f
00884C2A	Unwind@00884c2a
00884C35	Unwind@00884c35
00884C40	Unwind@00884c40
00884C4B	Unwind@00884c4b
00884C56	Unwind@00884c56
00884C61	Unwind@00884c61
00884C6C	Unwind@00884c6c
00884C77	Unwind@00884c77
00884C82	Unwind@00884c82
00884C8D	Unwind@00884c8d
00884C98	Unwind@00884c98
00884CA3	Unwind@00884ca3
00884CAE	Unwind@00884cae
00884CB9	Unwind@00884cb9
00884CC4	Unwind@00884cc4
00884CCF	Unwind@00884ccf
00884CDA	Unwind@00884cda
00884CE5	Unwind@00884ce5
00884CF0	Unwind@00884cf0
00884CFB	Unwind@00884cfb
00884D06	Unwind@00884d06
00884D11	Unwind@00884d11
00884D1C	Unwind@00884d1c
00884D27	Unwind@00884d27
00884D32	Unwind@00884d32
00884D3D	Unwind@00884d3d
00884D48	Unwind@00884d48
00884D53	Unwind@00884d53
00884D5E	Unwind@00884d5e
00884D66	Unwind@00884d66
00884D6E	Unwind@00884d6e
00884D76	Unwind@00884d76
00884D7E	Unwind@00884d7e
00884D90	Unwind@00884d90
00884D9B	Unwind@00884d9b
00884DA6	Unwind@00884da6
00884DB1	Unwind@00884db1
00884DC6	Unwind@00884dc6
00884DD1	Unwind@00884dd1
00884DDC	Unwind@00884ddc
00884DE7	Unwind@00884de7
00884DF2	Unwind@00884df2
00884DFD	Unwind@00884dfd
00884E08	Unwind@00884e08
00884E13	Unwind@00884e13
00884E1E	Unwind@00884e1e
00884E40	Unwind@00884e40
00884E60	Unwind@00884e60
00884E68	Unwind@00884e68
00884E73	Unwind@00884e73
00884E81	Unwind@00884e81
00884E89	Unwind@00884e89
00884E97	Unwind@00884e97
00884E9F	Unwind@00884e9f
00884EAD	Unwind@00884ead
00884EB5	Unwind@00884eb5
00884EC3	Unwind@00884ec3
00884ECB	Unwind@00884ecb
00884ED3	Unwind@00884ed3
00884EDB	Unwind@00884edb
00884EE3	Unwind@00884ee3
00884EEB	Unwind@00884eeb
00884EF3	Unwind@00884ef3
00884F05	Unwind@00884f05
00884F0D	Unwind@00884f0d
00884F1B	Unwind@00884f1b
00884F29	Unwind@00884f29
00884F37	Unwind@00884f37
00884F45	Unwind@00884f45
00884F4D	Unwind@00884f4d
00884F55	Unwind@00884f55
00884F5D	Unwind@00884f5d
00884F68	Unwind@00884f68
00884F7D	Unwind@00884f7d
00884F8B	Unwind@00884f8b
00884F96	Unwind@00884f96
00884FA1	Unwind@00884fa1
00884FAC	Unwind@00884fac
00884FB7	Unwind@00884fb7
00884FC2	Unwind@00884fc2
00884FD7	Unwind@00884fd7
00884FE2	Unwind@00884fe2
00884FED	Unwind@00884fed
00884FF8	Unwind@00884ff8
00885003	Unwind@00885003
0088500E	Unwind@0088500e
00885019	Unwind@00885019
00885024	Unwind@00885024
0088502F	Unwind@0088502f
00885046	Unwind@00885046
00885054	Unwind@00885054
0088505F	Unwind@0088505f
00885077	Unwind@00885077
00885082	Unwind@00885082
0088508D	Unwind@0088508d
00885098	Unwind@00885098
008850A3	Unwind@008850a3
008850AE	Unwind@008850ae
008850C3	Unwind@008850c3
008850CB	Unwind@008850cb
008850D3	Unwind@008850d3
008850DB	Unwind@008850db
008850ED	Unwind@008850ed
008850F5	Unwind@008850f5
008850FD	Unwind@008850fd
0088510F	Unwind@0088510f
00885117	Unwind@00885117
0088511F	Unwind@0088511f
00885131	Unwind@00885131
00885139	Unwind@00885139
00885141	Unwind@00885141
00885149	Unwind@00885149
00885151	Unwind@00885151
00885159	Unwind@00885159
0088516B	Unwind@0088516b
00885173	Unwind@00885173
0088517B	Unwind@0088517b
00885183	Unwind@00885183
00885195	Unwind@00885195
0088519D	Unwind@0088519d
008851A5	Unwind@008851a5
008851AD	Unwind@008851ad
008851B5	Unwind@008851b5
008851BD	Unwind@008851bd
008851C5	Unwind@008851c5
008851CD	Unwind@008851cd
008851D5	Unwind@008851d5
008851DD	Unwind@008851dd
008851E5	Unwind@008851e5
008851ED	Unwind@008851ed
008851F5	Unwind@008851f5
008851FD	Unwind@008851fd
00885205	Unwind@00885205
0088520D	Unwind@0088520d
00885215	Unwind@00885215
00885227	Unwind@00885227
0088522F	Unwind@0088522f
00885237	Unwind@00885237
0088523F	Unwind@0088523f
00885247	Unwind@00885247
0088524F	Unwind@0088524f
00885257	Unwind@00885257
0088525F	Unwind@0088525f
00885267	Unwind@00885267
0088526F	Unwind@0088526f
00885277	Unwind@00885277
0088527F	Unwind@0088527f
00885287	Unwind@00885287
0088528F	Unwind@0088528f
00885297	Unwind@00885297
0088529F	Unwind@0088529f
008852A7	Unwind@008852a7
008852B9	Unwind@008852b9
008852C1	Unwind@008852c1
008852C9	Unwind@008852c9
008852D1	Unwind@008852d1
008852D9	Unwind@008852d9
008852E1	Unwind@008852e1
008852E9	Unwind@008852e9
008852F1	Unwind@008852f1
008852F9	Unwind@008852f9
0088530B	Unwind@0088530b
00885313	Unwind@00885313
0088531B	Unwind@0088531b
0088532D	Unwind@0088532d
00885335	Unwind@00885335
00885347	Unwind@00885347
0088534F	Unwind@0088534f
00885357	Unwind@00885357
00885369	Unwind@00885369
00885374	Unwind@00885374
0088537F	Unwind@0088537f
0088538A	Unwind@0088538a
008853A0	Unwind@008853a0
008853A8	Unwind@008853a8
008853B3	Unwind@008853b3
008853D0	Unwind@008853d0
008853F0	Unwind@008853f0
00885401	Unwind@00885401
00885420	Unwind@00885420
00885440	Unwind@00885440
00885460	Unwind@00885460
00885471	Unwind@00885471
00885479	Unwind@00885479
00885481	Unwind@00885481
008854A0	Unwind@008854a0
008854B1	Unwind@008854b1
008854B9	Unwind@008854b9
008854C1	Unwind@008854c1
008854E0	Unwind@008854e0
00885500	Unwind@00885500
0088550E	Unwind@0088550e
0088551C	Unwind@0088551c
0088552A	Unwind@0088552a
00885532	Unwind@00885532
0088553A	Unwind@0088553a
00885545	Unwind@00885545
0088554D	Unwind@0088554d
00885555	Unwind@00885555
0088555D	Unwind@0088555d
00885568	Unwind@00885568
00885573	Unwind@00885573
0088557E	Unwind@0088557e
00885586	Unwind@00885586
0088558E	Unwind@0088558e
00885599	Unwind@00885599
008855A1	Unwind@008855a1
008855A9	Unwind@008855a9
008855B1	Unwind@008855b1
008855BC	Unwind@008855bc
008855C7	Unwind@008855c7
008855D2	Unwind@008855d2
008855DA	Unwind@008855da
008855EC	Unwind@008855ec
008855FA	Unwind@008855fa
00885608	Unwind@00885608
00885616	Unwind@00885616
0088562E	Unwind@0088562e
00885646	Unwind@00885646
00885654	Unwind@00885654
00885662	Unwind@00885662
00885670	Unwind@00885670
0088567E	Unwind@0088567e
0088568C	Unwind@0088568c
0088569A	Unwind@0088569a
008856A8	Unwind@008856a8
008856B6	Unwind@008856b6
008856BE	Unwind@008856be
008856CC	Unwind@008856cc
008856D4	Unwind@008856d4
008856E2	Unwind@008856e2
008856EA	Unwind@008856ea
008856F8	Unwind@008856f8
00885700	Unwind@00885700
0088570E	Unwind@0088570e
0088571C	Unwind@0088571c
00885724	Unwind@00885724
00885732	Unwind@00885732
0088573A	Unwind@0088573a
00885748	Unwind@00885748
00885750	Unwind@00885750
0088575E	Unwind@0088575e
00885766	Unwind@00885766
00885774	Unwind@00885774
0088577C	Unwind@0088577c
00885794	Unwind@00885794
008857A2	Unwind@008857a2
008857B0	Unwind@008857b0
008857BE	Unwind@008857be
008857D6	Unwind@008857d6
008857EE	Unwind@008857ee
008857FC	Unwind@008857fc
0088580A	Unwind@0088580a
00885818	Unwind@00885818
00885826	Unwind@00885826
00885834	Unwind@00885834
00885842	Unwind@00885842
00885850	Unwind@00885850
0088585E	Unwind@0088585e
0088586C	Unwind@0088586c
0088587A	Unwind@0088587a
00885888	Unwind@00885888
00885896	Unwind@00885896
008858A4	Unwind@008858a4
008858B2	Unwind@008858b2
008858C0	Unwind@008858c0
008858CE	Unwind@008858ce
008858DC	Unwind@008858dc
008858EA	Unwind@008858ea
008858F2	Unwind@008858f2
008858FA	Unwind@008858fa
00885902	Unwind@00885902
0088590A	Unwind@0088590a
00885912	Unwind@00885912
0088591A	Unwind@0088591a
00885922	Unwind@00885922
00885934	Unwind@00885934
00885949	Unwind@00885949
0088595E	Unwind@0088595e
00885969	Unwind@00885969
00885974	Unwind@00885974
0088597F	Unwind@0088597f
00885996	Unwind@00885996
008859A4	Unwind@008859a4
008859AF	Unwind@008859af
008859BA	Unwind@008859ba
008859C5	Unwind@008859c5
008859D0	Unwind@008859d0
008859DB	Unwind@008859db
008859E6	Unwind@008859e6
008859F1	Unwind@008859f1
008859FC	Unwind@008859fc
00885A07	Unwind@00885a07
00885A12	Unwind@00885a12
00885A1D	Unwind@00885a1d
00885A28	Unwind@00885a28
00885A33	Unwind@00885a33
00885A3E	Unwind@00885a3e
00885A49	Unwind@00885a49
00885A54	Unwind@00885a54
00885A5F	Unwind@00885a5f
00885A6D	Unwind@00885a6d
00885A78	Unwind@00885a78
00885A86	Unwind@00885a86
00885A91	Unwind@00885a91
00885A9C	Unwind@00885a9c
00885AA7	Unwind@00885aa7
00885AB2	Unwind@00885ab2
00885ABD	Unwind@00885abd
00885ACB	Unwind@00885acb
00885AD6	Unwind@00885ad6
00885AE1	Unwind@00885ae1
00885AEC	Unwind@00885aec
00885AF7	Unwind@00885af7
00885B02	Unwind@00885b02
00885B1A	Unwind@00885b1a
00885B22	Unwind@00885b22
00885B2A	Unwind@00885b2a
00885B32	Unwind@00885b32
00885B3A	Unwind@00885b3a
00885B42	Unwind@00885b42
00885B4A	Unwind@00885b4a
00885B52	Unwind@00885b52
00885B64	Unwind@00885b64
00885B6C	Unwind@00885b6c
00885B7D	Unwind@00885b7d
00885B85	Unwind@00885b85
00885B8D	Unwind@00885b8d
00885B95	Unwind@00885b95
00885B9D	Unwind@00885b9d
00885BA5	Unwind@00885ba5
00885BB7	Unwind@00885bb7
00885BBF	Unwind@00885bbf
00885BC7	Unwind@00885bc7
00885BCF	Unwind@00885bcf
00885BD7	Unwind@00885bd7
00885BDF	Unwind@00885bdf
00885BE7	Unwind@00885be7
00885BF9	Unwind@00885bf9
00885C01	Unwind@00885c01
00885C09	Unwind@00885c09
00885C11	Unwind@00885c11
00885C19	Unwind@00885c19
00885C21	Unwind@00885c21
00885C29	Unwind@00885c29
00885C31	Unwind@00885c31
00885C43	Unwind@00885c43
00885C4B	Unwind@00885c4b
00885C53	Unwind@00885c53
00885C5B	Unwind@00885c5b
00885C63	Unwind@00885c63
00885C6B	Unwind@00885c6b
00885C73	Unwind@00885c73
00885C85	Unwind@00885c85
00885C8D	Unwind@00885c8d
00885C95	Unwind@00885c95
00885C9D	Unwind@00885c9d
00885CA5	Unwind@00885ca5
00885CAD	Unwind@00885cad
00885CBF	Unwind@00885cbf
00885CC7	Unwind@00885cc7
00885CCF	Unwind@00885ccf
00885CD7	Unwind@00885cd7
00885CDF	Unwind@00885cdf
00885CF1	Unwind@00885cf1
00885CFC	Unwind@00885cfc
00885D07	Unwind@00885d07
00885D12	Unwind@00885d12
00885D1D	Unwind@00885d1d
00885D28	Unwind@00885d28
00885D33	Unwind@00885d33
00885D3E	Unwind@00885d3e
00885D49	Unwind@00885d49
00885D54	Unwind@00885d54
00885D5F	Unwind@00885d5f
00885D6A	Unwind@00885d6a
00885D75	Unwind@00885d75
00885D80	Unwind@00885d80
00885D8B	Unwind@00885d8b
00885D96	Unwind@00885d96
00885DA1	Unwind@00885da1
00885DAC	Unwind@00885dac
00885DB7	Unwind@00885db7
00885DC2	Unwind@00885dc2
00885DCD	Unwind@00885dcd
00885DD8	Unwind@00885dd8
00885DE3	Unwind@00885de3
00885DEE	Unwind@00885dee
00885DF9	Unwind@00885df9
00885E04	Unwind@00885e04
00885E0F	Unwind@00885e0f
00885E1A	Unwind@00885e1a
00885E25	Unwind@00885e25
00885E30	Unwind@00885e30
00885E3B	Unwind@00885e3b
00885E46	Unwind@00885e46
00885E51	Unwind@00885e51
00885E5C	Unwind@00885e5c
00885E67	Unwind@00885e67
00885E72	Unwind@00885e72
00885E7D	Unwind@00885e7d
00885E88	Unwind@00885e88
00885E93	Unwind@00885e93
00885E9E	Unwind@00885e9e
00885EA9	Unwind@00885ea9
00885EB4	Unwind@00885eb4
00885EBF	Unwind@00885ebf
00885ECA	Unwind@00885eca
00885ED5	Unwind@00885ed5
00885EE0	Unwind@00885ee0
00885EEB	Unwind@00885eeb
00885EF6	Unwind@00885ef6
00885F01	Unwind@00885f01
00885F0C	Unwind@00885f0c
00885F17	Unwind@00885f17
00885F22	Unwind@00885f22
00885F2D	Unwind@00885f2d
00885F3B	Unwind@00885f3b
00885F46	Unwind@00885f46
00885F51	Unwind@00885f51
00885F5C	Unwind@00885f5c
00885F67	Unwind@00885f67
00885F72	Unwind@00885f72
00885F7D	Unwind@00885f7d
00885F88	Unwind@00885f88
00885F93	Unwind@00885f93
00885F9E	Unwind@00885f9e
00885FA9	Unwind@00885fa9
00885FB4	Unwind@00885fb4
00885FBF	Unwind@00885fbf
00885FCA	Unwind@00885fca
00885FD5	Unwind@00885fd5
00885FE0	Unwind@00885fe0
00885FEB	Unwind@00885feb
00885FF6	Unwind@00885ff6
00886001	Unwind@00886001
0088600C	Unwind@0088600c
00886017	Unwind@00886017
00886022	Unwind@00886022
0088602D	Unwind@0088602d
00886038	Unwind@00886038
00886046	Unwind@00886046
00886051	Unwind@00886051
0088605C	Unwind@0088605c
00886067	Unwind@00886067
00886072	Unwind@00886072
0088607D	Unwind@0088607d
00886088	Unwind@00886088
00886093	Unwind@00886093
0088609E	Unwind@0088609e
008860A9	Unwind@008860a9
008860B4	Unwind@008860b4
008860BF	Unwind@008860bf
008860CA	Unwind@008860ca
008860D5	Unwind@008860d5
008860E0	Unwind@008860e0
008860EB	Unwind@008860eb
008860F6	Unwind@008860f6
00886101	Unwind@00886101
0088610C	Unwind@0088610c
00886117	Unwind@00886117
00886122	Unwind@00886122
0088612D	Unwind@0088612d
00886138	Unwind@00886138
00886143	Unwind@00886143
0088614E	Unwind@0088614e
00886159	Unwind@00886159
00886164	Unwind@00886164
0088616F	Unwind@0088616f
0088617A	Unwind@0088617a
00886185	Unwind@00886185
00886190	Unwind@00886190
0088619B	Unwind@0088619b
008861A6	Unwind@008861a6
008861B1	Unwind@008861b1
008861BC	Unwind@008861bc
008861C7	Unwind@008861c7
008861D2	Unwind@008861d2
008861DD	Unwind@008861dd
008861E8	Unwind@008861e8
008861F3	Unwind@008861f3
008861FE	Unwind@008861fe
00886209	Unwind@00886209
00886214	Unwind@00886214
0088621F	Unwind@0088621f
0088622A	Unwind@0088622a
00886235	Unwind@00886235
00886240	Unwind@00886240
0088624B	Unwind@0088624b
00886256	Unwind@00886256
00886261	Unwind@00886261
0088626C	Unwind@0088626c
00886277	Unwind@00886277
00886282	Unwind@00886282
0088628D	Unwind@0088628d
00886298	Unwind@00886298
008862A3	Unwind@008862a3
008862AE	Unwind@008862ae
008862B9	Unwind@008862b9
008862C4	Unwind@008862c4
008862CF	Unwind@008862cf
008862DA	Unwind@008862da
008862E5	Unwind@008862e5
008862F0	Unwind@008862f0
008862FB	Unwind@008862fb
00886306	Unwind@00886306
00886311	Unwind@00886311
0088631C	Unwind@0088631c
00886327	Unwind@00886327
00886332	Unwind@00886332
0088633D	Unwind@0088633d
00886348	Unwind@00886348
00886353	Unwind@00886353
0088635E	Unwind@0088635e
00886369	Unwind@00886369
00886374	Unwind@00886374
0088637F	Unwind@0088637f
0088638A	Unwind@0088638a
00886395	Unwind@00886395
008863A0	Unwind@008863a0
008863AB	Unwind@008863ab
008863B6	Unwind@008863b6
008863C1	Unwind@008863c1
008863CC	Unwind@008863cc
008863D7	Unwind@008863d7
008863E2	Unwind@008863e2
008863ED	Unwind@008863ed
008863F8	Unwind@008863f8
0088640D	Unwind@0088640d
00886418	Unwind@00886418
00886423	Unwind@00886423
0088642E	Unwind@0088642e
00886439	Unwind@00886439
00886444	Unwind@00886444
0088644F	Unwind@0088644f
0088645A	Unwind@0088645a
00886465	Unwind@00886465
00886470	Unwind@00886470
0088647B	Unwind@0088647b
00886486	Unwind@00886486
00886491	Unwind@00886491
0088649C	Unwind@0088649c
008864A7	Unwind@008864a7
008864B2	Unwind@008864b2
008864BD	Unwind@008864bd
008864C8	Unwind@008864c8
008864D3	Unwind@008864d3
008864DE	Unwind@008864de
008864E9	Unwind@008864e9
008864F4	Unwind@008864f4
008864FF	Unwind@008864ff
0088650A	Unwind@0088650a
00886515	Unwind@00886515
00886520	Unwind@00886520
0088652B	Unwind@0088652b
00886540	Unwind@00886540
00886552	Unwind@00886552
0088655D	Unwind@0088655d
00886568	Unwind@00886568
00886573	Unwind@00886573
0088657E	Unwind@0088657e
00886589	Unwind@00886589
0088659E	Unwind@0088659e
008865A9	Unwind@008865a9
008865B7	Unwind@008865b7
008865CC	Unwind@008865cc
008865D7	Unwind@008865d7
008865E2	Unwind@008865e2
008865ED	Unwind@008865ed
008865F8	Unwind@008865f8
00886603	Unwind@00886603
0088660E	Unwind@0088660e
00886619	Unwind@00886619
00886624	Unwind@00886624
00886639	Unwind@00886639
00886644	Unwind@00886644
0088664F	Unwind@0088664f
0088665A	Unwind@0088665a
00886665	Unwind@00886665
00886670	Unwind@00886670
0088667B	Unwind@0088667b
00886686	Unwind@00886686
00886691	Unwind@00886691
0088669C	Unwind@0088669c
008866A7	Unwind@008866a7
008866B2	Unwind@008866b2
008866BD	Unwind@008866bd
008866C8	Unwind@008866c8
008866D3	Unwind@008866d3
008866E8	Unwind@008866e8
008866F3	Unwind@008866f3
008866FE	Unwind@008866fe
00886709	Unwind@00886709
00886714	Unwind@00886714
0088671F	Unwind@0088671f
0088672D	Unwind@0088672d
00886738	Unwind@00886738
00886750	Unwind@00886750
00886758	Unwind@00886758
00886760	Unwind@00886760
00886768	Unwind@00886768
00886770	Unwind@00886770
00886778	Unwind@00886778
00886780	Unwind@00886780
00886792	Unwind@00886792
0088679A	Unwind@0088679a
008867A2	Unwind@008867a2
008867AA	Unwind@008867aa
008867B2	Unwind@008867b2
008867BA	Unwind@008867ba
008867C2	Unwind@008867c2
008867CA	Unwind@008867ca
008867D2	Unwind@008867d2
008867DA	Unwind@008867da
008867E2	Unwind@008867e2
008867EA	Unwind@008867ea
008867F2	Unwind@008867f2
008867FD	Unwind@008867fd
00886805	Unwind@00886805
0088681A	Unwind@0088681a
00886822	Unwind@00886822
0088682A	Unwind@0088682a
00886832	Unwind@00886832
0088683A	Unwind@0088683a
00886842	Unwind@00886842
0088684A	Unwind@0088684a
00886852	Unwind@00886852
0088685A	Unwind@0088685a
00886862	Unwind@00886862
0088686D	Unwind@0088686d
00886875	Unwind@00886875
00886880	Unwind@00886880
00886888	Unwind@00886888
00886893	Unwind@00886893
0088689B	Unwind@0088689b
008868B0	Unwind@008868b0
008868C5	Unwind@008868c5
008868D0	Unwind@008868d0
008868E5	Unwind@008868e5
008868F0	Unwind@008868f0
00886905	Unwind@00886905
00886910	Unwind@00886910
0088691B	Unwind@0088691b
00886926	Unwind@00886926
00886931	Unwind@00886931
0088693C	Unwind@0088693c
00886947	Unwind@00886947
00886952	Unwind@00886952
0088695D	Unwind@0088695d
00886968	Unwind@00886968
00886973	Unwind@00886973
0088697E	Unwind@0088697e
00886989	Unwind@00886989
00886994	Unwind@00886994
008869AA	Unwind@008869aa
008869B5	Unwind@008869b5
008869C0	Unwind@008869c0
008869CB	Unwind@008869cb
008869D6	Unwind@008869d6
008869E1	Unwind@008869e1
008869EC	Unwind@008869ec
008869F7	Unwind@008869f7
00886A02	Unwind@00886a02
00886A19	Unwind@00886a19
00886A24	Unwind@00886a24
00886A3B	Unwind@00886a3b
00886A46	Unwind@00886a46
00886A51	Unwind@00886a51
00886A5C	Unwind@00886a5c
00886A67	Unwind@00886a67
00886A72	Unwind@00886a72
00886A7D	Unwind@00886a7d
00886A8B	Unwind@00886a8b
00886A96	Unwind@00886a96
00886AA1	Unwind@00886aa1
00886AAC	Unwind@00886aac
00886AB7	Unwind@00886ab7
00886AC2	Unwind@00886ac2
00886ACD	Unwind@00886acd
00886AD8	Unwind@00886ad8
00886AE3	Unwind@00886ae3
00886AEE	Unwind@00886aee
00886B03	Unwind@00886b03
00886B0B	Unwind@00886b0b
00886B16	Unwind@00886b16
00886B21	Unwind@00886b21
00886B29	Unwind@00886b29
00886B34	Unwind@00886b34
00886B3F	Unwind@00886b3f
00886B4A	Unwind@00886b4a
00886B58	Unwind@00886b58
00886B60	Unwind@00886b60
00886B6E	Unwind@00886b6e
00886B79	Unwind@00886b79
00886B84	Unwind@00886b84
00886B8F	Unwind@00886b8f
00886BA7	Unwind@00886ba7
00886BB2	Unwind@00886bb2
00886BBD	Unwind@00886bbd
00886BC8	Unwind@00886bc8
00886BD3	Unwind@00886bd3
00886BDE	Unwind@00886bde
00886BE9	Unwind@00886be9
00886BF4	Unwind@00886bf4
00886BFF	Unwind@00886bff
00886C0A	Unwind@00886c0a
00886C15	Unwind@00886c15
00886C20	Unwind@00886c20
00886C2B	Unwind@00886c2b
00886C36	Unwind@00886c36
00886C41	Unwind@00886c41
00886C4C	Unwind@00886c4c
00886C57	Unwind@00886c57
00886C62	Unwind@00886c62
00886C6D	Unwind@00886c6d
00886C78	Unwind@00886c78
00886C83	Unwind@00886c83
00886C8E	Unwind@00886c8e
00886C99	Unwind@00886c99
00886CA4	Unwind@00886ca4
00886CAF	Unwind@00886caf
00886CBA	Unwind@00886cba
00886CC5	Unwind@00886cc5
00886CD0	Unwind@00886cd0
00886CDB	Unwind@00886cdb
00886CE6	Unwind@00886ce6
00886CF1	Unwind@00886cf1
00886CFC	Unwind@00886cfc
00886D07	Unwind@00886d07
00886D12	Unwind@00886d12
00886D1D	Unwind@00886d1d
00886D28	Unwind@00886d28
00886D33	Unwind@00886d33
00886D3E	Unwind@00886d3e
00886D49	Unwind@00886d49
00886D54	Unwind@00886d54
00886D5F	Unwind@00886d5f
00886D6A	Unwind@00886d6a
00886D75	Unwind@00886d75
00886D80	Unwind@00886d80
00886D8B	Unwind@00886d8b
00886D96	Unwind@00886d96
00886DA1	Unwind@00886da1
00886DAC	Unwind@00886dac
00886DB7	Unwind@00886db7
00886DC2	Unwind@00886dc2
00886DCD	Unwind@00886dcd
00886DD8	Unwind@00886dd8
00886DE3	Unwind@00886de3
00886DEE	Unwind@00886dee
00886DF9	Unwind@00886df9
00886E04	Unwind@00886e04
00886E0F	Unwind@00886e0f
00886E1A	Unwind@00886e1a
00886E25	Unwind@00886e25
00886E30	Unwind@00886e30
00886E3B	Unwind@00886e3b
00886E46	Unwind@00886e46
00886E51	Unwind@00886e51
00886E5C	Unwind@00886e5c
00886E67	Unwind@00886e67
00886E72	Unwind@00886e72
00886E87	Unwind@00886e87
00886E9E	Unwind@00886e9e
00886EA6	Unwind@00886ea6
00886EAE	Unwind@00886eae
00886EB6	Unwind@00886eb6
00886EBE	Unwind@00886ebe
00886EC6	Unwind@00886ec6
00886ED8	Unwind@00886ed8
00886EE0	Unwind@00886ee0
00886EE8	Unwind@00886ee8
00886EF0	Unwind@00886ef0
00886EFB	Unwind@00886efb
00886F06	Unwind@00886f06
00886F11	Unwind@00886f11
00886F19	Unwind@00886f19
00886F2B	Unwind@00886f2b
00886F33	Unwind@00886f33
00886F3B	Unwind@00886f3b
00886F43	Unwind@00886f43
00886F4B	Unwind@00886f4b
00886F53	Unwind@00886f53
00886F5B	Unwind@00886f5b
00886F63	Unwind@00886f63
00886F75	Unwind@00886f75
00886F7D	Unwind@00886f7d
00886F85	Unwind@00886f85
00886F8D	Unwind@00886f8d
00886F95	Unwind@00886f95
00886F9D	Unwind@00886f9d
00886FA5	Unwind@00886fa5
00886FAD	Unwind@00886fad
00886FB5	Unwind@00886fb5
00886FBD	Unwind@00886fbd
00886FC5	Unwind@00886fc5
00886FCD	Unwind@00886fcd
00886FD5	Unwind@00886fd5
00886FDD	Unwind@00886fdd
00886FE5	Unwind@00886fe5
00886FED	Unwind@00886fed
00886FF5	Unwind@00886ff5
00886FFD	Unwind@00886ffd
00887005	Unwind@00887005
0088700D	Unwind@0088700d
00887015	Unwind@00887015
0088701D	Unwind@0088701d
00887025	Unwind@00887025
0088702D	Unwind@0088702d
00887035	Unwind@00887035
0088703D	Unwind@0088703d
00887045	Unwind@00887045
0088704D	Unwind@0088704d
00887055	Unwind@00887055
0088705D	Unwind@0088705d
00887065	Unwind@00887065
0088706D	Unwind@0088706d
00887075	Unwind@00887075
0088707D	Unwind@0088707d
00887085	Unwind@00887085
0088708D	Unwind@0088708d
0088709F	Unwind@0088709f
008870A7	Unwind@008870a7
008870AF	Unwind@008870af
008870B7	Unwind@008870b7
008870BF	Unwind@008870bf
008870C7	Unwind@008870c7
008870CF	Unwind@008870cf
008870D7	Unwind@008870d7
008870DF	Unwind@008870df
008870E7	Unwind@008870e7
008870EF	Unwind@008870ef
008870F7	Unwind@008870f7
008870FF	Unwind@008870ff
00887107	Unwind@00887107
0088710F	Unwind@0088710f
00887117	Unwind@00887117
0088711F	Unwind@0088711f
00887127	Unwind@00887127
0088712F	Unwind@0088712f
00887137	Unwind@00887137
0088713F	Unwind@0088713f
00887147	Unwind@00887147
0088714F	Unwind@0088714f
00887157	Unwind@00887157
0088715F	Unwind@0088715f
00887167	Unwind@00887167
0088716F	Unwind@0088716f
00887177	Unwind@00887177
0088717F	Unwind@0088717f
00887187	Unwind@00887187
0088718F	Unwind@0088718f
00887197	Unwind@00887197
0088719F	Unwind@0088719f
008871A7	Unwind@008871a7
008871AF	Unwind@008871af
008871B7	Unwind@008871b7
008871BF	Unwind@008871bf
008871C7	Unwind@008871c7
008871CF	Unwind@008871cf
008871D7	Unwind@008871d7
008871DF	Unwind@008871df
008871F6	Unwind@008871f6
0088720D	Unwind@0088720d
00887215	Unwind@00887215
0088721D	Unwind@0088721d
00887225	Unwind@00887225
0088722D	Unwind@0088722d
00887235	Unwind@00887235
0088723D	Unwind@0088723d
00887245	Unwind@00887245
0088724D	Unwind@0088724d
00887255	Unwind@00887255
0088725D	Unwind@0088725d
00887265	Unwind@00887265
0088726D	Unwind@0088726d
00887275	Unwind@00887275
0088727D	Unwind@0088727d
00887285	Unwind@00887285
0088728D	Unwind@0088728d
00887295	Unwind@00887295
0088729D	Unwind@0088729d
008872A5	Unwind@008872a5
008872AD	Unwind@008872ad
008872BF	Unwind@008872bf
008872C7	Unwind@008872c7
008872CF	Unwind@008872cf
008872D7	Unwind@008872d7
008872DF	Unwind@008872df
008872E7	Unwind@008872e7
008872EF	Unwind@008872ef
008872F7	Unwind@008872f7
008872FF	Unwind@008872ff
00887307	Unwind@00887307
0088730F	Unwind@0088730f
00887317	Unwind@00887317
0088731F	Unwind@0088731f
00887327	Unwind@00887327
0088732F	Unwind@0088732f
00887337	Unwind@00887337
0088733F	Unwind@0088733f
00887347	Unwind@00887347
0088734F	Unwind@0088734f
00887357	Unwind@00887357
0088735F	Unwind@0088735f
00887367	Unwind@00887367
0088736F	Unwind@0088736f
00887377	Unwind@00887377
0088737F	Unwind@0088737f
00887387	Unwind@00887387
0088738F	Unwind@0088738f
00887397	Unwind@00887397
0088739F	Unwind@0088739f
008873A7	Unwind@008873a7
008873AF	Unwind@008873af
008873B7	Unwind@008873b7
008873BF	Unwind@008873bf
008873C7	Unwind@008873c7
008873CF	Unwind@008873cf
008873D7	Unwind@008873d7
008873DF	Unwind@008873df
008873E7	Unwind@008873e7
008873EF	Unwind@008873ef
008873F7	Unwind@008873f7
008873FF	Unwind@008873ff
00887407	Unwind@00887407
0088740F	Unwind@0088740f
00887417	Unwind@00887417
0088741F	Unwind@0088741f
00887427	Unwind@00887427
0088742F	Unwind@0088742f
00887437	Unwind@00887437
0088743F	Unwind@0088743f
00887447	Unwind@00887447
0088744F	Unwind@0088744f
00887457	Unwind@00887457
0088745F	Unwind@0088745f
00887467	Unwind@00887467
0088746F	Unwind@0088746f
00887477	Unwind@00887477
0088747F	Unwind@0088747f
00887487	Unwind@00887487
0088748F	Unwind@0088748f
00887497	Unwind@00887497
0088749F	Unwind@0088749f
008874A7	Unwind@008874a7
008874AF	Unwind@008874af
008874B7	Unwind@008874b7
008874BF	Unwind@008874bf
008874C7	Unwind@008874c7
008874CF	Unwind@008874cf
008874D7	Unwind@008874d7
008874DF	Unwind@008874df
008874E7	Unwind@008874e7
008874EF	Unwind@008874ef
008874F7	Unwind@008874f7
008874FF	Unwind@008874ff
00887507	Unwind@00887507
0088750F	Unwind@0088750f
00887517	Unwind@00887517
00887529	Unwind@00887529
00887534	Unwind@00887534
0088753F	Unwind@0088753f
0088754A	Unwind@0088754a
00887555	Unwind@00887555
00887560	Unwind@00887560
0088756B	Unwind@0088756b
00887576	Unwind@00887576
00887581	Unwind@00887581
0088758C	Unwind@0088758c
00887597	Unwind@00887597
008875A2	Unwind@008875a2
008875AD	Unwind@008875ad
008875B8	Unwind@008875b8
008875C3	Unwind@008875c3
008875CE	Unwind@008875ce
008875D9	Unwind@008875d9
008875E4	Unwind@008875e4
008875EF	Unwind@008875ef
008875FA	Unwind@008875fa
00887605	Unwind@00887605
00887610	Unwind@00887610
0088761B	Unwind@0088761b
00887626	Unwind@00887626
00887631	Unwind@00887631
0088763C	Unwind@0088763c
00887647	Unwind@00887647
00887652	Unwind@00887652
0088765D	Unwind@0088765d
00887668	Unwind@00887668
00887673	Unwind@00887673
0088767E	Unwind@0088767e
00887689	Unwind@00887689
00887694	Unwind@00887694
0088769F	Unwind@0088769f
008876AA	Unwind@008876aa
008876B5	Unwind@008876b5
008876C0	Unwind@008876c0
008876CB	Unwind@008876cb
008876D6	Unwind@008876d6
008876E1	Unwind@008876e1
008876EC	Unwind@008876ec
008876F7	Unwind@008876f7
00887702	Unwind@00887702
0088770D	Unwind@0088770d
00887718	Unwind@00887718
00887723	Unwind@00887723
0088772E	Unwind@0088772e
00887739	Unwind@00887739
00887744	Unwind@00887744
0088774C	Unwind@0088774c
00887761	Unwind@00887761
00887769	Unwind@00887769
00887774	Unwind@00887774
00887786	Unwind@00887786
00887791	Unwind@00887791
0088779C	Unwind@0088779c
008877A7	Unwind@008877a7
008877BF	Unwind@008877bf
008877CA	Unwind@008877ca
008877D5	Unwind@008877d5
008877E0	Unwind@008877e0
008877EB	Unwind@008877eb
008877F6	Unwind@008877f6
00887804	Unwind@00887804
00887819	Unwind@00887819
00887821	Unwind@00887821
00887833	Unwind@00887833
0088783E	Unwind@0088783e
00887849	Unwind@00887849
00887854	Unwind@00887854
0088785F	Unwind@0088785f
0088786A	Unwind@0088786a
00887875	Unwind@00887875
00887880	Unwind@00887880
0088788E	Unwind@0088788e
008878A3	Unwind@008878a3
008878AB	Unwind@008878ab
008878B3	Unwind@008878b3
008878BB	Unwind@008878bb
008878C3	Unwind@008878c3
008878CB	Unwind@008878cb
008878D3	Unwind@008878d3
008878DB	Unwind@008878db
008878E3	Unwind@008878e3
008878EB	Unwind@008878eb
008878F3	Unwind@008878f3
008878FB	Unwind@008878fb
00887903	Unwind@00887903
0088790B	Unwind@0088790b
00887913	Unwind@00887913
00887925	Unwind@00887925
0088792D	Unwind@0088792d
00887935	Unwind@00887935
0088793D	Unwind@0088793d
00887945	Unwind@00887945
0088794D	Unwind@0088794d
00887955	Unwind@00887955
0088795D	Unwind@0088795d
00887965	Unwind@00887965
0088796D	Unwind@0088796d
00887975	Unwind@00887975
0088797D	Unwind@0088797d
00887985	Unwind@00887985
0088798D	Unwind@0088798d
0088799F	Unwind@0088799f
008879A7	Unwind@008879a7
008879AF	Unwind@008879af
008879B7	Unwind@008879b7
008879BF	Unwind@008879bf
008879D1	Unwind@008879d1
008879D9	Unwind@008879d9
008879E1	Unwind@008879e1
008879E9	Unwind@008879e9
008879F1	Unwind@008879f1
008879F9	Unwind@008879f9
00887A01	Unwind@00887a01
00887A18	Unwind@00887a18
00887A2F	Unwind@00887a2f
00887A37	Unwind@00887a37
00887A4E	Unwind@00887a4e
00887A65	Unwind@00887a65
00887A6D	Unwind@00887a6d
00887A75	Unwind@00887a75
00887A87	Unwind@00887a87
00887A8F	Unwind@00887a8f
00887A97	Unwind@00887a97
00887AA2	Unwind@00887aa2
00887AAD	Unwind@00887aad
00887AB8	Unwind@00887ab8
00887AC3	Unwind@00887ac3
00887ACE	Unwind@00887ace
00887AD9	Unwind@00887ad9
00887AE4	Unwind@00887ae4
00887AEF	Unwind@00887aef
00887AFA	Unwind@00887afa
00887B0D	Unwind@00887b0d
00887B22	Unwind@00887b22
00887B2D	Unwind@00887b2d
00887B38	Unwind@00887b38
00887B43	Unwind@00887b43
00887B4E	Unwind@00887b4e
00887B59	Unwind@00887b59
00887B64	Unwind@00887b64
00887B6F	Unwind@00887b6f
00887B7A	Unwind@00887b7a
00887B85	Unwind@00887b85
00887B98	Unwind@00887b98
00887BA3	Unwind@00887ba3
00887BAE	Unwind@00887bae
00887BB9	Unwind@00887bb9
00887BC4	Unwind@00887bc4
00887BCF	Unwind@00887bcf
00887BDA	Unwind@00887bda
00887BE5	Unwind@00887be5
00887BF0	Unwind@00887bf0
00887BFB	Unwind@00887bfb
00887C10	Unwind@00887c10
00887C18	Unwind@00887c18
00887C29	Unwind@00887c29
00887C31	Unwind@00887c31
00887C39	Unwind@00887c39
00887C41	Unwind@00887c41
00887C49	Unwind@00887c49
00887C51	Unwind@00887c51
00887C63	Unwind@00887c63
00887C6B	Unwind@00887c6b
00887C73	Unwind@00887c73
00887C7B	Unwind@00887c7b
00887C83	Unwind@00887c83
00887C8B	Unwind@00887c8b
00887C93	Unwind@00887c93
00887CA5	Unwind@00887ca5
00887CAD	Unwind@00887cad
00887CB5	Unwind@00887cb5
00887CBD	Unwind@00887cbd
00887CC5	Unwind@00887cc5
00887CCD	Unwind@00887ccd
00887CDF	Unwind@00887cdf
00887CE7	Unwind@00887ce7
00887CEF	Unwind@00887cef
00887D01	Unwind@00887d01
00887D09	Unwind@00887d09
00887D11	Unwind@00887d11
00887D19	Unwind@00887d19
00887D21	Unwind@00887d21
00887D29	Unwind@00887d29
00887D31	Unwind@00887d31
00887D43	Unwind@00887d43
00887D4B	Unwind@00887d4b
00887D53	Unwind@00887d53
00887D5E	Unwind@00887d5e
00887D69	Unwind@00887d69
00887D74	Unwind@00887d74
00887D86	Unwind@00887d86
00887D8E	Unwind@00887d8e
00887D96	Unwind@00887d96
00887D9E	Unwind@00887d9e
00887DA6	Unwind@00887da6
00887DAE	Unwind@00887dae
00887DB6	Unwind@00887db6
00887DBE	Unwind@00887dbe
00887DD0	Unwind@00887dd0
00887DD8	Unwind@00887dd8
00887DEA	Unwind@00887dea
00887DF2	Unwind@00887df2
00887E04	Unwind@00887e04
00887E0C	Unwind@00887e0c
00887E1E	Unwind@00887e1e
00887E26	Unwind@00887e26
00887E38	Unwind@00887e38
00887E40	Unwind@00887e40
00887E52	Unwind@00887e52
00887E5A	Unwind@00887e5a
00887E6C	Unwind@00887e6c
00887E74	Unwind@00887e74
00887E86	Unwind@00887e86
00887E8E	Unwind@00887e8e
00887E96	Unwind@00887e96
00887EA8	Unwind@00887ea8
00887EB0	Unwind@00887eb0
00887EB8	Unwind@00887eb8
00887EC0	Unwind@00887ec0
00887EC8	Unwind@00887ec8
00887ED0	Unwind@00887ed0
00887EE2	Unwind@00887ee2
00887EEA	Unwind@00887eea
00887EF2	Unwind@00887ef2
00887EFA	Unwind@00887efa
00887F02	Unwind@00887f02
00887F0A	Unwind@00887f0a
00887F12	Unwind@00887f12
00887F1A	Unwind@00887f1a
00887F22	Unwind@00887f22
00887F2A	Unwind@00887f2a
00887F32	Unwind@00887f32
00887F3A	Unwind@00887f3a
00887F42	Unwind@00887f42
00887F4A	Unwind@00887f4a
00887F52	Unwind@00887f52
00887F5A	Unwind@00887f5a
00887F70	Unwind@00887f70
00887F90	Unwind@00887f90
00887FB0	Unwind@00887fb0
00887FB8	Unwind@00887fb8
00887FC0	Unwind@00887fc0
00887FCB	Unwind@00887fcb
00887FD3	Unwind@00887fd3
00887FDB	Unwind@00887fdb
00887FE6	Unwind@00887fe6
00887FEE	Unwind@00887fee
00888000	Unwind@00888000
00888008	Unwind@00888008
00888020	Unwind@00888020
00888028	Unwind@00888028
00888033	Unwind@00888033
00888050	Unwind@00888050
0088805B	Unwind@0088805b
00888066	Unwind@00888066
00888071	Unwind@00888071
0088807C	Unwind@0088807c
008880A0	Unwind@008880a0
008880A8	Unwind@008880a8
008880B0	Unwind@008880b0
008880B8	Unwind@008880b8
008880C0	Unwind@008880c0
008880CB	Unwind@008880cb
008880E0	Unwind@008880e0
00888100	Unwind@00888100
00888120	Unwind@00888120
00888140	Unwind@00888140
00888160	Unwind@00888160
00888180	Unwind@00888180
00888188	Unwind@00888188
008881A0	Unwind@008881a0
008881A8	Unwind@008881a8
008881B3	Unwind@008881b3
008881BE	Unwind@008881be
008881D0	Unwind@008881d0
008881D8	Unwind@008881d8
008881E0	Unwind@008881e0
008881EB	Unwind@008881eb
008881F6	Unwind@008881f6
00888201	Unwind@00888201
0088820C	Unwind@0088820c
00888217	Unwind@00888217
00888222	Unwind@00888222
0088822D	Unwind@0088822d
00888238	Unwind@00888238
00888243	Unwind@00888243
00888260	Unwind@00888260
00888268	Unwind@00888268
00888273	Unwind@00888273
00888290	Unwind@00888290
00888298	Unwind@00888298
008882A3	Unwind@008882a3
008882AE	Unwind@008882ae
008882B9	Unwind@008882b9
008882C4	Unwind@008882c4
008882CF	Unwind@008882cf
008882F0	Unwind@008882f0
008882F8	Unwind@008882f8
00888303	Unwind@00888303
00888320	Unwind@00888320
00888328	Unwind@00888328
00888333	Unwind@00888333
00888350	Unwind@00888350
00888370	Unwind@00888370
00888378	Unwind@00888378
00888383	Unwind@00888383
008883A0	Unwind@008883a0
008883A8	Unwind@008883a8
008883B3	Unwind@008883b3
008883D0	Unwind@008883d0
008883F0	Unwind@008883f0
00888401	Unwind@00888401
00888409	Unwind@00888409
00888414	Unwind@00888414
0088841F	Unwind@0088841f
0088842A	Unwind@0088842a
00888435	Unwind@00888435
00888440	Unwind@00888440
0088844B	Unwind@0088844b
00888456	Unwind@00888456
00888470	Unwind@00888470
00888490	Unwind@00888490
008884A1	Unwind@008884a1
008884C0	Unwind@008884c0
008884E0	Unwind@008884e0
008884F1	Unwind@008884f1
008884FC	Unwind@008884fc
00888507	Unwind@00888507
00888512	Unwind@00888512
00888530	Unwind@00888530
00888550	Unwind@00888550
00888570	Unwind@00888570
00888578	Unwind@00888578
00888590	Unwind@00888590
00888598	Unwind@00888598
008885B0	Unwind@008885b0
008885D0	Unwind@008885d0
008885DB	Unwind@008885db
008885E6	Unwind@008885e6
008885EE	Unwind@008885ee
00888600	Unwind@00888600
00888620	Unwind@00888620
00888640	Unwind@00888640
00888651	Unwind@00888651
00888659	Unwind@00888659
00888661	Unwind@00888661
00888680	Unwind@00888680
00888688	Unwind@00888688
00888693	Unwind@00888693
008886B0	Unwind@008886b0
008886D0	Unwind@008886d0
008886E1	Unwind@008886e1
008886E9	Unwind@008886e9
008886F1	Unwind@008886f1
00888710	Unwind@00888710
00888718	Unwind@00888718
00888720	Unwind@00888720
00888740	Unwind@00888740
00888770	Unwind@00888770
00888781	Unwind@00888781
00888789	Unwind@00888789
00888791	Unwind@00888791
008887B0	Unwind@008887b0
008887B8	Unwind@008887b8
008887C0	Unwind@008887c0
008887E0	Unwind@008887e0
00888800	Unwind@00888800
00888811	Unwind@00888811
00888819	Unwind@00888819
00888821	Unwind@00888821
00888840	Unwind@00888840
00888848	Unwind@00888848
00888850	Unwind@00888850
00888870	Unwind@00888870
008888A0	Unwind@008888a0
008888B1	Unwind@008888b1
008888D0	Unwind@008888d0
008888E1	Unwind@008888e1
008888E9	Unwind@008888e9
008888F1	Unwind@008888f1
008888FC	Unwind@008888fc
00888904	Unwind@00888904
0088890C	Unwind@0088890c
00888917	Unwind@00888917
0088891F	Unwind@0088891f
00888940	Unwind@00888940
00888951	Unwind@00888951
00888970	Unwind@00888970
00888981	Unwind@00888981
00888989	Unwind@00888989
008889A0	Unwind@008889a0
008889B1	Unwind@008889b1
008889B9	Unwind@008889b9
008889D0	Unwind@008889d0
008889E1	Unwind@008889e1
008889E9	Unwind@008889e9
008889F4	Unwind@008889f4
00888A10	Unwind@00888a10
00888A21	Unwind@00888a21
00888A29	Unwind@00888a29
00888A34	Unwind@00888a34
00888A50	Unwind@00888a50
00888A61	Unwind@00888a61
00888A69	Unwind@00888a69
00888A74	Unwind@00888a74
00888A7F	Unwind@00888a7f
00888A8A	Unwind@00888a8a
00888A95	Unwind@00888a95
00888AA0	Unwind@00888aa0
00888AAB	Unwind@00888aab
00888AB6	Unwind@00888ab6
00888AC1	Unwind@00888ac1
00888AC9	Unwind@00888ac9
00888AD4	Unwind@00888ad4
00888ADF	Unwind@00888adf
00888AEA	Unwind@00888aea
00888AF5	Unwind@00888af5
00888B00	Unwind@00888b00
00888B0B	Unwind@00888b0b
00888B16	Unwind@00888b16
00888B30	Unwind@00888b30
00888B41	Unwind@00888b41
00888B49	Unwind@00888b49
00888B54	Unwind@00888b54
00888B5F	Unwind@00888b5f
00888B6A	Unwind@00888b6a
00888B75	Unwind@00888b75
00888B80	Unwind@00888b80
00888B8B	Unwind@00888b8b
00888B96	Unwind@00888b96
00888BA1	Unwind@00888ba1
00888BA9	Unwind@00888ba9
00888BB4	Unwind@00888bb4
00888BBF	Unwind@00888bbf
00888BCA	Unwind@00888bca
00888BD5	Unwind@00888bd5
00888BE0	Unwind@00888be0
00888BEB	Unwind@00888beb
00888BF6	Unwind@00888bf6
00888C10	Unwind@00888c10
00888C21	Unwind@00888c21
00888C29	Unwind@00888c29
00888C31	Unwind@00888c31
00888C50	Unwind@00888c50
00888C61	Unwind@00888c61
00888C69	Unwind@00888c69
00888C71	Unwind@00888c71
00888C90	Unwind@00888c90
00888CA1	Unwind@00888ca1
00888CAC	Unwind@00888cac
00888CB4	Unwind@00888cb4
00888CBC	Unwind@00888cbc
00888CC7	Unwind@00888cc7
00888CD2	Unwind@00888cd2
00888CDD	Unwind@00888cdd
00888CE8	Unwind@00888ce8
00888CF3	Unwind@00888cf3
00888D10	Unwind@00888d10
00888D21	Unwind@00888d21
00888D2C	Unwind@00888d2c
00888D34	Unwind@00888d34
00888D3C	Unwind@00888d3c
00888D47	Unwind@00888d47
00888D52	Unwind@00888d52
00888D5D	Unwind@00888d5d
00888D68	Unwind@00888d68
00888D73	Unwind@00888d73
00888D90	Unwind@00888d90
00888DA1	Unwind@00888da1
00888DA9	Unwind@00888da9
00888DB4	Unwind@00888db4
00888DD0	Unwind@00888dd0
00888DE1	Unwind@00888de1
00888DE9	Unwind@00888de9
00888DF4	Unwind@00888df4
00888E10	Unwind@00888e10
00888E21	Unwind@00888e21
00888E29	Unwind@00888e29
00888E34	Unwind@00888e34
00888E50	Unwind@00888e50
00888E61	Unwind@00888e61
00888E69	Unwind@00888e69
00888E74	Unwind@00888e74
00888E90	Unwind@00888e90
00888EA1	Unwind@00888ea1
00888EA9	Unwind@00888ea9
00888EB4	Unwind@00888eb4
00888EBC	Unwind@00888ebc
00888EE0	Unwind@00888ee0
00888EF1	Unwind@00888ef1
00888EF9	Unwind@00888ef9
00888F04	Unwind@00888f04
00888F0C	Unwind@00888f0c
00888F30	Unwind@00888f30
00888F41	Unwind@00888f41
00888F49	Unwind@00888f49
00888F54	Unwind@00888f54
00888F5C	Unwind@00888f5c
00888F80	Unwind@00888f80
00888F91	Unwind@00888f91
00888F99	Unwind@00888f99
00888FA4	Unwind@00888fa4
00888FAC	Unwind@00888fac
00888FD0	Unwind@00888fd0
00888FD8	Unwind@00888fd8
00888FE0	Unwind@00888fe0
00888FE8	Unwind@00888fe8
00888FF3	Unwind@00888ff3
00888FFE	Unwind@00888ffe
00889009	Unwind@00889009
00889011	Unwind@00889011
00889019	Unwind@00889019
00889024	Unwind@00889024
0088902F	Unwind@0088902f
00889037	Unwind@00889037
0088903F	Unwind@0088903f
0088904A	Unwind@0088904a
00889055	Unwind@00889055
0088905D	Unwind@0088905d
00889065	Unwind@00889065
00889080	Unwind@00889080
0088908E	Unwind@0088908e
0088909C	Unwind@0088909c
008890B4	Unwind@008890b4
008890C2	Unwind@008890c2
008890D0	Unwind@008890d0
008890DE	Unwind@008890de
008890E6	Unwind@008890e6
008890F1	Unwind@008890f1
008890FC	Unwind@008890fc
00889111	Unwind@00889111
00889119	Unwind@00889119
00889121	Unwind@00889121
00889133	Unwind@00889133
0088913B	Unwind@0088913b
00889143	Unwind@00889143
0088914B	Unwind@0088914b
00889153	Unwind@00889153
0088915B	Unwind@0088915b
00889163	Unwind@00889163
0088916B	Unwind@0088916b
00889173	Unwind@00889173
0088917B	Unwind@0088917b
00889183	Unwind@00889183
0088918B	Unwind@0088918b
0088919D	Unwind@0088919d
008891AF	Unwind@008891af
008891B7	Unwind@008891b7
008891BF	Unwind@008891bf
008891C7	Unwind@008891c7
008891CF	Unwind@008891cf
008891D7	Unwind@008891d7
008891DF	Unwind@008891df
008891F1	Unwind@008891f1
008891F9	Unwind@008891f9
00889201	Unwind@00889201
00889209	Unwind@00889209
00889211	Unwind@00889211
00889219	Unwind@00889219
0088922B	Unwind@0088922b
00889233	Unwind@00889233
0088923B	Unwind@0088923b
00889243	Unwind@00889243
0088924B	Unwind@0088924b
00889253	Unwind@00889253
00889265	Unwind@00889265
0088926D	Unwind@0088926d
00889275	Unwind@00889275
0088927D	Unwind@0088927d
00889285	Unwind@00889285
0088928D	Unwind@0088928d
0088929F	Unwind@0088929f
008892AA	Unwind@008892aa
008892B5	Unwind@008892b5
008892C0	Unwind@008892c0
008892CB	Unwind@008892cb
008892D6	Unwind@008892d6
008892E1	Unwind@008892e1
008892EC	Unwind@008892ec
008892F7	Unwind@008892f7
00889302	Unwind@00889302
0088930D	Unwind@0088930d
00889315	Unwind@00889315
0088931D	Unwind@0088931d
00889328	Unwind@00889328
00889333	Unwind@00889333
0088933E	Unwind@0088933e
00889349	Unwind@00889349
00889354	Unwind@00889354
0088935F	Unwind@0088935f
0088936A	Unwind@0088936a
00889375	Unwind@00889375
00889380	Unwind@00889380
0088938B	Unwind@0088938b
00889396	Unwind@00889396
008893A1	Unwind@008893a1
008893AC	Unwind@008893ac
008893B7	Unwind@008893b7
008893C2	Unwind@008893c2
008893CD	Unwind@008893cd
008893D8	Unwind@008893d8
008893E3	Unwind@008893e3
008893EE	Unwind@008893ee
008893F9	Unwind@008893f9
00889404	Unwind@00889404
0088940F	Unwind@0088940f
0088941A	Unwind@0088941a
00889425	Unwind@00889425
00889430	Unwind@00889430
0088943B	Unwind@0088943b
00889446	Unwind@00889446
00889451	Unwind@00889451
0088945C	Unwind@0088945c
00889467	Unwind@00889467
0088946F	Unwind@0088946f
00889477	Unwind@00889477
00889482	Unwind@00889482
0088948D	Unwind@0088948d
00889498	Unwind@00889498
008894A3	Unwind@008894a3
008894AE	Unwind@008894ae
008894B9	Unwind@008894b9
008894C4	Unwind@008894c4
008894CF	Unwind@008894cf
008894DA	Unwind@008894da
008894E5	Unwind@008894e5
008894F0	Unwind@008894f0
008894FB	Unwind@008894fb
00889506	Unwind@00889506
00889511	Unwind@00889511
00889519	Unwind@00889519
00889521	Unwind@00889521
0088952C	Unwind@0088952c
00889537	Unwind@00889537
00889542	Unwind@00889542
0088954D	Unwind@0088954d
00889558	Unwind@00889558
00889563	Unwind@00889563
0088956E	Unwind@0088956e
00889579	Unwind@00889579
00889584	Unwind@00889584
0088958F	Unwind@0088958f
0088959A	Unwind@0088959a
008895A5	Unwind@008895a5
008895B0	Unwind@008895b0
008895BB	Unwind@008895bb
008895C3	Unwind@008895c3
008895CB	Unwind@008895cb
008895D6	Unwind@008895d6
008895E1	Unwind@008895e1
008895EC	Unwind@008895ec
008895F7	Unwind@008895f7
00889602	Unwind@00889602
0088960D	Unwind@0088960d
00889618	Unwind@00889618
00889623	Unwind@00889623
0088962E	Unwind@0088962e
00889639	Unwind@00889639
00889644	Unwind@00889644
0088964F	Unwind@0088964f
0088965A	Unwind@0088965a
00889665	Unwind@00889665
00889670	Unwind@00889670
0088967B	Unwind@0088967b
00889686	Unwind@00889686
00889691	Unwind@00889691
0088969C	Unwind@0088969c
008896A7	Unwind@008896a7
008896B2	Unwind@008896b2
008896BD	Unwind@008896bd
008896C8	Unwind@008896c8
008896D3	Unwind@008896d3
008896DE	Unwind@008896de
008896E9	Unwind@008896e9
008896F4	Unwind@008896f4
008896FF	Unwind@008896ff
0088970A	Unwind@0088970a
00889715	Unwind@00889715
00889720	Unwind@00889720
0088972B	Unwind@0088972b
00889736	Unwind@00889736
00889741	Unwind@00889741
0088974C	Unwind@0088974c
00889757	Unwind@00889757
00889762	Unwind@00889762
0088976D	Unwind@0088976d
00889778	Unwind@00889778
00889783	Unwind@00889783
0088978B	Unwind@0088978b
00889793	Unwind@00889793
0088979B	Unwind@0088979b
008897A3	Unwind@008897a3
008897B5	Unwind@008897b5
008897C0	Unwind@008897c0
008897CB	Unwind@008897cb
008897D3	Unwind@008897d3
008897DB	Unwind@008897db
008897E6	Unwind@008897e6
008897F1	Unwind@008897f1
008897F9	Unwind@008897f9
00889801	Unwind@00889801
0088980C	Unwind@0088980c
00889817	Unwind@00889817
0088981F	Unwind@0088981f
00889827	Unwind@00889827
00889832	Unwind@00889832
0088983D	Unwind@0088983d
00889848	Unwind@00889848
00889853	Unwind@00889853
0088985E	Unwind@0088985e
00889869	Unwind@00889869
00889871	Unwind@00889871
00889879	Unwind@00889879
00889884	Unwind@00889884
0088988F	Unwind@0088988f
00889897	Unwind@00889897
0088989F	Unwind@0088989f
008898AA	Unwind@008898aa
008898B2	Unwind@008898b2
008898BA	Unwind@008898ba
008898C2	Unwind@008898c2
008898CA	Unwind@008898ca
008898DC	Unwind@008898dc
008898E4	Unwind@008898e4
008898F6	Unwind@008898f6
008898FE	Unwind@008898fe
00889906	Unwind@00889906
0088990E	Unwind@0088990e
00889916	Unwind@00889916
0088991E	Unwind@0088991e
00889926	Unwind@00889926
0088992E	Unwind@0088992e
00889940	Unwind@00889940
00889948	Unwind@00889948
00889950	Unwind@00889950
00889967	Unwind@00889967
0088996F	Unwind@0088996f
00889977	Unwind@00889977
00889990	Unwind@00889990
008899B0	Unwind@008899b0
008899B8	Unwind@008899b8
008899C0	Unwind@008899c0
008899CB	Unwind@008899cb
008899D3	Unwind@008899d3
008899DB	Unwind@008899db
008899E6	Unwind@008899e6
008899FB	Unwind@008899fb
00889A06	Unwind@00889a06
00889A11	Unwind@00889a11
00889A1C	Unwind@00889a1c
00889A27	Unwind@00889a27
00889A3C	Unwind@00889a3c
00889A44	Unwind@00889a44
00889A4C	Unwind@00889a4c
00889A57	Unwind@00889a57
00889A6C	Unwind@00889a6c
00889A74	Unwind@00889a74
00889A7C	Unwind@00889a7c
00889A84	Unwind@00889a84
00889A8C	Unwind@00889a8c
00889A94	Unwind@00889a94
00889AAB	Unwind@00889aab
00889ABD	Unwind@00889abd
00889AC5	Unwind@00889ac5
00889ACD	Unwind@00889acd
00889AD5	Unwind@00889ad5
00889ADD	Unwind@00889add
00889AE5	Unwind@00889ae5
00889AFC	Unwind@00889afc
00889B0E	Unwind@00889b0e
00889B16	Unwind@00889b16
00889B1E	Unwind@00889b1e
00889B26	Unwind@00889b26
00889B2E	Unwind@00889b2e
00889B36	Unwind@00889b36
00889B48	Unwind@00889b48
00889B53	Unwind@00889b53
00889B68	Unwind@00889b68
00889B7A	Unwind@00889b7a
00889B82	Unwind@00889b82
00889B94	Unwind@00889b94
00889BA6	Unwind@00889ba6
00889BB8	Unwind@00889bb8
00889BCA	Unwind@00889bca
00889BD2	Unwind@00889bd2
00889BDA	Unwind@00889bda
00889BE2	Unwind@00889be2
00889BEA	Unwind@00889bea
00889BFB	Unwind@00889bfb
00889C03	Unwind@00889c03
00889C0E	Unwind@00889c0e
00889C30	Unwind@00889c30
00889C38	Unwind@00889c38
00889C43	Unwind@00889c43
00889C4B	Unwind@00889c4b
00889C56	Unwind@00889c56
00889C5E	Unwind@00889c5e
00889C69	Unwind@00889c69
00889C71	Unwind@00889c71
00889C90	Unwind@00889c90
00889C9B	Unwind@00889c9b
00889CA3	Unwind@00889ca3
00889CAE	Unwind@00889cae
00889CB9	Unwind@00889cb9
00889CC1	Unwind@00889cc1
00889CCC	Unwind@00889ccc
00889CE0	Unwind@00889ce0
00889CEB	Unwind@00889ceb
00889CF3	Unwind@00889cf3
00889CFB	Unwind@00889cfb
00889D03	Unwind@00889d03
00889D0B	Unwind@00889d0b
00889D13	Unwind@00889d13
00889D1B	Unwind@00889d1b
00889D26	Unwind@00889d26
00889D31	Unwind@00889d31
00889D3C	Unwind@00889d3c
00889D44	Unwind@00889d44
00889D60	Unwind@00889d60
00889D80	Unwind@00889d80
00889D88	Unwind@00889d88
00889DA0	Unwind@00889da0
00889DAB	Unwind@00889dab
00889DB3	Unwind@00889db3
00889DBE	Unwind@00889dbe
00889DC9	Unwind@00889dc9
00889DD1	Unwind@00889dd1
00889DDC	Unwind@00889ddc
00889DE7	Unwind@00889de7
00889DEF	Unwind@00889def
00889E04	Unwind@00889e04
00889E0F	Unwind@00889e0f
00889E1A	Unwind@00889e1a
00889E25	Unwind@00889e25
00889E30	Unwind@00889e30
00889E3B	Unwind@00889e3b
00889E46	Unwind@00889e46
00889E4E	Unwind@00889e4e
00889E59	Unwind@00889e59
00889E61	Unwind@00889e61
00889E6C	Unwind@00889e6c
00889E74	Unwind@00889e74
00889E7F	Unwind@00889e7f
00889E94	Unwind@00889e94
00889EA9	Unwind@00889ea9
00889EBA	Unwind@00889eba
00889EC2	Unwind@00889ec2
00889ED3	Unwind@00889ed3
00889EDB	Unwind@00889edb
00889EF6	Unwind@00889ef6
00889EFE	Unwind@00889efe
00889F06	Unwind@00889f06
00889F17	Unwind@00889f17
00889F1F	Unwind@00889f1f
00889F31	Unwind@00889f31
00889F50	Unwind@00889f50
00889F58	Unwind@00889f58
00889F70	Unwind@00889f70
00889F90	Unwind@00889f90
00889F98	Unwind@00889f98
00889FB0	Unwind@00889fb0
00889FB8	Unwind@00889fb8
00889FD0	Unwind@00889fd0
0088A000	Unwind@0088a000
0088A020	Unwind@0088a020
0088A028	Unwind@0088a028
0088A040	Unwind@0088a040
0088A070	Unwind@0088a070
0088A078	Unwind@0088a078
0088A090	Unwind@0088a090
0088A0B0	Unwind@0088a0b0
0088A0D0	Unwind@0088a0d0
0088A0F0	Unwind@0088a0f0
0088A110	Unwind@0088a110
0088A130	Unwind@0088a130
0088A150	Unwind@0088a150
0088A158	Unwind@0088a158
0088A160	Unwind@0088a160
0088A168	Unwind@0088a168
0088A170	Unwind@0088a170
0088A182	Unwind@0088a182
0088A18A	Unwind@0088a18a
0088A192	Unwind@0088a192
0088A19A	Unwind@0088a19a
0088A1A2	Unwind@0088a1a2
0088A1B4	Unwind@0088a1b4
0088A1BC	Unwind@0088a1bc
0088A1C4	Unwind@0088a1c4
0088A1CC	Unwind@0088a1cc
0088A1D4	Unwind@0088a1d4
0088A1E6	Unwind@0088a1e6
0088A1EE	Unwind@0088a1ee
0088A1F6	Unwind@0088a1f6
0088A1FE	Unwind@0088a1fe
0088A206	Unwind@0088a206
0088A218	Unwind@0088a218
0088A220	Unwind@0088a220
0088A228	Unwind@0088a228
0088A230	Unwind@0088a230
0088A238	Unwind@0088a238
0088A24A	Unwind@0088a24a
0088A252	Unwind@0088a252
0088A25A	Unwind@0088a25a
0088A262	Unwind@0088a262
0088A26A	Unwind@0088a26a
0088A27C	Unwind@0088a27c
0088A290	Unwind@0088a290
0088A298	Unwind@0088a298
0088A2A0	Unwind@0088a2a0
0088A2A8	Unwind@0088a2a8
0088A2B0	Unwind@0088a2b0
0088A2B8	Unwind@0088a2b8
0088A2C3	Unwind@0088a2c3
0088A2CB	Unwind@0088a2cb
0088A2D3	Unwind@0088a2d3
0088A2DE	Unwind@0088a2de
0088A2F0	Unwind@0088a2f0
0088A2F8	Unwind@0088a2f8
0088A303	Unwind@0088a303
0088A30E	Unwind@0088a30e
0088A319	Unwind@0088a319
0088A324	Unwind@0088a324
0088A32F	Unwind@0088a32f
0088A344	Unwind@0088a344
0088A34C	Unwind@0088a34c
0088A357	Unwind@0088a357
0088A370	Unwind@0088a370
0088A378	Unwind@0088a378
0088A383	Unwind@0088a383
0088A38E	Unwind@0088a38e
0088A396	Unwind@0088a396
0088A3A1	Unwind@0088a3a1
0088A3A9	Unwind@0088a3a9
0088A3B7	Unwind@0088a3b7
0088A3BF	Unwind@0088a3bf
0088A3CD	Unwind@0088a3cd
0088A3D5	Unwind@0088a3d5
0088A3E3	Unwind@0088a3e3
0088A3F5	Unwind@0088a3f5
0088A3FD	Unwind@0088a3fd
0088A408	Unwind@0088a408
0088A413	Unwind@0088a413
0088A41E	Unwind@0088a41e
0088A42C	Unwind@0088a42c
0088A43A	Unwind@0088a43a
0088A448	Unwind@0088a448
0088A456	Unwind@0088a456
0088A461	Unwind@0088a461
0088A46C	Unwind@0088a46c
0088A477	Unwind@0088a477
0088A482	Unwind@0088a482
0088A497	Unwind@0088a497
0088A4AC	Unwind@0088a4ac
0088A4B4	Unwind@0088a4b4
0088A4BC	Unwind@0088a4bc
0088A4C4	Unwind@0088a4c4
0088A4D5	Unwind@0088a4d5
0088A4DD	Unwind@0088a4dd
0088A4E5	Unwind@0088a4e5
0088A500	Unwind@0088a500
0088A520	Unwind@0088a520
0088A531	Unwind@0088a531
0088A539	Unwind@0088a539
0088A541	Unwind@0088a541
0088A560	Unwind@0088a560
0088A580	Unwind@0088a580
0088A591	Unwind@0088a591
0088A599	Unwind@0088a599
0088A5B0	Unwind@0088a5b0
0088A5C1	Unwind@0088a5c1
0088A5C9	Unwind@0088a5c9
0088A5E0	Unwind@0088a5e0
0088A5E8	Unwind@0088a5e8
0088A5FA	Unwind@0088a5fa
0088A605	Unwind@0088a605
0088A60D	Unwind@0088a60d
0088A61F	Unwind@0088a61f
0088A631	Unwind@0088a631
0088A64B	Unwind@0088a64b
0088A656	Unwind@0088a656
0088A661	Unwind@0088a661
0088A66C	Unwind@0088a66c
0088A677	Unwind@0088a677
0088A682	Unwind@0088a682
0088A690	Unwind@0088a690
0088A6A5	Unwind@0088a6a5
0088A6AD	Unwind@0088a6ad
0088A6B5	Unwind@0088a6b5
0088A6BD	Unwind@0088a6bd
0088A6C5	Unwind@0088a6c5
0088A6CD	Unwind@0088a6cd
0088A6D5	Unwind@0088a6d5
0088A6DD	Unwind@0088a6dd
0088A6E5	Unwind@0088a6e5
0088A6F0	Unwind@0088a6f0
0088A6F8	Unwind@0088a6f8
0088A700	Unwind@0088a700
0088A708	Unwind@0088a708
0088A71A	Unwind@0088a71a
0088A722	Unwind@0088a722
0088A72A	Unwind@0088a72a
0088A732	Unwind@0088a732
0088A73A	Unwind@0088a73a
0088A742	Unwind@0088a742
0088A74A	Unwind@0088a74a
0088A752	Unwind@0088a752
0088A75A	Unwind@0088a75a
0088A762	Unwind@0088a762
0088A774	Unwind@0088a774
0088A77C	Unwind@0088a77c
0088A784	Unwind@0088a784
0088A78C	Unwind@0088a78c
0088A794	Unwind@0088a794
0088A79C	Unwind@0088a79c
0088A7A4	Unwind@0088a7a4
0088A7AC	Unwind@0088a7ac
0088A7B4	Unwind@0088a7b4
0088A7BC	Unwind@0088a7bc
0088A7CE	Unwind@0088a7ce
0088A7D6	Unwind@0088a7d6
0088A7DE	Unwind@0088a7de
0088A7E6	Unwind@0088a7e6
0088A7EE	Unwind@0088a7ee
0088A7F6	Unwind@0088a7f6
0088A7FE	Unwind@0088a7fe
0088A806	Unwind@0088a806
0088A80E	Unwind@0088a80e
0088A816	Unwind@0088a816
0088A828	Unwind@0088a828
0088A830	Unwind@0088a830
0088A838	Unwind@0088a838
0088A840	Unwind@0088a840
0088A848	Unwind@0088a848
0088A850	Unwind@0088a850
0088A858	Unwind@0088a858
0088A860	Unwind@0088a860
0088A868	Unwind@0088a868
0088A870	Unwind@0088a870
0088A890	Unwind@0088a890
0088A898	Unwind@0088a898
0088A8B0	Unwind@0088a8b0
0088A8D0	Unwind@0088a8d0
0088A8F0	Unwind@0088a8f0
0088A8F8	Unwind@0088a8f8
0088A910	Unwind@0088a910
0088A91B	Unwind@0088a91b
0088A923	Unwind@0088a923
0088A940	Unwind@0088a940
0088A95A	Unwind@0088a95a
0088A962	Unwind@0088a962
0088A96D	Unwind@0088a96d
0088A978	Unwind@0088a978
0088A990	Unwind@0088a990
0088A998	Unwind@0088a998
0088A9B0	Unwind@0088a9b0
0088A9B8	Unwind@0088a9b8
0088A9C0	Unwind@0088a9c0
0088A9C8	Unwind@0088a9c8
0088A9D0	Unwind@0088a9d0
0088A9E7	Unwind@0088a9e7
0088A9F9	Unwind@0088a9f9
0088AA01	Unwind@0088aa01
0088AA09	Unwind@0088aa09
0088AA11	Unwind@0088aa11
0088AA19	Unwind@0088aa19
0088AA21	Unwind@0088aa21
0088AA38	Unwind@0088aa38
0088AA4A	Unwind@0088aa4a
0088AA52	Unwind@0088aa52
0088AA5A	Unwind@0088aa5a
0088AA62	Unwind@0088aa62
0088AA6A	Unwind@0088aa6a
0088AA72	Unwind@0088aa72
0088AA89	Unwind@0088aa89
0088AAA0	Unwind@0088aaa0
0088AAAB	Unwind@0088aaab
0088AAB6	Unwind@0088aab6
0088AAC1	Unwind@0088aac1
0088AACC	Unwind@0088aacc
0088AAD7	Unwind@0088aad7
0088AAE2	Unwind@0088aae2
0088AAED	Unwind@0088aaed
0088AAF8	Unwind@0088aaf8
0088AB03	Unwind@0088ab03
0088AB0E	Unwind@0088ab0e
0088AB19	Unwind@0088ab19
0088AB24	Unwind@0088ab24
0088AB2F	Unwind@0088ab2f
0088AB3A	Unwind@0088ab3a
0088AB45	Unwind@0088ab45
0088AB50	Unwind@0088ab50
0088AB5B	Unwind@0088ab5b
0088AB66	Unwind@0088ab66
0088AB71	Unwind@0088ab71
0088AB7C	Unwind@0088ab7c
0088AB87	Unwind@0088ab87
0088AB92	Unwind@0088ab92
0088AB9D	Unwind@0088ab9d
0088ABA5	Unwind@0088aba5
0088ABAD	Unwind@0088abad
0088ABBF	Unwind@0088abbf
0088ABCA	Unwind@0088abca
0088ABD5	Unwind@0088abd5
0088ABE0	Unwind@0088abe0
0088ABEB	Unwind@0088abeb
0088ABF6	Unwind@0088abf6
0088AC01	Unwind@0088ac01
0088AC0C	Unwind@0088ac0c
0088AC17	Unwind@0088ac17
0088AC22	Unwind@0088ac22
0088AC2D	Unwind@0088ac2d
0088AC38	Unwind@0088ac38
0088AC43	Unwind@0088ac43
0088AC4E	Unwind@0088ac4e
0088AC59	Unwind@0088ac59
0088AC64	Unwind@0088ac64
0088AC6F	Unwind@0088ac6f
0088AC7A	Unwind@0088ac7a
0088AC85	Unwind@0088ac85
0088AC90	Unwind@0088ac90
0088AC9B	Unwind@0088ac9b
0088ACA6	Unwind@0088aca6
0088ACB1	Unwind@0088acb1
0088ACBC	Unwind@0088acbc
0088ACD1	Unwind@0088acd1
0088ACDC	Unwind@0088acdc
0088ACE4	Unwind@0088ace4
0088ACEC	Unwind@0088acec
0088ACF4	Unwind@0088acf4
0088ACFC	Unwind@0088acfc
0088AD07	Unwind@0088ad07
0088AD0F	Unwind@0088ad0f
0088AD1A	Unwind@0088ad1a
0088AD25	Unwind@0088ad25
0088AD30	Unwind@0088ad30
0088AD3B	Unwind@0088ad3b
0088AD43	Unwind@0088ad43
0088AD4B	Unwind@0088ad4b
0088AD53	Unwind@0088ad53
0088AD5E	Unwind@0088ad5e
0088AD69	Unwind@0088ad69
0088AD74	Unwind@0088ad74
0088AD7F	Unwind@0088ad7f
0088AD8A	Unwind@0088ad8a
0088AD95	Unwind@0088ad95
0088ADA0	Unwind@0088ada0
0088ADAB	Unwind@0088adab
0088ADB3	Unwind@0088adb3
0088ADBE	Unwind@0088adbe
0088ADC9	Unwind@0088adc9
0088ADD4	Unwind@0088add4
0088ADDF	Unwind@0088addf
0088ADEA	Unwind@0088adea
0088ADF5	Unwind@0088adf5
0088AE00	Unwind@0088ae00
0088AE0B	Unwind@0088ae0b
0088AE16	Unwind@0088ae16
0088AE21	Unwind@0088ae21
0088AE2C	Unwind@0088ae2c
0088AE37	Unwind@0088ae37
0088AE42	Unwind@0088ae42
0088AE4D	Unwind@0088ae4d
0088AE58	Unwind@0088ae58
0088AE63	Unwind@0088ae63
0088AE6B	Unwind@0088ae6b
0088AE76	Unwind@0088ae76
0088AE81	Unwind@0088ae81
0088AE89	Unwind@0088ae89
0088AE91	Unwind@0088ae91
0088AE99	Unwind@0088ae99
0088AEA4	Unwind@0088aea4
0088AEAF	Unwind@0088aeaf
0088AEBA	Unwind@0088aeba
0088AEC5	Unwind@0088aec5
0088AED0	Unwind@0088aed0
0088AEDB	Unwind@0088aedb
0088AEE6	Unwind@0088aee6
0088AEF1	Unwind@0088aef1
0088AEFC	Unwind@0088aefc
0088AF07	Unwind@0088af07
0088AF12	Unwind@0088af12
0088AF1D	Unwind@0088af1d
0088AF28	Unwind@0088af28
0088AF33	Unwind@0088af33
0088AF3E	Unwind@0088af3e
0088AF49	Unwind@0088af49
0088AF54	Unwind@0088af54
0088AF5F	Unwind@0088af5f
0088AF6A	Unwind@0088af6a
0088AF75	Unwind@0088af75
0088AF80	Unwind@0088af80
0088AF8B	Unwind@0088af8b
0088AF96	Unwind@0088af96
0088AFA1	Unwind@0088afa1
0088AFAC	Unwind@0088afac
0088AFB7	Unwind@0088afb7
0088AFC2	Unwind@0088afc2
0088AFCD	Unwind@0088afcd
0088AFD8	Unwind@0088afd8
0088AFE3	Unwind@0088afe3
0088AFEE	Unwind@0088afee
0088AFF9	Unwind@0088aff9
0088B004	Unwind@0088b004
0088B00F	Unwind@0088b00f
0088B01A	Unwind@0088b01a
0088B025	Unwind@0088b025
0088B030	Unwind@0088b030
0088B03B	Unwind@0088b03b
0088B046	Unwind@0088b046
0088B051	Unwind@0088b051
0088B05C	Unwind@0088b05c
0088B067	Unwind@0088b067
0088B072	Unwind@0088b072
0088B07D	Unwind@0088b07d
0088B088	Unwind@0088b088
0088B093	Unwind@0088b093
0088B09E	Unwind@0088b09e
0088B0A9	Unwind@0088b0a9
0088B0B4	Unwind@0088b0b4
0088B0BF	Unwind@0088b0bf
0088B0CA	Unwind@0088b0ca
0088B0D5	Unwind@0088b0d5
0088B0E0	Unwind@0088b0e0
0088B0EB	Unwind@0088b0eb
0088B0F6	Unwind@0088b0f6
0088B101	Unwind@0088b101
0088B10C	Unwind@0088b10c
0088B117	Unwind@0088b117
0088B122	Unwind@0088b122
0088B12D	Unwind@0088b12d
0088B138	Unwind@0088b138
0088B143	Unwind@0088b143
0088B14E	Unwind@0088b14e
0088B159	Unwind@0088b159
0088B164	Unwind@0088b164
0088B16F	Unwind@0088b16f
0088B17A	Unwind@0088b17a
0088B185	Unwind@0088b185
0088B190	Unwind@0088b190
0088B19B	Unwind@0088b19b
0088B1A6	Unwind@0088b1a6
0088B1B1	Unwind@0088b1b1
0088B1BC	Unwind@0088b1bc
0088B1C7	Unwind@0088b1c7
0088B1D2	Unwind@0088b1d2
0088B1DD	Unwind@0088b1dd
0088B1E8	Unwind@0088b1e8
0088B1F3	Unwind@0088b1f3
0088B1FE	Unwind@0088b1fe
0088B209	Unwind@0088b209
0088B214	Unwind@0088b214
0088B21F	Unwind@0088b21f
0088B22A	Unwind@0088b22a
0088B235	Unwind@0088b235
0088B240	Unwind@0088b240
0088B24B	Unwind@0088b24b
0088B256	Unwind@0088b256
0088B261	Unwind@0088b261
0088B26C	Unwind@0088b26c
0088B277	Unwind@0088b277
0088B282	Unwind@0088b282
0088B28D	Unwind@0088b28d
0088B298	Unwind@0088b298
0088B2A3	Unwind@0088b2a3
0088B2AE	Unwind@0088b2ae
0088B2B9	Unwind@0088b2b9
0088B2C4	Unwind@0088b2c4
0088B2CF	Unwind@0088b2cf
0088B2DA	Unwind@0088b2da
0088B2E5	Unwind@0088b2e5
0088B2F0	Unwind@0088b2f0
0088B2FB	Unwind@0088b2fb
0088B306	Unwind@0088b306
0088B311	Unwind@0088b311
0088B31C	Unwind@0088b31c
0088B327	Unwind@0088b327
0088B332	Unwind@0088b332
0088B33D	Unwind@0088b33d
0088B345	Unwind@0088b345
0088B350	Unwind@0088b350
0088B35B	Unwind@0088b35b
0088B366	Unwind@0088b366
0088B371	Unwind@0088b371
0088B37C	Unwind@0088b37c
0088B387	Unwind@0088b387
0088B392	Unwind@0088b392
0088B39D	Unwind@0088b39d
0088B3A8	Unwind@0088b3a8
0088B3B3	Unwind@0088b3b3
0088B3BE	Unwind@0088b3be
0088B3C9	Unwind@0088b3c9
0088B3D4	Unwind@0088b3d4
0088B3DF	Unwind@0088b3df
0088B3EA	Unwind@0088b3ea
0088B3F5	Unwind@0088b3f5
0088B400	Unwind@0088b400
0088B40B	Unwind@0088b40b
0088B416	Unwind@0088b416
0088B421	Unwind@0088b421
0088B42C	Unwind@0088b42c
0088B437	Unwind@0088b437
0088B442	Unwind@0088b442
0088B44D	Unwind@0088b44d
0088B458	Unwind@0088b458
0088B463	Unwind@0088b463
0088B46E	Unwind@0088b46e
0088B479	Unwind@0088b479
0088B484	Unwind@0088b484
0088B48F	Unwind@0088b48f
0088B49A	Unwind@0088b49a
0088B4A5	Unwind@0088b4a5
0088B4B0	Unwind@0088b4b0
0088B4BB	Unwind@0088b4bb
0088B4C6	Unwind@0088b4c6
0088B4D1	Unwind@0088b4d1
0088B4DC	Unwind@0088b4dc
0088B4E7	Unwind@0088b4e7
0088B4F2	Unwind@0088b4f2
0088B4FD	Unwind@0088b4fd
0088B508	Unwind@0088b508
0088B513	Unwind@0088b513
0088B51E	Unwind@0088b51e
0088B529	Unwind@0088b529
0088B534	Unwind@0088b534
0088B53F	Unwind@0088b53f
0088B54A	Unwind@0088b54a
0088B55F	Unwind@0088b55f
0088B56A	Unwind@0088b56a
0088B575	Unwind@0088b575
0088B580	Unwind@0088b580
0088B58B	Unwind@0088b58b
0088B593	Unwind@0088b593
0088B59E	Unwind@0088b59e
0088B5A9	Unwind@0088b5a9
0088B5B4	Unwind@0088b5b4
0088B5BF	Unwind@0088b5bf
0088B5C7	Unwind@0088b5c7
0088B5D2	Unwind@0088b5d2
0088B5DD	Unwind@0088b5dd
0088B5E8	Unwind@0088b5e8
0088B5F3	Unwind@0088b5f3
0088B5FE	Unwind@0088b5fe
0088B60C	Unwind@0088b60c
0088B61A	Unwind@0088b61a
0088B628	Unwind@0088b628
0088B633	Unwind@0088b633
0088B641	Unwind@0088b641
0088B64C	Unwind@0088b64c
0088B654	Unwind@0088b654
0088B666	Unwind@0088b666
0088B671	Unwind@0088b671
0088B67C	Unwind@0088b67c
0088B687	Unwind@0088b687
0088B692	Unwind@0088b692
0088B69D	Unwind@0088b69d
0088B6B2	Unwind@0088b6b2
0088B6BD	Unwind@0088b6bd
0088B6C8	Unwind@0088b6c8
0088B6D3	Unwind@0088b6d3
0088B6DE	Unwind@0088b6de
0088B6E9	Unwind@0088b6e9
0088B6F4	Unwind@0088b6f4
0088B6FF	Unwind@0088b6ff
0088B70A	Unwind@0088b70a
0088B715	Unwind@0088b715
0088B720	Unwind@0088b720
0088B72B	Unwind@0088b72b
0088B736	Unwind@0088b736
0088B741	Unwind@0088b741
0088B74C	Unwind@0088b74c
0088B757	Unwind@0088b757
0088B762	Unwind@0088b762
0088B76D	Unwind@0088b76d
0088B778	Unwind@0088b778
0088B783	Unwind@0088b783
0088B78E	Unwind@0088b78e
0088B799	Unwind@0088b799
0088B7A4	Unwind@0088b7a4
0088B7AF	Unwind@0088b7af
0088B7BA	Unwind@0088b7ba
0088B7C5	Unwind@0088b7c5
0088B7D0	Unwind@0088b7d0
0088B7DB	Unwind@0088b7db
0088B7E6	Unwind@0088b7e6
0088B7F1	Unwind@0088b7f1
0088B7FC	Unwind@0088b7fc
0088B807	Unwind@0088b807
0088B812	Unwind@0088b812
0088B81D	Unwind@0088b81d
0088B828	Unwind@0088b828
0088B833	Unwind@0088b833
0088B83E	Unwind@0088b83e
0088B849	Unwind@0088b849
0088B854	Unwind@0088b854
0088B85F	Unwind@0088b85f
0088B86A	Unwind@0088b86a
0088B875	Unwind@0088b875
0088B880	Unwind@0088b880
0088B88B	Unwind@0088b88b
0088B896	Unwind@0088b896
0088B8A1	Unwind@0088b8a1
0088B8AC	Unwind@0088b8ac
0088B8B7	Unwind@0088b8b7
0088B8C2	Unwind@0088b8c2
0088B8CD	Unwind@0088b8cd
0088B8D8	Unwind@0088b8d8
0088B8E3	Unwind@0088b8e3
0088B8EE	Unwind@0088b8ee
0088B8F9	Unwind@0088b8f9
0088B904	Unwind@0088b904
0088B90F	Unwind@0088b90f
0088B91A	Unwind@0088b91a
0088B925	Unwind@0088b925
0088B930	Unwind@0088b930
0088B93B	Unwind@0088b93b
0088B949	Unwind@0088b949
0088B954	Unwind@0088b954
0088B95F	Unwind@0088b95f
0088B96A	Unwind@0088b96a
0088B975	Unwind@0088b975
0088B980	Unwind@0088b980
0088B98B	Unwind@0088b98b
0088B996	Unwind@0088b996
0088B9A1	Unwind@0088b9a1
0088B9AC	Unwind@0088b9ac
0088B9BA	Unwind@0088b9ba
0088B9C8	Unwind@0088b9c8
0088B9D6	Unwind@0088b9d6
0088B9E1	Unwind@0088b9e1
0088B9EC	Unwind@0088b9ec
0088B9F7	Unwind@0088b9f7
0088BA02	Unwind@0088ba02
0088BA0D	Unwind@0088ba0d
0088BA18	Unwind@0088ba18
0088BA23	Unwind@0088ba23
0088BA2E	Unwind@0088ba2e
0088BA39	Unwind@0088ba39
0088BA44	Unwind@0088ba44
0088BA4F	Unwind@0088ba4f
0088BA5A	Unwind@0088ba5a
0088BA65	Unwind@0088ba65
0088BA70	Unwind@0088ba70
0088BA7B	Unwind@0088ba7b
0088BA90	Unwind@0088ba90
0088BAC0	Unwind@0088bac0
0088BAC8	Unwind@0088bac8
0088BAD0	Unwind@0088bad0
0088BAD8	Unwind@0088bad8
0088BAF0	Unwind@0088baf0
0088BAF8	Unwind@0088baf8
0088BB00	Unwind@0088bb00
0088BB08	Unwind@0088bb08
0088BB10	Unwind@0088bb10
0088BB18	Unwind@0088bb18
0088BB20	Unwind@0088bb20
0088BB28	Unwind@0088bb28
0088BB30	Unwind@0088bb30
0088BB38	Unwind@0088bb38
0088BB40	Unwind@0088bb40
0088BB48	Unwind@0088bb48
0088BB50	Unwind@0088bb50
0088BB58	Unwind@0088bb58
0088BB60	Unwind@0088bb60
0088BB68	Unwind@0088bb68
0088BB70	Unwind@0088bb70
0088BB78	Unwind@0088bb78
0088BB80	Unwind@0088bb80
0088BB88	Unwind@0088bb88
0088BB90	Unwind@0088bb90
0088BB98	Unwind@0088bb98
0088BBA0	Unwind@0088bba0
0088BBA8	Unwind@0088bba8
0088BBB0	Unwind@0088bbb0
0088BBB8	Unwind@0088bbb8
0088BBD9	Unwind@0088bbd9
0088BBE1	Unwind@0088bbe1
0088BBE9	Unwind@0088bbe9
0088BBF1	Unwind@0088bbf1
0088BBF9	Unwind@0088bbf9
0088BC01	Unwind@0088bc01
0088BC09	Unwind@0088bc09
0088BC11	Unwind@0088bc11
0088BC19	Unwind@0088bc19
0088BC21	Unwind@0088bc21
0088BC29	Unwind@0088bc29
0088BC31	Unwind@0088bc31
0088BC39	Unwind@0088bc39
0088BC41	Unwind@0088bc41
0088BC49	Unwind@0088bc49
0088BC51	Unwind@0088bc51
0088BC59	Unwind@0088bc59
0088BC61	Unwind@0088bc61
0088BC69	Unwind@0088bc69
0088BC71	Unwind@0088bc71
0088BC79	Unwind@0088bc79
0088BC81	Unwind@0088bc81
0088BC89	Unwind@0088bc89
0088BC91	Unwind@0088bc91
0088BC99	Unwind@0088bc99
0088BCA1	Unwind@0088bca1
0088BCC2	Unwind@0088bcc2
0088BCCA	Unwind@0088bcca
0088BCD2	Unwind@0088bcd2
0088BCDA	Unwind@0088bcda
0088BCF1	Unwind@0088bcf1
0088BD08	Unwind@0088bd08
0088BD10	Unwind@0088bd10
0088BD31	Unwind@0088bd31
0088BD39	Unwind@0088bd39
0088BD41	Unwind@0088bd41
0088BD49	Unwind@0088bd49
0088BD51	Unwind@0088bd51
0088BD59	Unwind@0088bd59
0088BD61	Unwind@0088bd61
0088BD69	Unwind@0088bd69
0088BD71	Unwind@0088bd71
0088BD79	Unwind@0088bd79
0088BD81	Unwind@0088bd81
0088BD89	Unwind@0088bd89
0088BD91	Unwind@0088bd91
0088BD99	Unwind@0088bd99
0088BDA1	Unwind@0088bda1
0088BDA9	Unwind@0088bda9
0088BDBB	Unwind@0088bdbb
0088BDC3	Unwind@0088bdc3
0088BDCB	Unwind@0088bdcb
0088BDD3	Unwind@0088bdd3
0088BDEA	Unwind@0088bdea
0088BE01	Unwind@0088be01
0088BE09	Unwind@0088be09
0088BE2A	Unwind@0088be2a
0088BE32	Unwind@0088be32
0088BE3A	Unwind@0088be3a
0088BE42	Unwind@0088be42
0088BE4A	Unwind@0088be4a
0088BE52	Unwind@0088be52
0088BE5A	Unwind@0088be5a
0088BE62	Unwind@0088be62
0088BE6A	Unwind@0088be6a
0088BE72	Unwind@0088be72
0088BE7A	Unwind@0088be7a
0088BE82	Unwind@0088be82
0088BE8A	Unwind@0088be8a
0088BE92	Unwind@0088be92
0088BE9A	Unwind@0088be9a
0088BEA2	Unwind@0088bea2
0088BEB4	Unwind@0088beb4
0088BEBC	Unwind@0088bebc
0088BEC4	Unwind@0088bec4
0088BECC	Unwind@0088becc
0088BED4	Unwind@0088bed4
0088BEDC	Unwind@0088bedc
0088BEE4	Unwind@0088bee4
0088BEEC	Unwind@0088beec
0088BEF4	Unwind@0088bef4
0088BF0B	Unwind@0088bf0b
0088BF1D	Unwind@0088bf1d
0088BF25	Unwind@0088bf25
0088BF2D	Unwind@0088bf2d
0088BF35	Unwind@0088bf35
0088BF3D	Unwind@0088bf3d
0088BF45	Unwind@0088bf45
0088BF4D	Unwind@0088bf4d
0088BF55	Unwind@0088bf55
0088BF5D	Unwind@0088bf5d
0088BF74	Unwind@0088bf74
0088BF86	Unwind@0088bf86
0088BF8E	Unwind@0088bf8e
0088BF96	Unwind@0088bf96
0088BF9E	Unwind@0088bf9e
0088BFA6	Unwind@0088bfa6
0088BFAE	Unwind@0088bfae
0088BFB6	Unwind@0088bfb6
0088BFBE	Unwind@0088bfbe
0088BFC6	Unwind@0088bfc6
0088BFCE	Unwind@0088bfce
0088BFD6	Unwind@0088bfd6
0088BFDE	Unwind@0088bfde
0088BFE6	Unwind@0088bfe6
0088BFEE	Unwind@0088bfee
0088BFF6	Unwind@0088bff6
0088BFFE	Unwind@0088bffe
0088C006	Unwind@0088c006
0088C00E	Unwind@0088c00e
0088C016	Unwind@0088c016
0088C028	Unwind@0088c028
0088C030	Unwind@0088c030
0088C038	Unwind@0088c038
0088C040	Unwind@0088c040
0088C048	Unwind@0088c048
0088C050	Unwind@0088c050
0088C058	Unwind@0088c058
0088C060	Unwind@0088c060
0088C068	Unwind@0088c068
0088C070	Unwind@0088c070
0088C078	Unwind@0088c078
0088C080	Unwind@0088c080
0088C088	Unwind@0088c088
0088C090	Unwind@0088c090
0088C098	Unwind@0088c098
0088C0AA	Unwind@0088c0aa
0088C0B2	Unwind@0088c0b2
0088C0BA	Unwind@0088c0ba
0088C0C2	Unwind@0088c0c2
0088C0CA	Unwind@0088c0ca
0088C0D2	Unwind@0088c0d2
0088C0DA	Unwind@0088c0da
0088C0E2	Unwind@0088c0e2
0088C0EA	Unwind@0088c0ea
0088C0F2	Unwind@0088c0f2
0088C0FA	Unwind@0088c0fa
0088C102	Unwind@0088c102
0088C10A	Unwind@0088c10a
0088C112	Unwind@0088c112
0088C11A	Unwind@0088c11a
0088C12C	Unwind@0088c12c
0088C134	Unwind@0088c134
0088C13C	Unwind@0088c13c
0088C144	Unwind@0088c144
0088C14C	Unwind@0088c14c
0088C154	Unwind@0088c154
0088C15C	Unwind@0088c15c
0088C164	Unwind@0088c164
0088C16C	Unwind@0088c16c
0088C174	Unwind@0088c174
0088C17C	Unwind@0088c17c
0088C184	Unwind@0088c184
0088C18C	Unwind@0088c18c
0088C194	Unwind@0088c194
0088C19C	Unwind@0088c19c
0088C1AE	Unwind@0088c1ae
0088C1B6	Unwind@0088c1b6
0088C1BE	Unwind@0088c1be
0088C1C6	Unwind@0088c1c6
0088C1CE	Unwind@0088c1ce
0088C1D6	Unwind@0088c1d6
0088C1DE	Unwind@0088c1de
0088C1E6	Unwind@0088c1e6
0088C1EE	Unwind@0088c1ee
0088C1F6	Unwind@0088c1f6
0088C1FE	Unwind@0088c1fe
0088C206	Unwind@0088c206
0088C20E	Unwind@0088c20e
0088C216	Unwind@0088c216
0088C21E	Unwind@0088c21e
0088C230	Unwind@0088c230
0088C238	Unwind@0088c238
0088C240	Unwind@0088c240
0088C248	Unwind@0088c248
0088C250	Unwind@0088c250
0088C258	Unwind@0088c258
0088C260	Unwind@0088c260
0088C268	Unwind@0088c268
0088C270	Unwind@0088c270
0088C278	Unwind@0088c278
0088C280	Unwind@0088c280
0088C288	Unwind@0088c288
0088C290	Unwind@0088c290
0088C298	Unwind@0088c298
0088C2A0	Unwind@0088c2a0
0088C2B2	Unwind@0088c2b2
0088C2BA	Unwind@0088c2ba
0088C2C2	Unwind@0088c2c2
0088C2CA	Unwind@0088c2ca
0088C2D2	Unwind@0088c2d2
0088C2DA	Unwind@0088c2da
0088C2E2	Unwind@0088c2e2
0088C2EA	Unwind@0088c2ea
0088C2F2	Unwind@0088c2f2
0088C2FA	Unwind@0088c2fa
0088C302	Unwind@0088c302
0088C30A	Unwind@0088c30a
0088C312	Unwind@0088c312
0088C31A	Unwind@0088c31a
0088C322	Unwind@0088c322
0088C334	Unwind@0088c334
0088C33C	Unwind@0088c33c
0088C344	Unwind@0088c344
0088C34C	Unwind@0088c34c
0088C354	Unwind@0088c354
0088C35C	Unwind@0088c35c
0088C364	Unwind@0088c364
0088C36C	Unwind@0088c36c
0088C374	Unwind@0088c374
0088C386	Unwind@0088c386
0088C38E	Unwind@0088c38e
0088C396	Unwind@0088c396
0088C39E	Unwind@0088c39e
0088C3A6	Unwind@0088c3a6
0088C3AE	Unwind@0088c3ae
0088C3B6	Unwind@0088c3b6
0088C3BE	Unwind@0088c3be
0088C3C6	Unwind@0088c3c6
0088C3D8	Unwind@0088c3d8
0088C3E0	Unwind@0088c3e0
0088C3E8	Unwind@0088c3e8
0088C3F0	Unwind@0088c3f0
0088C3F8	Unwind@0088c3f8
0088C400	Unwind@0088c400
0088C408	Unwind@0088c408
0088C410	Unwind@0088c410
0088C418	Unwind@0088c418
0088C42A	Unwind@0088c42a
0088C432	Unwind@0088c432
0088C43A	Unwind@0088c43a
0088C442	Unwind@0088c442
0088C44A	Unwind@0088c44a
0088C452	Unwind@0088c452
0088C45A	Unwind@0088c45a
0088C462	Unwind@0088c462
0088C46A	Unwind@0088c46a
0088C47C	Unwind@0088c47c
0088C484	Unwind@0088c484
0088C48C	Unwind@0088c48c
0088C494	Unwind@0088c494
0088C49C	Unwind@0088c49c
0088C4A4	Unwind@0088c4a4
0088C4AC	Unwind@0088c4ac
0088C4B4	Unwind@0088c4b4
0088C4BC	Unwind@0088c4bc
0088C4C4	Unwind@0088c4c4
0088C4CC	Unwind@0088c4cc
0088C4D4	Unwind@0088c4d4
0088C4DC	Unwind@0088c4dc
0088C4E4	Unwind@0088c4e4
0088C4EC	Unwind@0088c4ec
0088C4FE	Unwind@0088c4fe
0088C506	Unwind@0088c506
0088C50E	Unwind@0088c50e
0088C516	Unwind@0088c516
0088C51E	Unwind@0088c51e
0088C526	Unwind@0088c526
0088C52E	Unwind@0088c52e
0088C536	Unwind@0088c536
0088C53E	Unwind@0088c53e
0088C546	Unwind@0088c546
0088C54E	Unwind@0088c54e
0088C556	Unwind@0088c556
0088C55E	Unwind@0088c55e
0088C566	Unwind@0088c566
0088C56E	Unwind@0088c56e
0088C580	Unwind@0088c580
0088C588	Unwind@0088c588
0088C590	Unwind@0088c590
0088C598	Unwind@0088c598
0088C5A0	Unwind@0088c5a0
0088C5A8	Unwind@0088c5a8
0088C5B0	Unwind@0088c5b0
0088C5B8	Unwind@0088c5b8
0088C5C0	Unwind@0088c5c0
0088C5C8	Unwind@0088c5c8
0088C5D0	Unwind@0088c5d0
0088C5D8	Unwind@0088c5d8
0088C5E0	Unwind@0088c5e0
0088C5E8	Unwind@0088c5e8
0088C5F0	Unwind@0088c5f0
0088C602	Unwind@0088c602
0088C60A	Unwind@0088c60a
0088C612	Unwind@0088c612
0088C61A	Unwind@0088c61a
0088C622	Unwind@0088c622
0088C62A	Unwind@0088c62a
0088C632	Unwind@0088c632
0088C63A	Unwind@0088c63a
0088C642	Unwind@0088c642
0088C654	Unwind@0088c654
0088C65C	Unwind@0088c65c
0088C664	Unwind@0088c664
0088C66C	Unwind@0088c66c
0088C674	Unwind@0088c674
0088C67C	Unwind@0088c67c
0088C684	Unwind@0088c684
0088C68C	Unwind@0088c68c
0088C694	Unwind@0088c694
0088C69C	Unwind@0088c69c
0088C6A4	Unwind@0088c6a4
0088C6AC	Unwind@0088c6ac
0088C6B4	Unwind@0088c6b4
0088C6C6	Unwind@0088c6c6
0088C6CE	Unwind@0088c6ce
0088C6D6	Unwind@0088c6d6
0088C6DE	Unwind@0088c6de
0088C6E6	Unwind@0088c6e6
0088C6EE	Unwind@0088c6ee
0088C6F6	Unwind@0088c6f6
0088C6FE	Unwind@0088c6fe
0088C706	Unwind@0088c706
0088C70E	Unwind@0088c70e
0088C716	Unwind@0088c716
0088C71E	Unwind@0088c71e
0088C726	Unwind@0088c726
0088C72E	Unwind@0088c72e
0088C736	Unwind@0088c736
0088C748	Unwind@0088c748
0088C750	Unwind@0088c750
0088C758	Unwind@0088c758
0088C760	Unwind@0088c760
0088C768	Unwind@0088c768
0088C770	Unwind@0088c770
0088C778	Unwind@0088c778
0088C780	Unwind@0088c780
0088C788	Unwind@0088c788
0088C790	Unwind@0088c790
0088C798	Unwind@0088c798
0088C7A0	Unwind@0088c7a0
0088C7A8	Unwind@0088c7a8
0088C7B0	Unwind@0088c7b0
0088C7B8	Unwind@0088c7b8
0088C7CA	Unwind@0088c7ca
0088C7D2	Unwind@0088c7d2
0088C7DA	Unwind@0088c7da
0088C7E2	Unwind@0088c7e2
0088C7EA	Unwind@0088c7ea
0088C7F2	Unwind@0088c7f2
0088C7FA	Unwind@0088c7fa
0088C802	Unwind@0088c802
0088C80A	Unwind@0088c80a
0088C812	Unwind@0088c812
0088C81A	Unwind@0088c81a
0088C822	Unwind@0088c822
0088C82A	Unwind@0088c82a
0088C832	Unwind@0088c832
0088C83A	Unwind@0088c83a
0088C84C	Unwind@0088c84c
0088C854	Unwind@0088c854
0088C85C	Unwind@0088c85c
0088C864	Unwind@0088c864
0088C86C	Unwind@0088c86c
0088C874	Unwind@0088c874
0088C87C	Unwind@0088c87c
0088C884	Unwind@0088c884
0088C88C	Unwind@0088c88c
0088C89E	Unwind@0088c89e
0088C8A6	Unwind@0088c8a6
0088C8AE	Unwind@0088c8ae
0088C8B6	Unwind@0088c8b6
0088C8BE	Unwind@0088c8be
0088C8C6	Unwind@0088c8c6
0088C8CE	Unwind@0088c8ce
0088C8D6	Unwind@0088c8d6
0088C8DE	Unwind@0088c8de
0088C8E6	Unwind@0088c8e6
0088C8EE	Unwind@0088c8ee
0088C8F6	Unwind@0088c8f6
0088C8FE	Unwind@0088c8fe
0088C906	Unwind@0088c906
0088C90E	Unwind@0088c90e
0088C920	Unwind@0088c920
0088C928	Unwind@0088c928
0088C930	Unwind@0088c930
0088C938	Unwind@0088c938
0088C940	Unwind@0088c940
0088C948	Unwind@0088c948
0088C950	Unwind@0088c950
0088C958	Unwind@0088c958
0088C960	Unwind@0088c960
0088C972	Unwind@0088c972
0088C97A	Unwind@0088c97a
0088C982	Unwind@0088c982
0088C98A	Unwind@0088c98a
0088C992	Unwind@0088c992
0088C99A	Unwind@0088c99a
0088C9A2	Unwind@0088c9a2
0088C9AA	Unwind@0088c9aa
0088C9B2	Unwind@0088c9b2
0088C9BA	Unwind@0088c9ba
0088C9C2	Unwind@0088c9c2
0088C9CA	Unwind@0088c9ca
0088C9D2	Unwind@0088c9d2
0088C9DA	Unwind@0088c9da
0088C9E2	Unwind@0088c9e2
0088C9F4	Unwind@0088c9f4
0088C9FC	Unwind@0088c9fc
0088CA04	Unwind@0088ca04
0088CA0C	Unwind@0088ca0c
0088CA14	Unwind@0088ca14
0088CA1C	Unwind@0088ca1c
0088CA24	Unwind@0088ca24
0088CA2C	Unwind@0088ca2c
0088CA34	Unwind@0088ca34
0088CA3C	Unwind@0088ca3c
0088CA44	Unwind@0088ca44
0088CA4C	Unwind@0088ca4c
0088CA54	Unwind@0088ca54
0088CA5C	Unwind@0088ca5c
0088CA64	Unwind@0088ca64
0088CA76	Unwind@0088ca76
0088CA7E	Unwind@0088ca7e
0088CA86	Unwind@0088ca86
0088CA8E	Unwind@0088ca8e
0088CA96	Unwind@0088ca96
0088CA9E	Unwind@0088ca9e
0088CAA6	Unwind@0088caa6
0088CAAE	Unwind@0088caae
0088CAB6	Unwind@0088cab6
0088CABE	Unwind@0088cabe
0088CAC6	Unwind@0088cac6
0088CACE	Unwind@0088cace
0088CAD6	Unwind@0088cad6
0088CADE	Unwind@0088cade
0088CAE6	Unwind@0088cae6
0088CAF8	Unwind@0088caf8
0088CB00	Unwind@0088cb00
0088CB08	Unwind@0088cb08
0088CB10	Unwind@0088cb10
0088CB18	Unwind@0088cb18
0088CB20	Unwind@0088cb20
0088CB28	Unwind@0088cb28
0088CB30	Unwind@0088cb30
0088CB38	Unwind@0088cb38
0088CB40	Unwind@0088cb40
0088CB48	Unwind@0088cb48
0088CB50	Unwind@0088cb50
0088CB58	Unwind@0088cb58
0088CB60	Unwind@0088cb60
0088CB68	Unwind@0088cb68
0088CB7A	Unwind@0088cb7a
0088CB82	Unwind@0088cb82
0088CB8A	Unwind@0088cb8a
0088CB92	Unwind@0088cb92
0088CB9A	Unwind@0088cb9a
0088CBA2	Unwind@0088cba2
0088CBAA	Unwind@0088cbaa
0088CBB2	Unwind@0088cbb2
0088CBBA	Unwind@0088cbba
0088CBC2	Unwind@0088cbc2
0088CBCA	Unwind@0088cbca
0088CBD2	Unwind@0088cbd2
0088CBDA	Unwind@0088cbda
0088CBE2	Unwind@0088cbe2
0088CBEA	Unwind@0088cbea
0088CBFC	Unwind@0088cbfc
0088CC04	Unwind@0088cc04
0088CC0C	Unwind@0088cc0c
0088CC14	Unwind@0088cc14
0088CC1C	Unwind@0088cc1c
0088CC24	Unwind@0088cc24
0088CC2C	Unwind@0088cc2c
0088CC34	Unwind@0088cc34
0088CC3C	Unwind@0088cc3c
0088CC44	Unwind@0088cc44
0088CC4C	Unwind@0088cc4c
0088CC54	Unwind@0088cc54
0088CC5C	Unwind@0088cc5c
0088CC64	Unwind@0088cc64
0088CC6C	Unwind@0088cc6c
0088CC7E	Unwind@0088cc7e
0088CC86	Unwind@0088cc86
0088CC8E	Unwind@0088cc8e
0088CC96	Unwind@0088cc96
0088CC9E	Unwind@0088cc9e
0088CCA6	Unwind@0088cca6
0088CCAE	Unwind@0088ccae
0088CCB6	Unwind@0088ccb6
0088CCBE	Unwind@0088ccbe
0088CCC6	Unwind@0088ccc6
0088CCCE	Unwind@0088ccce
0088CCD6	Unwind@0088ccd6
0088CCDE	Unwind@0088ccde
0088CCE6	Unwind@0088cce6
0088CCEE	Unwind@0088ccee
0088CCF6	Unwind@0088ccf6
0088CD08	Unwind@0088cd08
0088CD10	Unwind@0088cd10
0088CD18	Unwind@0088cd18
0088CD20	Unwind@0088cd20
0088CD28	Unwind@0088cd28
0088CD30	Unwind@0088cd30
0088CD38	Unwind@0088cd38
0088CD40	Unwind@0088cd40
0088CD48	Unwind@0088cd48
0088CD50	Unwind@0088cd50
0088CD58	Unwind@0088cd58
0088CD60	Unwind@0088cd60
0088CD68	Unwind@0088cd68
0088CD70	Unwind@0088cd70
0088CD78	Unwind@0088cd78
0088CD8A	Unwind@0088cd8a
0088CD92	Unwind@0088cd92
0088CD9A	Unwind@0088cd9a
0088CDA2	Unwind@0088cda2
0088CDAA	Unwind@0088cdaa
0088CDB2	Unwind@0088cdb2
0088CDBA	Unwind@0088cdba
0088CDC2	Unwind@0088cdc2
0088CDCA	Unwind@0088cdca
0088CDD2	Unwind@0088cdd2
0088CDDA	Unwind@0088cdda
0088CDE2	Unwind@0088cde2
0088CDEA	Unwind@0088cdea
0088CDF2	Unwind@0088cdf2
0088CDFA	Unwind@0088cdfa
0088CE02	Unwind@0088ce02
0088CE14	Unwind@0088ce14
0088CE1C	Unwind@0088ce1c
0088CE24	Unwind@0088ce24
0088CE2C	Unwind@0088ce2c
0088CE34	Unwind@0088ce34
0088CE3C	Unwind@0088ce3c
0088CE44	Unwind@0088ce44
0088CE4C	Unwind@0088ce4c
0088CE54	Unwind@0088ce54
0088CE5C	Unwind@0088ce5c
0088CE64	Unwind@0088ce64
0088CE6C	Unwind@0088ce6c
0088CE74	Unwind@0088ce74
0088CE7C	Unwind@0088ce7c
0088CE84	Unwind@0088ce84
0088CE96	Unwind@0088ce96
0088CE9E	Unwind@0088ce9e
0088CEA6	Unwind@0088cea6
0088CEAE	Unwind@0088ceae
0088CEB6	Unwind@0088ceb6
0088CEBE	Unwind@0088cebe
0088CEC6	Unwind@0088cec6
0088CECE	Unwind@0088cece
0088CED6	Unwind@0088ced6
0088CEDE	Unwind@0088cede
0088CEE6	Unwind@0088cee6
0088CEEE	Unwind@0088ceee
0088CEF6	Unwind@0088cef6
0088CEFE	Unwind@0088cefe
0088CF06	Unwind@0088cf06
0088CF18	Unwind@0088cf18
0088CF20	Unwind@0088cf20
0088CF28	Unwind@0088cf28
0088CF30	Unwind@0088cf30
0088CF38	Unwind@0088cf38
0088CF40	Unwind@0088cf40
0088CF48	Unwind@0088cf48
0088CF50	Unwind@0088cf50
0088CF58	Unwind@0088cf58
0088CF60	Unwind@0088cf60
0088CF68	Unwind@0088cf68
0088CF70	Unwind@0088cf70
0088CF78	Unwind@0088cf78
0088CF80	Unwind@0088cf80
0088CF88	Unwind@0088cf88
0088CF9A	Unwind@0088cf9a
0088CFA2	Unwind@0088cfa2
0088CFAA	Unwind@0088cfaa
0088CFB2	Unwind@0088cfb2
0088CFBA	Unwind@0088cfba
0088CFC2	Unwind@0088cfc2
0088CFCA	Unwind@0088cfca
0088CFD2	Unwind@0088cfd2
0088CFDA	Unwind@0088cfda
0088CFE2	Unwind@0088cfe2
0088CFEA	Unwind@0088cfea
0088CFF2	Unwind@0088cff2
0088CFFA	Unwind@0088cffa
0088D002	Unwind@0088d002
0088D00A	Unwind@0088d00a
0088D012	Unwind@0088d012
0088D024	Unwind@0088d024
0088D02C	Unwind@0088d02c
0088D034	Unwind@0088d034
0088D03C	Unwind@0088d03c
0088D044	Unwind@0088d044
0088D04C	Unwind@0088d04c
0088D054	Unwind@0088d054
0088D05C	Unwind@0088d05c
0088D064	Unwind@0088d064
0088D06C	Unwind@0088d06c
0088D074	Unwind@0088d074
0088D07C	Unwind@0088d07c
0088D084	Unwind@0088d084
0088D08C	Unwind@0088d08c
0088D094	Unwind@0088d094
0088D0A6	Unwind@0088d0a6
0088D0AE	Unwind@0088d0ae
0088D0B6	Unwind@0088d0b6
0088D0BE	Unwind@0088d0be
0088D0C6	Unwind@0088d0c6
0088D0CE	Unwind@0088d0ce
0088D0D6	Unwind@0088d0d6
0088D0DE	Unwind@0088d0de
0088D0E6	Unwind@0088d0e6
0088D0F8	Unwind@0088d0f8
0088D100	Unwind@0088d100
0088D108	Unwind@0088d108
0088D110	Unwind@0088d110
0088D118	Unwind@0088d118
0088D120	Unwind@0088d120
0088D128	Unwind@0088d128
0088D130	Unwind@0088d130
0088D138	Unwind@0088d138
0088D140	Unwind@0088d140
0088D148	Unwind@0088d148
0088D150	Unwind@0088d150
0088D158	Unwind@0088d158
0088D160	Unwind@0088d160
0088D168	Unwind@0088d168
0088D17A	Unwind@0088d17a
0088D182	Unwind@0088d182
0088D18A	Unwind@0088d18a
0088D192	Unwind@0088d192
0088D19A	Unwind@0088d19a
0088D1A2	Unwind@0088d1a2
0088D1AA	Unwind@0088d1aa
0088D1B2	Unwind@0088d1b2
0088D1BA	Unwind@0088d1ba
0088D1C2	Unwind@0088d1c2
0088D1CA	Unwind@0088d1ca
0088D1D2	Unwind@0088d1d2
0088D1DA	Unwind@0088d1da
0088D1E2	Unwind@0088d1e2
0088D1EA	Unwind@0088d1ea
0088D1FC	Unwind@0088d1fc
0088D204	Unwind@0088d204
0088D20C	Unwind@0088d20c
0088D214	Unwind@0088d214
0088D21C	Unwind@0088d21c
0088D224	Unwind@0088d224
0088D22C	Unwind@0088d22c
0088D234	Unwind@0088d234
0088D23C	Unwind@0088d23c
0088D244	Unwind@0088d244
0088D24C	Unwind@0088d24c
0088D254	Unwind@0088d254
0088D25C	Unwind@0088d25c
0088D264	Unwind@0088d264
0088D26C	Unwind@0088d26c
0088D27E	Unwind@0088d27e
0088D286	Unwind@0088d286
0088D28E	Unwind@0088d28e
0088D296	Unwind@0088d296
0088D29E	Unwind@0088d29e
0088D2A6	Unwind@0088d2a6
0088D2AE	Unwind@0088d2ae
0088D2B6	Unwind@0088d2b6
0088D2BE	Unwind@0088d2be
0088D2D0	Unwind@0088d2d0
0088D2D8	Unwind@0088d2d8
0088D2E0	Unwind@0088d2e0
0088D2E8	Unwind@0088d2e8
0088D2F0	Unwind@0088d2f0
0088D2F8	Unwind@0088d2f8
0088D300	Unwind@0088d300
0088D308	Unwind@0088d308
0088D310	Unwind@0088d310
0088D318	Unwind@0088d318
0088D320	Unwind@0088d320
0088D328	Unwind@0088d328
0088D330	Unwind@0088d330
0088D338	Unwind@0088d338
0088D340	Unwind@0088d340
0088D352	Unwind@0088d352
0088D35A	Unwind@0088d35a
0088D362	Unwind@0088d362
0088D36A	Unwind@0088d36a
0088D372	Unwind@0088d372
0088D37A	Unwind@0088d37a
0088D382	Unwind@0088d382
0088D38A	Unwind@0088d38a
0088D392	Unwind@0088d392
0088D3A4	Unwind@0088d3a4
0088D3AC	Unwind@0088d3ac
0088D3B4	Unwind@0088d3b4
0088D3BC	Unwind@0088d3bc
0088D3C4	Unwind@0088d3c4
0088D3CC	Unwind@0088d3cc
0088D3D4	Unwind@0088d3d4
0088D3DC	Unwind@0088d3dc
0088D3E4	Unwind@0088d3e4
0088D3EC	Unwind@0088d3ec
0088D3F4	Unwind@0088d3f4
0088D3FC	Unwind@0088d3fc
0088D404	Unwind@0088d404
0088D40C	Unwind@0088d40c
0088D414	Unwind@0088d414
0088D426	Unwind@0088d426
0088D42E	Unwind@0088d42e
0088D436	Unwind@0088d436
0088D43E	Unwind@0088d43e
0088D446	Unwind@0088d446
0088D44E	Unwind@0088d44e
0088D456	Unwind@0088d456
0088D45E	Unwind@0088d45e
0088D466	Unwind@0088d466
0088D46E	Unwind@0088d46e
0088D476	Unwind@0088d476
0088D47E	Unwind@0088d47e
0088D486	Unwind@0088d486
0088D48E	Unwind@0088d48e
0088D496	Unwind@0088d496
0088D4A8	Unwind@0088d4a8
0088D4B0	Unwind@0088d4b0
0088D4B8	Unwind@0088d4b8
0088D4C0	Unwind@0088d4c0
0088D4C8	Unwind@0088d4c8
0088D4D0	Unwind@0088d4d0
0088D4D8	Unwind@0088d4d8
0088D4E0	Unwind@0088d4e0
0088D4E8	Unwind@0088d4e8
0088D4F0	Unwind@0088d4f0
0088D4F8	Unwind@0088d4f8
0088D500	Unwind@0088d500
0088D508	Unwind@0088d508
0088D510	Unwind@0088d510
0088D518	Unwind@0088d518
0088D52A	Unwind@0088d52a
0088D532	Unwind@0088d532
0088D53A	Unwind@0088d53a
0088D542	Unwind@0088d542
0088D54A	Unwind@0088d54a
0088D552	Unwind@0088d552
0088D55A	Unwind@0088d55a
0088D562	Unwind@0088d562
0088D56A	Unwind@0088d56a
0088D572	Unwind@0088d572
0088D57A	Unwind@0088d57a
0088D582	Unwind@0088d582
0088D58A	Unwind@0088d58a
0088D592	Unwind@0088d592
0088D59A	Unwind@0088d59a
0088D5AC	Unwind@0088d5ac
0088D5B4	Unwind@0088d5b4
0088D5BC	Unwind@0088d5bc
0088D5C4	Unwind@0088d5c4
0088D5CC	Unwind@0088d5cc
0088D5D4	Unwind@0088d5d4
0088D5DC	Unwind@0088d5dc
0088D5E4	Unwind@0088d5e4
0088D5EC	Unwind@0088d5ec
0088D5F4	Unwind@0088d5f4
0088D5FC	Unwind@0088d5fc
0088D604	Unwind@0088d604
0088D60C	Unwind@0088d60c
0088D614	Unwind@0088d614
0088D61C	Unwind@0088d61c
0088D62E	Unwind@0088d62e
0088D636	Unwind@0088d636
0088D63E	Unwind@0088d63e
0088D646	Unwind@0088d646
0088D64E	Unwind@0088d64e
0088D656	Unwind@0088d656
0088D66D	Unwind@0088d66d
0088D675	Unwind@0088d675
0088D67D	Unwind@0088d67d
0088D685	Unwind@0088d685
0088D68D	Unwind@0088d68d
0088D695	Unwind@0088d695
0088D69D	Unwind@0088d69d
0088D6A5	Unwind@0088d6a5
0088D6AD	Unwind@0088d6ad
0088D6B5	Unwind@0088d6b5
0088D6BD	Unwind@0088d6bd
0088D6C5	Unwind@0088d6c5
0088D6D7	Unwind@0088d6d7
0088D6DF	Unwind@0088d6df
0088D6E7	Unwind@0088d6e7
0088D6EF	Unwind@0088d6ef
0088D6F7	Unwind@0088d6f7
0088D6FF	Unwind@0088d6ff
0088D716	Unwind@0088d716
0088D71E	Unwind@0088d71e
0088D726	Unwind@0088d726
0088D72E	Unwind@0088d72e
0088D736	Unwind@0088d736
0088D73E	Unwind@0088d73e
0088D746	Unwind@0088d746
0088D74E	Unwind@0088d74e
0088D756	Unwind@0088d756
0088D75E	Unwind@0088d75e
0088D766	Unwind@0088d766
0088D76E	Unwind@0088d76e
0088D780	Unwind@0088d780
0088D788	Unwind@0088d788
0088D790	Unwind@0088d790
0088D798	Unwind@0088d798
0088D7A0	Unwind@0088d7a0
0088D7A8	Unwind@0088d7a8
0088D7BF	Unwind@0088d7bf
0088D7C7	Unwind@0088d7c7
0088D7CF	Unwind@0088d7cf
0088D7D7	Unwind@0088d7d7
0088D7DF	Unwind@0088d7df
0088D7E7	Unwind@0088d7e7
0088D7EF	Unwind@0088d7ef
0088D7F7	Unwind@0088d7f7
0088D7FF	Unwind@0088d7ff
0088D807	Unwind@0088d807
0088D80F	Unwind@0088d80f
0088D817	Unwind@0088d817
0088D829	Unwind@0088d829
0088D831	Unwind@0088d831
0088D839	Unwind@0088d839
0088D841	Unwind@0088d841
0088D849	Unwind@0088d849
0088D851	Unwind@0088d851
0088D868	Unwind@0088d868
0088D870	Unwind@0088d870
0088D878	Unwind@0088d878
0088D880	Unwind@0088d880
0088D888	Unwind@0088d888
0088D890	Unwind@0088d890
0088D898	Unwind@0088d898
0088D8A0	Unwind@0088d8a0
0088D8A8	Unwind@0088d8a8
0088D8B0	Unwind@0088d8b0
0088D8B8	Unwind@0088d8b8
0088D8C0	Unwind@0088d8c0
0088D8D2	Unwind@0088d8d2
0088D8DA	Unwind@0088d8da
0088D8E2	Unwind@0088d8e2
0088D8EA	Unwind@0088d8ea
0088D8F2	Unwind@0088d8f2
0088D8FA	Unwind@0088d8fa
0088D902	Unwind@0088d902
0088D90A	Unwind@0088d90a
0088D912	Unwind@0088d912
0088D91A	Unwind@0088d91a
0088D922	Unwind@0088d922
0088D92A	Unwind@0088d92a
0088D932	Unwind@0088d932
0088D93A	Unwind@0088d93a
0088D942	Unwind@0088d942
0088D954	Unwind@0088d954
0088D95C	Unwind@0088d95c
0088D964	Unwind@0088d964
0088D96C	Unwind@0088d96c
0088D974	Unwind@0088d974
0088D97C	Unwind@0088d97c
0088D984	Unwind@0088d984
0088D98C	Unwind@0088d98c
0088D994	Unwind@0088d994
0088D99C	Unwind@0088d99c
0088D9B3	Unwind@0088d9b3
0088D9BB	Unwind@0088d9bb
0088D9C3	Unwind@0088d9c3
0088D9CB	Unwind@0088d9cb
0088D9D3	Unwind@0088d9d3
0088D9DB	Unwind@0088d9db
0088D9ED	Unwind@0088d9ed
0088D9F5	Unwind@0088d9f5
0088D9FD	Unwind@0088d9fd
0088DA05	Unwind@0088da05
0088DA0D	Unwind@0088da0d
0088DA15	Unwind@0088da15
0088DA1D	Unwind@0088da1d
0088DA25	Unwind@0088da25
0088DA2D	Unwind@0088da2d
0088DA35	Unwind@0088da35
0088DA3D	Unwind@0088da3d
0088DA45	Unwind@0088da45
0088DA4D	Unwind@0088da4d
0088DA55	Unwind@0088da55
0088DA5D	Unwind@0088da5d
0088DA6F	Unwind@0088da6f
0088DA77	Unwind@0088da77
0088DA7F	Unwind@0088da7f
0088DA87	Unwind@0088da87
0088DA8F	Unwind@0088da8f
0088DA97	Unwind@0088da97
0088DA9F	Unwind@0088da9f
0088DAA7	Unwind@0088daa7
0088DAAF	Unwind@0088daaf
0088DAB7	Unwind@0088dab7
0088DABF	Unwind@0088dabf
0088DAC7	Unwind@0088dac7
0088DACF	Unwind@0088dacf
0088DAD7	Unwind@0088dad7
0088DADF	Unwind@0088dadf
0088DAF1	Unwind@0088daf1
0088DAF9	Unwind@0088daf9
0088DB01	Unwind@0088db01
0088DB09	Unwind@0088db09
0088DB11	Unwind@0088db11
0088DB19	Unwind@0088db19
0088DB21	Unwind@0088db21
0088DB29	Unwind@0088db29
0088DB31	Unwind@0088db31
0088DB39	Unwind@0088db39
0088DB41	Unwind@0088db41
0088DB49	Unwind@0088db49
0088DB51	Unwind@0088db51
0088DB59	Unwind@0088db59
0088DB61	Unwind@0088db61
0088DB73	Unwind@0088db73
0088DB7B	Unwind@0088db7b
0088DB83	Unwind@0088db83
0088DB8B	Unwind@0088db8b
0088DB93	Unwind@0088db93
0088DB9B	Unwind@0088db9b
0088DBA3	Unwind@0088dba3
0088DBAB	Unwind@0088dbab
0088DBB3	Unwind@0088dbb3
0088DBBB	Unwind@0088dbbb
0088DBC3	Unwind@0088dbc3
0088DBCB	Unwind@0088dbcb
0088DBD3	Unwind@0088dbd3
0088DBDB	Unwind@0088dbdb
0088DBE3	Unwind@0088dbe3
0088DBEB	Unwind@0088dbeb
0088DBFD	Unwind@0088dbfd
0088DC05	Unwind@0088dc05
0088DC0D	Unwind@0088dc0d
0088DC15	Unwind@0088dc15
0088DC1D	Unwind@0088dc1d
0088DC25	Unwind@0088dc25
0088DC2D	Unwind@0088dc2d
0088DC35	Unwind@0088dc35
0088DC3D	Unwind@0088dc3d
0088DC45	Unwind@0088dc45
0088DC4D	Unwind@0088dc4d
0088DC55	Unwind@0088dc55
0088DC5D	Unwind@0088dc5d
0088DC65	Unwind@0088dc65
0088DC6D	Unwind@0088dc6d
0088DC7F	Unwind@0088dc7f
0088DC87	Unwind@0088dc87
0088DC8F	Unwind@0088dc8f
0088DC97	Unwind@0088dc97
0088DC9F	Unwind@0088dc9f
0088DCA7	Unwind@0088dca7
0088DCAF	Unwind@0088dcaf
0088DCB7	Unwind@0088dcb7
0088DCBF	Unwind@0088dcbf
0088DCC7	Unwind@0088dcc7
0088DCCF	Unwind@0088dccf
0088DCD7	Unwind@0088dcd7
0088DCDF	Unwind@0088dcdf
0088DCE7	Unwind@0088dce7
0088DCEF	Unwind@0088dcef
0088DCF7	Unwind@0088dcf7
0088DD09	Unwind@0088dd09
0088DD11	Unwind@0088dd11
0088DD19	Unwind@0088dd19
0088DD21	Unwind@0088dd21
0088DD29	Unwind@0088dd29
0088DD31	Unwind@0088dd31
0088DD39	Unwind@0088dd39
0088DD41	Unwind@0088dd41
0088DD49	Unwind@0088dd49
0088DD51	Unwind@0088dd51
0088DD59	Unwind@0088dd59
0088DD61	Unwind@0088dd61
0088DD69	Unwind@0088dd69
0088DD71	Unwind@0088dd71
0088DD79	Unwind@0088dd79
0088DD8B	Unwind@0088dd8b
0088DD93	Unwind@0088dd93
0088DD9B	Unwind@0088dd9b
0088DDA3	Unwind@0088dda3
0088DDAB	Unwind@0088ddab
0088DDB3	Unwind@0088ddb3
0088DDBB	Unwind@0088ddbb
0088DDC3	Unwind@0088ddc3
0088DDCB	Unwind@0088ddcb
0088DDDD	Unwind@0088dddd
0088DDE5	Unwind@0088dde5
0088DDED	Unwind@0088dded
0088DDF5	Unwind@0088ddf5
0088DDFD	Unwind@0088ddfd
0088DE05	Unwind@0088de05
0088DE0D	Unwind@0088de0d
0088DE15	Unwind@0088de15
0088DE1D	Unwind@0088de1d
0088DE2F	Unwind@0088de2f
0088DE37	Unwind@0088de37
0088DE3F	Unwind@0088de3f
0088DE47	Unwind@0088de47
0088DE4F	Unwind@0088de4f
0088DE57	Unwind@0088de57
0088DE5F	Unwind@0088de5f
0088DE67	Unwind@0088de67
0088DE6F	Unwind@0088de6f
0088DE77	Unwind@0088de77
0088DE8E	Unwind@0088de8e
0088DE96	Unwind@0088de96
0088DE9E	Unwind@0088de9e
0088DEA6	Unwind@0088dea6
0088DEAE	Unwind@0088deae
0088DEB6	Unwind@0088deb6
0088DEC8	Unwind@0088dec8
0088DED0	Unwind@0088ded0
0088DED8	Unwind@0088ded8
0088DEE0	Unwind@0088dee0
0088DEE8	Unwind@0088dee8
0088DEF0	Unwind@0088def0
0088DEF8	Unwind@0088def8
0088DF00	Unwind@0088df00
0088DF08	Unwind@0088df08
0088DF20	Unwind@0088df20
0088DF40	Unwind@0088df40
0088DF48	Unwind@0088df48
0088DF50	Unwind@0088df50
0088DF58	Unwind@0088df58
0088DF60	Unwind@0088df60
0088DF77	Unwind@0088df77
0088DFB0	Unwind@0088dfb0
0088DFD0	Unwind@0088dfd0
0088DFF0	Unwind@0088dff0
0088DFFC	Unwind@0088dffc
0088E008	Unwind@0088e008
0088E020	Unwind@0088e020
0088E02C	Unwind@0088e02c
0088E038	Unwind@0088e038
0088E050	Unwind@0088e050
0088E070	Unwind@0088e070
0088E090	Unwind@0088e090
0088E098	Unwind@0088e098
0088E0C0	Unwind@0088e0c0
0088E0CB	Unwind@0088e0cb
0088E0D6	Unwind@0088e0d6
0088E0F0	Unwind@0088e0f0
0088E0FB	Unwind@0088e0fb
0088E103	Unwind@0088e103
0088E120	Unwind@0088e120
0088E12B	Unwind@0088e12b
0088E136	Unwind@0088e136
0088E150	Unwind@0088e150
0088E158	Unwind@0088e158
0088E180	Unwind@0088e180
0088E188	Unwind@0088e188
0088E1A0	Unwind@0088e1a0
0088E1C0	Unwind@0088e1c0
0088E1D1	Unwind@0088e1d1
0088E1E3	Unwind@0088e1e3
0088E1F5	Unwind@0088e1f5
0088E1FD	Unwind@0088e1fd
0088E208	Unwind@0088e208
0088E21A	Unwind@0088e21a
0088E222	Unwind@0088e222
0088E22D	Unwind@0088e22d
0088E23F	Unwind@0088e23f
0088E251	Unwind@0088e251
0088E263	Unwind@0088e263
0088E275	Unwind@0088e275
0088E27D	Unwind@0088e27d
0088E288	Unwind@0088e288
0088E29A	Unwind@0088e29a
0088E2A2	Unwind@0088e2a2
0088E2AD	Unwind@0088e2ad
0088E2BF	Unwind@0088e2bf
0088E2D1	Unwind@0088e2d1
0088E2F0	Unwind@0088e2f0
0088E2F8	Unwind@0088e2f8
0088E310	Unwind@0088e310
0088E318	Unwind@0088e318
0088E320	Unwind@0088e320
0088E328	Unwind@0088e328
0088E340	Unwind@0088e340
0088E34B	Unwind@0088e34b
0088E356	Unwind@0088e356
0088E361	Unwind@0088e361
0088E36C	Unwind@0088e36c
0088E390	Unwind@0088e390
0088E398	Unwind@0088e398
0088E3AB	Unwind@0088e3ab
0088E3C3	Unwind@0088e3c3
0088E3DB	Unwind@0088e3db
0088E3E9	Unwind@0088e3e9
0088E3F7	Unwind@0088e3f7
0088E405	Unwind@0088e405
0088E413	Unwind@0088e413
0088E41E	Unwind@0088e41e
0088E429	Unwind@0088e429
0088E434	Unwind@0088e434
0088E43F	Unwind@0088e43f
0088E460	Unwind@0088e460
0088E473	Unwind@0088e473
0088E48B	Unwind@0088e48b
0088E4A3	Unwind@0088e4a3
0088E4AB	Unwind@0088e4ab
0088E4B9	Unwind@0088e4b9
0088E4C1	Unwind@0088e4c1
0088E4CF	Unwind@0088e4cf
0088E4D7	Unwind@0088e4d7
0088E4E5	Unwind@0088e4e5
0088E4ED	Unwind@0088e4ed
0088E4FB	Unwind@0088e4fb
0088E510	Unwind@0088e510
0088E523	Unwind@0088e523
0088E53B	Unwind@0088e53b
0088E553	Unwind@0088e553
0088E561	Unwind@0088e561
0088E56F	Unwind@0088e56f
0088E57D	Unwind@0088e57d
0088E58B	Unwind@0088e58b
0088E596	Unwind@0088e596
0088E5A1	Unwind@0088e5a1
0088E5AC	Unwind@0088e5ac
0088E5B7	Unwind@0088e5b7
0088E5D0	Unwind@0088e5d0
0088E5D8	Unwind@0088e5d8
0088E5EB	Unwind@0088e5eb
0088E603	Unwind@0088e603
0088E61B	Unwind@0088e61b
0088E629	Unwind@0088e629
0088E637	Unwind@0088e637
0088E645	Unwind@0088e645
0088E653	Unwind@0088e653
0088E65E	Unwind@0088e65e
0088E669	Unwind@0088e669
0088E674	Unwind@0088e674
0088E67F	Unwind@0088e67f
0088E6A0	Unwind@0088e6a0
0088E6A8	Unwind@0088e6a8
0088E6BB	Unwind@0088e6bb
0088E6D3	Unwind@0088e6d3
0088E6EB	Unwind@0088e6eb
0088E6F9	Unwind@0088e6f9
0088E707	Unwind@0088e707
0088E715	Unwind@0088e715
0088E723	Unwind@0088e723
0088E72E	Unwind@0088e72e
0088E739	Unwind@0088e739
0088E744	Unwind@0088e744
0088E74F	Unwind@0088e74f
0088E770	Unwind@0088e770
0088E778	Unwind@0088e778
0088E78B	Unwind@0088e78b
0088E7A3	Unwind@0088e7a3
0088E7BB	Unwind@0088e7bb
0088E7C9	Unwind@0088e7c9
0088E7D7	Unwind@0088e7d7
0088E7E5	Unwind@0088e7e5
0088E7F3	Unwind@0088e7f3
0088E7FE	Unwind@0088e7fe
0088E809	Unwind@0088e809
0088E814	Unwind@0088e814
0088E81F	Unwind@0088e81f
0088E840	Unwind@0088e840
0088E84B	Unwind@0088e84b
0088E868	Unwind@0088e868
0088E885	Unwind@0088e885
0088E890	Unwind@0088e890
0088E89B	Unwind@0088e89b
0088E8B8	Unwind@0088e8b8
0088E8D5	Unwind@0088e8d5
0088E8E0	Unwind@0088e8e0
0088E8EB	Unwind@0088e8eb
0088E8F6	Unwind@0088e8f6
0088E901	Unwind@0088e901
0088E91E	Unwind@0088e91e
0088E93B	Unwind@0088e93b
0088E946	Unwind@0088e946
0088E951	Unwind@0088e951
0088E970	Unwind@0088e970
0088E97B	Unwind@0088e97b
0088E986	Unwind@0088e986
0088E9B0	Unwind@0088e9b0
0088E9B8	Unwind@0088e9b8
0088E9C0	Unwind@0088e9c0
0088E9C8	Unwind@0088e9c8
0088E9E0	Unwind@0088e9e0
0088E9EB	Unwind@0088e9eb
0088EA05	Unwind@0088ea05
0088EA10	Unwind@0088ea10
0088EA1B	Unwind@0088ea1b
0088EA35	Unwind@0088ea35
0088EA4F	Unwind@0088ea4f
0088EA5A	Unwind@0088ea5a
0088EA65	Unwind@0088ea65
0088EA7F	Unwind@0088ea7f
0088EA99	Unwind@0088ea99
0088EAB3	Unwind@0088eab3
0088EACD	Unwind@0088eacd
0088EAE9	Unwind@0088eae9
0088EAF4	Unwind@0088eaf4
0088EAFF	Unwind@0088eaff
0088EB0A	Unwind@0088eb0a
0088EB20	Unwind@0088eb20
0088EB28	Unwind@0088eb28
0088EB30	Unwind@0088eb30
0088EB50	Unwind@0088eb50
0088EB58	Unwind@0088eb58
0088EB60	Unwind@0088eb60
0088EB80	Unwind@0088eb80
0088EB88	Unwind@0088eb88
0088EB90	Unwind@0088eb90
0088EBB0	Unwind@0088ebb0
0088EBB8	Unwind@0088ebb8
0088EBC0	Unwind@0088ebc0
0088EBE0	Unwind@0088ebe0
0088EBE8	Unwind@0088ebe8
0088EBFF	Unwind@0088ebff
0088EC16	Unwind@0088ec16
0088EC1E	Unwind@0088ec1e
0088EC30	Unwind@0088ec30
0088EC3B	Unwind@0088ec3b
0088EC58	Unwind@0088ec58
0088EC75	Unwind@0088ec75
0088EC80	Unwind@0088ec80
0088EC8B	Unwind@0088ec8b
0088ECA8	Unwind@0088eca8
0088ECC5	Unwind@0088ecc5
0088ECD0	Unwind@0088ecd0
0088ECDB	Unwind@0088ecdb
0088ECE6	Unwind@0088ece6
0088ECF1	Unwind@0088ecf1
0088ED0E	Unwind@0088ed0e
0088ED2B	Unwind@0088ed2b
0088ED36	Unwind@0088ed36
0088ED41	Unwind@0088ed41
0088ED60	Unwind@0088ed60
0088ED6B	Unwind@0088ed6b
0088ED76	Unwind@0088ed76
0088EDA0	Unwind@0088eda0
0088EDA8	Unwind@0088eda8
0088EDB0	Unwind@0088edb0
0088EDB8	Unwind@0088edb8
0088EDD0	Unwind@0088edd0
0088EDDB	Unwind@0088eddb
0088EDF5	Unwind@0088edf5
0088EE00	Unwind@0088ee00
0088EE0B	Unwind@0088ee0b
0088EE25	Unwind@0088ee25
0088EE3F	Unwind@0088ee3f
0088EE4A	Unwind@0088ee4a
0088EE55	Unwind@0088ee55
0088EE6F	Unwind@0088ee6f
0088EE89	Unwind@0088ee89
0088EEA3	Unwind@0088eea3
0088EEBD	Unwind@0088eebd
0088EED9	Unwind@0088eed9
0088EEE4	Unwind@0088eee4
0088EEEF	Unwind@0088eeef
0088EEFA	Unwind@0088eefa
0088EF10	Unwind@0088ef10
0088EF18	Unwind@0088ef18
0088EF20	Unwind@0088ef20
0088EF40	Unwind@0088ef40
0088EF48	Unwind@0088ef48
0088EF50	Unwind@0088ef50
0088EF70	Unwind@0088ef70
0088EF78	Unwind@0088ef78
0088EF80	Unwind@0088ef80
0088EFA0	Unwind@0088efa0
0088EFA8	Unwind@0088efa8
0088EFB0	Unwind@0088efb0
0088EFD0	Unwind@0088efd0
0088EFD8	Unwind@0088efd8
0088EFEF	Unwind@0088efef
0088F006	Unwind@0088f006
0088F00E	Unwind@0088f00e
0088F020	Unwind@0088f020
0088F028	Unwind@0088f028
0088F040	Unwind@0088f040
0088F048	Unwind@0088f048
0088F060	Unwind@0088f060
0088F068	Unwind@0088f068
0088F070	Unwind@0088f070
0088F090	Unwind@0088f090
0088F0B0	Unwind@0088f0b0
0088F0B8	Unwind@0088f0b8
0088F0D0	Unwind@0088f0d0
0088F0D8	Unwind@0088f0d8
0088F0F0	Unwind@0088f0f0
0088F0F8	Unwind@0088f0f8
0088F100	Unwind@0088f100
0088F120	Unwind@0088f120
0088F140	Unwind@0088f140
0088F148	Unwind@0088f148
0088F160	Unwind@0088f160
0088F180	Unwind@0088f180
0088F18B	Unwind@0088f18b
0088F1A0	Unwind@0088f1a0
0088F1C0	Unwind@0088f1c0
0088F1E0	Unwind@0088f1e0
0088F200	Unwind@0088f200
0088F220	Unwind@0088f220
0088F240	Unwind@0088f240
0088F260	Unwind@0088f260
0088F268	Unwind@0088f268
0088F280	Unwind@0088f280
0088F2A0	Unwind@0088f2a0
0088F2C0	Unwind@0088f2c0
0088F2C8	Unwind@0088f2c8
0088F2E0	Unwind@0088f2e0
0088F2E8	Unwind@0088f2e8
0088F300	Unwind@0088f300
0088F308	Unwind@0088f308
0088F320	Unwind@0088f320
0088F328	Unwind@0088f328
0088F340	Unwind@0088f340
0088F360	Unwind@0088f360
0088F380	Unwind@0088f380
0088F388	Unwind@0088f388
0088F3A0	Unwind@0088f3a0
0088F3A8	Unwind@0088f3a8
0088F3C0	Unwind@0088f3c0
0088F3C8	Unwind@0088f3c8
0088F3E0	Unwind@0088f3e0
0088F3E8	Unwind@0088f3e8
0088F400	Unwind@0088f400
0088F408	Unwind@0088f408
0088F420	Unwind@0088f420
0088F440	Unwind@0088f440
0088F460	Unwind@0088f460
0088F480	Unwind@0088f480
0088F4A0	Unwind@0088f4a0
0088F4C0	Unwind@0088f4c0
0088F4E0	Unwind@0088f4e0
0088F500	Unwind@0088f500
0088F520	Unwind@0088f520
0088F540	Unwind@0088f540
0088F560	Unwind@0088f560
0088F580	Unwind@0088f580
0088F5A0	Unwind@0088f5a0
0088F5C0	Unwind@0088f5c0
0088F5E0	Unwind@0088f5e0
0088F600	Unwind@0088f600
0088F620	Unwind@0088f620
